SMILES,pIC50_pred,IC50_nM_est,IC50_tier,docking_pred,zbg_tag,pains_brenk_flagged,soft_metabolic_liability,sa_score,MW,cLogP,HBD,HBA,TPSA,RotB,l_shape_2d_proxy,pIC50_hdac1_pred,pIC50_hdac6_pred,selectivity_vs_hdac1,selectivity_vs_hdac6,docking_hdac1_pred,docking_hdac6_pred,docking_selectivity,passes_ic50_selectivity,ic50_model_max_similarity,dock_model_max_similarity,ic50_model_low_confidence,dock_model_low_confidence,zbg_precedent_count,zbg_low_precedent,zbg_real_pic50_ceiling,exceeds_real_precedent,cluster_id,cluster_size
N#CCCc1c(Cl)cc(C(=O)NC(=O)NC2CN3CCC2CC3)cc1CCc1ccccc1C#N,7.883602336138913,13.073674376073756,Tier 1 (<150 nM),-7.476167264396425,Acylurea,False,True,4.073603178705143,490.0070000000004,3.986660000000003,2,5,109.02000000000001,7,1.6759804712969395,7.026283782495751,7.13568913367463,0.8573185536431618,0.7479132024642832,-5.48822242900905,-6.684424334636147,0.7917429297602778,False,0.5423728813559322,0.2926829268292683,False,True,24,False,8.481486060122112,False,1,55
N#CCCCc1c(Cl)cc(C(=O)NC(=O)NC2CN3CCC2CC3)cc1CCc1ccccc1N,7.846546747726136,14.238139781818568,Tier 1 (<150 nM),-7.6871637902694046,Acylurea,True,True,4.023672563320526,494.03900000000044,4.0872800000000025,3,5,111.25,8,1.6954796240227084,6.8975503104055305,7.047651146660817,0.9489964373206057,0.7988956010653192,-5.416571493709348,-6.431902856084648,1.255260934184757,False,0.5161290322580645,0.2823529411764706,False,True,24,False,8.481486060122112,False,1,55
COc1ccccc1CCc1cc(C(=O)NC(=O)NC2CN3CCC2CC3)cc(Cl)c1CCC#N,7.832605111959063,14.702625258313821,Tier 1 (<150 nM),-7.548442152862067,Acylurea,False,True,3.9404087171666804,495.0230000000003,4.123580000000003,2,5,94.45999999999998,8,2.120676005166237,6.59036153195286,6.952352502163367,1.2422435800062033,0.8802526097956962,-5.680223546137243,-6.718081173383196,0.8303609794788702,False,0.5645161290322581,0.3111111111111111,False,True,24,False,8.481486060122112,False,1,55
Cc1ccccc1CCc1cc(C(=O)NC(=O)NC2CN3CCC2CC3)cc(Cl)c1CCCC#N,7.8083367377931046,15.54759654141802,Tier 1 (<150 nM),-7.0439083096982475,Acylurea,True,True,3.9539627171666805,493.05100000000044,4.813500000000004,2,4,85.23,8,2.0975964661827744,6.665890489508663,7.093419151047759,1.1424462482844415,0.7149175867453454,-5.903487095733202,-6.428400813933708,0.6155074957645397,False,0.5245901639344263,0.3146067415730337,False,True,24,False,8.481486060122112,False,1,55
COc1c(N2CCOCC2)cc(OCCC#N)c2c1SC(=S)N1C2=NC(CO)CC1CO,7.797234534523401,15.95017548196586,Tier 1 (<150 nM),-7.293674832551955,Cyclic-thione,True,False,4.2605215185842775,478.5960000000002,1.3889799999999997,2,10,110.78,7,1.2804469568002543,7.673213375887799,6.562943233123547,0.12402115863560237,1.2342913013998542,-6.5926474251292255,-6.401452211106107,0.7010274074227292,False,0.43333333333333335,0.25,False,True,77,False,7.244125144327508,True,2,32
Cc1ccccc1CCc1cc(C(=O)NC(=O)NC2CN3CCC2CC3)cc(Cl)c1CCC#N,7.796477290588209,15.978010764566685,Tier 1 (<150 nM),-7.140982627291365,Acylurea,False,True,3.9443072487829225,479.0240000000004,4.4234000000000036,2,4,85.23,7,2.228539614429184,6.451044609643984,7.257579364812706,1.3454326809442252,0.5388979257755029,-5.892245989363141,-6.5129357847678335,0.6280468425235313,False,0.5423728813559322,0.3181818181818182,False,True,24,False,8.481486060122112,False,1,55
Cc1ccccc1-c1cc(C(=O)NC(=O)NC2CN3CCC2CC3)cc(Cl)c1CCC#N,7.790911789679505,16.184087221206394,Tier 1 (<150 nM),-7.4400170482152514,Acylurea,False,True,3.8560149529863077,450.9700000000003,4.305200000000004,2,4,85.23,5,2.5073108878177615,6.233548865993256,7.10218633729184,1.5573629236862496,0.6887254523876649,-6.012457752136308,-6.704108288570673,0.7359087596445786,False,0.55,0.2891566265060241,False,True,24,False,8.481486060122112,False,1,55
N#CCCc1c(Cl)cc(C(=O)NC(=O)NC2CN3CCC2CC3)cc1CCc1ccccc1N,7.769643856398832,16.99636869953792,Tier 1 (<150 nM),-7.7485223303416015,Acylurea,True,True,4.016173069560084,480.0120000000004,3.697180000000002,3,5,111.25,7,1.7335006230947114,6.777847319237916,7.254551034179215,0.9917965371609165,0.5150928222196169,-5.795841460825523,-6.5541652731911055,1.194357057150496,False,0.5423728813559322,0.2891566265060241,False,True,24,False,8.481486060122112,False,1,55
N#CCCCOc1c(N2CCOCC2)cc(O)c2c1SC(=S)N1C2=NC(O)CC1CO,7.752557650632143,17.678375297054174,Tier 1 (<150 nM),-8.059178603346268,Cyclic-thione,True,False,4.275583657689763,464.56900000000013,1.4335799999999999,3,10,121.78,6,1.3365623898736723,7.138233509281943,6.692043917798337,0.6143241413501999,1.0605137328338063,-6.858120460394455,-6.755213197327517,1.2010581429518128,False,0.3917525773195876,0.24444444444444444,False,True,77,False,7.244125144327508,True,2,32
COc1c(N2CCOCC2)cc(O)c2c1SC(=S)N1C2=NC(CNO)CC1CCCC#N,7.750035287961005,17.78134924424309,Tier 1 (<150 nM),-7.742057817788079,Cyclic-thione,True,False,4.4679703774177515,477.61200000000025,2.4901800000000005,3,10,113.58000000000001,7,1.9534210184451082,6.828108315672949,7.095728984450618,0.9219269722880554,0.6543063035103867,-6.220251863275263,-6.4694267787661115,1.2726310390219675,False,0.4,0.25263157894736843,False,True,77,False,7.244125144327508,True,2,32
N#CCCCc1c(Cl)cc(C(=O)NC(=O)NC2CN3CCC2CC3)cc1CCc1ccc(N)cc1,7.744586832644829,18.005830906703153,Tier 1 (<150 nM),-8.344298427349852,Acylurea,True,True,3.984879794089757,494.03900000000044,4.0872800000000025,3,5,111.25,8,1.621249553741793,7.005543074678263,6.735019879411318,0.7390437579665656,1.0095669532335103,-5.338882903798526,-6.507962038654365,1.8363363886954867,False,0.5161290322580645,0.2717391304347826,False,True,24,False,8.481486060122112,False,1,55
N#CCCCCc1c(Cl)cc(C(=O)NC(=O)NC2CN3CCC2CC3)cc1CCc1ccccc1,7.705514036121681,19.70089534145987,Tier 1 (<150 nM),-7.490326092366709,Acylurea,True,True,3.875101399573383,493.0510000000004,4.895180000000005,2,4,85.23,9,1.8980823720596944,6.579068370783224,6.854056571968616,1.1264456653384567,0.8514574641530643,-5.367017811148735,-6.582496934634038,0.9078291577326718,False,0.5161290322580645,0.3,False,True,24,False,8.481486060122112,False,1,55
COc1c(N2CCOCC2)cc(OCCCC#N)c2c1SC(=S)N1C2=NC(CO)CC1CO,7.702695177946464,19.829183056483952,Tier 1 (<150 nM),-7.68896217276728,Cyclic-thione,True,False,4.236244452096703,492.6230000000002,1.77908,2,10,110.78,8,1.1264798563712923,7.668286249253194,6.2956353156093465,0.034408928693269836,1.4070598623371176,-6.2277430665816675,-6.290071749780328,1.3988904229869519,False,0.45555555555555555,0.26262626262626265,False,True,77,False,7.244125144327508,True,2,32
N#CCCc1c(Cl)cc(C(=O)NC(=O)NC2CN3CCC2CC3)cc1CCc1cccc(F)c1,7.696285678051786,20.12400061603038,Tier 1 (<150 nM),-7.584159828152133,Acylurea,False,True,3.9516699767765786,482.98700000000036,4.254080000000004,2,4,85.23,7,1.6506998278039902,6.737403034623854,7.161147839527545,0.9588826434279323,0.5351378385242409,-5.4731860979310705,-6.235339120563592,1.3488207075885414,False,0.5333333333333333,0.27906976744186046,False,True,24,False,8.481486060122112,False,1,55
N#CCCc1c(Cl)cc(C(=O)NC(=O)NC2CN3CCC2CC3)cc1CCc1ccc(F)cc1,7.689839135480352,20.424943531510824,Tier 1 (<150 nM),-7.939273942781803,Acylurea,False,True,3.912963553303145,482.98700000000036,4.254080000000004,2,4,85.23,7,1.6785192791024326,6.940855850966902,7.5308051236189355,0.7489832845134501,0.15903401186141686,-6.034576464823305,-6.564717422614718,1.3745565201670846,False,0.5333333333333333,0.2839506172839506,False,True,24,False,8.481486060122112,False,1,55
N#CCCCc1c(Cl)cc(C(=O)NC(=O)NC2CN3CCC2CC3)cc1CCc1ccccc1O,7.684396282904998,20.682532578857824,Tier 1 (<150 nM),-7.429266150052863,Acylurea,True,True,4.011345332551295,495.0230000000004,4.210680000000004,3,5,105.46000000000001,8,1.6954796240227084,7.008531165006737,6.990228729968985,0.6758651178982609,0.6941675529360127,-5.502371458179379,-6.452922388715612,0.976343761337251,False,0.5689655172413793,0.2891566265060241,False,True,24,False,8.481486060122112,False,1,55
CCOc1cc(CCCC#N)c(N2CCOCC2)c2c1C1=NC(NO)CC(N)N1C(=S)S2,7.672946464587575,21.235062101433396,Tier 1 (<150 nM),-7.751263196334345,Cyclic-thione,True,False,4.490020757806593,476.6280000000001,2.20078,3,10,119.36999999999999,7,1.752677875677361,6.934090585822841,6.85304161077292,0.7388558787647339,0.8199048538146547,-6.262656024163089,-6.412335033006208,1.338928163328137,False,0.3958333333333333,0.24175824175824176,False,True,77,False,7.244125144327508,True,5,19
N#CCCCc1c(Cl)cc(C(=O)NC(=O)NC2CN3CCC2CC3)cc1CCc1ccccc1,7.661876365643343,21.78329808031597,Tier 1 (<150 nM),-7.430317373943333,Acylurea,True,True,3.866709825293305,479.0240000000004,4.505080000000004,2,4,85.23,8,1.7623220917239886,6.624253970687678,6.843610933704263,1.0376223949556644,0.8182654319390794,-5.427154484451073,-6.389975853197837,1.0403415207454962,False,0.5245901639344263,0.30337078651685395,False,True,24,False,8.481486060122112,False,1,55
N#CCCc1c(Cl)cc(C(=O)NC(=O)NC2CN3CCC2CC3)cc1CCc1ccccc1Cl,7.661219835480656,21.816253155970536,Tier 1 (<150 nM),-7.233700474740707,Acylurea,False,True,3.9536883748733285,499.44200000000035,4.768380000000004,2,4,85.23,7,1.7335006230947114,6.585509077614878,7.283891769154436,1.075710757865778,0.3773280663262204,-5.928649661621312,-6.549529574533458,0.6841709002072491,False,0.5714285714285714,0.3333333333333333,False,True,24,False,8.481486060122112,False,1,55
Cc1ccccc1Cc1ccc(C(=O)NC(=O)NC2CN3CCC2C(CCCCCC#N)C3)cc1,7.660544552631103,21.850201551877873,Tier 1 (<150 nM),-10.230636847116964,Acylurea,True,True,4.43291825849628,472.63300000000044,4.819600000000005,2,4,85.23,9,2.1331742056166636,6.883752100173445,6.777450064432303,0.7767924524576584,0.8830944881988003,-5.959687874793207,-6.780421368275775,3.450215478841189,False,0.417910447761194,0.3409090909090909,False,True,24,False,8.481486060122112,False,7,3
Cc1c(Cl)cccc1Cc1cc(C(=O)NC(=O)NC2CN3CCC2CC3)cc(Cl)c1CCC#N,7.659466546885661,21.90450549002212,Tier 1 (<150 nM),-8.973006086771909,Acylurea,False,True,4.063504939108062,499.4420000000003,4.882400000000003,2,4,85.23,6,2.7824563681058807,7.060296834328295,7.088805536808307,0.5991697125573667,0.5706610100773544,-5.770073450069197,-6.440141111710171,2.532864975061738,False,0.5161290322580645,0.30952380952380953,False,True,24,False,8.481486060122112,False,1,55
COc1cc(CCCC#N)c(N2CCOCC2)c2c1C1=NC(NO)CC(N)N1C(=S)S2,7.659464584575671,21.90460446325077,Tier 1 (<150 nM),-8.395836690138221,Cyclic-thione,True,False,4.492264951396057,462.6010000000001,1.81068,3,10,119.36999999999999,6,1.8983295040694173,6.894496991552839,6.8175722055664805,0.7649675930228321,0.8418923790091908,-6.382892723609467,-6.465804192129822,1.9300324980083996,False,0.39361702127659576,0.24,False,True,77,False,7.244125144327508,True,5,19
N#CCCc1c(Cl)cc(C(=O)NC(=O)NC2CN3CCC2CC3)cc1CCc1ccccc1,7.658240635720479,21.96642410624787,Tier 1 (<150 nM),-7.735576884785578,Acylurea,False,True,3.8559766228523973,464.99700000000036,4.114980000000004,2,4,85.23,7,1.8018043118762175,6.408214925885812,7.144148483442572,1.2500257098346674,0.5140921522779074,-5.864508602204912,-6.484031380264158,1.2515455045214203,False,0.5517241379310345,0.3103448275862069,False,True,24,False,8.481486060122112,False,1,55
Cc1ccccc1CCc1ccc(C(=O)NC(=O)NC2CN3CCC2CC3)cc1CCCCC#N,7.657780398770654,21.989715027904616,Tier 1 (<150 nM),-7.227279779978558,Acylurea,True,True,3.806824781142309,472.6330000000005,4.550200000000005,2,4,85.23,9,2.457584263768733,6.964216389504598,6.284179961108103,0.6935640092660558,1.3736004376625504,-5.340603274700034,-6.799865866504269,0.4274139134742896,False,0.47692307692307695,0.30337078651685395,False,True,24,False,8.481486060122112,False,1,55
N#CCCc1c(Cl)cc(C(=O)NC(=O)NC2CN3CCC2CC3)cc1Cc1cccc(CC#N)c1,7.642030031169417,22.801843933416215,Tier 1 (<150 nM),-8.148113284627176,Acylurea,False,True,4.118945178705142,490.0070000000004,3.986660000000003,2,5,109.02000000000001,7,1.8435339404296502,6.536849486581806,7.0988443997485735,1.1051805445876113,0.5431856314208439,-5.410010525634813,-6.3197752387866615,1.828338045840514,False,0.559322033898305,0.29411764705882354,False,True,24,False,8.481486060122112,False,1,55
Cc1cccc(Cc2cc(C(=O)NC(=O)NC3CN4CCC3CC4)cc(Cl)c2CCC#N)c1C,7.639832757697665,22.917500120325666,Tier 1 (<150 nM),-9.092932621194551,Acylurea,False,True,4.033692439108062,479.0240000000004,4.5374200000000044,2,4,85.23,6,2.7824563681058807,6.429607197022754,7.009769176516514,1.2102255606749104,0.630063581181151,-5.825073393836053,-6.525878937152501,2.56705368404205,False,0.5245901639344263,0.29069767441860467,False,True,24,False,8.481486060122112,False,1,55
Cc1c(CN)cccc1Cc1cc(C(=O)NC(=O)NC2CN3CCC2CC3)cc(Cl)c1CCC#N,7.6261137560387695,23.65300066292841,Tier 1 (<150 nM),-8.404618970123707,Acylurea,False,True,4.1657458640198275,494.0390000000004,3.687700000000002,3,5,111.25,7,2.707592674963031,6.744250049743707,7.041230679419332,0.8818637062950625,0.5848830766194375,-5.941662476732101,-6.6681669536270105,1.7364520164966963,False,0.5161290322580645,0.2840909090909091,False,True,24,False,8.481486060122112,False,1,55
Cc1ccc(CCc2cc(C(=O)NC(=O)NC3CN4CCC3CC4)cc(Cl)c2CCC#N)cc1,7.621815622930712,23.888252288237958,Tier 1 (<150 nM),-7.967146150189449,Acylurea,False,True,3.8992073280850645,479.0240000000004,4.4234000000000036,2,4,85.23,7,2.1623249752643336,6.489448346082068,7.562986304273299,1.132367276848644,0.0588293186574127,-5.8967147653264504,-6.5963884628187515,1.3707576873706975,False,0.5423728813559322,0.2891566265060241,False,True,24,False,8.481486060122112,False,1,55
N#CCCc1c(Cl)cc(C(=O)NC(=O)NC2CN3CCC2CC3)cc1CCc1ccccc1O,7.617803902260156,24.109938231638854,Tier 1 (<150 nM),-7.49062469012506,Acylurea,False,True,4.00346458423098,480.9960000000004,3.8205800000000036,3,5,105.46000000000001,7,1.7335006230947114,6.888828173839122,6.989489208979649,0.7289757284210339,0.6283146932805064,-5.525323578562054,-6.532871940297633,0.957752749827427,False,0.5892857142857143,0.2962962962962963,False,True,24,False,8.481486060122112,False,1,55
Cc1ccc(CCc2cc(C(=O)NC(=O)NC3CN4CCC3CC4)cc(Cl)c2CCCC#N)cc1,7.612188017021802,24.423729589997038,Tier 1 (<150 nM),-7.870071832596332,Acylurea,True,True,3.9102157940897584,493.05100000000044,4.813500000000004,2,4,85.23,8,2.022125342028128,6.753392431012115,7.350992814121421,0.8587955860096876,0.2611952029003817,-5.655466100972853,-6.398319392129117,1.471752440467215,False,0.5245901639344263,0.2857142857142857,False,True,24,False,8.481486060122112,False,1,55
CC(=O)C1CC2CCN1CC2NC(=O)NC(=O)c1ccc(Cc2cccc(CC#N)c2)c(Cl)c1,7.578098767147248,26.41807889681254,Tier 1 (<150 nM),-8.336697066181546,Acylurea,False,True,4.477367066500114,478.98000000000025,3.488080000000002,2,5,102.30000000000001,6,3.5493297648291486,6.313261856610326,7.382538680706388,1.2648369105369222,0.19556008644085932,-5.733491599521979,-6.598424147187294,1.7382729189942525,False,0.43283582089552236,0.32142857142857145,False,True,24,False,8.481486060122112,False,1,55
N#CCCc1c(Cl)cc(C(=O)NC(=O)NC2CN3CCC2CC3)cc1Cc1cccc(C2CC2)c1,7.5688331960259045,26.987757801423577,Tier 1 (<150 nM),-8.829641123055609,Acylurea,False,True,4.038091947935911,491.0350000000004,4.797980000000004,2,4,85.23,7,1.9691151868693684,6.749895044685292,7.073188543682474,0.8189381513406122,0.49564465234343036,-5.513844369131074,-6.359418502500518,2.4702226205550906,False,0.5079365079365079,0.3010752688172043,False,True,24,False,8.481486060122112,False,1,55
CCOCc1cc(C(=O)NC(=O)NC2CN3CCC2CC3)cc(Cl)c1CCCC#N,7.55663566831328,27.756476321024095,Tier 1 (<150 nM),-7.353431566458915,Acylurea,True,True,4.012208705215092,432.9520000000003,3.256380000000002,2,5,94.45999999999998,8,3.1435127670632035,6.963185257199364,7.090302060589556,0.593450411113916,0.46633360772372434,-6.315944284683794,-6.630575262196712,0.7228563042622032,False,0.5423728813559322,0.26732673267326734,False,True,24,False,8.481486060122112,False,1,55
COc1c(N2CCOCC2)cc(O)c2c1SC(=S)N1C2=NC(CCC#N)CC1CN,7.527286661212404,29.697051956135663,Tier 1 (<150 nM),-8.212237390806303,Cyclic-thione,True,False,4.329713236105687,447.58600000000024,2.07998,2,9,107.34,5,1.6740475683977452,6.557151417539841,6.4651176095672875,0.970135243672563,1.0621690516451165,-6.43030281073048,-6.4969222216484095,1.7153151691578934,False,0.3877551020408163,0.22826086956521738,False,True,77,False,7.244125144327508,True,2,32
N#CCCCCc1c(Cl)cc(C(=O)NC(=O)NC2CN3CCC2CC3)cc1Cc1ccccc1,7.524258091688699,29.904869276190404,Tier 1 (<150 nM),-9.038065772900591,Acylurea,True,True,3.8701657122634776,479.02400000000034,4.700780000000004,2,4,85.23,8,2.3676040016559834,6.428215277832324,6.956373304185081,1.096042813856375,0.5678847875036181,-5.568793036131493,-6.636826135082037,2.401239637818554,False,0.5333333333333333,0.3111111111111111,False,True,24,False,8.481486060122112,False,1,55
Cc1cccc(Cc2cc(C(=O)NC(=O)NC3CN4CCC3CC4)cc(Cl)c2CCC#N)c1CF,7.52153806677664,30.0927538832937,Tier 1 (<150 nM),-8.71744747710324,Acylurea,False,True,4.225112297586261,497.0140000000004,4.698500000000005,2,4,85.23,7,2.555097870311518,6.320203014398854,6.808413325847158,1.201335052377786,0.7131247409294819,-5.801676568375099,-6.562205596879877,2.1552418802233637,False,0.5,0.28125,False,True,24,False,8.481486060122112,False,1,55
N#CCc1cc(O)cc(C(Cl)c2ccc(C(=O)NC(=O)NC3CN4CCC3CC4)cc2Cl)c1,7.520497026049003,30.16497529388568,Tier 1 (<150 nM),-7.343746177340185,Acylurea,True,True,4.293218018765722,487.3870000000003,3.973480000000003,3,5,105.46,5,4.733225968872814,7.068353428257215,6.6917042649446214,0.45214359779178803,0.8287927611043813,-5.110432908991325,-6.641164105778928,0.702582071561257,False,0.5789473684210527,0.2619047619047619,False,True,24,False,8.481486060122112,False,1,55
N#CCCc1c(Cl)cc(C(=O)NC(=O)NC2CN3CCC2CC3)cc1CCCc1ccccc1,7.518719494911,30.28869103143956,Tier 1 (<150 nM),-7.560897260857057,Acylurea,False,True,3.8760418504110437,479.0240000000004,4.505080000000004,2,4,85.23,8,1.4947346630940435,6.634410255421058,7.100696137798137,0.8843092394899426,0.41802335711286354,-5.477877674991398,-6.660028686438287,0.9008685744187694,False,0.5333333333333333,0.30337078651685395,False,True,24,False,8.481486060122112,False,1,55
N#CCCc1c(Cl)cc(C(=O)NC(=O)NC2CN3CCC2CC3)cc1Cc1ccccc1CC#N,7.518396906275284,30.311197458838922,Tier 1 (<150 nM),-8.01567511162192,Acylurea,False,True,4.15893148639745,490.0070000000004,3.986660000000003,2,5,109.02000000000001,7,2.114008131650665,6.726718067577224,6.669697740492755,0.7916788386980604,0.8486991657825289,-5.519832523253686,-6.54739891861529,1.4682761930066306,False,0.5689655172413793,0.30120481927710846,False,True,24,False,8.481486060122112,False,1,55
Cc1ccccc1Cc1ccc(C(=O)NC(=O)NC2CN3CCC2C(CCCC#N)C3)cc1,7.517042649456214,30.4058641325953,Tier 1 (<150 nM),-10.539657642854202,Acylurea,True,True,4.417903112592627,444.57900000000035,4.039400000000003,2,4,85.23,7,2.788990004196824,6.728231186344198,6.763018045276265,0.7888114631120162,0.754024604179949,-6.471758185625689,-6.866442127377248,3.6732155154769544,False,0.42424242424242425,0.3488372093023256,False,True,24,False,8.481486060122112,False,7,3
COc1cc(CCCCCC#N)c(N2CCOCC2)c2c1C1=NC(NO)CC(N)N1C(=S)S2,7.514146910002943,30.609278299673157,Tier 1 (<150 nM),-8.138477265321667,Cyclic-thione,True,False,4.4373996075795175,490.6550000000002,2.590880000000001,3,10,119.36999999999999,8,2.2139910445255215,6.891903726519593,6.713343551789344,0.6222431834833504,0.8008033582135994,-6.439998545925743,-6.304874701942107,1.6984787193959239,False,0.3894736842105263,0.23529411764705882,False,True,77,False,7.244125144327508,True,5,19
COc1cc(CCCCC#N)c(N2CCOCC2)c2c1C1=NC(NO)CC(N)N1C(=S)S2,7.514146910002943,30.609278299673157,Tier 1 (<150 nM),-8.087779058863836,Cyclic-thione,True,False,4.459977647071176,476.62800000000016,2.20078,3,10,119.36999999999999,7,2.0329240287278427,6.891903726519593,6.765723463089979,0.6222431834833504,0.7484234469129643,-6.2200830575810215,-6.254120057589222,1.8336590012746141,False,0.3894736842105263,0.2376237623762376,False,True,77,False,7.244125144327508,True,5,19
N#CCCCc1c(Cl)cc(C(=O)NC(=O)NC2CN3CCC2CC3)cc1Cc1ccccc1,7.512773604129484,30.706222736052155,Tier 1 (<150 nM),-9.340458572758893,Acylurea,True,True,3.863568687629723,464.99700000000036,4.310680000000004,2,4,85.23,7,2.1536908960518852,6.728388063063971,6.966690577600736,0.7843855410655136,0.5460830265287484,-5.5779122131577,-6.333915068507695,3.006543504251198,False,0.5423728813559322,0.3146067415730337,False,True,24,False,8.481486060122112,False,1,55
N#CCCc1c(Cl)cc(C(=O)NC(=O)NC2CN3CCC2CC3)cc1Cc1ccccc1CN,7.507223285601316,31.1011690883224,Tier 1 (<150 nM),-8.191580916373749,Acylurea,False,True,4.0487029664672995,480.0120000000004,3.3792800000000014,3,5,111.25,7,2.108852386102787,6.599652320861844,7.050630875868075,0.9075709647394721,0.4565924097332408,-6.29446110614012,-6.821770825999687,1.3698100903740613,False,0.5423728813559322,0.2976190476190476,False,True,24,False,8.481486060122112,False,1,55
N#CCCC1CC(N)N=C2c3c(OC4CC4)cc(N4CCOCC4)c(N)c3SC(=S)N21,7.502584606027911,31.43513964542253,Tier 1 (<150 nM),-8.580202991541212,Cyclic-thione,True,False,4.438220895452,458.6130000000003,2.44668,2,9,113.13,5,1.833350769667914,6.688002570860613,6.997939714420851,0.8145820351672981,0.50464489160706,-6.726955187402369,-6.521331939680203,1.8532478041388423,False,0.42045454545454547,0.2127659574468085,False,True,77,False,7.244125144327508,True,10,5
N#CCc1cccc(C(Cl)c2ccc(C(=O)NC(=O)NC3CN4CCC3CC4)cc2Cl)c1,7.494780929048248,32.005091338236,Tier 1 (<150 nM),-7.664123548721382,Acylurea,True,True,4.121514261805585,471.38800000000026,4.267880000000003,2,4,85.23,5,5.175492222345847,6.335087316944637,6.635690834415397,1.1596936121036103,0.859090094632851,-6.016564922004139,-6.808365017734659,0.8557585309867228,False,0.5423728813559322,0.30120481927710846,False,True,24,False,8.481486060122112,False,1,55
N#CCCc1cc(C(=O)NC(=O)NC2CN3CCC2CC3)ccc1-c1ccc(CC#N)cc1,7.49054923100601,32.3184682506177,Tier 1 (<150 nM),-7.63402466541631,Acylurea,False,True,3.8530208333787126,441.5350000000002,3.409460000000002,2,5,109.02000000000001,6,3.226612948828489,6.942243414579588,7.1254980105032075,0.5483058164264216,0.36505122050280203,-6.369127452238074,-6.620800547463739,1.0132241179525705,False,0.5263157894736842,0.3023255813953488,False,True,24,False,8.481486060122112,False,1,55
N#CCCc1c(Cl)cc(C(=O)NC(=O)NC2CN3CCC2CC3)cc1CCCc1ccccc1O,7.48744707750996,32.55014462112897,Tier 1 (<150 nM),-7.362738240318097,Acylurea,False,True,4.022022101782065,495.0230000000004,4.210680000000004,3,5,105.46000000000001,8,1.4755655558731025,7.022235398528661,6.890449525693265,0.4652116789812988,0.5969975518166946,-5.6036935791895575,-6.64318598397215,0.7195522563459473,False,0.5689655172413793,0.2891566265060241,False,True,24,False,8.481486060122112,False,1,55
N#CCCc1c(Cl)cc(C(=O)NC(=O)NC2CN3CCC2CC3)cc1Cc1ccccc1,7.483286788296215,32.863454392132454,Tier 1 (<150 nM),-9.401817112831091,Acylurea,False,True,3.8546566175090753,450.9700000000003,3.920580000000003,2,4,85.23,6,2.119402694649468,6.311299651912437,7.0932584464713875,1.1719871363837777,0.39002834182482715,-5.685536023438322,-6.560171077849557,2.841646034981534,False,0.5714285714285714,0.3218390804597701,False,True,24,False,8.481486060122112,False,1,55
N#CCCCc1cccc(Cc2ccc(C(=O)NC(=O)NC3CN4CCC3CC4)cc2Cl)c1,7.476996211498763,33.342932137004304,Tier 1 (<150 nM),-9.317533388435141,Acylurea,True,True,3.73057127872284,464.9970000000002,4.310680000000003,2,4,85.23,7,6.407507720644057,6.909515304829542,7.222780447642811,0.5674809066692212,0.2542157638559521,-5.1297893599439925,-6.163352935379215,3.1541804530559263,False,0.5,0.32098765432098764,False,True,24,False,8.481486060122112,False,1,55
CCCCc1cc(C(=O)NC(=O)NC2CN3CCC2CC3)cc(Cl)c1CCCCC#N,7.451062751447048,35.3946195509264,Tier 1 (<150 nM),-7.297083618957963,Acylurea,True,True,3.9350963439937363,445.00700000000035,4.452580000000004,2,4,85.23,9,3.3083163321738205,6.731776225445996,6.778781821890591,0.7192865260010519,0.6722809295564574,-5.5102665653000615,-6.934843693954904,0.3622399250030588,False,0.5517241379310345,0.25555555555555554,False,True,24,False,8.481486060122112,False,1,55
N#CCCCc1ccc(Cc2ccc(C(=O)NC(=O)NC3CN4CCC3CC4)cc2)c(Cl)c1,7.444845883664025,35.90493264304659,Tier 1 (<150 nM),-10.104417603743736,Acylurea,True,True,3.6911607524070504,464.9970000000002,4.310680000000003,2,4,85.23,7,3.1859831043066626,6.931648918443598,7.187290067833391,0.5131969652204278,0.25755581583063414,-5.229171459432226,-6.036932146871589,4.067485456872147,False,0.5344827586206896,0.3333333333333333,False,True,24,False,8.481486060122112,False,1,55
N#CCCCCc1ccc(Cc2ccc(C(=O)NC(=O)NC3CN4CCC3CC4)cc2)c(Cl)c1,7.441984090481009,36.142310241730186,Tier 1 (<150 nM),-9.734218601869115,Acylurea,True,True,3.7030355709761933,479.0240000000002,4.7007800000000035,2,4,85.23,8,3.1485072431660504,6.70229571064035,7.176972794417736,0.7396883798406595,0.2650112960632729,-5.214999837232559,-6.07012152074527,3.6640970811238445,False,0.5254237288135594,0.32941176470588235,False,True,24,False,8.481486060122112,False,1,55
COc1c(N2CCOCC2)cc(O)c2c1SC(=S)N1C2=NC(CN)CC1CCCC#N,7.439246548802296,36.370850033859455,Tier 1 (<150 nM),-8.582455300606732,Cyclic-thione,True,False,4.35327631503242,461.6130000000003,2.4700800000000003,2,9,107.34,6,2.227189851888119,6.608539869290309,6.289628285193713,0.8307066795119873,1.1496182636085832,-6.144089659707349,-6.576945165753142,2.0055101348535898,False,0.38202247191011235,0.22580645161290322,False,True,77,False,7.244125144327508,True,2,32
Cc1ccccc1-c1cc(C(=O)NC(=O)NC2CN3CCC2CC3)ccc1CCCC#N,7.438933738590913,36.397056380188566,Tier 1 (<150 nM),-7.059313871887148,Acylurea,True,True,3.7176925706863333,430.55200000000036,4.041900000000003,2,4,85.23,6,2.5199195753630748,6.878330007083656,6.47660976610629,0.560603731507257,0.9623239724846231,-5.994707410930217,-6.83183866986435,0.2274752020227977,False,0.484375,0.29213483146067415,False,True,24,False,8.481486060122112,False,1,55
N#CCCc1ccc(Cc2ccc(C(=O)NC(=O)NC3CN4CCC3CC4)cc2)c(Cl)c1,7.4354630841971305,36.68908794927934,Tier 1 (<150 nM),-10.14481379996667,Acylurea,False,True,3.683757453629477,450.97000000000025,3.9205800000000037,2,4,85.23,6,3.72746040857068,6.500526573274918,7.345396554527648,0.9349365109222125,0.0900665296694827,-5.550747119463995,-6.358365556449075,3.7864482435175946,False,0.5636363636363636,0.34210526315789475,False,True,24,False,8.481486060122112,False,1,55
Cc1cccc(Cc2cc(C(=O)NC(=O)NC3CN4CCC3CC4)cc(Cl)c2CCC#N)c1,7.433916285941689,36.81999405601845,Tier 1 (<150 nM),-9.323568082701582,Acylurea,False,True,3.9360306654055863,464.99700000000036,4.229000000000004,2,4,85.23,6,2.9631890085338974,6.280162173517431,6.981810117555928,1.1537541124242576,0.452106168385761,-6.107331179280844,-6.549347350197516,2.774220732504066,False,0.5333333333333333,0.3058823529411765,False,True,24,False,8.481486060122112,False,1,55
Cc1cccc(Cc2cc(C(=O)NC(=O)NC3CN4CCC3CC4)cc(Cl)c2CCC#N)c1Cl,7.427258926984438,37.38876094868695,Tier 1 (<150 nM),-8.654134135188555,Acylurea,False,True,4.077101573723448,499.44200000000035,4.882400000000004,2,4,85.23,6,2.7824563681058807,6.340351270453293,7.583122257834769,1.086907656531145,-0.15586333085033122,-5.880970095073975,-6.518624104382455,2.1355100308061,False,0.5245901639344263,0.2967032967032967,False,True,24,False,8.481486060122112,False,1,55
CCc1ccc(Cc2cc(C(=O)NC(=O)NC3CN4CCC3CC4)cc(Cl)c2CCC#N)cc1C,7.420974407479267,37.93373382686406,Tier 1 (<150 nM),-9.377046631154165,Acylurea,False,True,4.066412996886961,493.05100000000033,4.791400000000005,2,4,85.23,7,3.132776657120505,6.533481132182622,7.064628703427613,0.8874932752966451,0.35634570405165444,-5.886086365480681,-6.574977665057989,2.8020689660961766,False,0.5079365079365079,0.28735632183908044,False,True,24,False,8.481486060122112,False,1,55
N#CC1CC(CNC(=O)c2ccc(/C=C/C(=O)Nc3ccccc3N)cc2)CCN1Cc1ccccc1,7.4163390969871275,38.340776393529275,Tier 1 (<150 nM),-7.379145628753886,Ortho-aminoanilide,True,False,3.2581915791201066,493.6110000000003,4.454880000000004,3,5,111.25,8,3.365124890619747,6.570194440002037,6.599364596008228,0.8461446569850901,0.8169745009788993,-5.040095827319415,-5.888388108362168,1.4907575203917176,False,0.7313432835820896,0.3,False,True,385,False,6.7447274948966935,True,3,28
COc1c(N2CCOCC2)cc(O)c2c1SC(=S)N1C2=NC(CNCCCC#N)CC1C#N,7.401963021730849,39.63117770274193,Tier 1 (<150 nM),-8.255609324597334,Cyclic-thione,True,False,4.4132793129805,486.6230000000003,2.2344600000000003,2,10,117.13999999999999,7,1.3853333935235839,6.8653479278834775,5.795135225369729,0.5366150938473719,1.6068277963611202,-6.158686323186957,-6.488370455943157,1.767238868654177,False,0.3838383838383838,0.23809523809523808,False,True,77,False,7.244125144327508,True,2,32
COc1cc(C(=O)NC(=O)NC2CN3CCC2CC3)cc(N2CCNCC2)c1CCC#N,7.400943880891716,39.72428774892827,Tier 1 (<150 nM),-7.961061824719025,Acylurea,False,True,4.045257955301717,440.54800000000034,1.0945800000000006,3,7,109.72999999999999,6,2.3921761143839255,6.7802269013797085,6.091208059047108,0.6207169795120073,1.3097358218446082,-6.603926249147653,-6.8514582634840036,1.109603561235021,False,0.55,0.27835051546391754,False,True,24,False,8.481486060122112,False,11,1
Cc1ccccc1-c1cc(C(=O)NC(=O)NC2CN3CCC2CC3)ccc1CCCCC#N,7.389066375953421,40.82569850849824,Tier 1 (<150 nM),-7.096668704293612,Acylurea,True,True,3.72690277669855,444.5790000000004,4.432000000000004,2,4,85.23,7,2.758468366646112,7.005862225180544,6.5038848375849305,0.38320415077287695,0.8851815383684905,-5.693468693800228,-6.6679424618171055,0.4287262424765066,False,0.47692307692307695,0.28888888888888886,False,True,24,False,8.481486060122112,False,1,55
Cc1cccc(Cc2ccc(C(=O)NC(=O)NC3CN4CCC3CC4CCC#N)cc2Cl)c1,7.388590132995198,40.87049211424287,Tier 1 (<150 nM),-9.504616320549536,Acylurea,False,True,4.406386880359013,464.9970000000003,4.445200000000004,2,4,85.23,6,6.395820462315849,6.69407177578888,6.961777388624468,0.6945183572063174,0.42681274437072947,-5.941605260416138,-6.5742711667439835,2.9303451538055523,False,0.4235294117647059,0.3176470588235294,False,True,24,False,8.481486060122112,False,1,55
N#CCCCc1cccc(Cc2cc(Cl)c(C(=O)NC(=O)NC3CN4CCC3CC4)cc2Cl)c1,7.381695021194444,41.524554215587166,Tier 1 (<150 nM),-7.725562077680349,Acylurea,True,True,3.855025250368966,499.44200000000023,4.9640800000000045,2,4,85.23,7,5.942119764568749,6.766809675711885,6.834598107553136,0.6148853454825591,0.5470969136413082,-5.099121866425056,-6.175067211282686,1.5504948663976634,False,0.4838709677419355,0.27710843373493976,False,True,24,False,8.481486060122112,False,1,55
Cc1ccc(Cc2ccc(C(=O)NC(=O)NC3CN4CCC3C(CCCC#N)C4)cc2)c(C)c1,7.381377521698909,41.55492265442291,Tier 1 (<150 nM),-10.377188666156373,Acylurea,True,True,4.480561376571487,458.60600000000034,4.347820000000004,2,4,85.23,7,2.819719688366723,7.057155173822982,7.118039775438651,0.32422234787592696,0.26333774626025797,-6.106570429164912,-6.841134641884625,3.536054024271748,False,0.4057971014492754,0.3111111111111111,False,True,24,False,8.481486060122112,False,7,3
N#CCCCc1cc(C(=O)NC(=O)NC2CN3CCC2CC3)cc(Cl)c1CCCC#N,7.373316337441789,42.33344994629142,Tier 1 (<150 nM),-7.601305611245059,Acylurea,True,True,4.104414350986744,441.96300000000036,3.5661600000000027,2,5,109.02000000000001,8,2.675882910816369,7.0130808086464835,6.640396143551152,0.3602355287953056,0.7329201938906369,-5.4355456159118845,-6.623913553321012,0.9773920579240469,False,0.6037735849056604,0.2558139534883721,False,True,24,False,8.481486060122112,False,1,55
N#CCc1cccc(Cc2ccc(C(=O)NC(=O)NC3CN4CCC3CC4C(=O)O)cc2Cl)c1,7.368661887355652,42.78958876351169,Tier 1 (<150 nM),-8.25654019342815,Acylurea,False,True,4.4436314895770375,480.9520000000002,2.9836800000000006,3,5,122.53000000000002,6,6.082271893338527,6.613737793034636,7.207712752852666,0.7549240943210167,0.1609491345029861,-6.465030464865463,-6.838134648989115,1.4184055444390342,False,0.4461538461538462,0.3132530120481928,False,True,24,False,8.481486060122112,False,1,55
N#CCCCc1cc(Cl)c(Cc2ccc(C(=O)NC(=O)NC3CN4CCC3CC4)cc2)cc1C#N,7.36604109176138,43.04858771631333,Tier 1 (<150 nM),-8.573291842312564,Acylurea,True,True,3.962727332551296,490.0070000000003,4.182360000000004,2,5,109.02000000000001,7,3.335677990125136,7.0050660390326005,6.9892749512955,0.3609750527287794,0.37676614046587975,-5.168136117824361,-6.097106001120849,2.4761858411917146,False,0.5254237288135594,0.325,False,True,24,False,8.481486060122112,False,1,55
N#CCCCCc1cc(C(=O)NC(=O)NC2CN3CCC2CC3)cc(Cl)c1CCCC#N,7.360787850652333,43.57246696896249,Tier 1 (<150 nM),-7.810618462556516,Acylurea,True,True,4.09865434436416,455.9900000000004,3.956260000000003,2,5,109.02000000000001,9,2.5257395319824107,7.017273338944637,6.567258921231827,0.34351451170769565,0.7935289294205061,-5.172622080332076,-6.707868858166262,1.1027496043902536,False,0.5818181818181818,0.25287356321839083,False,True,24,False,8.481486060122112,False,1,55
CCC(Cc1cc(C(=O)NC(=O)NC2CN3CCC2CC3)cc(Cl)c1CCC#N)C1CC1,7.357669834870408,43.88642101745273,Tier 1 (<150 nM),-7.371463837798922,Acylurea,False,True,4.482112909311924,457.0180000000003,4.308480000000004,2,4,85.23,8,3.3104828767038192,6.770678236454142,7.085742257869642,0.5869915984162661,0.2719275770007661,-6.258390984733264,-6.826656522791188,0.5448073150077342,False,0.5333333333333333,0.24210526315789474,False,True,24,False,8.481486060122112,False,1,55
N#CCCc1c(Cl)cc(C(=O)NC(=O)NC2CN3CCC2CC3)cc1-c1cccc(CC#N)c1,7.356381736261999,44.016779463078095,Tier 1 (<150 nM),-7.912305589295945,Acylurea,False,True,4.040870611193709,475.98000000000036,4.062860000000003,2,5,109.02000000000001,6,1.8227762175025566,6.482102766085359,7.01721280714083,0.8742789701766398,0.33916892912116836,-5.024561106822969,-6.290053587601735,1.6222520016942106,False,0.55,0.2967032967032967,False,True,24,False,8.481486060122112,False,1,55
Cc1ccc(C(=O)NC(=O)NC2CN3CCC2CC3)cc1C(=O)Cc1ccc(CC#N)cc1C#N,7.355071103741398,44.14981582911107,Tier 1 (<150 nM),-8.235549659656684,Acylurea,False,True,3.982659150733115,469.5450000000003,2.8917800000000007,2,6,126.09,6,1.9229124941706004,6.605572694675273,6.15396140637474,0.749498409066125,1.2011096973666584,-6.749549989883304,-6.731437549663681,1.4859996697733795,False,0.484375,0.3146067415730337,False,True,24,False,8.481486060122112,False,13,1
N#CC1CC(CNC(O)c2ccc(/C=C/C(=O)Nc3ccccc3N)cc2)CCN1Cc1ccccc1,7.342810093009918,45.4140158286195,Tier 1 (<150 nM),-7.024122003208994,Ortho-aminoanilide,True,False,3.6906191899810583,495.6270000000003,4.305580000000003,4,6,114.41,9,3.365124890619747,6.786286404549065,5.964783772189157,0.5565236884608531,1.3780263208207613,-5.594838715830073,-6.048450481884357,0.975671521324637,False,0.5526315789473685,0.2621359223300971,False,True,385,False,6.7447274948966935,True,3,28
CCCCC1CC(O)N=C2c3c(O)cc(N4CCOCC4)c(OCCCC#N)c3SC(=S)N21,7.32359292209723,47.468671561400676,Tier 1 (<150 nM),-7.238455240206174,Cyclic-thione,True,False,4.257940196777556,490.6510000000003,3.6314800000000025,2,9,101.55,8,1.4558158026817205,6.822432517484684,7.043157414739191,0.5011604046125466,0.2804355073580389,-6.415367869177568,-6.388846086687292,0.8230873710286062,False,0.40816326530612246,0.22448979591836735,False,True,77,False,7.244125144327508,True,2,32
Cc1[nH]c2cc(C#N)ccc2c1N1CCN(CCc2cccn3cnnc23)C(C2(N)CC2F)C1,7.302093519713955,49.877707068744336,Tier 1 (<150 nM),-7.124874883770409,Triazolopyridine,False,False,4.361057178750235,458.54500000000013,2.563300000000001,2,6,102.27,5,2.0890970803260993,6.29631587069732,6.444121283903891,1.0057776490166344,0.8579722358100641,-6.395070701443455,-6.968118235105659,0.15675664866475003,False,0.35714285714285715,0.23148148148148148,False,True,0,True,,False,19,4
CCCNc1cc(Cc2cc(C(=O)NC)c(C(=O)O)cc2Cl)cc(-c2cscn2)c1C(=O)O,7.2990656723836125,50.226663290209935,Tier 1 (<150 nM),-7.256094712304869,Carboxylate,False,False,2.930649667545204,487.96500000000015,4.632200000000003,4,6,128.62,9,1.5268537297656841,6.272922202843943,6.0260178225434835,1.0261434695396696,1.273047849840129,-6.228325196160271,-6.709146081094204,0.5469486312106655,False,0.3625,0.25,False,True,148,False,9.69897000433602,False,35,1
COC(C)ON1CCC(CNC(=O)c2ccc(/C=C/C(=O)Nc3ccccc3N)cc2)CC1C#N,7.277966988405657,52.72699387448607,Tier 1 (<150 nM),-7.478626794059692,Ortho-aminoanilide,True,False,3.851559365467205,477.5650000000002,3.178680000000001,3,7,129.71,9,4.539265703377325,6.52494534682826,6.637166487757948,0.7530216415773969,0.6408005006477087,-6.458024403222995,-6.311952783311922,1.0206023908366966,False,0.6438356164383562,0.2717391304347826,False,True,385,False,6.7447274948966935,True,3,28
CCC1CC(CO)N=C2c3c(OCCC#N)cc(N4CCOCC4)c(OC)c3SC(=S)N21,7.273715463947959,53.24569940494188,Tier 1 (<150 nM),-7.4138052771199074,Cyclic-thione,True,False,4.2525044433518175,476.6240000000003,2.806680000000001,1,9,90.55000000000001,7,1.2804469549673425,6.281807925222757,6.449597963545097,0.9919075387252025,0.8241175004028625,-6.931940871912845,-6.527356895763232,0.4818644052070624,False,0.4111111111111111,0.24468085106382978,False,True,77,False,7.244125144327508,True,2,32
CC1CC(N)N2C(=S)Sc3c(c(C(=O)CC#N)cc(-c4ccncc4)c3N3CCOCC3)C2=N1,7.252065435734098,55.96732684173737,Tier 1 (<150 nM),-8.00682347567942,Cyclic-thione,True,False,4.324546763113367,492.6300000000003,3.1977800000000016,1,9,107.84,4,1.3818156979471934,6.6797535378379225,6.393514112623486,0.5723118978961752,0.8585513231106114,-6.457362736635176,-6.255761711243747,1.5494607390442443,False,0.3707865168539326,0.23958333333333334,False,True,77,False,7.244125144327508,True,16,1
COc1c(N2CCOCC2)cc(O)c2c1SC(=S)N1C2=NC(CNO)CC1C#N,7.246186503307132,56.73009315290837,Tier 1 (<150 nM),-8.19870338547255,Cyclic-thione,True,False,4.467773525617119,435.5310000000001,1.3198799999999997,3,10,113.58000000000001,4,1.7173181251903047,7.008656075825298,7.331825242380379,0.2375304274818335,-0.08563873907324737,-6.52854542960327,-6.700931683950103,1.4977717015224465,False,0.4069767441860465,0.2653061224489796,False,True,77,False,7.244125144327508,True,2,32
COc1c(N2CCOCC2)cc(-c2ccncc2)c2c1SC(=S)N1C2=NC(CNO)CC1C#N,7.246166623393742,56.73269004326335,Tier 1 (<150 nM),-7.878201724309174,Cyclic-thione,True,False,4.361926848565469,496.6180000000002,2.67628,2,10,106.24000000000001,5,1.5298538276082871,6.982061598326003,7.154231238080833,0.2641050250677388,0.09193538531290901,-5.960100004038151,-6.440851624885387,1.4373500994237869,False,0.4329896907216495,0.25263157894736843,False,True,77,False,7.244125144327508,True,2,32
N#CCCC1CN(Cc2c(F)[nH]c3cc(CC#N)ccc23)CCN1CCc1ccc(O)[nH]c1=S,7.2414277487513035,57.35512772657253,Tier 1 (<150 nM),-7.6065864457212715,3-HPT,True,False,3.98348384613381,478.59700000000026,4.168950000000003,3,6,105.87,8,2.3597731710933525,6.7492450238879815,6.888629601470969,0.49218272486332193,0.35279814728033454,-6.244528670084014,-6.587722485603366,1.0188639601179057,False,0.34,0.22916666666666666,True,True,0,True,,False,0,58
N#CCCOc1c(N2CCOCC2)cc(O)c2c1SC(=S)N1C2=NC(CO)CC1C1CC1,7.239613630847721,57.59521040306792,Tier 1 (<150 nM),-7.531694258834277,Cyclic-thione,True,False,4.303251357975656,474.60800000000023,2.503680000000001,2,9,101.55,6,1.4124422898585776,6.465163860605654,6.6385696112327315,0.7744497702420672,0.6010440196149895,-6.890327952683761,-6.449295958244321,0.6413663061505153,False,0.3711340206185567,0.2127659574468085,False,True,77,False,7.244125144327508,False,2,32
N#CCCCOc1c(N2CCOCC2)cc(O)c2c1SC(=S)N1C2=NC(CO)CC1C1CC1,7.233106868906665,58.464619977379,Tier 1 (<150 nM),-7.265718156296922,Cyclic-thione,True,False,4.277610573209632,488.6350000000002,2.8937800000000014,2,9,101.55,7,1.3109789179917501,6.386986824476989,6.571425049950316,0.8461200444296759,0.6616818189563487,-6.718866824842298,-6.225536410448076,0.546851331454624,False,0.3673469387755102,0.22340425531914893,False,True,77,False,7.244125144327508,False,2,32
COc1c(N2CCOCC2)cc(O)c2c1SC(=S)N1C2=NC(CNCCC#N)CC1C#N,7.223359147919206,59.79169319980459,Tier 1 (<150 nM),-8.038010500177585,Cyclic-thione,True,False,4.4207108676967035,472.59600000000023,1.8443599999999998,2,10,117.13999999999999,6,1.4664799316294423,6.728724515248095,6.112588555461323,0.4946346326711115,1.1107705924578832,-6.5045776557128585,-6.509564159777488,1.5284463404000963,False,0.38144329896907214,0.24271844660194175,False,True,77,False,7.244125144327508,False,2,32
COc1c(N2CCOCC2)cc(O)c2c1SC(=S)N1C2=NC(CCC#N)CC1C#N,7.218711176255825,60.435041371326164,Tier 1 (<150 nM),-8.269861981249882,Cyclic-thione,True,False,4.382335136558177,443.5540000000002,2.6448600000000004,1,9,105.11000000000001,4,1.6118319236827672,6.702457554567716,6.041175131805877,0.5162536216881088,1.1775360444499476,-6.2191499007689455,-6.619283855838198,1.650578125411684,False,0.3723404255319149,0.23,False,True,77,False,7.244125144327508,False,2,32
N#CCCC1CN(Cc2c(F)[nH]c3cc(CC#N)ccc23)CCN1CCCc1ccc(O)[nH]c1=S,7.216639956459252,60.723954130787945,Tier 1 (<150 nM),-7.428464692712814,3-HPT,True,False,3.976427749093302,492.6240000000003,4.5590500000000045,3,6,105.87,9,1.877023410990671,6.747534675958906,6.775554055574143,0.4691052805003464,0.4410859008851089,-5.759722546792621,-6.65435418274846,0.7741105099643546,False,0.35353535353535354,0.2268041237113402,False,True,0,True,,False,0,58
COc1c(N2CCOCC2)cc(C)c2c1SC(=S)N1C2=NC(CO)CC1CCCCC#N,7.207946578267926,61.95172760230957,Tier 1 (<150 nM),-7.200954475598338,Cyclic-thione,True,False,4.231639354594422,474.6520000000003,3.4966000000000026,1,8,81.32,7,2.235969754261345,6.092926228176396,5.952494156239519,1.1150203500915294,1.255452422028407,-6.358126291965988,-6.68454047515436,0.5164140004439783,False,0.37894736842105264,0.22916666666666666,False,True,77,False,7.244125144327508,False,2,32
CC1CC(N)N2C(=S)Sc3c(c(OCCC#N)cc(-c4ccncc4)c3N3CCOCC3)C2=N1,7.195771824841296,63.713017654322606,Tier 1 (<150 nM),-7.158843797949001,Cyclic-thione,True,False,4.225540820308012,494.6460000000003,3.393880000000002,1,9,99.99999999999999,5,1.204285101519519,6.264518268093945,7.032017613548416,0.9312535567473512,0.16375421129288004,-6.720670956100679,-5.995388592370657,0.4381728418483224,False,0.40860215053763443,0.23300970873786409,False,True,77,False,7.244125144327508,False,5,19
COc1c(N2CCOCC2)cc(C#N)c2c1SC(=S)N1C2=NC(CCC#N)CC1CO,7.187120125553825,64.99498897871408,Tier 1 (<150 nM),-7.954563295448553,Cyclic-thione,True,False,4.361314951396055,457.58100000000024,2.2796600000000002,1,9,105.11,5,1.6177890986586345,6.295243978274847,5.961252638095916,0.8918761472789782,1.2258674874579096,-6.474017496752285,-6.919234944928897,1.0353283505196558,False,0.39361702127659576,0.24489795918367346,False,True,77,False,7.244125144327508,False,2,32
NC1CC(NO)N=C2c3c(C4CC4)cc(-c4ccncc4)c(N4CCOCC4)c3SC(=S)N21,7.1845033642787115,65.387786469539,Tier 1 (<150 nM),-7.01552848007936,Cyclic-thione,True,False,4.394722458815629,482.6350000000003,2.895200000000001,3,9,99.24,4,1.676726205806496,6.4350058202786515,6.986106121500791,0.74949754400006,0.19839724277792037,-6.2128612222859845,-6.2327743942662295,0.7827540858131306,False,0.3707865168539326,0.20454545454545456,False,True,77,False,7.244125144327508,False,5,19
Cc1cc(N2CCOCC2)c(C(N)=O)c2c1C1=NC(CN)CC(CCCC#N)N1C(=S)S2,7.184336375029113,65.41293336259521,Tier 1 (<150 nM),-8.299495567943366,Cyclic-thione,True,False,4.352834248930854,472.64000000000027,2.1632000000000007,2,8,120.96999999999998,6,2.207995895193689,7.121054372357733,6.213686020285141,0.06328200267137962,0.970650354743972,-6.975161960408063,-6.776315988069557,1.3243336075353023,False,0.35714285714285715,0.25274725274725274,False,True,77,False,7.244125144327508,False,2,32
COc1c(N2CCOCC2)cc(O)c2c1SC(=S)N1C2=NC(CCCCCCC#N)CC1C#N,7.182549333250236,65.68265006845508,Tier 1 (<150 nM),-7.362540484245516,Cyclic-thione,True,False,4.292500767871494,499.6620000000004,4.2052600000000036,1,9,105.11000000000001,8,1.5112011326923724,6.5769272732787485,5.833418043037418,0.6056220599714877,1.349131290212818,-5.921923818746931,-6.555906230926402,0.806634253319114,False,0.35106382978723405,0.22115384615384615,False,True,77,False,7.244125144327508,False,2,32
CNC(C)c1cc(CC(C)(Br)C(=O)N(CO)C(C)C)cc(Cl)c1C(=O)O,7.17987052539969,66.0890447454404,Tier 1 (<150 nM),-7.604666115559042,Carboxylate,True,False,3.9408226389377283,449.7730000000002,3.201500000000001,3,4,89.87000000000002,8,2.5240558046995845,5.864468957879016,5.8553719817183705,1.3154015675206745,1.3244985436813197,-6.3593689676807905,-6.164331102897669,1.2452971478782517,True,0.38095238095238093,0.2222222222222222,False,True,148,False,9.69897000433602,False,4,26
CNC(Cl)c1cc(CC(C)(Br)C(=O)N(CO)C(C)C)cc(Cl)c1C(=O)O,7.170569553535999,67.51969105685306,Tier 1 (<150 nM),-7.4075637929301354,Carboxylate,True,False,4.195515405872286,470.1910000000002,3.3779000000000012,3,4,89.87000000000002,8,2.279585888210231,5.800895661781407,5.820609934384988,1.3696738917545916,1.3499596191510106,-6.120300671542099,-6.173307530508664,1.2342562624214715,True,0.36065573770491804,0.21052631578947367,False,True,148,False,9.69897000433602,False,4,26
CCC(C)(Cc1c(C(=O)NC)cc(Cl)c(C(=O)O)c1-c1csc(F)n1)OC(C)CF,7.152161029145153,70.44318289737953,Tier 1 (<150 nM),-7.450916720841948,Carboxylate,False,False,4.255853270042339,460.9300000000001,4.7462000000000035,2,5,88.52000000000001,9,1.2912745302599684,6.375887862199462,6.184802435074332,0.7762731669456917,0.9673585940708218,-6.447023232955752,-6.953746819842082,0.49716990099986624,False,0.37037037037037035,0.24096385542168675,False,True,148,False,9.69897000433602,False,9,8
COC(C)ON1CCC(CNC(F)c2ccc(C=CC(=O)Nc3ccccc3N)cc2)CC1C#N,7.148589766123382,71.024835065984,Tier 1 (<150 nM),-7.548648062818384,Ortho-aminoanilide,True,False,4.344329872988851,481.57200000000023,4.006580000000002,3,7,112.64000000000001,10,3.1133343667367677,6.612350489868509,6.27587427879094,0.5362392762548733,0.8727154873324423,-5.724286746799595,-6.125694614735413,1.4229534480829713,False,0.4823529411764706,0.25555555555555554,False,True,385,False,6.7447274948966935,True,3,28
COC(C)ON1CCC(CNC(F)c2ccc(/C=C/C(=O)Nc3ccccc3N)cc2)CC1C#N,7.148589766123382,71.024835065984,Tier 1 (<150 nM),-7.548648062818384,Ortho-aminoanilide,True,False,4.344329872988851,481.57200000000023,4.006580000000002,3,7,112.64000000000001,10,4.539265703377325,6.612350489868509,6.27587427879094,0.5362392762548733,0.8727154873324423,-5.724286746799595,-6.125694614735413,1.4229534480829713,False,0.4823529411764706,0.25555555555555554,False,True,385,False,6.7447274948966935,True,3,28
COc1cc(OCc2ccoc2)c2c(c1OC)SC(=S)N1C2=NC(CNCCC#N)CC1C#N,7.135264830595929,73.23777966383307,Tier 1 (<150 nM),-7.752872206805009,Cyclic-thione,True,False,4.4262517591482595,497.60200000000026,3.4827600000000016,1,10,116.03999999999999,9,1.4669070164369393,7.164400469782982,6.711957093872827,-0.029135639187052753,0.4233077367231024,-6.5419961637671005,-6.719198064734676,1.0336741420703328,False,0.3786407766990291,0.22916666666666666,False,True,77,False,7.244125144327508,False,23,1
COCCC1CC(CCC#N)N=C2c3c(C)cc(N4CCOCC4)c(OC)c3SC(=S)N21,7.123727720072829,75.20942700125576,Tier 1 (<150 nM),-7.037854668935127,Cyclic-thione,True,False,4.26593977724869,474.6520000000003,3.760600000000003,0,8,70.32,7,1.6452683352655921,6.029916845744467,5.90277435874533,1.0938108743283612,1.2209533613274983,-6.072180810870144,-6.333474785099728,0.704379883835399,False,0.35135135135135137,0.24468085106382978,False,True,77,False,7.244125144327508,False,2,32
COC(C)ON1CCC(CNC(N)c2ccc(/C=C/C(=O)Nc3ccccc3N)cc2)CC1C#N,7.121274942483967,75.63539120464237,Tier 1 (<150 nM),-7.420517705117775,Ortho-aminoanilide,True,False,4.29552008277906,478.59700000000026,2.9957800000000008,4,8,138.66,10,4.539265703377325,6.898692948426488,6.193812542809376,0.22258199405747892,0.9274623996745905,-6.641279588594628,-6.5759728452660635,0.779238116523147,False,0.4880952380952381,0.25842696629213485,False,True,385,False,6.7447274948966935,True,3,28
CC1CC(N)N2C(=S)Sc3c(c(C(N)=O)cc(-c4ccncc4)c3N3CCOCC3)C2=N1,7.120126030098304,75.83574715283756,Tier 1 (<150 nM),-7.864111254340509,Cyclic-thione,True,False,4.140352118753339,468.6080000000003,2.2003000000000004,2,8,110.07,3,1.60199825054922,6.8706363249392,7.064256257041652,0.24948970515910407,0.05586977305665197,-6.232777634504966,-6.367783660710494,1.4963275936300153,False,0.37209302325581395,0.22988505747126436,False,True,77,False,7.244125144327508,False,5,19
Cc1cc(N2CCOCC2)c(OO)c2c1C1=NC(CCC#N)CC(CCCCC#N)N1C(=S)S2,7.117825387639471,76.23854729778861,Tier 1 (<150 nM),-7.232975995382676,Cyclic-thione,True,False,4.481773408632795,499.6620000000004,4.651280000000004,1,9,105.11,8,1.703884407014064,6.453472458222286,5.986436664765319,0.6643529294171842,1.131388722874152,-5.9849985258399165,-6.7475122600859,0.48546373529677656,False,0.33980582524271846,0.21739130434782608,True,True,77,False,7.244125144327508,False,2,32
COc1c(N2CCOCC2)cc(C)c2c1SC(=S)N1C2=NC(CN)CC1CCCCCC#N,7.115307291473141,76.68187234533906,Tier 1 (<150 nM),-7.549937068369142,Cyclic-thione,True,False,4.262276694322563,487.6950000000004,3.853100000000003,1,8,87.11000000000001,8,2.497037345560777,5.746192396090307,5.940186614038588,1.3691148953828343,1.1751206774345535,-6.537578022623691,-6.823227106209374,0.7267099621597684,True,0.35789473684210527,0.23529411764705882,False,True,77,False,7.244125144327508,False,2,32
CCCCC1CC(NC(C)=O)N=C2c3c(C)cc(N4CCOCC4)c(OC)c3SC(=S)N21,7.115016625040521,76.73321148884851,Tier 1 (<150 nM),-7.231961124538128,Cyclic-thione,True,False,4.179786556623162,476.6680000000003,3.7041200000000023,1,7,66.4,6,1.7439442107294632,6.281730334761965,6.054297604061819,0.833286290278556,1.060719020978702,-5.94110605723495,-6.9654203761949685,0.2665407483431599,False,0.38613861386138615,0.2647058823529412,False,True,77,False,7.244125144327508,False,2,32
COc1c(N2CCOCC2)cc(O)c2c1SC(=S)N1C2=NC(C#N)CC1CCCC#N,7.10702873433255,78.15760912665604,Tier 1 (<150 nM),-7.483038019129719,Cyclic-thione,True,False,4.428522294053399,457.58100000000024,3.0349600000000017,1,9,105.11000000000001,5,2.2225075868313873,6.477425541026217,6.20519447194405,0.6296031933063331,0.9018342623885003,-6.057516003992762,-6.672056731967307,0.810981287162412,False,0.38461538461538464,0.22916666666666666,False,True,77,False,7.244125144327508,False,2,32
COc1c(N2CCOCC2)cc(C)c2c1SC(=S)N1C2=NC(C)CC1CCCCC#N,7.100479957850949,79.34508727010761,Tier 1 (<150 nM),-7.3248110022477135,Cyclic-thione,True,False,4.161573168179273,458.6530000000003,4.524200000000004,0,7,61.09,6,2.517841526534648,5.852129054569784,5.760116111309448,1.2483509032811648,1.3403638465415009,-6.193911793266253,-6.420797529011585,0.9040134732361285,True,0.35789473684210527,0.23,False,True,77,False,7.244125144327508,False,2,32
N#CC1CC(N)N=C2c3c(O)cc(N4CCOCC4)c(OCc4ccoc4)c3SC(=S)N21,7.0921987409646325,80.8725727050498,Tier 1 (<150 nM),-8.607401075139844,Cyclic-thione,True,False,4.426568095084701,471.56400000000025,2.42068,2,10,120.48,4,1.4046947470907862,7.500057974082941,6.765144312148269,-0.40785923311830885,0.32705442881636326,-6.898201732938718,-6.475279587234935,1.709199342201126,False,0.391304347826087,0.2079207920792079,False,True,77,False,7.244125144327508,False,2,32
COc1cc(C#N)c(N2CCOCC2)c2c1C1=NC(NO)CC(N)N1C(=S)S2,7.087170587097185,81.81433654110552,Tier 1 (<150 nM),-8.084826063022193,Cyclic-thione,True,False,4.488798610107025,420.52000000000004,0.8360800000000002,3,10,119.36999999999999,3,1.5794050641520905,6.703715658317853,6.9130479287326745,0.3834549287793312,0.17412265836451013,-6.903990139040514,-6.5093559965651835,1.1808359239816797,False,0.46987951807228917,0.24468085106382978,False,True,77,False,7.244125144327508,False,5,19
COc1cc(CCCN)c(N2CCOCC2)c2c1C1=NC(NO)CC(N)N1C(=S)S2,7.065553887130222,85.98963645838809,Tier 1 (<150 nM),-7.6778165352261,Cyclic-thione,True,False,4.435064548322882,452.6060000000001,0.8557000000000023,4,10,121.6,6,1.7676541078505583,6.786419298340472,6.900299183772734,0.2791345887897503,0.16525470335748782,-5.958712197124996,-6.2790049508997665,1.3988115843263333,False,0.39603960396039606,0.2441860465116279,False,True,77,False,7.244125144327508,False,5,19
COc1c(N2CCOCC2)cc(OCCO)c2c1SC(=S)N1C2=NC(CO)CC1CN,7.064546430770969,86.18934280630486,Tier 1 (<150 nM),-7.31129203570643,Cyclic-thione,True,False,4.216724916431021,468.60100000000017,0.43400000000000094,3,10,113.01,7,1.4479307839550866,6.762395630253222,7.140041956710985,0.30215080051774734,-0.07549552594001607,-6.390631917024072,-6.395574306917646,0.9157177287887839,False,0.42045454545454547,0.22727272727272727,False,True,77,False,7.244125144327508,False,2,32
CNON1CCC(CNC(F)c2ccc(/C=C/C(=O)Nc3ccccc3N)cc2Cl)CC1C#N,7.0540621900819716,88.29534542357544,Tier 1 (<150 nM),-8.31292188952418,Ortho-aminoanilide,True,False,4.291808388107889,486.97900000000016,3.8019800000000012,4,7,115.44,9,3.9866384009973417,6.409344844412751,6.327056398118981,0.6447173456692203,0.7270057919629904,-6.223763706571502,-6.513154980877234,1.799766908646946,False,0.5180722891566265,0.25471698113207547,False,True,385,False,6.7447274948966935,True,3,28
CNON1CCC(CNC(F)c2ccc(C=CC(=O)Nc3ccccc3N)cc2Cl)CC1C#N,7.0540621900819716,88.29534542357544,Tier 1 (<150 nM),-8.31292188952418,Ortho-aminoanilide,True,False,4.291808388107889,486.97900000000016,3.8019800000000012,4,7,115.44,9,2.6768536793097706,6.409344844412751,6.327056398118981,0.6447173456692203,0.7270057919629904,-6.223763706571502,-6.513154980877234,1.799766908646946,False,0.5180722891566265,0.25471698113207547,False,True,385,False,6.7447274948966935,True,3,28
COc1cc(CCCCN)c(N2CCOCC2)c2c1C1=NC(NO)CC(N)N1C(=S)S2,7.051266096641455,88.86564621739086,Tier 1 (<150 nM),-7.560739471891731,Cyclic-thione,True,False,4.397791699647804,466.6330000000001,1.245800000000002,4,10,121.6,7,1.8886020568994655,6.755972924239915,6.848450441296233,0.2952931724015402,0.20281565534522183,-6.190177605039298,-6.0987722486131775,1.3705618668524329,False,0.39215686274509803,0.23469387755102042,False,True,77,False,7.244125144327508,False,5,19
COc1cc(CCCO)c(N2CCOCC2)c2c1C1=NC(NO)CC(C#N)N1C(=S)S2,7.050924311248633,88.93561011474092,Tier 1 (<150 nM),-8.377781597413584,Cyclic-thione,True,False,4.44883680454291,463.5850000000001,1.4966800000000005,3,10,113.58,6,1.6661174483070829,7.076294395208138,6.983243103034531,-0.025370083959504797,0.06768120821410228,-6.2411171431850825,-6.272564430537878,2.105217166875706,False,0.3829787234042553,0.23404255319148937,False,True,77,False,7.244125144327508,False,5,19
CCCCC1CC(CO)N=C2c3c(C)cc(N4CCOCC4)c(CCC#N)c3SC(=S)N21,7.040584436570885,91.07843581797768,Tier 1 (<150 nM),-7.067487461442906,Cyclic-thione,True,False,4.291483648761792,472.6800000000003,4.050400000000003,1,7,72.08999999999999,7,1.9851814843125828,6.291783011998885,6.170857435919674,0.748801424572,0.8697270006512108,-6.162654998289863,-6.154963228895817,0.9048324631530429,False,0.37,0.21875,False,True,77,False,7.244125144327508,False,2,32
COc1c(N2CCOCC2)cc(O)c2c1SC(=S)N1C2=NC(O)CC1COCCCCO,7.037428412076318,91.74271491278867,Tier 1 (<150 nM),-7.556686016317218,Cyclic-thione,True,False,4.187228196521724,483.6120000000003,1.5563999999999998,3,10,107.22000000000001,8,2.757592991254627,6.146792718257332,6.843250392781352,0.8906356938189859,0.19417801929496648,-5.873664529125125,-6.358163163913416,1.1985228524038014,False,0.39325842696629215,0.25555555555555554,False,True,77,False,7.244125144327508,False,2,32
NC1CC(NO)N=C2c3c(O)cc(-c4ccncc4)c(N4CCOCC4)c3SC(=S)N21,7.032901702905557,92.70396233962855,Tier 1 (<150 nM),-7.979738617619907,Cyclic-thione,True,False,4.369592943067307,458.5690000000003,1.7233999999999998,4,10,119.47,3,1.7242355937322311,6.436675764777409,7.199390329829188,0.5962259381281481,-0.16648862692363142,-6.7260806533455435,-6.375196292181023,1.253657964274364,False,0.38571428571428573,0.21348314606741572,False,True,77,False,7.244125144327508,False,5,19
CC(F)ON1CCC(CNC(F)c2ccc(C=CC(=O)Nc3ccccc3N)cc2)CC1C#N,7.021194479128784,95.23695928998599,Tier 1 (<150 nM),-7.674229500055361,Ortho-aminoanilide,True,False,4.339594367657504,469.53600000000023,4.329680000000002,3,6,103.41,9,2.9837282672032037,6.23317976810196,6.2073233527674025,0.7880147110268245,0.8138711263613816,-5.278390110761657,-6.10297646361119,1.5712530364441708,False,0.4691358024691358,0.26136363636363635,False,True,385,False,6.7447274948966935,True,3,28
CNC(C)c1cc(CC(C)(Br)C(=O)N(C(C)O)C(C)Cl)cc(Cl)c1C(=O)O,7.020613567639704,95.36443330462139,Tier 1 (<150 nM),-7.510832445681001,Carboxylate,True,False,4.454126569848429,484.21800000000013,3.7664000000000026,3,4,89.87000000000002,8,2.477031244268182,6.8428215662660286,6.391742460445276,0.17779200137367557,0.6288711071944277,-6.072891674570588,-6.082796110764051,1.4280363349169498,False,0.3582089552238806,0.2125,False,True,148,False,9.69897000433602,False,4,26
COc1cc(CCN)c(N2CCOCC2)c2c1C1=NC(NO)CC(N)N1C(=S)S2,7.0176380569113155,96.02005338443874,Tier 1 (<150 nM),-7.144016552843283,Cyclic-thione,True,False,4.457160955260646,438.57900000000006,0.4656000000000022,4,10,121.6,5,1.6699388002554894,7.00939854075865,7.005486093077412,0.00823951615266516,0.0121519638339036,-6.16479477810268,-6.6985095622447615,0.4455069905985214,False,0.41304347826086957,0.25,False,True,77,False,7.244125144327508,False,5,19
CNC(=O)c1cc(Cl)c(C(=O)O)c(-c2cscn2)c1C(C)Cl,7.014776477543521,96.6548213523192,Tier 1 (<150 nM),-7.88969533439287,Carboxylate,True,False,3.4676162586145898,359.23400000000004,3.821100000000002,2,4,79.29,4,1.3585735156261611,6.055747240720099,6.325121976175559,0.9590292368234214,0.6896545013679614,-6.546539682493416,-6.757909811260387,1.1317855231324838,False,0.3380281690140845,0.23809523809523808,True,True,148,False,9.69897000433602,False,9,8
COc1cc(CCCO)c(N2CCOCC2)c2c1C1=NC(NO)CC(N)N1C(=S)S2,7.014203295355314,96.7824706765126,Tier 1 (<150 nM),-7.893359282321841,Cyclic-thione,True,False,4.422050792666774,453.5900000000001,0.8893000000000013,4,10,115.81,6,1.7676541078505583,7.034759403242771,6.977283980414984,-0.02055610788745721,0.03691931494032996,-5.933172513072173,-6.241026017370013,1.652333264951828,False,0.38613861386138615,0.24444444444444444,False,True,77,False,7.244125144327508,False,5,19
CNC(C)c1cc(CC(C)(Br)C(=O)N(CO)C(C)Cl)cc(Cl)c1C(=O)O,7.011381477382949,97.4133598308299,Tier 1 (<150 nM),-7.571333125496098,Carboxylate,True,False,4.31416651534371,470.1910000000002,3.377900000000002,3,4,89.87000000000002,8,2.5641840284593695,5.862920726736023,5.857706664051771,1.148460750646926,1.153674813331178,-6.120300671542099,-6.071047411833384,1.4510324539539994,True,0.3484848484848485,0.2191780821917808,True,True,148,False,9.69897000433602,False,4,26
CON1CCC(CNC(F)c2ccc(C=CC(=O)Nc3ccccc3N)cc2)CC1C#N,6.990182104500342,102.28640041085403,Tier 1 (<150 nM),-7.559487511924134,Ortho-aminoanilide,True,False,4.008114122611662,437.5190000000001,3.6439800000000018,3,6,103.41,8,2.842884559189967,6.3580612542719495,6.253974522482213,0.6321208502283922,0.7362075820181282,-6.103117799111644,-6.71881510710753,0.8406724048166039,False,0.4819277108433735,0.26373626373626374,False,True,385,False,6.7447274948966935,True,3,28
COc1cc(-c2ccncc2)c(N2CCOCC2)c2c1C1=NC(C)C(O)C(N)N1C(=S)S2,6.986560096581519,103.14303428191909,Tier 1 (<150 nM),-7.754010929772288,Cyclic-thione,True,False,4.310683015257478,471.6080000000001,2.0808,2,9,96.44,3,1.7210846478734139,6.569197277079464,6.476307083796184,0.41736281950205445,0.5102530127853351,-6.291326458151122,-6.341736488819441,1.4122744409528467,False,0.3695652173913043,0.25555555555555554,False,True,77,False,7.244125144327508,False,5,19
COc1c(N2CCOCC2)cc(O)c2c1SC(=S)N1C2=NC(CCCC#N)CC1C#N,6.985205806238911,103.46517431192082,Tier 1 (<150 nM),-7.759461837842835,Cyclic-thione,True,False,4.3589548115359165,457.58100000000024,3.0349600000000017,1,9,105.11000000000001,5,1.4368893267435645,6.5824175439263,5.9740972663990695,0.4027882623126109,1.0111085398398414,-6.134457978848665,-6.696853199277064,1.062608638565771,False,0.3695652173913043,0.22549019607843138,False,True,77,False,7.244125144327508,False,2,32
CNC(C)c1cc(CC(C)(Br)C(=O)N(CO)C(Cl)CF)cc(Cl)c1C(=O)O,6.984830184149401,103.55470023988211,Tier 1 (<150 nM),-7.850005071520261,Carboxylate,True,False,4.48933078499542,488.1810000000001,3.3275000000000015,3,4,89.87000000000002,9,2.6067909120055845,5.875783544452733,6.2781487996708405,1.1090466396966683,0.7066813844785607,-5.830624574956163,-5.999252440993781,1.8507526305264799,False,0.3492063492063492,0.22666666666666666,True,True,148,False,9.69897000433602,False,4,26
COc1cc(CN)c(N2CCOCC2)c2c1C1=NC(NO)CC(N)N1C(=S)S2,6.982864947701726,104.02435994745838,Tier 1 (<150 nM),-7.891722042340786,Cyclic-thione,True,False,4.486036390048603,424.5520000000001,0.42310000000000175,4,10,121.6,4,1.628407646082405,6.878183560248115,6.981953747185809,0.10468138745361077,0.0009112005159170877,-6.32526566310122,-6.62743114247223,1.2642908998685556,False,0.4020618556701031,0.24096385542168675,False,True,77,False,7.244125144327508,False,5,19
N#CC1CC(N)N=C2c3c(OC4CC4)cc(N4CCOCC4)c(N)c3SC(=S)N21,6.976402196469921,105.58392524473702,Tier 1 (<150 nM),-8.658859448953303,Cyclic-thione,True,False,4.39390260629254,430.5590000000002,1.6664799999999997,2,9,113.13,3,1.6186603804451885,6.792969661618265,6.799779128532968,0.18343253485165611,0.17662306793695315,-6.706634526490657,-6.383353550611206,1.952224922462646,False,0.43373493975903615,0.2111111111111111,False,True,77,False,7.244125144327508,False,10,5
NCc1c(N2CCOCC2)cc(-c2ccncc2)c2c1SC(=S)N1C2=NC(CNO)CC1O,6.974383219537395,106.07591349249284,Tier 1 (<150 nM),-7.797386673720795,Cyclic-thione,True,False,4.378751284726559,486.62300000000016,1.5525999999999993,4,10,119.47,5,1.6798765669400815,6.453176290127865,6.649439181530387,0.5212069294095301,0.32494403800700766,-6.538301029626252,-5.839052628847856,1.2590856440945428,False,0.40476190476190477,0.25274725274725274,False,True,77,False,7.244125144327508,False,20,2
N#CCCC1CN(Cc2c(F)[nH]c3cc(CCN)ccc23)CCN1CCc1ccc(O)[nH]c1=S,6.966870001483094,107.92697345499711,Tier 1 (<150 nM),-7.516936717117692,3-HPT,True,False,3.904634996014858,482.62900000000025,3.6040700000000023,4,6,108.1,9,2.4181302937095492,6.6824891587277495,6.956160508204772,0.28438084275534425,0.010709493278321602,-6.128748826001714,-6.763323010828226,0.7536137062894657,False,0.35,0.23,False,True,0,True,,False,0,58
COC(NC(F)c1ccc(C=CC(=O)Nc2ccccc2N)cc1)C1CCN(OC)C(C#N)C1,6.958498709603068,110.02751144819247,Tier 1 (<150 nM),-7.397383330487962,Ortho-aminoanilide,True,False,4.41658475227289,467.5450000000003,3.616480000000003,3,7,112.63999999999999,9,4.2894371547090655,6.27511636522019,6.254692757532827,0.6833823443828786,0.7038059520702413,-5.9934022168057055,-6.460272640128515,0.9371106903594466,False,0.47435897435897434,0.2553191489361702,False,True,385,False,6.7447274948966935,True,3,28
COc1cc(-c2ccncc2)c(N2CCOCC2)c2c1C1=NC(NO)CC(N)N1C(=S)S2,6.956763108493046,110.46810180535164,Tier 1 (<150 nM),-7.990802403392984,Cyclic-thione,True,False,4.302529131873998,472.5960000000001,2.0263999999999998,3,10,108.47,4,1.6212291046189005,6.217521836391385,6.917727163322115,0.739241272101661,0.03903594517093101,-5.581298295366207,-6.217439404832781,1.773362998560203,False,0.4111111111111111,0.2391304347826087,False,True,77,False,7.244125144327508,False,5,19
COC(C)ON1CCC(CNC(=O)c2ccc(/C=C/C(=O)Nc3ccccc3N)cc2C)CC1C#N,6.948071206603343,112.70126568611055,Tier 1 (<150 nM),-7.22634169777505,Ortho-aminoanilide,True,False,3.9593964576995813,491.59200000000027,3.4871000000000016,3,7,129.71,9,4.242367416507818,6.5031560628664975,6.027090437468916,0.4449151437368455,0.9209807691344274,-6.13760758350026,-6.38813067091623,0.8382110268588194,False,0.6282051282051282,0.26804123711340205,False,True,385,False,6.7447274948966935,True,3,28
CNC(=O)c1cc(Cc2cc(Cl)c(C(=O)O)c(Br)c2)c(Cl)cc1C(=O)O,6.947711159797118,112.79473810484305,Tier 1 (<150 nM),-7.963632769132523,Carboxylate,False,False,2.52598467341015,461.0950000000001,4.102700000000002,3,3,103.7,5,2.545625905165547,5.810955584720674,6.607261998585581,1.1367555750764433,0.340449161211537,-4.935584566760892,-6.471986896768303,1.4916458723642192,False,0.39622641509433965,0.2982456140350877,False,True,148,False,9.69897000433602,False,27,2
N#CCc1c(N2CCOCC2)cc(-c2ccncc2)c2c1SC(=S)N1C2=NC(CNO)CC1O,6.945528191714556,113.36312473802634,Tier 1 (<150 nM),-7.528329314588747,Cyclic-thione,True,False,4.442146942756992,496.6180000000002,2.1599800000000005,3,10,117.24000000000001,5,1.7352960138705436,6.791933526531011,6.197852754442874,0.1535946651835447,0.7476754372716821,-6.614999592355742,-6.097916577796136,0.913329722233005,False,0.39215686274509803,0.24468085106382978,False,True,77,False,7.244125144327508,False,20,2
CCCOc1cc(N2CCOCC2)c(N)c2c1C1=NC(N)CC(C#N)N1C(=S)S2,6.94483328448679,113.54466034672082,Tier 1 (<150 nM),-8.306325453324906,Cyclic-thione,True,False,4.319435626930439,432.57500000000005,1.9140800000000002,2,9,113.12999999999998,4,1.508178183285695,7.191381390222795,6.449485730854339,-0.2465481057360055,0.49534755363245075,-6.7815484015915555,-6.2496889572253,1.5247770517333503,False,0.41379310344827586,0.22916666666666666,False,True,77,False,7.244125144327508,False,10,5
CNC(=O)c1cc(Cl)c(C(=O)O)c(-c2cscn2)c1CC(C)(CCO)OC(C)C(C)F,6.939758836551056,114.87913675245602,Tier 1 (<150 nM),-7.068342552898565,Carboxylate,False,False,4.464985285663542,472.96600000000024,3.9680000000000026,3,6,108.75000000000001,10,1.2537070449558383,6.298714182363028,6.188209660946265,0.6410446541880281,0.751549175604791,-5.199602598902235,-6.994416206917099,0.07392634598146586,False,0.3488372093023256,0.22826086956521738,True,True,148,False,9.69897000433602,False,9,8
COc1cc(-c2ccncc2)c(N2CCOCC2)c2c1C1=NC(C(N)=O)CC(N)N1C(=S)S2,6.937253239581543,115.5438303078656,Tier 1 (<150 nM),-8.345552075407781,Cyclic-thione,True,False,4.183232831802104,484.6070000000002,1.5754000000000001,2,9,119.29999999999998,4,1.7144135789840964,6.4941288095094345,6.271003249536883,0.44312443007210867,0.6662499900446601,-6.913446384932877,-6.774678362847243,1.4321056904749039,False,0.3829787234042553,0.26666666666666666,False,True,77,False,7.244125144327508,False,5,19
COc1c(N2CCOCC2)cc(C)c2c1SC(=S)N1C2=NC(CN)CC1CCCC#N,6.936270166909073,115.80567254442184,Tier 1 (<150 nM),-7.838875642946196,Cyclic-thione,True,False,4.310636454892559,459.6410000000003,3.0729000000000015,1,8,87.11000000000001,6,2.227189851888119,5.769975261469934,6.044680880977397,1.1662949054391385,0.8915892859316754,-6.8114428714624715,-6.8563220884211775,0.9825535545250181,False,0.3763440860215054,0.24,False,True,77,False,7.244125144327508,False,2,32
COc1cc(-c2ccncc2F)c(N2CCOCC2)c2c1C1=NC(NO)CC(N)N1C(=S)S2,6.935153249794748,116.10388449651845,Tier 1 (<150 nM),-8.084779870263821,Cyclic-thione,True,False,4.406382749969044,490.5860000000002,2.1655,3,10,108.47,4,1.5632679315346305,6.068482418781172,7.022773849650947,0.8666708310135762,-0.08762059985619874,-5.678969738691531,-6.141217317259565,1.9435625530042557,False,0.4387755102040816,0.24489795918367346,False,True,77,False,7.244125144327508,False,5,19
CCCOc1cc(N2CCOCC2)c(N)c2c1C1=NC(N)CC(CC#N)N1C(=S)S2,6.924916429429315,118.87309509656794,Tier 1 (<150 nM),-7.8559719532424594,Cyclic-thione,True,False,4.369972964612474,446.6020000000001,2.3041800000000006,2,9,113.12999999999998,5,1.6667823919386229,7.214846090534693,6.725011172124903,-0.2899296611053783,0.19990525730441178,-6.619660384382085,-6.442464659634533,1.2363115688603745,False,0.3888888888888889,0.23,False,True,77,False,7.244125144327508,False,10,5
CCc1cc(N2CCOCC2)c(OC)c2c1C1=NC(CO)CC(CCCC#N)N1C(=S)S2,6.904748819674251,124.5234602500373,Tier 1 (<150 nM),-7.180207089625221,Cyclic-thione,True,False,4.2950927780939985,474.65200000000027,3.3604800000000026,1,8,81.32000000000001,7,2.0877696916090387,5.966732400095352,6.144219642439199,0.9380164195788989,0.7605291772350515,-6.3245250258769135,-6.465291229843208,0.7149158597820131,False,0.3763440860215054,0.24468085106382978,False,True,77,False,7.244125144327508,False,2,32
N#CCC1CC(N)N=C2c3c(OC4CC4)cc(N4CCOCC4)c(N)c3SC(=S)N21,6.897974888825974,126.48094774187378,Tier 1 (<150 nM),-8.073509131623592,Cyclic-thione,True,False,4.441811697644149,444.58600000000024,2.0565800000000003,2,9,113.13,4,1.7933987696506024,6.683950117369135,7.121553667437546,0.21402477145683907,-0.2235787786115715,-6.551864732426222,-6.455216996703782,1.5216443991973696,False,0.43023255813953487,0.21839080459770116,False,True,77,False,7.244125144327508,False,10,5
CCC(C)(C(C)c1cccn2cnnc12)N1CCN(c2c[nH]c3cc(C#N)ccc23)CC1C(C)=O,6.89010089522479,128.7950300525027,Tier 1 (<150 nM),-7.043600552720874,Triazolopyridine,False,False,4.3818614633693045,469.5930000000002,4.134280000000003,1,6,93.32,6,1.9178323243113256,5.919487479630618,6.086471444886507,0.9706134155941717,0.803629450338283,-6.848384043821175,-6.557070870540384,0.19521650889969866,False,0.38235294117647056,0.24271844660194175,False,True,0,True,,False,25,2
CCCC(C)(Cc1c(C(=O)NC)cc(Cl)c(C(=O)O)c1-c1cscn1)OC(C)CF,6.884268349299891,130.53640582256367,Tier 1 (<150 nM),-7.213934367498278,Carboxylate,False,False,4.171867564914133,456.96700000000016,4.997200000000004,2,5,88.52000000000001,10,1.2165338285252958,6.2449884910137206,6.227960026915902,0.6392798582861703,0.656308322383989,-5.6009214126103615,-6.910606629359835,0.30332773813844316,False,0.35294117647058826,0.23595505617977527,False,True,148,False,9.69897000433602,False,9,8
CCC(CC#N)(NCC1CCN(OC)C(C#N)C1)c1ccc(C=CC(=O)Nc2ccccc2N)cc1,6.8722558617366305,134.1974112979922,Tier 1 (<150 nM),-8.175692037399386,Ortho-aminoanilide,True,False,4.223221169854056,486.6200000000002,4.194860000000003,3,7,127.2,10,4.573588774571867,6.352889077253255,6.664777413610373,0.5193667844833758,0.20747844812625793,-6.72754966709862,-6.371778552260012,1.4481423703007668,False,0.5125,0.24752475247524752,False,True,385,False,6.7447274948966935,True,3,28
N#Cc1ccc2c(CN3CCN(CCc4cccn5cnnc45)C(C4(N)CC4F)C3)c(F)[nH]c2c1,6.870468993553826,134.7506927141322,Tier 1 (<150 nM),-7.420492193515002,Triazolopyridine,False,False,4.461311743089584,476.53500000000014,2.3895799999999996,2,6,102.27000000000001,6,2.358499369743268,6.742092816798704,6.561887079969422,0.12837617675512192,0.3085819135844039,-6.295014269688466,-6.902240174058456,0.5182520194565461,False,0.358974358974359,0.21296296296296297,False,True,0,True,,False,19,4
CNC(C)ON1CCC(CNC(F)c2ccc(C=CC(=O)Nc3ccccc3N)cc2)CC1C#N,6.861557254095557,137.54434702715145,Tier 1 (<150 nM),-7.969095529754894,Ortho-aminoanilide,True,False,4.3859676352266135,480.58800000000025,3.579580000000001,4,7,115.44,10,3.1133343667367677,6.639910687496649,6.311005008777473,0.22164656659890802,0.5505522453180847,-6.0129503678355745,-6.379099967125393,1.5899955626295013,False,0.4634146341463415,0.25555555555555554,False,True,385,False,6.7447274948966935,True,3,28
COOCCC1CN(Cc2c(F)[nH]c3cc(CC#N)ccc23)CCN1CCc1ccc(O)[nH]c1=S,6.861332978226312,137.61539523473527,Tier 1 (<150 nM),-7.13051826807724,3-HPT,True,False,4.066058056785611,499.61200000000025,3.833270000000003,3,7,100.53999999999999,10,2.0326688481984836,6.508612403463771,6.771270028164932,0.35272057476254126,0.09006295006138032,-6.437503228864003,-6.791226488608166,0.3392917794690735,False,0.3780487804878049,0.22429906542056074,False,True,0,True,,False,0,58
Cc1[nH]c2cc(CC#N)ccc2c1CN1CCN(CCc2ccc(O)[nH]c2=S)C(CCCF)C1,6.857145263089086,138.94877967340392,Tier 1 (<150 nM),-7.271974616149783,3-HPT,True,False,3.7873423711139855,481.64100000000025,4.784190000000004,3,5,82.08000000000001,9,3.6095841404327014,6.682791909405495,6.591812106727402,0.17435335368359084,0.26533315636168364,-6.011303549262181,-6.342349720076155,0.9296248960736282,False,0.34146341463414637,0.20388349514563106,True,True,0,True,,False,0,58
CNC(=O)C(C)(Br)Cc1cc(Cl)c(C(=O)O)c(C(C)NCC#N)c1,6.84527221472964,142.79986118677533,Tier 1 (<150 nM),-7.76079466033025,Carboxylate,True,False,3.9501984973381212,416.70300000000015,2.6544800000000004,3,4,102.22,7,2.4874045660335353,6.196149476439111,6.035746606584057,0.6491227382905285,0.8095256081455826,-6.920893739742131,-6.77294535236357,0.8399009205881187,False,0.3770491803278688,0.2413793103448276,False,True,148,False,9.69897000433602,False,12,1
CNON1CCC(Cc2ccc(/C=C/C(=O)Nc3ccccc3N)cc2Cl)CC1C#N,6.831457688371407,147.41521549103166,Tier 1 (<150 nM),-8.07323833041019,Ortho-aminoanilide,True,False,3.804897818528924,439.94700000000023,3.786780000000002,3,6,103.41,7,3.7688196717904274,6.175875311750531,6.446663088148461,0.6555823766208766,0.3847946002229463,-6.242587516357907,-6.521235177856071,1.5520031525541187,False,0.5443037974683544,0.2727272727272727,False,True,385,False,6.7447274948966935,True,3,28
CNON1CCC(CN(O)C(F)c2ccc(C=CC(=O)Nc3ccccc3N)cc2)CC1C#N,6.822957879449527,150.32877571144041,Tier 2 (150-300 nM),-7.804680819698605,Ortho-aminoanilide,True,False,4.364238195800196,468.5330000000002,3.250180000000001,4,8,126.88,9,2.8827753072158284,6.461318381264577,6.7467440987689296,0.36163949818495045,0.07621378068059759,-6.688326305816762,-6.604018291407482,1.1163545138818431,False,0.4810126582278481,0.2553191489361702,False,True,385,False,6.7447274948966935,True,3,28
CC(=O)C(C)ON1CCC(CNC(F)c2ccc(C=CC(=O)Nc3ccccc3N)cc2)CC1C#N,6.822810279040833,150.37987550805332,Tier 2 (150-300 nM),-7.6730401025649115,Ortho-aminoanilide,True,False,4.322503086525664,493.5830000000002,3.9916800000000023,3,7,120.47999999999999,10,3.1833087815460037,6.287813376906252,6.355932318221942,0.5349969021345808,0.46687796081889044,-6.137856916978947,-6.580452868982453,1.0925872335824582,False,0.4878048780487805,0.2777777777777778,False,True,385,False,6.7447274948966935,True,3,28
CCC(C)(Cc1c(C(=O)NC)cc(Cl)c(C(=O)O)c1-c1ncsc1C)OC(C)CF,6.810475249475639,154.7122672248161,Tier 2 (150-300 nM),-7.0406724856935945,Carboxylate,False,False,4.204276346965416,456.96700000000016,4.915520000000004,2,5,88.52000000000001,9,1.4542066549244665,6.290803043843669,6.021142558020795,0.51967220563197,0.7893326914548435,-6.555465232436002,-6.866466761122022,0.17420572457157224,False,0.3404255319148936,0.25287356321839083,True,True,148,False,9.69897000433602,False,9,8
N#CC1CC(CNC(F)c2ccc(C=CC(=O)Nc3ccccc3N)cc2)CCN1OCO,6.806170792261275,156.25330342517216,Tier 2 (150-300 nM),-7.386399379774409,Ortho-aminoanilide,True,False,4.169350460559259,453.51800000000026,2.9639800000000016,4,7,123.64,9,2.999765423156288,6.552701562121059,6.815224511380658,0.25346923014021616,-0.009053719119383352,-6.3760380367186675,-6.715475842468553,0.670923537305856,False,0.4634146341463415,0.23404255319148937,False,True,385,False,6.7447274948966935,True,3,28
CNC(=O)c1cc(Cl)c(C(=O)O)c(-c2cscn2)c1C(C)C(F)Cc1ccncc1,6.8014042997355295,157.97766858209232,Tier 2 (150-300 nM),-7.003744962919465,Carboxylate,False,False,3.8609410897828393,447.9190000000001,4.600600000000003,2,5,92.18,7,1.4496747584407494,6.315414166743162,6.182335415410577,0.4859901329923675,0.6190688843249523,-5.503464867183204,-6.721199301195848,0.28254566172361706,False,0.40540540540540543,0.28205128205128205,False,True,148,False,9.69897000433602,False,15,2
N#CCc1ccc2c(CC3CN(CCCc4ccc(O)[nH]c4=S)CCN3CCCO)c[nH]c2c1,6.7980079461809195,159.21795950603445,Tier 2 (150-300 nM),-7.7103757106915465,3-HPT,True,False,3.655598606042533,479.6500000000002,3.5410700000000013,4,6,102.31,10,1.199510623085763,6.020524200548377,6.267700851897557,0.7774837456325425,0.5303070942833621,-6.122224471777195,-6.909260656750079,0.8011150539414675,False,0.3103448275862069,0.21495327102803738,True,True,0,True,,False,0,58
CNON1CCC(CNC(F)c2ccc(/C=C/C(=O)Nc3ccccc3N)cc2)CC1C#N,6.793589660180592,160.84602766706,Tier 2 (150-300 nM),-8.28859612682065,Ortho-aminoanilide,True,False,4.209242113587083,452.53400000000016,3.148580000000001,4,7,115.44,9,4.281849853210875,6.406383048800843,6.141362549381234,0.38720661137974854,0.652227110799358,-6.312195148822205,-6.78423999818713,1.5043561286335203,False,0.48148148148148145,0.2553191489361702,False,True,385,False,6.7447274948966935,True,3,28
CNON1CCC(CNC(F)c2ccc(C=CC(=O)Nc3ccccc3N)cc2)CC1C#N,6.793589660180592,160.84602766706,Tier 2 (150-300 nM),-8.28859612682065,Ortho-aminoanilide,True,False,4.209242113587083,452.53400000000016,3.148580000000001,4,7,115.44,9,2.8767746256255884,6.406383048800843,6.141362549381234,0.38720661137974854,0.652227110799358,-6.312195148822205,-6.78423999818713,1.5043561286335203,False,0.48148148148148145,0.2553191489361702,False,True,385,False,6.7447274948966935,True,3,28
CC(ON)ON1CCC(CNC(F)c2ccc(C=CC(=O)Nc3ccccc3N)cc2)CC1C#N,6.786772749809706,163.39066870004697,Tier 2 (150-300 nM),-7.218657257961421,Ortho-aminoanilide,True,False,4.459525677184655,482.56000000000023,3.2504800000000005,4,8,138.66,10,3.1133343667367677,6.830880326061795,6.321819594995728,-0.044107576252089054,0.46495315481397803,-6.829567091696277,-6.568977731270719,0.38909016626514425,False,0.48148148148148145,0.25555555555555554,False,True,385,False,6.7447274948966935,True,3,28
CNC(=O)c1cc(Cl)c(C(=O)O)c(-c2cscn2)c1CC(C)(Cl)CBr,6.778046103410425,166.70702319401047,Tier 2 (150-300 nM),-7.454459244887259,Carboxylate,True,False,3.789342596418618,466.1840000000001,4.456200000000003,2,4,79.29,6,1.319090793237644,5.480723114951877,5.894882801181107,1.2973229884585482,0.8831633022293177,-5.889715611359607,-6.9034204865064375,0.5510387583808214,True,0.352112676056338,0.2328767123287671,False,True,148,False,9.69897000433602,False,9,8
N#CCc1ccc2c(CN3CCN(CCc4ccc(O)[nH]c4=S)CC3c3ccoc3)c[nH]c2c1,6.762449549909423,172.80267061538612,Tier 2 (150-300 nM),-7.6259866272431776,3-HPT,True,False,3.7624813661395784,473.6020000000001,4.6917700000000035,3,6,95.22,7,2.648843381091106,6.428395624398442,6.87093888593925,0.3340539255109807,-0.10848933602982669,-6.791399514124309,-6.417312961981069,0.8345871131188689,False,0.36470588235294116,0.22429906542056074,False,True,0,True,,False,0,58
CNC(=O)C(C)(Br)Cc1cc(Cl)c(C(=O)O)c(C(C)NC)c1,6.759035724875086,174.16635990091294,Tier 2 (150-300 nM),-7.432744014548548,Carboxylate,True,False,3.7607179689848316,391.6930000000001,2.760700000000001,3,3,78.43,6,2.1743727264059047,5.931174588646505,5.999495025707527,0.8278611362285808,0.7595406991675588,-6.839444456838338,-6.880736080022349,0.5520079345261983,True,0.4067796610169492,0.24193548387096775,False,True,148,False,9.69897000433602,False,4,26
CC(C#N)CC1CN(Cc2c[nH]c3cc(CC#N)ccc23)CCN1CCc1ccc(O)[nH]c1=S,6.755294037915934,175.6733819302667,Tier 2 (150-300 nM),-7.8586082309182075,3-HPT,True,False,4.085252393565388,474.6340000000003,4.275850000000004,3,6,105.87,8,2.3569715649967535,6.6235790451687775,6.679520909978942,0.13171499274715615,0.07577312793699154,-6.650346039413787,-6.8221397837169695,1.036468447201238,False,0.3157894736842105,0.22641509433962265,True,True,0,True,,False,0,58
CNC(C)c1cc(CC(C)(Br)C(=O)N(CF)C(F)Cl)cc(Cl)c1C(=O)O,6.752030090368698,176.99863194438808,Tier 2 (150-300 nM),-7.669814667240517,Carboxylate,True,False,4.4724693856077735,476.14500000000015,4.2622000000000035,2,3,69.64,8,2.5641840284593695,5.855407293904735,5.688421779321276,0.896622796463963,1.063608311047422,-5.663883619032531,-6.121315531732545,1.5484991355079716,True,0.375,0.2,False,True,148,False,9.69897000433602,False,4,26
CCC(F)(NCC1CCN(OC)C(C#N)C1)c1ccc(C=CC(=O)Nc2ccccc2N)cc1,6.738506218493349,182.59706035266836,Tier 2 (150-300 nM),-7.416129807538805,Ortho-aminoanilide,True,False,4.137332907338657,465.57300000000015,4.208180000000002,3,6,103.41,9,1.909548589957816,6.544970201640291,6.758544658530293,0.19353601685305755,-0.020038440036944216,-5.289527891892842,-6.096874468918448,1.3192553386203576,False,0.5,0.25252525252525254,False,True,385,False,6.7447274948966935,False,3,28
CNC(=O)c1cc(Cl)c(C(=O)O)c(C)c1C(O)Cc1ccnc(-c2ccncc2C)c1,6.73701276561447,183.2260564270982,Tier 2 (150-300 nM),-7.666520964169751,Carboxylate,False,False,3.3308625211280916,439.89900000000017,3.747740000000002,3,5,112.41000000000001,6,1.7385327829255075,6.50146392431036,6.527177990675653,0.23554884130410958,0.20983477493881697,-6.570141594441301,-6.998753465805383,0.667767498364368,False,0.36764705882352944,0.27058823529411763,False,True,148,False,9.69897000433602,False,22,3
CNC(=O)c1cc(CC(C)(Br)C(=O)N(CO)C(C)Cl)cc(Cl)c1C(=O)O,6.7362237363903645,183.55924537439972,Tier 2 (150-300 nM),-8.913393462494577,Carboxylate,True,False,3.9843594931283146,470.1470000000002,2.4571000000000005,3,4,106.94000000000001,7,2.307390408600898,5.850458866431746,6.346453026505948,0.8857648699586189,0.38977070988441653,-5.131776552924303,-6.290047456483475,2.6233460060111016,False,0.3684210526315789,0.26865671641791045,False,True,148,False,9.69897000433602,False,4,26
N#CCCCC1CN(Cc2c[nH]c3cc(CC#N)ccc23)CCN1CCc1ccc(O)[nH]c1=S,6.735044396895252,184.05838333295353,Tier 2 (150-300 nM),-7.846103650465457,3-HPT,True,False,3.7315560628714177,474.6340000000003,4.4199500000000045,3,6,105.87,9,2.020037615996631,6.838020022670068,6.361392461801483,-0.10297562577481578,0.37365193509376926,-5.92769227089157,-6.664590823596484,1.181512826868973,False,0.32653061224489793,0.21904761904761905,True,True,0,True,,False,0,58
CNC(=O)c1cc(CC(C)(Br)C(=O)N(CO)C(Cl)C(C)C)cc(Cl)c1C(=O)O,6.7326061552424905,185.09464093385495,Tier 2 (150-300 nM),-8.302163744052347,Carboxylate,True,False,4.083027358889888,498.2010000000002,3.0932000000000013,3,4,106.94000000000001,8,2.489464085311817,5.649969030237393,6.22143426601461,1.082637125005098,0.5111718892278807,-5.273508963088356,-6.352538939482754,1.9496248045695932,False,0.35,0.2608695652173913,False,True,148,False,9.69897000433602,False,4,26
CNC(=O)c1cc(Cl)c(C(=O)O)c(C)c1C(Cc1ccnc(-c2ccncc2C)c1)NC,6.730637975909111,185.9353750325875,Tier 2 (150-300 nM),-7.951964062492307,Carboxylate,False,False,3.37952145667194,452.9420000000001,3.974840000000003,3,5,104.21000000000001,7,1.7404989901444583,6.349551911292629,6.381132557865225,0.38108606461648176,0.34950541804388546,-5.741701112216153,-6.672074794703638,1.2798892677886684,False,0.37681159420289856,0.26436781609195403,False,True,148,False,9.69897000433602,False,22,3
CCC(C)N(CO)C(=O)C(C)(Br)Cc1cc(Cl)c(C(=O)O)c(C(C)NC)c1,6.7262240124720005,187.83477005309126,Tier 2 (150-300 nM),-7.6513223107575605,Carboxylate,True,False,4.14010111466575,463.8000000000002,3.5916000000000015,3,4,89.87,9,2.4345494845640014,5.808990706834351,5.7832470277579615,0.9172333056376498,0.942976984714039,-5.893587848530764,-6.318332480963399,1.3329898297941618,True,0.36507936507936506,0.21621621621621623,False,True,148,False,9.69897000433602,False,4,26
N#Cc1ccc2c(CCCN3CCN(CCc4ccc(O)[nH]c4=S)C(CCO)C3)c[nH]c2c1,6.726106585451672,187.88556475687326,Tier 2 (150-300 nM),-7.195666389815613,3-HPT,True,False,3.5637816871676806,465.62300000000016,3.3466700000000014,4,6,102.31,9,3.268646248239356,5.910892109562265,5.7100676705708775,0.8152144758894071,1.0160389148807942,-6.614763155408926,-6.679160453075375,0.5165059367402378,True,0.34177215189873417,0.2376237623762376,True,True,0,True,,False,0,58
CC(Cl)CC1CN(Cc2c[nH]c3cc(CC#N)ccc23)CCN1CCc1ccc(O)[nH]c1=S,6.725611109590566,188.1000410850034,Tier 2 (150-300 nM),-7.811247995208488,3-HPT,True,False,4.042435123127799,484.0690000000003,4.743470000000005,3,5,82.08000000000001,8,2.5232950033247947,6.176402789934615,6.36310522745672,0.5492083196559507,0.3625058821338456,-6.801281310296301,-6.623725450051418,1.0099666849121869,False,0.3177570093457944,0.23809523809523808,True,True,0,True,,False,0,58
CNC(=O)c1cc(CC(C)(Br)C(=O)N(C(O)F)C(C)Cl)cc(Cl)c1C(=O)O,6.72474701709904,188.47466623372912,Tier 2 (150-300 nM),-9.134212565717538,Carboxylate,True,False,4.258436451502826,488.1370000000001,2.752700000000001,3,4,106.94000000000001,7,2.2487986726133307,6.24607936442337,6.557667364593281,0.4786676526756706,0.16707965250575896,-5.405348015271551,-6.391410866709159,2.7428016990083792,False,0.3717948717948718,0.2608695652173913,False,True,148,False,9.69897000433602,False,6,8
CNC(=O)c1cc(CC(C)(Br)C(=O)N(C)C(Cl)NC)cc(Cl)c1C(=O)O,6.721629613130636,189.83242116838989,Tier 2 (150-300 nM),-9.078006689091554,Carboxylate,True,False,4.017410469018095,469.16300000000007,2.2941,3,4,98.74000000000001,7,2.309236457545602,5.930958731083742,6.495527321243011,0.7906708820468937,0.2261022918876252,-5.548255464778873,-6.7286417224918695,2.3493649665996843,False,0.36065573770491804,0.2537313432835821,False,True,148,False,9.69897000433602,False,6,8
CNC(C)c1cc(CC(C)(Br)C(=O)CO)cc(Cl)c1C(=O)O,6.71854176451499,191.18694582570234,Tier 2 (150-300 nM),-7.903053731744626,Carboxylate,True,False,3.818400560077949,392.6770000000001,2.5761000000000003,3,4,86.63000000000001,7,2.174372726405904,6.376079114630102,6.423399936514941,0.3424626498848884,0.29514182800004907,-6.8756790494250675,-6.579026041508805,1.0273746823195582,False,0.38596491228070173,0.2222222222222222,False,True,148,False,9.69897000433602,False,4,26
CNC(CC#N)c1ccc(/C=C/C(=O)Nc2ccccc2N)c(Br)c1N1CCNCC1,6.715780941175813,192.40619841011483,Tier 2 (150-300 nM),-7.42300016293864,Ortho-aminoanilide,True,False,3.442625305990288,483.41400000000027,3.266980000000001,4,6,106.21,7,2.7470552550991503,6.447941034725587,5.220478390628281,0.2678399064502264,1.4953025505475326,-6.245885633134622,-6.874800559747932,0.5481996031907084,False,0.43529411764705883,0.23157894736842105,False,True,385,False,6.7447274948966935,False,17,4
CCCN1CCN(CCCc2ccc(O)[nH]c2=S)CC1Cc1c[nH]c2cc(CC#N)ccc12,6.715166767903418,192.67848909433079,Tier 2 (150-300 nM),-7.736317975135465,3-HPT,True,False,3.6132474361555342,463.6510000000003,4.568670000000004,3,5,82.08,9,2.1669203490640925,6.265402511356514,6.236585058101442,0.4497642565469038,0.47858170980197645,-6.257707704292146,-6.954186868481529,0.782131106653936,False,0.32954545454545453,0.22857142857142856,True,True,0,True,,False,0,58
CNC(=O)c1cc(Cl)c(C(=O)O)c(C)c1C(Cc1cc(-c2ccncc2C)ncc1OC)NC,6.708815739122171,195.5168811712965,Tier 2 (150-300 nM),-7.368916636718164,Carboxylate,False,False,3.5037407390247575,482.9680000000002,3.9834400000000025,3,6,113.44000000000001,8,2.1364763197002143,6.181638908677746,6.348704301613934,0.5271768304444251,0.3601114375082366,-6.23176504301316,-6.756060810056373,0.6128558266617912,False,0.375,0.26436781609195403,False,True,148,False,9.69897000433602,False,22,3
CNC(=O)c1cc(CC(C)(Cl)c2cc(C)nc(Br)c2)cc(Cl)c1C(=O)O,6.7083935575022275,195.707037322878,Tier 2 (150-300 nM),-8.493082797462305,Carboxylate,True,False,3.5246328948311803,460.15500000000014,4.560420000000003,2,3,79.29,5,2.030290163815316,5.648815539857053,7.17378527778575,1.0595780176451743,-0.46539172028352205,-5.659279628375428,-6.4147508097323085,2.078331987729997,False,0.3783783783783784,0.3013698630136986,False,True,148,False,9.69897000433602,False,26,2
CNC(C)c1cc(CC(C)(Br)C(=O)F)cc(Cl)c1C(=O)O,6.707159053138117,196.26413604098698,Tier 2 (150-300 nM),-7.667022684108918,Carboxylate,True,False,3.8160474090183687,380.64100000000013,3.5108000000000024,2,3,66.4,6,2.0173181313121225,5.9945267637545845,6.018450248355094,0.7126322893835324,0.6887088047830225,-6.82680767306635,-6.596178347732478,0.8402150110425683,False,0.36666666666666664,0.2222222222222222,False,True,148,False,9.69897000433602,False,4,26
CCN(C(=O)C(C)(Br)Cc1cc(Cl)c(C(=O)O)c(C(C)NC)c1)C(Cl)CF,6.704904850266318,197.28549222611642,Tier 2 (150-300 nM),-7.740415078019155,Carboxylate,True,False,4.370293422358058,486.2090000000001,4.397600000000003,2,3,69.64,9,2.606790912005584,5.918157807250816,6.282221917606933,0.7867470430155015,0.4226829326593844,-5.507625683280087,-6.205649882247408,1.5347651957717474,False,0.359375,0.21794871794871795,False,True,148,False,9.69897000433602,False,4,26
CNC(=O)c1cc(CC(C)(Br)C(=O)N(C)C(Cl)(C#N)NC)cc(Cl)c1C(=O)O,6.7039804604227164,197.70585890202292,Tier 2 (150-300 nM),-7.978744949522719,Carboxylate,True,False,4.20151582042835,494.1730000000002,2.18788,3,5,122.53000000000002,7,2.3116784737847564,5.853506679289983,6.630824412725577,0.8504737811327336,0.07315604769713957,-6.407660689402437,-6.792364723944915,1.1863802255778042,False,0.3625,0.2318840579710145,False,True,148,False,9.69897000433602,False,6,8
CNON1CCC(CNC(F)c2ccc(CC=CC(=O)Nc3ccccc3N)cc2)CC1C#N,6.702242122048051,198.49879648912562,Tier 2 (150-300 nM),-7.2966470208819745,Ortho-aminoanilide,True,False,4.33178897890884,466.5610000000002,3.2340800000000005,4,7,115.44,10,2.4742191101850963,6.43719781638821,6.199342800175559,0.26504430565984105,0.5028993218724915,-6.389836528941654,-6.928882963613419,0.36776405726855543,False,0.4157303370786517,0.24489795918367346,False,True,385,False,6.7447274948966935,False,3,28
CNC(=O)c1cc(Cl)c(C(=O)O)c(-c2cscn2)c1C(Cc1ccoc1)C(C)F,6.699779587169333,199.62752061078527,Tier 2 (150-300 nM),-7.147298310808399,Carboxylate,False,False,4.0419599280561425,436.8920000000001,4.798600000000003,2,5,92.43,7,1.3034026642636465,6.464763894894934,6.982837446354971,0.23501569227439933,-0.28305785918563764,-5.682264842625151,-6.946856476429606,0.20044183437879237,False,0.38461538461538464,0.25,False,True,148,False,9.69897000433602,False,15,2
CC(N)ON1CCC(CNC(F)c2ccc(C=CC(=O)Nc3ccccc3N)cc2)CC1C#N,6.697665848476365,200.60148863035647,Tier 2 (150-300 nM),-7.228007200700938,Ortho-aminoanilide,True,False,4.330277059965197,466.5610000000002,3.318880000000001,4,7,129.43,9,2.9837282672032037,6.552967337494383,6.293062545943916,0.14469851098198205,0.4046033025324496,-6.944321875921338,-6.488476421731249,0.28368532477960073,False,0.475,0.26136363636363635,False,True,385,False,6.7447274948966935,False,3,28
N#CCc1ccc2c(CN3CCN(CCc4ccc(O)[nH]c4=S)C(c4ccoc4)C3)c[nH]c2c1,6.696761399194132,201.0196908772018,Tier 2 (150-300 nM),-7.880020368880409,3-HPT,True,False,3.763149897608109,473.6020000000001,4.6917700000000035,3,6,95.22,7,2.853025230720504,6.637961523352512,6.73249933379943,0.058799875841620164,-0.035737934605297283,-6.918747617234092,-6.3465391532645015,0.9612727516463169,False,0.34951456310679613,0.2222222222222222,True,True,0,True,,False,0,58
COCCN1CCN(CCCc2ccc(O)[nH]c2=S)CC1Cc1c[nH]c2cc(CC#N)ccc12,6.693848355966561,202.3725686281933,Tier 2 (150-300 nM),-7.139741068286001,3-HPT,True,False,3.6355513532952806,479.65000000000026,3.8050700000000024,3,6,91.31,10,2.0529145773243336,6.307569098082274,6.192491006632811,0.3862792578842873,0.50135734933375,-5.7272676609911874,-6.745123198452167,0.3946178698338336,False,0.3258426966292135,0.2358490566037736,True,True,0,True,,False,0,58
CCC(C)(Cc1c(Cl)cc(Cl)c(C(=O)O)c1O)OC(C)CF,6.691374066707287,203.5288287155907,Tier 2 (150-300 nM),-7.854568295414943,Carboxylate,False,False,3.9721365924666125,353.2170000000001,4.483000000000003,2,3,66.76,7,1.8766245886591661,5.902558005221446,6.449605297769608,0.788816061485841,0.2417687689376793,-6.655406762562846,-6.931208828627613,0.9233594667873302,False,0.37037037037037035,0.24,False,True,148,False,9.69897000433602,False,21,3
CNCC(=O)C(C)(Br)Cc1cc(Cl)c(C(=O)O)c(C(C)NC)c1,6.690736535670389,203.82782222373498,Tier 2 (150-300 nM),-7.812327428705199,Carboxylate,True,False,3.850542279508751,405.72000000000014,2.8032000000000004,3,4,78.43,8,2.4040143026228646,6.193564517471613,6.151897099683267,0.49717201819877577,0.5388394359871223,-6.383354649423675,-6.715020534513896,1.097306894191303,False,0.375,0.21875,False,True,148,False,9.69897000433602,False,4,26
N#CCCC1CN(Cc2c(O)[nH]c3cc(CC#N)ccc23)CCN1CCc1ccc(O)[nH]c1=S,6.6905820301175485,203.900349355116,Tier 2 (150-300 nM),-7.271397198873672,3-HPT,True,False,3.9234372164748104,476.6060000000003,3.7354500000000024,4,7,126.1,8,2.3597731710933525,6.592763317569101,6.6133342679718785,0.0978187125484471,0.07724776214566997,-6.962536945579549,-6.769808297263259,0.3088602532941227,False,0.32989690721649484,0.22330097087378642,True,True,0,True,,False,0,58
CCC(C)(Cc1c(C(=O)NC)c(F)c(Cl)c(C(=O)O)c1-c1csc(F)n1)OC(C)CF,6.685212994508099,206.43674632922898,Tier 2 (150-300 nM),-7.297270480797301,Carboxylate,False,False,4.425665028148571,478.92000000000013,4.8853000000000035,2,5,88.52000000000001,9,1.3460287540176485,7.120076759968917,6.415674668058416,-0.4348637654608183,0.2695383264496831,-6.595133726228941,-6.815522878351583,0.4817476024457177,False,0.3625,0.21518987341772153,False,True,148,False,9.69897000433602,False,28,1
CNC(C)c1cc(CC(C)(Br)C(=O)N(CO)CCl)cc(Cl)c1C(=O)O,6.683922991456031,207.05084561629022,Tier 2 (150-300 nM),-7.892198568754808,Carboxylate,True,False,4.1140551036583055,456.16400000000016,2.9894000000000007,3,4,89.87000000000002,8,2.590748419236606,6.170902980329209,5.867300564364649,0.5130200111268222,0.8166224270913816,-6.343478591473212,-6.229816544861316,1.5487199772815963,False,0.359375,0.21333333333333335,False,True,148,False,9.69897000433602,False,4,26
CNC(C)c1cc(CC(C)(Br)C(C)=O)cc(Cl)c1C(=O)O,6.683007379120152,207.48782627908193,Tier 2 (150-300 nM),-7.764852532909765,Carboxylate,True,False,3.720026896197856,376.67800000000005,3.6037000000000026,2,3,66.4,6,2.0173181313121225,6.0052761493771225,6.288800766627632,0.6777312297430296,0.3942066124925203,-6.7448735912293705,-6.813212773101051,0.9516397598087138,False,0.3898305084745763,0.23333333333333334,False,True,148,False,9.69897000433602,False,4,26
CNC(=O)c1cc(CC(C)(Br)C(=O)N(CO)C(Cl)Cl)cc(Cl)c1C(=O)O,6.677020964349144,210.36768882085315,Tier 2 (150-300 nM),-8.721713945900232,Carboxylate,True,False,3.824115798040884,490.5650000000001,2.6335000000000006,3,4,106.94000000000001,7,2.307390408600898,5.737798186742775,6.322050915125581,0.9392227776063695,0.3549700492235637,-5.310457988760887,-6.51346740625053,2.2082465396497026,False,0.36065573770491804,0.2537313432835821,False,True,148,False,9.69897000433602,False,4,26
CNC(=O)c1cc(CC(C)(Br)C(=O)N(C(C)C)C(C)Cl)cc(Cl)c1C(=O)O,6.676708526856581,210.51908471463534,Tier 2 (150-300 nM),-8.974758695214858,Carboxylate,True,False,3.857101210847855,482.20200000000017,3.915700000000003,2,3,86.71000000000001,7,2.2487986726133307,6.0091455275176555,6.53140635322543,0.6675629993389256,0.14530217363115128,-5.239723440251514,-6.31535575907843,2.659402936136428,False,0.37662337662337664,0.2727272727272727,False,True,148,False,9.69897000433602,False,6,8
CCC(Cc1ccc(O)[nH]c1=S)CN1CCN(Cc2c[nH]c3cc(CO)ccc23)C(CCO)C1,6.675800629175564,210.95963764728387,Tier 2 (150-300 nM),-7.096303784339201,3-HPT,True,False,3.924574201654206,484.6660000000003,3.5608900000000023,5,6,98.75,10,3.0962401421885875,5.91082758084413,6.586462929477827,0.7649730483314334,0.08933769969773664,-6.137610995307795,-6.672289265575115,0.42401451876408647,False,0.3563218390804598,0.21296296296296297,False,True,0,True,,False,8,1
N#CCCc1ccc2c(CN3CCN(CCCc4ccc(O)[nH]c4=S)CC3CCO)c[nH]c2c1,6.673751947344221,211.95714089657952,Tier 2 (150-300 nM),-7.2284671775514715,3-HPT,True,False,3.626349312478953,479.6500000000001,3.888670000000002,4,6,102.31,10,2.5958625585779798,6.156417907387412,6.048603446217523,0.5173340399568094,0.6251485011266977,-6.1374632489837815,-6.897469596962601,0.3309975805888703,False,0.3670886075949367,0.20952380952380953,False,True,0,True,,False,0,58
N#CCCc1cc(CCCOCCF)c2c(Cc3cccn4cnnc34)c[nH]c2c1,6.672262370313874,212.68537616755881,Tier 2 (150-300 nM),-7.724210581212121,Triazolopyridine,True,False,3.254929277493435,405.477,4.176280000000003,1,4,79.0,10,1.2964571323017133,6.156887015732887,6.221096495939073,0.5153753545809865,0.4511658743748006,-6.739027954184402,-6.560469874060937,0.9851826270277195,False,0.37333333333333335,0.21782178217821782,False,True,0,True,,False,18,4
CC(C)(C)c1[nH]c2cc(C#N)ccc2c1CN1C2CCC1CC(NC(=O)NC(=O)c1ccccc1O)C2,6.669797266590264,213.89603465478814,Tier 2 (150-300 nM),-7.413172219320315,Salicylamide,False,True,4.327448407393674,499.61500000000024,4.677680000000004,4,5,121.25000000000001,4,1.719062026061633,6.301228918825029,6.426628832688285,0.36856834776523506,0.24316843390197818,-6.530304209947743,-6.582105316764678,0.8310669025556372,False,0.5238095238095238,0.25,False,True,32,False,6.555955204081924,True,34,1
CNC(Cl)c1cc(CC(C)(Br)C(=O)C(C)=O)cc(Cl)c1C(=O)O,6.668074866136856,214.74602508881716,Tier 2 (150-300 nM),-7.1935492756000565,Carboxylate,True,False,4.07228862892205,425.10600000000017,3.3492000000000015,2,4,83.47,7,2.0324178599337386,5.857829161105599,6.075787612045415,0.8102457050312575,0.592287254091441,-6.753528549575842,-6.716833282104285,0.4400207260242146,False,0.375,0.2222222222222222,False,True,148,False,9.69897000433602,False,4,26
Cc1[nH]c2cc(C#N)ccc2c1CN1CCN(CCc2ccc(O)[nH]c2=S)C(CCC#N)C1,6.666709574860743,215.42218428990319,Tier 2 (150-300 nM),-7.715626737154375,3-HPT,True,False,3.730387324173453,460.60700000000014,4.143870000000003,3,6,105.87,7,3.3855124411460427,7.127184033695814,6.2676878568833265,-0.4604744588350709,0.3990217179774165,-6.449225346511298,-6.191566965277928,1.266401390643077,False,0.3211009174311927,0.24242424242424243,True,True,0,True,,False,0,58
N#CCCC1CN(Cc2c[nH]c3cc(CC#N)ccc23)CCN1CCCCc1ccc(O)[nH]c1=S,6.662709014600305,217.41574169594475,Tier 2 (150-300 nM),-7.3281564740036025,3-HPT,True,False,3.729217133708686,488.6610000000004,4.810050000000005,3,6,105.87,10,2.3862487190766632,6.761270186576113,6.464829204447441,-0.09856117197580794,0.19787981015286427,-6.094000807815848,-6.73266525781507,0.5954912161885328,False,0.3333333333333333,0.22641509433962265,True,True,0,True,,False,0,58
CCCNC(=O)c1cc(Cc2cc(Cl)c(C(=O)O)c(Br)c2)c(Cl)cc1C(=O)O,6.661367895644165,218.0881680207051,Tier 2 (150-300 nM),-7.257921136250133,Carboxylate,False,False,2.495656160047279,489.14900000000006,4.882900000000003,3,3,103.7,7,2.3401147443675354,6.19683760483666,6.610216131822079,0.4645302908075051,0.051151763822086416,-4.713318422623554,-5.955621592251577,1.3022995439985552,False,0.3728813559322034,0.31746031746031744,False,True,148,False,9.69897000433602,False,27,2
N#CCCCCC1CN(Cc2c[nH]c3cc(CC#N)ccc23)CCN1CCc1ccc(O)[nH]c1=S,6.660075351582252,218.73820727313864,Tier 2 (150-300 nM),-7.701300725568893,3-HPT,True,False,3.7196043385830198,488.6610000000003,4.810050000000005,3,6,105.87,10,1.8195107946562463,6.863049904532522,6.125945890441442,-0.20297455295026978,0.5341294611408101,-6.100319910572443,-6.64662006435093,1.0546806612179624,False,0.313953488372093,0.2169811320754717,True,True,0,True,,False,0,58
CCC(C)(Cc1c(C(=O)NC)cc(Cl)c(C(=O)O)c1-c1nc(F)sc1O)OC(C)CF,6.659392048849207,219.08263268870544,Tier 2 (150-300 nM),-7.444015599475492,Carboxylate,False,False,4.448430131338066,476.92900000000014,4.451800000000003,3,6,108.75000000000001,9,1.4023956184238575,6.372049439421146,6.309718493866403,0.28734260942806067,0.34967355498280384,-5.168918136133711,-6.8685061205641365,0.5755094789113553,False,0.3448275862068966,0.24358974358974358,True,True,148,False,9.69897000433602,False,9,8
CNC(=O)c1cc(CC(C)(Br)C(=O)N(C)C(C)Cl)cc(Cl)c1C(=O)O,6.648663059697584,224.56234785285787,Tier 2 (150-300 nM),-8.826266244581022,Carboxylate,True,False,3.851051338865407,454.1480000000002,3.137100000000001,2,3,86.71000000000001,6,2.203426600151219,5.6349327325020235,6.339708374576785,1.0137303271955602,0.30895468512079916,-5.846287963693489,-6.4439972747473915,2.382268969833631,False,0.3728813559322034,0.27692307692307694,False,True,148,False,9.69897000433602,False,6,8
N#CCCC1CN(Cc2c[nH]c3cc(CC#N)ccc23)CCN1CCc1ccc(O)[nH]c1=S,6.643561305369973,227.21588727971346,Tier 2 (150-300 nM),-7.999305798130377,3-HPT,True,False,3.7347569098397457,460.6070000000003,4.029850000000003,3,6,105.87,8,2.3779681920228732,6.727368913249765,6.462410618120857,-0.08380760787979202,0.18115068724911598,-6.633676404441743,-6.898933621388018,1.1003721767423587,False,0.3176470588235294,0.22330097087378642,True,True,0,True,,False,0,58
CNC(C)c1cc(CC(C)(Br)C(=O)N(CF)C(C)O)cc(Cl)c1C(=O)O,6.641124653064731,228.49428751429335,Tier 2 (150-300 nM),-7.250938571158867,Carboxylate,True,False,4.3351279389946855,453.73600000000016,3.108600000000001,3,4,89.87000000000002,8,2.5240558046995845,5.979057939795085,5.927539862360964,0.6620667132696454,0.7135847907037665,-6.460131096854361,-6.109313352986744,0.7908074743045068,False,0.3870967741935484,0.2,False,True,148,False,9.69897000433602,False,4,26
CCC(Cl)N(CO)C(=O)C(C)(Br)Cc1cc(Cl)c(C(=O)O)c(C(=O)NC)c1,6.63778440783504,230.25845811780007,Tier 2 (150-300 nM),-8.477991559913294,Carboxylate,True,False,4.0421907760652465,484.1740000000002,2.847200000000001,3,4,106.94,8,2.3675117002647994,5.817138937727086,6.316311722687239,0.8206454701079542,0.3214726851478016,-5.358581386908674,-6.547428747762104,1.93056281215119,False,0.3709677419354839,0.24285714285714285,False,True,148,False,9.69897000433602,False,4,26
N#CCCc1cc(CCC(F)OCCF)c2c(Cc3cccn4cnnc34)c[nH]c2c1,6.637413525551419,230.45518006910476,Tier 2 (150-300 nM),-7.524646304011714,Triazolopyridine,False,False,3.994265236060219,423.46700000000004,4.471880000000003,1,4,79.0,10,1.2704845190361345,6.098488480120356,6.1148987590936565,0.5389250454310632,0.5225147664577623,-6.832036639231358,-6.988230760818713,0.5364155431930016,False,0.36904761904761907,0.20202020202020202,False,True,0,True,,False,18,4
N#CCCc1ccc2c(CN3C4CCC3CC(NC(=O)NC(=O)c3ccccc3O)C4)c[nH]c2c1,6.636276434361527,231.05935976667055,Tier 2 (150-300 nM),-7.42252510246665,Salicylamide,False,True,4.157733165729687,471.56100000000015,3.964680000000002,4,5,121.25,6,1.7614632127129177,7.143582214779087,6.57432440596927,-0.5073057804175605,0.06195202839225722,-6.253466119808893,-6.630518364727687,0.792006737738963,False,0.5079365079365079,0.2916666666666667,False,True,32,False,6.555955204081924,True,24,2
CCN1CCN(CCCc2ccc(O)[nH]c2=S)CC1Cc1c[nH]c2cc(CC#N)ccc12,6.635574316551072,231.43321231933805,Tier 2 (150-300 nM),-7.040759763557653,3-HPT,True,False,3.6020387263587743,449.6240000000003,4.178570000000002,3,5,82.08,8,2.253801125896151,6.146643026346505,6.216873554062306,0.48893129020456705,0.41870076248876575,-6.615836519986388,-6.867555583091609,0.17320418046604402,False,0.3333333333333333,0.23076923076923078,True,True,0,True,,False,0,58
N#Cc1cc(C2CN(CC(OCCC(=O)C(F)(F)F)C(N)N3CCNCC3)CCO2)ccn1,6.633821838200554,232.36898544271313,Tier 2 (150-300 nM),-7.050805317110021,Trifluoromethyl-ketone,False,False,4.343326591703338,470.49600000000027,0.4232800000000021,2,9,116.74000000000001,9,1.3560121406616712,7.331808271967286,6.330930203913477,-0.6979864337667321,0.3028916342870769,-6.886014083154527,-6.277267792378681,0.16479123395549422,False,0.3958333333333333,0.22857142857142856,False,True,23,False,8.167491087293763,False,14,5
CCC(C)(Br)Cc1c(C(=O)NC)cc(Cl)c(C(=O)O)c1-c1cscn1,6.633704158941132,232.4319581867489,Tier 2 (150-300 nM),-7.554083144979315,Carboxylate,True,False,3.724019749116666,445.7660000000002,4.627400000000003,2,4,79.29,6,1.0951997734352203,5.741461346509291,6.336155580952796,0.8922428124318413,0.2975485779883362,-5.645618439562698,-6.8604839260124635,0.6935992189668516,False,0.352112676056338,0.24691358024691357,False,True,148,False,9.69897000433602,False,9,8
CNC(=O)c1cc(CC(C)(Br)C(=O)N(COC)C(C)Cl)cc(Cl)c1C(=O)O,6.631128753678146,233.81439550096812,Tier 2 (150-300 nM),-8.724293021228812,Carboxylate,True,False,4.020715391449862,484.17400000000026,3.111200000000001,2,4,95.94000000000001,8,2.3853291703834665,5.405350772842506,6.393346815317545,1.2257779808356402,0.2377819383606008,-5.382076847464411,-6.385929781028962,2.3383632401998495,False,0.37662337662337664,0.2753623188405797,False,True,148,False,9.69897000433602,False,4,26
CNC(C)c1cc(CC(C)(Br)C(=O)N(CO)C(C)(F)Cl)cc(Cl)c1C(=O)O,6.629527291529812,234.67817837749774,Tier 2 (150-300 nM),-7.2154887891835084,Carboxylate,True,False,4.38432006354296,488.1810000000002,3.6751000000000023,3,4,89.87000000000002,8,2.570598048024226,6.187751249546547,5.9364950559449285,0.4417760419832648,0.6930322355848837,-5.792738763778692,-5.875646117251001,1.3398426719325078,False,0.3548387096774194,0.2235294117647059,False,True,148,False,9.69897000433602,False,4,26
CNC(=O)c1cc(CC(C)(Br)C(=O)NC(O)C(F)(F)Cl)cc(Cl)c1C(=O)O,6.628772021534753,235.08665604592042,Tier 2 (150-300 nM),-8.107688438367475,Carboxylate,True,False,4.007446361349527,492.1000000000001,2.3601,4,4,115.73,7,2.571310691417693,6.028949977691117,6.479162098850156,0.5998220438436359,0.14960992268459705,-6.09163458595303,-6.696087393120962,1.4116010452465133,False,0.3492063492063492,0.25,True,True,148,False,9.69897000433602,False,6,8
N#CCc1ccc2c(CN3CCN(CC(Cl)c4ccc(O)[nH]c4=S)CC3)c[nH]c2c1,6.62752071785317,235.7649722494728,Tier 2 (150-300 nM),-7.140133333952213,3-HPT,True,False,3.610960109024276,441.9880000000001,4.094870000000003,3,5,82.07999999999998,6,4.661091176729194,6.195989164901924,6.5311040364800625,0.43153155295124623,0.09641668137310777,-6.8869863048105255,-6.961623298565488,0.17851003538672483,False,0.32894736842105265,0.24675324675324675,True,True,0,True,,False,0,58
COC(Cl)C(c1cc(Cc2cc(Cl)c(C(=O)O)c(CCO)c2)c(C)cc1C(=O)O)C(C)F,6.626924328558051,236.08895585862163,Tier 2 (150-300 nM),-7.554515857739658,Carboxylate,True,False,4.11701765799031,487.3510000000002,4.823320000000003,3,4,104.06000000000002,10,1.6425636959412588,6.006004619791191,6.290177909327093,0.6209197087668601,0.33674641923095816,-5.408653946315756,-6.074870143184713,1.4796457145549455,False,0.3181818181818182,0.22988505747126436,True,True,148,False,9.69897000433602,False,33,1
CCC1CN(CCCc2ccc(O)[nH]c2=S)CCN1Cc1c[nH]c2cc(CC#N)ccc12,6.626718277019197,236.20099512392963,Tier 2 (150-300 nM),-7.347562675130573,3-HPT,True,False,3.582377187897235,449.62400000000025,4.526170000000003,3,5,82.08,8,4.461989505716873,6.134281868343216,6.167986520105049,0.4924364086759816,0.45873175691414847,-6.556654321020837,-6.916087538307597,0.4314751368229759,False,0.32926829268292684,0.23529411764705882,True,True,0,True,,False,0,58
CNC(=O)CN(CF)C(=O)C(C)(Br)Cc1cc(Cl)c(C(=O)O)c(C(C)NC)c1,6.625879534122777,236.65760542578178,Tier 2 (150-300 nM),-7.168178993408168,Carboxylate,True,False,4.0220517266454205,480.7620000000003,2.516300000000001,3,4,98.74000000000001,9,2.9942806161299633,5.92276024320587,6.100015429541333,0.7031192909169075,0.5258641045814443,-5.7935573920909205,-6.568597111212591,0.5995818821955776,False,0.3582089552238806,0.2236842105263158,False,True,148,False,9.69897000433602,False,4,26
CCc1[nH]c2cc(CC#N)ccc2c1CN1CCN(CCc2ccc(O)[nH]c2=S)C(CCO)C1,6.625127768002496,237.06761579610864,Tier 2 (150-300 nM),-7.380444164696905,3-HPT,True,False,3.7784851149680705,479.65000000000026,3.6708700000000016,4,6,102.31000000000002,9,3.7421681854997733,6.0023468590884175,6.046561708637654,0.6227809089140788,0.5785660593648423,-5.99811904173192,-6.724517092561131,0.655927072135774,False,0.3235294117647059,0.21100917431192662,True,True,0,True,,False,0,58
CCCCN1CCN(CCCc2ccc(O)[nH]c2=S)CC1Cc1c[nH]c2cc(CC#N)ccc12,6.621946650890012,238.81046217341677,Tier 2 (150-300 nM),-7.225791416227719,3-HPT,True,False,3.6031089671100363,477.6780000000003,4.958770000000004,3,5,82.08,10,2.0529145773243336,6.162296319759641,6.23655031454305,0.459650331130371,0.3853963363469628,-6.033133593774928,-6.700161830197366,0.5256295860303526,False,0.3448275862068966,0.22641509433962265,True,True,0,True,,False,0,58
CC(CC#N)CC1CN(Cc2c[nH]c3cc(CC#N)ccc23)CCN1CCc1ccc(O)[nH]c1=S,6.620100862101158,239.82758701851728,Tier 2 (150-300 nM),-7.59829252507052,3-HPT,True,False,4.137215184708861,488.6610000000003,4.665950000000004,3,6,105.87,9,2.031625463439973,6.730038346677237,6.31489640466734,-0.10993748457607833,0.30520445743381863,-6.338142234678291,-6.63895639234526,0.9593361327252605,False,0.30927835051546393,0.22429906542056074,True,True,0,True,,False,0,58
Cc1ccc2c(CCN3CCN(CCc4ccc(O)[nH]c4=S)C(CCO)C3)c[nH]c2c1,6.61908857389048,240.38724828124825,Tier 2 (150-300 nM),-7.416276486176862,3-HPT,True,False,3.452435815144055,440.61300000000017,3.3933100000000014,4,5,78.52000000000001,8,3.5219065532160516,6.05730658364231,5.681462615734271,0.5617819902481695,0.9376259581562083,-6.584526273067082,-6.948528835497659,0.4677476506792031,False,0.35064935064935066,0.29347826086956524,False,True,0,True,,False,0,58
CNC(=O)c1cc(CC(C)(Br)C(=O)N(C)C(Cl)CF)cc(Cl)c1C(=O)O,6.616732460873198,241.69492930817106,Tier 2 (150-300 nM),-8.737599469681808,Carboxylate,True,False,4.044110813449784,472.1380000000001,3.0867000000000013,2,3,86.71000000000001,7,2.309236457545602,5.66186643553409,6.381169244844027,0.9548660253391077,0.2355632160291714,-5.424105591371145,-6.310896861589692,2.426702608092116,False,0.38333333333333336,0.25,False,True,148,False,9.69897000433602,False,6,8
CNC(=O)c1cc(CC(C)(Br)C(=O)N(CO)C(F)Cl)cc(Cl)c1C(=O)O,6.6154819473654785,242.39187192524753,Tier 2 (150-300 nM),-9.103554469757784,Carboxylate,True,False,4.056516553977913,474.1100000000002,2.3642000000000003,3,4,106.94000000000001,7,2.307390408600898,6.126619622296937,6.054695360427099,0.4888623250685411,0.560786586938379,-5.218977892024187,-6.497002865320845,2.6065516044369383,False,0.36363636363636365,0.25,False,True,148,False,9.69897000433602,False,4,26
CNC(=O)c1c(Br)c(CC(C)(Br)C(=O)N(C)F)cc(Cl)c1C(=O)O,6.615257034731784,242.51743445402417,Tier 2 (150-300 nM),-7.981223241373817,Carboxylate,True,False,3.8546173377088735,488.53500000000014,3.199300000000002,2,3,86.71000000000001,5,1.9519244177617472,5.6295529046250135,5.920900166663479,0.9857041301067708,0.6943568680683052,-6.2729388976479,-6.87620789856334,1.1050153428104768,False,0.3888888888888889,0.2361111111111111,False,True,148,False,9.69897000433602,False,32,1
CCC(C)(Cc1c(C(=O)CC(C)F)cc(Cl)c(C(=O)O)c1O)OC(C)CF,6.611510957893777,244.61835544341895,Tier 2 (150-300 nM),-7.905901983367678,Carboxylate,False,False,4.394431224555859,406.8530000000001,4.760400000000005,2,4,83.83000000000001,10,2.0735945967230283,6.07502863190478,6.167248116035834,0.536482325988997,0.4442628418579426,-6.638342884564987,-6.901498306589823,1.004403676777855,False,0.34328358208955223,0.2289156626506024,True,True,148,False,9.69897000433602,False,21,3
CNC(=O)c1cc(CC(C)(Cl)c2cc(Br)nc(C(N)=O)c2)cc(Cl)c1C(=O)O,6.610965563406204,244.92574435749864,Tier 2 (150-300 nM),-8.310839664133633,Carboxylate,True,False,3.6012393058107115,489.1530000000002,3.350900000000001,3,4,122.38000000000001,6,2.2655156626279354,5.769258436631829,7.1091944879571605,0.8417071267743745,-0.4982289245509568,-6.337013131623504,-6.777706957864961,1.5331327062686722,False,0.3670886075949367,0.25882352941176473,False,True,148,False,9.69897000433602,False,26,2
CNC(=O)c1cc(CC(C)(Br)C(=O)N(CC#N)C(C)Cl)cc(Cl)c1C(=O)O,6.609268564514725,245.8846601246544,Tier 2 (150-300 nM),-9.314337835753594,Carboxylate,True,False,3.9979898969443664,479.1580000000002,3.0308800000000007,2,4,110.50000000000001,7,2.47168877972525,5.783245818021781,6.378975941448043,0.8260227464929439,0.2302926230666822,-5.518024925633834,-6.534647541427248,2.779690294326347,False,0.358974358974359,0.2535211267605634,False,True,148,False,9.69897000433602,False,6,8
CNC(C)c1cc(CC(C)(Br)C(=O)N(CO)CC(C)C)cc(Cl)c1C(=O)O,6.605173009361628,248.21440996047787,Tier 2 (150-300 nM),-7.904941143312398,Carboxylate,True,False,3.933000006834477,463.80000000000024,3.4491000000000023,3,4,89.87000000000002,9,2.8333666862150633,6.386846888841268,5.995718021487145,0.21832612052035927,0.609454987874483,-5.830741415292188,-6.189531449635726,1.7154096936766727,False,0.3582089552238806,0.22666666666666666,False,True,148,False,9.69897000433602,False,4,26
CCC(=O)C(C)(Br)Cc1cc(Cl)c(C(=O)O)c(C(C)NC)c1,6.60037948043159,250.96925389860192,Tier 2 (150-300 nM),-7.969898987370025,Carboxylate,True,False,3.751873434571877,390.7050000000001,3.993800000000002,2,3,66.4,7,2.1743727264059047,6.5621011233541555,6.631670731183311,0.03827835707743432,-0.03129125075172112,-6.606169211133882,-6.612345300286394,1.3575536870836302,False,0.38461538461538464,0.24615384615384617,False,True,148,False,9.69897000433602,False,4,26
N#CCc1ccc2c(CN3CCN(CCc4ccc(O)[nH]c4=S)C(CCO)C3)c(O)[nH]c2c1,6.5988966324046405,251.82762381212174,Tier 2 (150-300 nM),-8.036424242056246,3-HPT,True,False,3.8138324960228793,467.59500000000014,2.81407,5,7,122.53999999999999,8,3.030483583357681,6.450188617871124,6.233403202322669,0.14870801453351667,0.36549343008197166,-6.964344615111823,-6.998073215731751,1.0383510263244942,False,0.3163265306122449,0.20952380952380953,True,True,0,True,,False,0,58
CCCNC(=O)c1cc(Cl)c(C(=O)O)c(O)c1CC(C)(CC)OC(C)CF,6.594306849798226,254.50314308980538,Tier 2 (150-300 nM),-8.345041272036926,Carboxylate,False,False,3.853101653638377,403.8780000000002,3.969400000000003,3,4,95.86000000000001,10,1.497239645570466,6.239756447487504,6.364110270874622,0.3545504023107222,0.23019657892360357,-5.761427695542762,-6.536513089919193,1.8085281821177333,False,0.3709677419354839,0.2894736842105263,False,True,148,False,9.69897000433602,False,21,3
OCCCc1ccc2c(CN3CCN(CCc4ccc(O)[nH]c4=S)C(CCO)C3)c[nH]c2c1,6.59383046509214,254.78246490997975,Tier 2 (150-300 nM),-7.558413468068443,3-HPT,True,False,3.5260224968842806,470.6390000000001,2.967290000000001,5,6,98.75,10,3.3134114160518098,6.109671174969976,6.136906761542951,0.4841592901221645,0.4569237035491893,-6.057512799744215,-6.668380116741987,0.8900333513264567,False,0.31645569620253167,0.22,True,True,0,True,,False,0,58
CNC(=O)c1c(C(=O)O)c(Cl)cc(CC(C)(Br)C(=O)F)c1N1CCNCC1,6.591054033942388,256.4164989031316,Tier 2 (150-300 nM),-7.5649326723739225,Carboxylate,True,False,3.6880348019881497,464.71900000000016,1.9995999999999998,3,5,98.74,6,1.2942198212075031,6.376104097985207,6.115086223087528,0.21494993595718093,0.4759678108548604,-6.694289229583463,-6.9972525517970565,0.567680120576866,False,0.3787878787878788,0.2465753424657534,False,True,148,False,9.69897000433602,False,31,1
OCCC1CN(Cc2c[nH]c3cc(CO)ccc23)CCN1CCc1ccc(O)[nH]c1=S,6.5891207676516395,257.56048388983146,Tier 2 (150-300 nM),-7.561499538113518,3-HPT,True,False,3.5092143803990243,442.58500000000026,2.53469,5,6,98.75,8,2.6982354788145044,6.195063432822449,6.040764742051738,0.39405733482919025,0.5483560255999018,-6.339255345489916,-6.76371935405547,0.7977801840580474,False,0.32926829268292684,0.2222222222222222,True,True,0,True,,False,0,58
CC(C#N)CC1CN(Cc2c(F)[nH]c3cc(CC#N)ccc23)CCN1CCc1ccc(O)[nH]c1=S,6.581282670314014,262.2511067563179,Tier 2 (150-300 nM),-7.7455680774559195,3-HPT,True,False,4.328283352541029,492.62400000000025,4.414950000000004,3,6,105.87,8,2.3354234182148645,6.6368429686009565,7.044095535555935,-0.05556029828694253,-0.4628128652419212,-6.2385199372539155,-6.788654530160534,0.9569135472953851,False,0.34408602150537637,0.21296296296296297,True,True,0,True,,False,0,58
N#CCCCc1ccc2c(CCc3ccc(O)[nH]c3=S)c(N3CCOCC3O)[nH]c2c1,6.578981273149052,263.6445067328164,Tier 2 (150-300 nM),-7.274549378882522,3-HPT,True,False,3.943597785757712,438.55300000000017,3.717570000000001,4,6,108.30000000000001,7,1.7950652754163443,7.124251859798386,6.317625158298547,-0.5452705866493348,0.26135611485050436,-6.2729407324295465,-6.591738403732823,0.6828109751496996,False,0.3333333333333333,0.19801980198019803,True,True,0,True,,False,30,1
CC(CO)c1ccc2c(CN3CCN(CCc4ccc(O)[nH]c4=S)C(CCC#N)C3)c[nH]c2c1,6.577357840607208,264.63187833398916,Tier 2 (150-300 nM),-7.203956873342039,3-HPT,True,False,3.9840755497906066,479.65000000000015,4.059570000000003,4,6,102.31,9,2.6758233416834867,6.051242419253457,6.185968531596436,0.5261154213537509,0.39138930901077185,-6.13879396003656,-6.604344489806579,0.5996123835354608,False,0.3157894736842105,0.25742574257425743,True,True,0,True,,False,0,58
N#CCc1ccc2c(CN3C(F)CN(CCCc4ccc(O)[nH]c4=S)CC3CO)c[nH]c2c1,6.57092942013955,268.5780892921617,Tier 2 (150-300 nM),-7.091041027411582,3-HPT,True,False,4.205696006924854,469.58600000000007,3.4040700000000017,4,6,102.31,8,2.8411385606310975,5.914386075280555,6.358939474200156,0.6565433448589957,0.21198994593939435,-6.740960217947303,-6.836350982683252,0.25469004472833046,False,0.2987012987012987,0.22916666666666666,True,True,0,True,,False,0,58
N#CCCCc1ccc2c(CN3CCN(CCc4ccc(O)[nH]c4=S)C(CO)C3)c[nH]c2c1,6.570317311871875,268.9568985672916,Tier 2 (150-300 nM),-7.995860791604036,3-HPT,True,False,3.6052837114591787,465.6230000000001,3.4985700000000017,4,6,102.31,9,4.089026958658315,6.166284557711477,6.084859521771096,0.4040327541603981,0.48545779010077883,-6.080108336433764,-6.932921739662334,1.0629390519417017,False,0.30392156862745096,0.22330097087378642,True,True,0,True,,False,0,58
N#CCc1ccc2c(CN3CCN(CCc4ccc(O)[nH]c4=S)CC3c3ccncc3)c[nH]c2c1,6.562858470253381,273.6160252658587,Tier 2 (150-300 nM),-7.456869487478471,3-HPT,True,False,3.624780482124976,484.6290000000001,4.493770000000003,3,6,94.97,7,2.432796834589697,6.615524068218116,6.867011790471184,-0.0526655979647348,-0.30415332021780284,-6.840442641997241,-6.422621141563416,0.6164268454812305,False,0.32967032967032966,0.23809523809523808,True,True,0,True,,False,0,58
CCc1ccc2c(CN3CCN(CCc4ccc(O)[nH]c4=S)C(CCO)C3)c[nH]c2c1,6.558787622960797,276.19281536577483,Tier 2 (150-300 nM),-7.656889031278995,3-HPT,True,False,3.466386204080961,440.6130000000001,3.6047900000000013,4,5,78.52000000000001,8,2.9192511237717502,6.195521300108722,5.792362527025336,0.36326632285207516,0.7664250959354613,-6.461542152352788,-6.827508699946356,0.8293803313326391,False,0.32926829268292684,0.23958333333333334,True,True,0,True,,False,0,58
N#CCc1ccc2c(CN3CCN(CCc4ccc(O)[nH]c4=S)C(CCO)C3)c(F)[nH]c2c1,6.555475319031755,278.30735315095774,Tier 2 (150-300 nM),-8.376860405362326,3-HPT,True,False,3.875795507479509,469.5860000000001,3.2475700000000014,4,6,102.31,8,3.030483583357681,6.043438054538189,6.558097848140278,0.512037264493566,-0.0026225291085228974,-6.449430768108839,-6.965970359856297,1.4108900455060285,False,0.3375,0.20754716981132076,True,True,0,True,,False,0,58
N#CCCCC1CN(Cc2c[nH]c3cc(O)ccc23)CCN1CCc1ccc(O)[nH]c1=S,6.55229654336012,280.3518695929049,Tier 2 (150-300 nM),-7.7670940466715335,3-HPT,True,False,3.6281447464256633,451.5960000000003,4.059470000000004,4,6,102.31,8,1.8786058791695408,6.381878972791842,6.314693711042929,0.17041757056827755,0.23760283231719104,-6.373125475472831,-6.762262791503452,1.0048312551680816,False,0.34615384615384615,0.22549019607843138,True,True,0,True,,False,0,58
CCCC1CN(Cc2c[nH]c3cc(C(O)OCC)ccc23)CCN1CCc1ccc(O)[nH]c1=S,6.538548037794377,289.3689725132232,Tier 2 (150-300 nM),-7.013366945652149,3-HPT,True,False,3.9716211485217716,484.6660000000003,4.487490000000005,4,6,87.75,10,3.1769741738032273,6.43403272213274,6.348629548352322,0.10451531566163741,0.18991848944205536,-5.54350525790346,-6.544247596882307,0.4691193487698424,False,0.35714285714285715,0.2524271844660194,False,True,0,True,,False,0,58
Cc1ccc2c(CN3CCN(CCc4ccc(O)[nH]c4=S)C(CCO)C3)c[nH]c2c1,6.537157292188124,290.29710699090333,Tier 2 (150-300 nM),-7.528749892904216,3-HPT,True,False,3.4300295186843828,426.5860000000002,3.350810000000001,4,5,78.52000000000001,7,2.7457631270669247,6.345507689660781,5.769369580463025,0.19164960252734264,0.7677877117250986,-6.549164688931825,-6.871941019313435,0.6568088735907809,False,0.32926829268292684,0.2765957446808511,True,True,0,True,,False,0,58
CCCC(CC#N)C1CN(Cc2c[nH]c3cc(C#N)ccc23)CCN1CCc1ccc(O)[nH]c1=S,6.534276213583202,292.22931927823765,Tier 2 (150-300 nM),-7.603223792132234,3-HPT,True,False,4.15643918470886,488.6610000000003,4.8616500000000045,3,6,105.87,9,2.1604417455995417,6.80307041985558,6.656504935862696,-0.2687942062723776,-0.12222872227949377,-6.1629897988017115,-6.818100814155486,0.7851229779767479,False,0.33695652173913043,0.2403846153846154,True,True,0,True,,False,0,58
CNON1CCC(NC(F)c2ccc(C=CC(=O)Nc3ccccc3N)cc2)CC1C#N,6.530931775365318,294.48842182388125,Tier 2 (150-300 nM),-7.882290664749679,Ortho-aminoanilide,True,False,4.188254105705491,438.5070000000002,2.9009800000000006,4,7,115.44,8,5.207462421277641,6.143179791416587,6.172160602852985,0.3877519839487311,0.35877117251233326,-6.6799752786521,-6.79610748752528,1.0861831772243988,False,0.5,0.25806451612903225,False,True,385,False,6.7447274948966935,False,3,28
Cc1ccc2c(CN3CC(CCCC#N)N(CCc4ccc(O)[nH]c4=S)CC3C#N)c[nH]c2c1,6.5234267884584565,299.62166394869826,Tier 2 (150-300 nM),-7.5514004332920335,3-HPT,True,False,4.14095390030607,474.6340000000001,4.554470000000004,3,6,105.86999999999998,8,2.147300812139686,7.212919545330984,6.458285242941226,-0.6894927568725278,0.06514154551723017,-6.550821842150573,-6.37285840385644,1.0005785911414602,False,0.3333333333333333,0.27722772277227725,True,True,0,True,,False,0,58
CCCOCCCc1cc(CCC#N)cc2[nH]cc(Cc3cccn4cnnc34)c12,6.519857889156702,302.0940077675489,Tier 3 (300-500 nM),-7.515852840006016,Triazolopyridine,True,False,3.124199557213716,401.5140000000001,4.616780000000003,1,4,79.0,10,1.2275984260693438,6.180319586347944,5.593937389628225,0.33953830280875774,0.9259204995284769,-6.421961560309073,-6.784137829690473,0.7317150103155425,False,0.3783783783783784,0.24242424242424243,False,True,0,True,,False,18,4
N#CCCCC1CN(Cc2c[nH]c3cc(C#N)ccc23)CCN1CCc1ccc(O)[nH]c1=S,6.516320823825518,304.564426740154,Tier 3 (300-500 nM),-8.20608477740755,3-HPT,True,False,3.66010282077092,460.6070000000003,4.225550000000004,3,6,105.87,8,1.9985279220180632,6.8394715881906345,6.051164632830615,-0.32315076436511614,0.4651561909949038,-6.628906579204378,-6.643281843260628,1.562802934146922,False,0.3333333333333333,0.23529411764705882,True,True,0,True,,False,0,58
NC(C(CN1CCOC(C2CC2)C1)OCCC(=O)C(F)(F)F)N1CCNCC1,6.513464440475894,306.5741688492389,Tier 3 (300-500 nM),-7.098228831841934,Trifluoromethyl-ketone,False,False,4.249614278217357,408.4650000000001,0.1939000000000018,2,7,80.05999999999999,9,1.2280277774831585,5.983377741410824,6.238473945784392,0.5300866990650697,0.27499049469150183,-6.650866144881815,-6.210222336108116,0.44736268696011905,False,0.3103448275862069,0.20454545454545456,True,True,23,False,8.167491087293763,False,14,5
CC(CCC#N)c1ccc2c(CN3CCN(CCc4ccc(O)[nH]c4=S)C(CO)C3)c[nH]c2c1,6.509455291013193,309.4173832638523,Tier 3 (300-500 nM),-7.2268632626898555,3-HPT,True,False,3.9685807044297823,479.6500000000001,4.059570000000003,4,6,102.31,9,3.4587991204285586,6.271284099578932,6.188556765795628,0.2381711914342608,0.3208985252175651,-6.275142809330107,-6.641871440302162,0.5849918223876935,False,0.3238095238095238,0.2727272727272727,True,True,0,True,,False,0,58
N#CCc1ccc2c(CN3CCN(CCc4ccc(O)[nH]c4=S)C(CC#N)C3)c(F)[nH]c2c1,6.506253999836008,311.7066015385984,Tier 3 (300-500 nM),-7.61252430834787,3-HPT,True,False,4.0207161294107685,464.5700000000001,3.778850000000002,3,6,105.86999999999998,7,3.00058140643849,6.662575325795004,6.500905705748228,-0.15632132595899595,0.005348294087779593,-6.362111658447775,-6.7392831938783395,0.8732411144695309,False,0.33,0.21359223300970873,True,True,0,True,,False,0,58
N#CCc1ccc2c(CN3CCN(CCCc4ccc(O)[nH]c4=S)C(F)C3CCO)c[nH]c2c1,6.49516390443987,319.7688061924191,Tier 3 (300-500 nM),-7.123463305409704,3-HPT,True,False,4.242326303160947,483.61300000000006,3.794170000000002,4,6,102.31,9,2.3894397050772134,6.502606699517744,6.813154863807423,-0.007442795077873932,-0.3179909593675525,-6.629140091882798,-6.985531114383802,0.13793219102590193,False,0.35802469135802467,0.20652173913043478,False,True,0,True,,False,0,58
COCC1CN(CCCc2ccc(O)[nH]c2=S)CCN1Cc1c[nH]c2cc(CC#N)ccc12,6.4846878034245865,327.57609134086294,Tier 3 (300-500 nM),-7.058067439138903,3-HPT,True,False,3.6310463025522957,465.62300000000033,3.762570000000002,3,6,91.31,9,3.9951774015492805,6.3087954110036435,6.208592962222215,0.175892392420943,0.2760948412023714,-6.6429861759679625,-6.985023660476119,0.07304377866278422,False,0.3218390804597701,0.2403846153846154,True,True,0,True,,False,0,58
CCC1CN(CC(OCCC(=O)C(F)(F)F)C(N)N2CCNCC2)CCO1,6.484371056431014,327.8150918190269,Tier 3 (300-500 nM),-7.243788598913187,Trifluoromethyl-ketone,False,False,4.1619148729075075,396.45400000000024,0.19390000000000263,2,7,80.06,9,1.3356125978747517,5.668355622549943,5.777944247452002,0.8160154338810708,0.7064268089790122,-6.355186194821948,-6.179421611564399,0.8886024040912393,True,0.3181818181818182,0.2222222222222222,True,True,23,False,8.167491087293763,False,14,5
CCOC1C(Cc2c[nH]c3cc(CC#N)ccc23)N(F)CCN1CCCc1ccc(O)[nH]c1=S,6.4806929409355245,330.6032046831964,Tier 3 (300-500 nM),-7.352567228212275,3-HPT,True,False,4.383051759148259,483.6130000000003,4.405770000000004,3,6,91.31,9,3.8362107282439575,6.2769160976770655,6.75941494186402,0.20377684325845902,-0.27872200092849564,-6.440806325446317,-6.7429035395253685,0.6096636886869069,False,0.3333333333333333,0.2571428571428571,True,True,0,True,,False,0,58
N#CCc1ccc2c(CN3CCN(CCc4ccc(O)[nH]c4=S)C(CCCF)C3)c[nH]c2c1,6.474653452582667,335.2328331470703,Tier 3 (300-500 nM),-8.244481725651926,3-HPT,True,False,3.72175318514339,467.61400000000015,4.475770000000003,3,5,82.07999999999998,9,2.605281037894801,6.304105085035898,6.570388025701271,0.17054836754676916,-0.09573457311860345,-6.509336221272594,-6.7768425498427245,1.467639175809202,False,0.32142857142857145,0.23076923076923078,True,True,0,True,,False,0,58
CCN1CCN(CCc2ccc(O)[nH]c2=S)C(CCc2c[nH]c3cc(CC#N)ccc23)C1,6.472943986579471,336.55497397865213,Tier 3 (300-500 nM),-7.994328906001244,3-HPT,True,False,3.6186164855560987,449.62400000000036,4.178570000000002,3,5,82.08,8,1.4995505141571215,6.3845829055818415,6.175962115115848,0.08836108099762985,0.29698187146362365,-6.842577909861556,-6.890888442962196,1.103440463039048,False,0.3218390804597701,0.26,True,True,0,True,,False,0,58
N#CCCCC1CN(C(F)c2c[nH]c3cc(CC#N)ccc23)CCN1CCc1ccc(O)[nH]c1=S,6.465086465896411,342.6995499581617,Tier 3 (300-500 nM),-7.525510525284499,3-HPT,True,False,4.27945118470886,492.62400000000025,4.888050000000005,3,6,105.87,9,2.0048467747804843,6.608800431917995,6.552342279674798,-0.14371396602158448,-0.08725581377838765,-6.117081487457798,-6.660057051236056,0.8654534740484428,False,0.3229166666666667,0.21100917431192662,True,True,0,True,,False,0,58
N#CCCc1ccc2c(CN3CCN(CCc4ccc(O)[nH]c4=S)C(CCN)C3)c[nH]c2c1,6.464905627958752,342.8422779615265,Tier 3 (300-500 nM),-7.3101352668117805,3-HPT,True,False,3.6571309989085723,464.6390000000001,3.464970000000001,4,6,108.1,9,3.3359313527624845,6.498245597415141,6.579214458706561,-0.03333996945638962,-0.11430883074780951,-6.476807798455114,-6.9691906918183335,0.340944574993447,False,0.3333333333333333,0.23076923076923078,True,True,0,True,,False,0,58
N#CCCC1C(C2CC2)N(Cc2c[nH]c3cc(C#N)ccc23)CCN1CCc1ccc(O)[nH]c1=S,6.464157012292243,343.43376241455513,Tier 3 (300-500 nM),-7.381611760043169,3-HPT,True,False,4.216419338555015,486.64500000000027,4.614050000000004,3,6,105.87,8,2.101964035092162,6.776615137074886,6.132598927676266,-0.31245812478264323,0.3315580846159767,-6.715511479215367,-6.629932370390745,0.666100280827802,False,0.358974358974359,0.2376237623762376,False,True,0,True,,False,0,58
NCCCc1ccc2c(CN3CCN(CCc4ccc(O)[nH]c4=S)C(CCO)C3)c[nH]c2c1,6.46372459462426,343.7758823122521,Tier 3 (300-500 nM),-7.56879321693728,3-HPT,True,False,3.5376663835239572,469.65500000000014,2.9336900000000012,5,6,104.54000000000002,10,3.3134114160518098,5.708698641778361,5.970119358937886,0.7550259528458989,0.49360523568637404,-5.780742259098437,-6.745154462538204,0.8236387543990764,False,0.3291139240506329,0.22727272727272727,True,True,0,True,,False,0,58
CNON1CCC(CNC(F)c2ccc(C=CC(=O)Nc3ccccc3N)cc2F)CC1C#N,6.459486541898231,347.14703326065484,Tier 3 (300-500 nM),-8.512285196368152,Ortho-aminoanilide,True,False,4.306528580415581,470.52400000000017,3.287680000000001,4,7,115.44,9,2.6768536793097706,6.40155759522575,6.052631537843196,0.057928946672481274,0.4068550040550356,-6.410005773804591,-6.89278849337845,1.6194967029897027,False,0.5180722891566265,0.25252525252525254,False,True,385,False,6.7447274948966935,False,3,28
COOCCC1CN(Cc2c[nH]c3cc(CC#N)ccc23)CCN1CCc1ccc(O)[nH]c1=S,6.452276337860217,352.95851384603344,Tier 3 (300-500 nM),-7.228979897470374,3-HPT,True,False,3.8248070832795813,481.6220000000003,3.694170000000003,3,7,100.53999999999999,10,2.046476531239276,6.670190966859601,6.347240217923243,-0.21791462899938452,0.10503611993697337,-6.626965704186332,-6.991683818474603,0.23729607899577143,False,0.3465346534653465,0.24761904761904763,True,True,0,True,,False,0,58
N#CCCCC1CN(Cc2c[nH]c3cc(CC#N)ccc23)CCN1CC(F)c1ccc(O)[nH]c1=S,6.452172961002615,353.04253997703904,Tier 3 (300-500 nM),-7.948321102164817,3-HPT,True,False,4.183732723170399,492.62400000000025,4.888050000000005,3,6,105.87,9,2.0034398299539626,6.950106475672084,6.608919067886035,-0.49793351466946856,-0.1567461068834195,-6.1319399873882805,-6.648624398966466,1.299696703198351,False,0.34375,0.205607476635514,True,True,0,True,,False,0,58
COCCCc1ccc2c(CN3CCN(CCc4ccc(O)[nH]c4=S)C(CO)C3)c[nH]c2c1,6.4507265254482675,354.22032285023573,Tier 3 (300-500 nM),-7.388821758107541,3-HPT,True,False,3.497515452349867,470.63900000000007,3.2312900000000013,4,6,87.75,10,4.1737829047578785,6.241140032752082,5.806481219028065,0.2095864926961859,0.6442453064202027,-5.72382178640858,-6.602893331296027,0.7859284268115143,False,0.3333333333333333,0.26,True,True,0,True,,False,0,58
N#CCc1ccc2c(CN3CCN(CCCc4ccc(O)[nH]c4=S)CC3CCF)c[nH]c2c1,6.449091558508124,355.5563518303203,Tier 3 (300-500 nM),-7.337156745844294,3-HPT,True,False,3.7250310798802317,467.6140000000001,4.475770000000003,3,5,82.07999999999998,9,2.4973521546055144,6.046900839146148,6.492934875543764,0.40219071936197626,-0.04384331703563937,-6.52225130794896,-6.7768425498427245,0.5603141960015696,False,0.3493975903614458,0.23076923076923078,True,True,0,True,,False,0,58
NC(C(CN1CCOC(c2ccncc2)C1)OCCC(=O)C(F)(F)F)N1CCNCC1,6.447733904146384,356.6696009321775,Tier 3 (300-500 nM),-7.299973800824647,Trifluoromethyl-ketone,False,False,4.157578376909646,445.4860000000002,0.5516000000000014,2,8,92.95,9,1.264226747221625,6.78364689928694,5.92336158716666,-0.33591299514055617,0.5243723169797239,-6.001843656765565,-6.193536644769425,1.1064371560552217,False,0.3448275862068966,0.23157894736842105,True,True,23,False,8.167491087293763,False,14,5
CCc1cc(C=CC(=O)Nc2ccccc2N)ccc1C(F)NCC1CCN(ON)C(C#N)C1,6.445290516961252,358.68191768476873,Tier 3 (300-500 nM),-7.342588903733072,Ortho-aminoanilide,True,False,4.260756945800195,466.56100000000026,3.450280000000002,4,7,129.43,9,2.4150064288231805,6.60246765928858,5.974287711374549,-0.1571771423273276,0.4710028055867035,-6.74265979664108,-6.790192125480466,0.5523967782526054,False,0.5116279069767442,0.25,False,True,385,False,6.7447274948966935,False,3,28
CCCc1cc(C=CC(=O)Nc2ccccc2N)ccc1C(F)NCC1CCN(OC)C(C#N)C1,6.442724570280998,360.8073946582278,Tier 3 (300-500 nM),-7.686310775806364,Ortho-aminoanilide,True,False,4.152946778054619,479.60000000000025,4.596480000000003,3,6,103.41,10,2.1707577564264824,6.525001644293449,6.096134815754212,-0.08227707401245166,0.34658975452678575,-5.314529226591104,-6.499167321892501,1.1871434539138628,False,0.5411764705882353,0.25,False,True,385,False,6.7447274948966935,False,3,28
Cc1ccccc1-c1c[nH]c([C@H](CCCCCC(C)([NH3+])c2ccon2)NC(=O)C(F)(F)F)n1,6.431918162330468,369.8978761025189,Tier 3 (300-500 nM),-8.079661336393178,Trifluoromethyl-ketone,True,False,4.2693863612975855,464.512,4.200520000000001,3,4,111.45,10,2.1454404963201634,7.186549980997589,5.1354437107430515,-0.7546318186671215,1.2964744515874163,-6.327710721841043,-6.869512268214344,1.2101490681788336,False,0.6571428571428571,0.27380952380952384,False,True,23,False,8.167491087293763,False,29,1
N#Cc1ccc2c(CN3CCN(CCc4cccn5cnnc45)C(c4ccncc4)C3)c(F)[nH]c2c1,6.403791654818371,394.64658146476853,Tier 3 (300-500 nM),-7.0472866862816845,Triazolopyridine,False,False,3.686822589671486,480.5510000000001,3.7179800000000025,1,6,89.14000000000001,6,2.1220140462512744,6.703034179025558,6.636464459202877,-0.29924252420718656,-0.23267280438450566,-6.861236442665569,-6.406084460338583,0.18605024361611555,False,0.35714285714285715,0.21,False,True,0,True,,False,19,4
CNC(CC#N)c1cc(Br)c(/C=C/C(=O)Nc2ccccc2N)c(C)c1Br,6.387826941703036,409.42377501014454,Tier 3 (300-500 nM),-7.845859662981617,Ortho-aminoanilide,True,False,3.448489531717879,492.21500000000015,4.928300000000003,3,4,90.94,6,3.4056037624912325,6.054744008825365,5.054635660137906,0.3330829328776712,1.3331912815651297,-5.074777464685342,-6.256295071399174,1.5895645915824428,False,0.42857142857142855,0.2345679012345679,False,True,385,False,6.7447274948966935,False,17,4
CCCC(C)(Cc1cccn2cnnc12)N1CCN(c2c[nH]c3cc(C#N)ccc23)CC1C(C)=O,6.357508561749189,439.0272105046917,Tier 3 (300-500 nM),-7.150310237953243,Triazolopyridine,False,False,4.144757184708861,469.59300000000025,3.9633800000000026,1,6,93.32,7,2.42330285210821,6.031322546220877,6.068397622488226,0.32618601552831183,0.2891109392609623,-6.670709670816958,-6.9485060231123015,0.20180421484094158,False,0.39316239316239315,0.2523364485981308,False,True,0,True,,False,25,2
CNC(=O)c1cc(C(CC#N)NC)c(Br)c(C)c1/C=C/C(=O)Nc1ccccc1N,6.351316356214891,445.3317340588174,Tier 3 (300-500 nM),-7.759472341541422,Ortho-aminoanilide,True,False,3.489662657128469,470.3710000000002,3.525400000000001,4,5,120.04,7,2.9462642408950495,6.252081998439039,5.209174295940175,0.09923435777585254,1.1421420602747165,-6.041503564317062,-6.73769326318781,1.021779078353612,False,0.44594594594594594,0.25,False,True,385,False,6.7447274948966935,False,17,4
O=C(NC(=O)c1ccccc1O)NC1CC2CCC(C1)N2Cc1c[nH]c2cc(Cl)ccc12,6.335483249096582,461.86680593014717,Tier 3 (300-500 nM),-7.317328887595501,Salicylamide,False,True,3.93614719024838,452.9420000000002,4.161900000000003,4,4,97.46000000000001,4,1.7288580717920434,6.839004840890679,7.071752445791247,-0.5035215917940974,-0.7362691966946651,-5.999698071297167,-6.485369757421276,0.8319591301742246,False,0.5517241379310345,0.3146067415730337,False,True,32,False,6.555955204081924,False,24,2
N#Cc1ccc2c(CCN3CCN(CCc4cccn5cnnc45)C(c4ccncc4)C3)c[nH]c2c1,6.333001528199429,464.5136406849895,Tier 3 (300-500 nM),-7.107331152605596,Triazolopyridine,False,False,3.4783048964142926,476.5880000000001,3.621380000000002,1,6,89.14000000000001,7,2.8694261985280196,6.31278461198261,6.6654033045366115,0.020216916216819314,-0.33240177633718204,-6.916975399987985,-6.6129440334066825,0.19035575261761117,False,0.3670886075949367,0.2549019607843137,False,True,0,True,,False,19,4
CCCOC(F)CCc1cc(CCC#N)cc2[nH]cc(Cc3cccn4cnnc34)c12,6.327929588802342,469.97029766712416,Tier 3 (300-500 nM),-7.115519331183006,Triazolopyridine,False,False,3.843846774521756,419.50400000000013,4.912380000000004,1,4,79.0,10,1.2066754007352358,5.9079719803052795,6.019298953039096,0.41995760849706265,0.30863063576324645,-6.545565031593068,-6.890471647995029,0.2250476831879773,False,0.3902439024390244,0.22448979591836735,False,True,0,True,,False,18,4
CCCC1CN(CC(OCCC(=O)C(F)(F)F)C(N)N2CCNCC2)CCO1,6.310652079326115,489.04398388167937,Tier 3 (300-500 nM),-7.136677478466911,Trifluoromethyl-ketone,False,False,4.171243272300197,410.4810000000002,0.5840000000000023,2,7,80.06,10,1.3978912121450897,5.54766539181225,6.1252386083297665,0.7629866875138651,0.1854134709963482,-6.260705829451744,-6.133992680908346,0.8759716490151668,False,0.33707865168539325,0.22340425531914893,True,True,23,False,8.167491087293763,False,14,5
CNC(CC#N)c1cc(Br)c(/C=C/C(=O)Nc2ccccc2N)cc1Br,6.302210146502355,498.6431455276145,Tier 3 (300-500 nM),-8.003982978776547,Ortho-aminoanilide,True,False,3.196432560383019,478.1880000000001,4.619880000000002,3,4,90.94,6,3.8992780632141053,6.06396850990699,5.54938042662224,0.23824163659536435,0.7528297198801148,-5.759727911636362,-6.68095598051708,1.3230269982594667,False,0.46153846153846156,0.24675324675324675,False,True,385,False,6.7447274948966935,False,17,4
