SMILES,pIC50_pred,IC50_nM_est,IC50_tier,docking_pred,zbg_tag,pains_brenk_flagged,soft_metabolic_liability,sa_score,MW,cLogP,HBD,HBA,TPSA,RotB,l_shape_2d_proxy,pIC50_hdac1_pred,pIC50_hdac6_pred,selectivity_vs_hdac1,selectivity_vs_hdac6,docking_hdac1_pred,docking_hdac6_pred,docking_selectivity,passes_ic50_selectivity,ic50_model_max_similarity,dock_model_max_similarity,ic50_model_low_confidence,dock_model_low_confidence,zbg_precedent_count,zbg_low_precedent,zbg_real_pic50_ceiling,exceeds_real_precedent,cluster_id,cluster_size
N#CCOc1c(Cc2ccncc2)cc(-c2cscn2)c(C(=O)O)c1C(=O)CNc1ccoc1,8.42754170244733,3.7364424505612557,Tier 1 (<150 nM),-7.110608632594246,Carboxylate,False,False,3.380825362438716,474.4980000000003,4.2842800000000025,2,9,138.34000000000003,10,1.3833226595118073,7.027924057459397,6.808090743364772,1.3996176449879334,1.6194509590825579,-6.944041797168614,-6.675414752564761,0.16656683542563222,False,0.3372093023255814,0.24468085106382978,True,True,148,False,9.69897000433602,False,1,49
N#CCOc1c(Cc2ccncc2)cc(-c2cscn2)c(C(=O)O)c1C(=O)CCCO,8.114495460446129,7.682534859674801,Tier 1 (<150 nM),-7.423808999981276,Carboxylate,False,False,3.1131790532527477,437.4770000000003,3.351680000000002,2,8,133.4,10,1.1603096714815644,6.77527555218519,6.17342236508708,1.3392199082609393,1.941073095359049,-6.790693207847425,-6.860723752449336,0.5630852475319399,False,0.31958762886597936,0.25287356321839083,True,True,148,False,9.69897000433602,False,1,49
N#CCOc1c(Cc2ccncc2)cc(-c2cscn2)c(C(=O)O)c1C(=O)CCCN,8.063793438536925,8.63389099863805,Tier 1 (<150 nM),-7.240831023358605,Carboxylate,False,False,3.1167680392667334,436.49300000000034,3.318080000000001,2,8,139.19000000000003,10,1.1603096714815644,6.905326336072473,6.241311291068904,1.158467102464452,1.8224821474680208,-6.7838017011043625,-6.918400980855533,0.32243004250307195,False,0.33707865168539325,0.25287356321839083,True,True,148,False,9.69897000433602,False,1,49
CC(CO)CC(=O)c1c(OCC#N)c(Cc2ccncc2)cc(-c2cscn2)c1C(=O)O,8.044876688024015,9.018271627406019,Tier 1 (<150 nM),-7.193799624414085,Carboxylate,False,False,3.632257121007603,451.50400000000013,3.597680000000002,2,8,133.39999999999998,10,1.2047692526985676,7.32895141525912,6.363366428511066,0.7159252727648946,1.6815102595129492,-6.746544112858803,-6.9376442945139525,0.2561553299001327,False,0.3402061855670103,0.26136363636363635,True,True,148,False,9.69897000433602,False,1,49
N#CCOc1c(Cc2ccncc2)cc(-c2cscn2)c(C(=O)O)c1C(=O)CCF,8.034360798977731,9.239302811302027,Tier 1 (<150 nM),-7.645596694163087,Carboxylate,False,False,3.234101182059458,425.44100000000026,3.938780000000003,1,7,113.17000000000002,9,1.0524606030832926,6.849991453307324,6.602989512290061,1.1843693456704072,1.4313712866876704,-6.767175601994958,-6.895708571212069,0.7498881229510186,False,0.36666666666666664,0.2558139534883721,False,True,148,False,9.69897000433602,False,1,49
CCCCc1ccc2c(c1CCCCCCC#N)C1=NC(N3CCNCC3)CC(O)N1C(=S)S2,7.962933300970812,10.890973442673044,Tier 1 (<150 nM),-7.333351165763795,Cyclic-thione,True,False,4.29436892077897,499.75000000000017,4.438380000000004,2,7,74.89,10,1.1796590995325686,6.705978079840571,6.61011145438208,1.2569552211302417,1.352821846588732,-6.578098929676635,-6.845107025040666,0.48824414072312905,False,0.35714285714285715,0.22,False,True,50,False,7.244125144327508,True,6,21
N#CCCCC(=O)c1c(OCC#N)c(Cc2ccncc2)cc(-c2cscn2)c1C(=O)O,7.959316235123222,10.982058805137994,Tier 1 (<150 nM),-7.047517108486196,Carboxylate,True,False,3.1924910746021915,446.4880000000001,4.273060000000004,1,8,136.95999999999998,10,1.2896228350890766,6.693209639012741,6.295421306615554,1.2661065961104807,1.6638949285076672,-6.833763107591582,-6.817848443704551,0.21375400089461394,False,0.33707865168539325,0.25287356321839083,True,True,148,False,9.69897000433602,False,1,49
CCCCc1ccc2c(c1CCCCCC#N)C1=NC(N3CCNCC3)CC(O)N1C(=S)S2,7.942665723058628,11.4112777693071,Tier 1 (<150 nM),-7.489998009493495,Cyclic-thione,True,False,4.308947721973523,485.7230000000002,4.048280000000004,2,7,74.89,9,1.1523729081407612,6.705978079840571,6.629297900002219,1.2366876432180574,1.3133678230564092,-6.513321173320703,-6.901684260034873,0.5883137494586217,False,0.35714285714285715,0.22,False,True,50,False,7.244125144327508,True,6,21
N#CCc1cc(C#N)ccc1Cc1cc(Cn2cccc(O)c2=S)cc(N2CCOC(N)C2)c1,7.9365136891795816,11.574075494516299,Tier 1 (<150 nM),-7.715850800408756,3-HPT,True,False,3.7522502220259604,471.58600000000024,3.621450000000002,2,7,111.22999999999999,6,1.4906865243321856,7.034555674663911,6.0490727766356,0.9019580145156709,1.8874409125439815,-6.916606549944305,-6.0759958035286905,0.7992442504644508,False,0.4852941176470588,0.22105263157894736,False,True,27,False,6.247789037426088,True,2,40
N#CCOOc1c(Cc2ccncc2)cc(-c2cscn2)c(C(=O)O)c1C(=O)CCF,7.930493479724138,11.735633016399227,Tier 1 (<150 nM),-7.550905676239141,Carboxylate,True,False,3.5237631441618387,441.4400000000002,3.8703800000000026,1,8,122.4,10,1.0557959747863654,7.0231833692280965,6.935237826206193,0.9073101104960415,0.9952556535179449,-6.784730172950998,-6.749950266041958,0.7661755032881432,False,0.4044943820224719,0.23595505617977527,False,True,148,False,9.69897000433602,False,1,49
CC(O)CC(=O)c1c(OCC#N)c(Cc2ccncc2)cc(-c2cscn2)c1C(=O)O,7.867451768425661,13.56901215723276,Tier 1 (<150 nM),-7.400673018098315,Carboxylate,False,False,3.604466190967379,437.47700000000015,3.350080000000002,2,8,133.39999999999998,9,1.11501550690158,6.9924438639074955,6.010062152309702,0.8750079045181653,1.8573896161159587,-6.702587124998735,-6.832072222271629,0.5686007958266863,False,0.3404255319148936,0.27906976744186046,True,True,148,False,9.69897000433602,False,1,49
N#CCOc1c(Cc2ccnc(Cl)c2)cc(-c2cscn2)c(C(=O)O)c1C(=O)CCF,7.866423423325289,13.601179640036108,Tier 1 (<150 nM),-7.12295514318363,Carboxylate,True,False,3.3387567540002756,459.88600000000025,4.592180000000003,1,7,113.17000000000002,9,1.09891752594735,6.375146353566359,6.355208789467909,1.4912770697589295,1.5112146338573798,-6.870932120919099,-6.91050429964407,0.21245084353956045,False,0.3402061855670103,0.22093023255813954,True,True,148,False,9.69897000433602,False,1,49
N#Cc1cc(C(=O)NC(=O)NC2CN3CCC2CC3)cc(C(=O)Cc2ccccc2F)c1CCCO,7.8558651955195185,13.935893042478199,Tier 1 (<150 nM),-7.0283226992905,Acylurea,False,True,4.022543003659661,492.55100000000033,2.581280000000001,3,6,122.53000000000002,8,2.014288777584775,6.794351128444344,6.080184063789285,1.0615140670751746,1.7756811317302335,-6.185446493202474,-6.352244945245145,0.6760777540453553,False,0.45454545454545453,0.2903225806451613,False,True,24,False,8.481486060122112,False,3,39
N#CCOc1c(Cc2ccncc2)cc(-c2cscn2)c(C(=O)O)c1C(=O)CNF,7.8397336968445455,14.463263655046452,Tier 1 (<150 nM),-7.753411726742507,Carboxylate,True,False,3.340452675272127,426.4290000000002,3.053280000000001,2,8,125.20000000000002,9,1.0524606030832926,6.934625817659398,6.9404857581654404,0.9051078791851479,0.899247938679105,-6.6336373533478685,-6.699209825628292,1.0542019011142152,False,0.3561643835616438,0.26744186046511625,False,True,148,False,9.69897000433602,False,1,49
N#Cc1ccc(Cc2cc(Cn3cccc(O)c3=S)cc(N3CCOC(N)C3)c2)c(CCCN)c1,7.832697670270545,14.69949211888709,Tier 1 (<150 nM),-7.361987761611368,3-HPT,True,False,3.677101595247148,489.6450000000004,3.446670000000002,3,7,113.46,8,1.4438767848749368,6.9691222241948285,6.206164679649754,0.8635754460757168,1.6265329906207917,-6.887815644365011,-5.980715889463502,0.4741721172463569,False,0.4583333333333333,0.21978021978021978,False,True,27,False,6.247789037426088,True,2,40
N#CCOc1c(Cc2ccncc2)cc(-c2cscn2)c(C(=O)O)c1C(=O)COCF,7.813627084138823,15.35935279045703,Tier 1 (<150 nM),-7.456934176425431,Carboxylate,False,False,3.2921091231828177,441.4400000000003,3.522780000000002,1,8,122.40000000000002,10,1.1603096714815644,6.504885774329631,6.6989990780306385,1.308741309809192,1.1146280061081848,-6.639483841801011,-6.985801312710612,0.47113286371481866,False,0.32432432432432434,0.26744186046511625,True,True,148,False,9.69897000433602,False,1,49
COCCC(=O)c1c(OCC#N)c(Cc2ccncc2)cc(-c2cscn2)c1C(=O)O,7.783775223911735,16.45223014506242,Tier 1 (<150 nM),-7.57068012241511,Carboxylate,False,False,3.1047612210849147,437.47700000000015,3.615680000000002,1,8,122.40000000000002,10,1.1603096714815642,6.6428439912837804,6.276600987717365,1.1409312326279544,1.5071742361943699,-6.656711745457961,-6.611408408479163,0.9139683769571496,False,0.3404255319148936,0.29411764705882354,True,True,148,False,9.69897000433602,False,1,49
N#Cc1c(Cc2ccncc2)cc(-c2cscn2)c(C(=O)O)c1C(=O)CCCO,7.777479011373152,16.69248476867888,Tier 1 (<150 nM),-7.155359598127337,Carboxylate,False,False,3.0488122010709438,407.4510000000003,3.3209800000000027,2,7,124.17,8,1.5111426083852053,6.479172423518558,5.6420418742395695,1.2983065878545936,2.1354371371335823,-6.556782273974051,-6.791058460753451,0.3643011373738858,False,0.34782608695652173,0.25675675675675674,True,True,148,False,9.69897000433602,False,1,49
COCC(=O)c1c(OCC#N)c(Cc2ccnc(C(C)(C)C)c2)cc(-c2cscn2)c1C(=O)O,7.774330743743922,16.813930822020275,Tier 1 (<150 nM),-7.519598722004119,Carboxylate,False,False,3.269650486858369,479.5580000000002,4.523080000000004,1,8,122.40000000000002,9,1.326341069271643,6.42175544179176,6.7039039762918895,1.3525753019521627,1.070426767452033,-6.883182395656871,-6.795867579193757,0.6364163263472475,False,0.35802469135802467,0.24468085106382978,False,True,148,False,9.69897000433602,False,1,49
CS(=O)(=O)C1CCN2C(=S)Sc3ccc(C(N)CCCC#N)c(N4CCOCC4)c3C2=N1,7.76879494905173,17.02962367620342,Tier 1 (<150 nM),-7.201846296821539,Cyclic-thione,True,False,4.401649633546237,493.6800000000005,2.430480000000001,1,9,112.02,6,1.3947371155261115,6.672654324208025,6.192476582937025,1.096140624843705,1.5763183661147053,-6.3837468752981,-6.334920104017448,0.8180994215234385,False,0.3516483516483517,0.23157894736842105,False,True,50,False,7.244125144327508,True,9,15
CCCC(=O)c1c(OCC#N)c(Cc2ccncc2)cc(-c2cscn2)c1C(=O)O,7.76084274529846,17.344319085601537,Tier 1 (<150 nM),-7.49100753355054,Carboxylate,False,False,3.058988059887513,421.4780000000001,4.379280000000003,1,7,113.17,9,1.0524606030832921,6.695332102077098,6.191939905715775,1.0655106432213612,1.5689028395826847,-6.5183822156615445,-6.962371343598418,0.5286361899521221,False,0.3516483516483517,0.27380952380952384,False,True,148,False,9.69897000433602,False,1,49
N#CCOc1c(Cc2ccncc2)cc(-c2cscn2)c(C(=O)O)c1C(=O)COF,7.7598735420694265,17.38306915525748,Tier 1 (<150 nM),-7.586291441776198,Carboxylate,False,False,3.3174729467653403,427.41300000000024,3.4802800000000023,1,8,122.40000000000002,9,1.0524606030832926,6.477249930799139,6.996230997390659,1.2826236112702878,0.7636425446787678,-6.827386191461694,-6.805815218374609,0.7589052503145037,False,0.3382352941176471,0.26506024096385544,True,True,148,False,9.69897000433602,False,1,49
N#CCCCOc1c(Cc2ccncc2)cc(-c2cscn2)c(C(=O)O)c1C(=O)CN,7.759571435087645,17.395165494856478,Tier 1 (<150 nM),-7.432922291172169,Carboxylate,True,False,3.136862270035964,436.4930000000002,3.318080000000001,2,8,139.19000000000003,10,1.2392492472599224,6.809838592861285,6.166932221845613,0.9497328422263607,1.5926392132420322,-6.954233449844495,-6.869782560963901,0.4786888413276733,False,0.3229166666666667,0.24358974358974358,True,True,148,False,9.69897000433602,False,1,49
CCCc1c(CCCCCC#N)ccc2c1C1=NC(S(C)(=O)=O)CCN1C(=S)S2,7.7432698004224765,18.06051788648208,Tier 1 (<150 nM),-7.1894865237427625,Cyclic-thione,True,False,3.9707799582525487,449.6670000000002,4.479180000000004,0,6,73.52999999999999,8,2.06864722921205,6.638360729922706,5.890261865955771,1.1049090704997706,1.8530079344667056,-6.737426478694968,-6.983542322238927,0.20594420150383552,False,0.3787878787878788,0.23157894736842105,False,True,50,False,7.244125144327508,True,6,21
CS(=O)(=O)C1CCN2C(=S)Sc3ccc(C(N)CCC#N)c(N4CCOCC4)c3C2=N1,7.742450813235589,18.094608322308545,Tier 1 (<150 nM),-7.1292956992209,Cyclic-thione,True,False,4.440370268492753,479.6530000000005,2.0403800000000003,1,9,112.02,5,1.2223072166314346,6.689732130919225,6.13879829669924,1.052718682316364,1.603652516536349,-6.9481881265825125,-6.465188070648897,0.18110757263838728,False,0.35294117647058826,0.22105263157894736,False,True,50,False,7.244125144327508,True,9,15
CC(Cl)CC(=O)c1c(OCC#N)c(Cc2ccncc2)cc(-c2cscn2)c1C(=O)O,7.717034589231637,19.185159350567687,Tier 1 (<150 nM),-7.4762568924720085,Carboxylate,True,False,3.6739850238586262,455.9230000000001,4.596580000000004,1,7,113.17,9,1.11501550690158,6.818202634585604,6.351014629348853,0.8988319546460328,1.3660199598827836,-6.168976601611119,-6.927358809175378,0.5488980832966304,False,0.34210526315789475,0.26136363636363635,True,True,148,False,9.69897000433602,False,1,49
CC(F)CC(=O)c1c(OCC#N)c(Cc2ccncc2)cc(-c2cscn2)c1C(=O)O,7.716308801103476,19.217248182172234,Tier 1 (<150 nM),-7.404202427296507,Carboxylate,False,False,3.6928301166968236,439.46800000000013,4.327280000000004,1,7,113.17,9,1.11501550690158,6.685947619459847,6.886864843147788,1.030361181643629,0.8294439579556876,-6.115323930293588,-6.851044125642058,0.5531583016544497,False,0.3424657534246575,0.26136363636363635,True,True,148,False,9.69897000433602,False,1,49
N#CCOc1c(Cc2ccncc2)cc(-c2cscn2)c(C(=O)O)c1C(=O)CF,7.714452319236732,19.299572126594146,Tier 1 (<150 nM),-7.522371038804481,Carboxylate,False,False,3.217703195442427,411.4140000000002,3.5486800000000027,1,7,113.17000000000002,8,1.0403811116844883,6.548385226409446,6.753983218623266,1.1660670928272854,0.9604691006134658,-6.830343623674215,-6.868626564048687,0.6537444747557943,False,0.32608695652173914,0.2619047619047619,True,True,148,False,9.69897000433602,False,1,49
CC1CC(O)N2C(=S)Sc3c(Cc4ccccc4)cc(CCO)c(CCCC#N)c3C2=N1,7.713520409814121,19.34102962669222,Tier 1 (<150 nM),-8.084449792694167,Cyclic-thione,True,False,4.14609599026644,465.64400000000035,4.208280000000003,2,6,79.85000000000001,7,1.1758744566919543,6.643326455085394,6.460509707708418,1.070193954728727,1.253010702105703,-6.345312659479509,-6.315321220027935,1.7391371332146583,False,0.3333333333333333,0.25,True,True,50,False,7.244125144327508,True,6,21
N#Cc1ccc(Cc2cc(N3CCOC(F)C3)cc(C(N)(Cl)n3cccc(O)c3=S)c2)c(N)c1,7.70936763640039,19.526857799080314,Tier 1 (<150 nM),-7.18812421734387,3-HPT,True,False,4.230480967378987,499.9990000000001,3.956170000000001,3,7,113.46000000000001,5,1.7481002843842335,6.541755103184692,6.142589582536334,1.1676125332156975,1.5667780538640557,-6.713505516286773,-5.408417712370461,0.47461870105709725,False,0.3490566037735849,0.22330097087378642,True,True,27,False,6.247789037426088,True,15,2
CC1CC(O)N2C(=S)Sc3c(Cc4ccccc4)cc(CCCN)c(CCCC#N)c3C2=N1,7.703144045760584,19.80869906617063,Tier 1 (<150 nM),-8.022222439422478,Cyclic-thione,True,False,4.144850998741548,478.6870000000004,4.5647800000000025,2,6,85.64,8,1.1181971972396256,6.247227970400801,6.5272044846556465,1.4559160753597826,1.1759395611049372,-6.1310165111339865,-6.209676792872232,1.8125456465502463,False,0.34177215189873417,0.2403846153846154,True,True,50,False,7.244125144327508,True,6,21
N#Cc1ccc(Cc2cc(Cn3cccc(O)c3=S)cc(N3CCOC(CN)C3)c2)c(F)c1,7.696819405141146,20.099284375074788,Tier 1 (<150 nM),-7.212426722632193,3-HPT,True,False,3.421355900278199,464.56600000000026,3.736970000000002,2,6,87.44,6,1.4658425119291603,6.964496258446263,7.208183072112613,0.732323146694883,0.48863633302853327,-6.397512869658116,-5.893330289092501,0.8149138529740769,False,0.515625,0.21649484536082475,False,True,27,False,6.247789037426088,True,2,40
N#Cc1ccc(Cc2cc(N3CCOCC3)cc(C(N)(Cl)n3cccc(O)c3=S)c2)c(C#N)c1,7.694931138765376,20.186864189088947,Tier 1 (<150 nM),-7.372680537548252,3-HPT,True,False,3.695451951803914,492.0040000000001,3.9500500000000027,2,7,111.23000000000002,5,1.8661247420177158,6.60196020844985,5.993556306042624,1.0929709303155253,1.7013748327227516,-6.814996307309717,-5.432771916299107,0.557684230238535,False,0.35294117647058826,0.22580645161290322,False,True,27,False,6.247789037426088,True,5,3
N#CCOc1c(Cc2ccncc2)cc(-c2cscn2)c(C(=O)O)c1C(=O)CCl,7.689314251872066,20.449643820345866,Tier 1 (<150 nM),-7.558615415630963,Carboxylate,True,False,3.1402778671122196,427.86900000000026,3.817980000000003,1,7,113.17000000000002,8,1.0403811116844883,6.530891180911328,6.294543633210846,1.1584230709607377,1.3947706186612194,-6.738378093234919,-6.968460004794888,0.5901554108360747,False,0.32608695652173914,0.2619047619047619,True,True,148,False,9.69897000433602,False,1,49
COC1CN(c2cc(Cc3ccc(C#N)cc3F)cc(Cn3cccc(O)c3=S)c2)CCO1,7.675101752601581,21.129939199898008,Tier 1 (<150 nM),-7.041629958756008,3-HPT,True,False,3.471559991931228,465.55000000000024,4.382170000000004,1,6,70.65,6,1.2762906076558855,6.751587936540649,6.6972175221254036,0.9235138160609315,0.9778842304761772,-5.976094864892586,-6.209603106370407,0.8320268523856011,False,0.5161290322580645,0.22916666666666666,False,True,27,False,6.247789037426088,True,2,40
COC(c1cc(Cc2ccc(C#N)cc2C#N)cc(N2CCOC(N)C2)c1)n1cccc(O)c1=S,7.672104268831329,21.27628166970819,Tier 1 (<150 nM),-7.49619042056323,3-HPT,True,False,4.232879156736832,487.58500000000026,3.572050000000002,2,8,120.46,6,1.3414812638880815,6.281956611261113,5.972087929541568,1.3901476575702159,1.7000163392897605,-6.8373995152645195,-5.825688832811816,0.6587909052987104,False,0.36486486486486486,0.21818181818181817,False,True,27,False,6.247789037426088,True,4,10
COC1CN(c2cc(Cc3ccc(C#N)cc3F)cc(C(N)n3cccc(O)c3=S)c2)CCO1,7.6716127346873755,21.30037578039827,Tier 1 (<150 nM),-7.046312837105035,3-HPT,True,False,3.9988725412656265,480.5650000000002,3.839470000000002,2,7,96.67000000000002,6,1.6974935750755369,6.347788179647724,6.646836387628008,1.3238245550396517,1.0247763470593672,-5.779700742263199,-5.7680614679647695,1.266612094841836,False,0.42028985507246375,0.21782178217821782,False,True,27,False,6.247789037426088,True,4,10
CCCCCCCc1c(C#N)cc(C(=O)NC(=O)NC2CN3CCC2CC3)cc1C(=O)CN,7.669446197646969,21.40690108660655,Tier 1 (<150 nM),-7.663108782830596,Acylurea,True,True,4.034356176202271,453.58700000000033,2.7461800000000007,3,6,128.32000000000002,10,3.295163026144218,6.578517649442399,6.048459389485116,1.0909285482045696,1.6209868081618524,-6.618087749566973,-6.654390356434625,1.008718426395971,False,0.5166666666666667,0.26595744680851063,False,True,24,False,8.481486060122112,False,3,39
COCCC(=O)c1c(OCC#N)c(Cc2ccnc(Cl)c2)cc(-c2cscn2)c1C(=O)O,7.649357736807204,22.420343556655958,Tier 1 (<150 nM),-7.033919306512516,Carboxylate,True,False,3.2107478962420917,471.92200000000014,4.269080000000004,1,8,122.40000000000002,10,1.1522581884888137,6.224123943173202,6.154503888900343,1.4252337936340016,1.4948538479068612,-6.912881151109882,-6.380928144927802,0.12103815540263341,False,0.32653061224489793,0.2391304347826087,True,True,148,False,9.69897000433602,False,1,49
CC1CC(O)N2C(=S)Sc3c(Cc4cccc(O)c4)cc(CCCN)c(CCCC#N)c3C2=N1,7.649195066186301,22.428742959560257,Tier 1 (<150 nM),-7.823845914402565,Cyclic-thione,True,False,4.275788406650242,494.68600000000043,4.270380000000003,3,7,105.86999999999999,8,1.2178910921132888,6.715087643312649,6.778436945477762,0.9341074228736517,0.8707581207085386,-6.079753601147453,-6.134775631005686,1.6890702833968785,False,0.3302752293577982,0.22,True,True,50,False,7.244125144327508,True,6,21
CS(=O)(=O)C1CCN2C(=S)Sc3ccc(CCCCCCCC#N)c(O)c3C2=N1,7.642473337570751,22.778580809946135,Tier 1 (<150 nM),-7.13794237156555,Cyclic-thione,True,False,3.9401594454320374,451.63900000000046,4.0124800000000045,1,7,93.76,8,1.8571771475482481,6.0019908865394225,6.285992791895878,1.6404824510313283,1.3564805456748728,-6.611577856818281,-6.463124172515267,0.5263645147472689,False,0.3484848484848485,0.21794871794871795,True,True,50,False,7.244125144327508,True,9,15
Cc1cc(C#N)ccc1Cc1cc(N2CCOCC2)cc(C(N)(Cl)n2cccc(O)c2=S)c1,7.640986812683176,22.856682064519767,Tier 1 (<150 nM),-7.184643181228353,3-HPT,True,False,3.570351064208298,481.0210000000001,4.386790000000004,2,6,87.44000000000001,5,1.5991273613712604,6.375975471436633,5.775537831705966,1.2650113412465425,1.8654489809772095,-6.754096660201539,-5.520946553601581,0.43054652102681334,False,0.3561643835616438,0.23711340206185566,False,True,27,False,6.247789037426088,True,2,40
CCCCc1c(C#N)cc(C(=O)NC(=O)NC2CN3CCC2CC3)cc1C(=O)Cc1ccc(O)cc1,7.624631276607831,23.733878971388997,Tier 1 (<150 nM),-7.134335731485598,Acylurea,False,True,3.9699086145193876,488.58800000000036,3.5654800000000026,3,6,122.53000000000002,8,1.582931903478315,6.597120513282857,6.015858968696756,1.0275107633249734,1.6087723079110745,-5.7850469969908245,-6.46515394394048,0.669181787545118,False,0.5,0.27956989247311825,False,True,24,False,8.481486060122112,False,3,39
CC1CC(O)N2C(=S)Sc3c(Cc4ccccc4)cc(CCCN)c(CCCCC#N)c3C2=N1,7.622352919066481,23.85871673143749,Tier 1 (<150 nM),-8.149317506317809,Cyclic-thione,True,False,4.129600054152224,492.71400000000045,4.954880000000004,2,6,85.64,9,1.189945822276883,6.091748272264808,6.579740724333058,1.530604646801673,1.0426121947334233,-6.580264218593922,-6.115178289793924,1.5690532877238867,False,0.3375,0.23809523809523808,True,True,50,False,7.244125144327508,True,6,21
N#CCc1cc(C#N)ccc1Cc1cc(C(O)n2cccc(O)c2=S)cc(N2CCOCC2)c1,7.618698665305176,24.060316430889237,Tier 1 (<150 nM),-7.570174399613903,3-HPT,True,False,3.689507160963311,472.5700000000003,3.827550000000003,2,7,105.44000000000001,6,1.5539440236410844,6.615333480446872,6.404071583992447,1.0033651848583034,1.2146270813127282,-5.9911397126939985,-6.02401497009589,1.5461594295180126,False,0.3804347826086957,0.23333333333333334,False,True,27,False,6.247789037426088,True,2,40
N#CCCc1c(C#N)cc(C(=O)NC(=O)NC2CN3CCC2CC3)cc1C(=O)Cc1ccccc1,7.6184527218438625,24.073945785203062,Tier 1 (<150 nM),-7.274917254686516,Acylurea,False,True,4.013044255628218,469.54500000000036,2.973460000000001,2,6,126.09,7,1.7398139493809681,6.786431419064401,5.8293162233558835,0.8320213027794612,1.789136498487979,-6.649814137692809,-6.670368784545043,0.6045484701414727,False,0.4838709677419355,0.30337078651685395,False,True,24,False,8.481486060122112,False,3,39
Cc1ccccc1CC(=O)c1cc(C(=O)NC(=O)NC2CN3CCC2CC3)cc(C#N)c1CCCN,7.601713547397359,25.019950872267472,Tier 1 (<150 nM),-7.007307431371906,Acylurea,False,True,4.018614496872329,487.60400000000044,2.7170000000000005,3,6,128.32,8,2.0142887775847744,6.517218098116073,6.070972697050515,1.0844954492812855,1.5307408503468434,-6.49661454123719,-6.693474427207936,0.3138330041639703,False,0.484375,0.3076923076923077,False,True,24,False,8.481486060122112,False,3,39
N#Cc1ccc(Cc2cc(C(O)n3cccc(O)c3=S)cc(N3CCOCC3)c2)c(C#N)c1,7.597798020951266,25.246546505917905,Tier 1 (<150 nM),-7.14476328048423,3-HPT,True,False,3.6099169477413735,458.5430000000003,3.6331500000000023,2,7,105.44,5,1.5952230808661074,6.487667998101869,6.656353089677073,1.1101300228493969,0.9414449312741926,-6.159211058527142,-5.9662617526802455,0.9855522219570876,False,0.38571428571428573,0.23595505617977527,False,True,27,False,6.247789037426088,True,2,40
CCCCCc1ccc2c(c1CCCCCC#N)C1=NC(N3CCNCC3)CC(O)N1C(=S)S2,7.593611517261161,25.49109448571348,Tier 1 (<150 nM),-7.639487166316985,Cyclic-thione,True,False,4.290874886242078,499.75000000000017,4.438380000000004,2,7,74.89,10,1.2149965044687865,6.6784756121373885,6.61011145438208,0.9151359051237726,0.9835000628790809,-6.578098929676635,-6.845107025040666,0.794380141276319,False,0.35714285714285715,0.22,False,True,50,False,7.244125144327508,True,6,21
N#CCOc1c(Cc2ccncc2)cc(-c2cscn2)c(C(=O)O)c1C(=O)CC(F)Cl,7.589882052373483,25.710939570873517,Tier 1 (<150 nM),-7.391624338695255,Carboxylate,True,False,3.759864599455444,459.8860000000002,4.503680000000004,1,7,113.17000000000002,9,1.11501550690158,6.7948986901112844,6.920114600843228,0.7949833622621982,0.6697674515302543,-6.275557755921926,-6.870037609372322,0.5215867293229328,False,0.34146341463414637,0.25287356321839083,True,True,148,False,9.69897000433602,False,1,49
COCC(=O)c1c(O)c(Cc2ccncc2)cc(-c2cscn2)c1C(=O)O,7.588320286128481,25.803565117825645,Tier 1 (<150 nM),-7.543004540381758,Carboxylate,False,False,2.8959836541457147,384.41300000000007,3.0288000000000013,2,7,109.61,7,1.2672972026243814,6.436271275319489,6.22193381232249,1.1520490108089927,1.3663864738059912,-6.609746277414881,-6.899230932710364,0.6437736076713936,False,0.36046511627906974,0.25675675675675674,False,True,148,False,9.69897000433602,False,1,49
CCCCCc1ccc2c(c1CCCC#N)C1=NC(N3CCNCC3)CC(O)N1C(=S)S2,7.574981017346096,26.60841360440165,Tier 1 (<150 nM),-7.513916273968692,Cyclic-thione,True,False,4.32858699140577,471.6960000000002,3.658180000000003,2,7,74.89,8,1.3364434464999526,6.81169184775997,6.58712530148375,0.7632891695861259,0.987855715862346,-6.621648126494748,-6.886246189808557,0.627670084160135,False,0.35714285714285715,0.23469387755102042,False,True,50,False,7.244125144327508,True,6,21
N#CCCCCc1ccc2c(c1CCCC#N)C1=NC(N3CCNCC3)CC(O)N1C(=S)S2,7.558320247348142,27.649020636625913,Tier 1 (<150 nM),-7.785180027387943,Cyclic-thione,True,False,4.460407155171904,482.6790000000002,3.161860000000002,2,8,98.67999999999999,8,1.4654582232256606,6.761793473429459,6.583352499188644,0.796526773918683,0.9749677481594983,-6.845858765682568,-6.977739446735674,0.8074405806522691,False,0.3787878787878788,0.18181818181818182,False,True,50,False,7.244125144327508,True,6,21
NC(=O)c1cc(C(=O)NC(=O)NC2CN3CCC2CC3)cc(N2CCOCC2)c1N1CCOCC1,7.557928221440052,27.673989929221666,Tier 1 (<150 nM),-7.253750617615412,Acylurea,False,True,3.997456159664776,486.5730000000005,-0.007699999999996487,3,8,129.46999999999997,5,2.4354803651728556,6.842922112308477,6.985111640793519,0.7150061091315747,0.5728165806465322,-6.7244849089371606,-6.958956269331841,0.2947943482835713,False,0.5849056603773585,0.28378378378378377,False,True,24,False,8.481486060122112,False,11,12
CC(F)CCc1ccc2c(c1CCCC#N)C1=NC(S(C)(=O)=O)CCN1C(=S)S2,7.547570959386693,28.341905171940912,Tier 1 (<150 nM),-7.154650877055524,Cyclic-thione,True,False,4.45156550497922,453.63000000000017,4.037080000000003,0,6,73.52999999999999,7,1.394416963433666,7.104123385268229,6.163131010395822,0.4434475741184638,1.3844399489908712,-6.574799588259081,-6.449775536620578,0.5798512887964433,False,0.3787878787878788,0.2268041237113402,False,True,50,False,7.244125144327508,True,9,15
CCCCc1c(C#N)cc(C(=O)NC(=O)NC2CN3CCC2CC3)cc1C(=O)Cc1ccc(C)cc1,7.54301041134338,28.641093077794906,Tier 1 (<150 nM),-7.297706873609987,Acylurea,False,True,3.911948886012601,486.6160000000004,4.168300000000004,2,5,102.30000000000001,8,1.582931903478315,6.5333631480969006,6.029145792735337,1.009647263246479,1.513864618608043,-5.060292647035107,-6.467189845941699,0.8305170276682876,False,0.46875,0.2826086956521739,False,True,24,False,8.481486060122112,False,3,39
CS(=O)(=O)C1CCN2C(=S)Sc3ccc(CCCCN)c(CCCC#N)c3C2=N1,7.53806063158351,28.969391195927994,Tier 1 (<150 nM),-7.221660837982796,Cyclic-thione,True,False,4.0477833770559695,450.6550000000005,3.0278800000000015,1,7,99.55,8,1.4261494656033018,6.240683405769794,5.996308860015958,1.2973772258137153,1.5417517715675517,-6.741635782024488,-6.8814097771158185,0.34025106086697754,False,0.4153846153846154,0.22916666666666666,False,True,50,False,7.244125144327508,True,9,15
CC(Cl)c1c(C(N)=O)cc(C(=O)NC(=O)NC2CN3CCC2CC3)cc1N1CCOCC1,7.531367363124644,29.41932045234486,Tier 1 (<150 nM),-7.326999188038222,Acylurea,True,True,4.2869913708503855,463.96600000000046,1.4555000000000002,3,6,116.99999999999999,5,2.2241534447572504,6.784756945113942,6.385499025727253,0.746610418010702,1.145868337397391,-6.364495551790592,-6.4509685934363485,0.8760305946018736,False,0.5344827586206896,0.2717391304347826,False,True,24,False,8.481486060122112,False,11,12
CS(=O)(=O)C1CCN2C(=S)Sc3ccc(CCCC#N)c(N4CCOCC4)c3C2=N1,7.526814383161565,29.729363889913106,Tier 1 (<150 nM),-7.393719762942886,Cyclic-thione,True,False,4.04799520320506,464.6380000000005,2.5830800000000007,0,8,86.0,5,1.233846983853011,5.866692222850967,6.209538450446375,1.660122160310598,1.31727593271519,-6.9009669439335735,-6.517839280017544,0.4927528190093122,False,0.336734693877551,0.2391304347826087,True,True,50,False,7.244125144327508,True,9,15
CNC(=O)c1cc2c(c(O)c1C)CN(C(=O)[C@H](N)Cc1ccc(C(Cl)NC)cc1Cl)C2,7.505773009599128,31.20520143705089,Tier 1 (<150 nM),-7.117758278432587,alpha-amino-amide,True,False,3.795027638708744,465.3810000000001,2.5826200000000004,4,5,107.69,6,2.503814860234933,6.74578331864723,6.369904623699864,0.7599896909518984,1.135868385899264,-6.057689552618352,-6.748764311303275,0.36899396712931143,False,0.5846153846153846,0.28378378378378377,False,True,59,False,6.995678626217357,True,0,57
CONCC1CN(c2cc(Cc3ccc(C#N)cc3F)cc(Cn3cccc(O)c3=S)c2)CCO1,7.504974699561924,31.26261486594899,Tier 1 (<150 nM),-7.747824670459361,3-HPT,True,False,3.617942518324071,494.59200000000027,3.9292700000000025,2,7,82.68,8,1.1183830245282183,7.012906814857107,6.848446367868446,0.49206788470481655,0.6565283316934778,-6.017351204370086,-6.094876052370697,1.6529486180886641,False,0.49230769230769234,0.2268041237113402,False,True,27,False,6.247789037426088,True,2,40
Cc1ccccc1CC(=O)c1cc(C(=O)NC(=O)NC2CN3CCC2CC3)cc(C#N)c1C,7.501875934172108,31.486476665077014,Tier 1 (<150 nM),-7.082143396947698,Acylurea,False,True,3.835535828807732,444.5350000000003,3.134120000000002,2,5,102.29999999999998,5,2.0706613878062274,6.521891238619147,6.174407900303641,0.979984695552961,1.3274680338684668,-5.722244763865685,-6.386299919561788,0.6958434773859103,False,0.5172413793103449,0.32941176470588235,False,True,24,False,8.481486060122112,False,3,39
CC(c1cc(Cc2ccc(C#N)cc2CN)cc(N2CCOC(N)C2)c1)n1cccc(O)c1=S,7.4945268639518865,32.02382000247604,Tier 1 (<150 nM),-7.860641029441524,3-HPT,True,False,4.049783118188703,475.6180000000002,3.5750700000000024,3,7,113.46,6,1.6537759929497309,6.44488056011425,6.046018317150552,1.049646303837637,1.4485085468013343,-6.543908115741354,-5.482367816888474,1.3167329137001698,False,0.36486486486486486,0.21153846153846154,False,True,27,False,6.247789037426088,True,4,10
N#CCc1cc(C(=O)NC(=O)NC2CN3CCC2CC3)ccc1Cc1ccc(CC(=O)C#N)cc1,7.491459169687886,32.250825120605256,Tier 1 (<150 nM),-8.420838753764938,Acylurea,True,True,4.048180255628219,469.5450000000003,2.5122600000000004,2,6,126.09,7,2.2770482169132653,7.209794387133586,6.36601805230335,0.2816647825542997,1.1254411173845362,-6.970371080978836,-6.769527924256227,1.4504676727861021,False,0.5357142857142857,0.3023255813953488,False,True,24,False,8.481486060122112,False,3,39
N#Cc1ccc(Cc2cc(Cn3cccc(O)c3=S)cc(N3CCOC(F)C3)c2)c(N)c1,7.490819281558966,32.2983784091212,Tier 1 (<150 nM),-7.3739218925227314,3-HPT,True,False,3.631410037322059,450.5390000000002,4.148370000000003,2,6,87.44,5,1.5270799886000799,6.727114542196174,6.4083470528944755,0.7637047393627912,1.08247222866449,-6.772604985373497,-5.919948680684017,0.6013169071492346,False,0.5,0.22448979591836735,False,True,27,False,6.247789037426088,True,2,40
NC(=O)c1cc(C(=O)NC(=O)NC2CN3CCC2CC3)cc(-c2ccccc2)c1N1CCOCC1,7.47527048084228,33.47568859062094,Tier 1 (<150 nM),-7.36971554686888,Acylurea,False,True,3.8198456493829784,477.56500000000034,1.8227000000000004,3,6,116.99999999999999,5,2.4354803651728556,6.688949198913731,6.590338964924299,0.786321281928549,0.8849315159179811,-6.210199487587635,-6.622409012531156,0.7473065343377243,False,0.5254237288135594,0.2976190476190476,False,True,24,False,8.481486060122112,False,11,12
CNC(=O)c1cc2c(c(Cl)c1C)CN(C(=O)[C@H](N)Cc1ccc(C(Cl)NC)cc1Cl)C2,7.473671282883636,33.59918299474251,Tier 1 (<150 nM),-8.021269189997382,alpha-amino-amide,True,False,3.824546320027425,483.8270000000001,3.530420000000002,3,4,87.46000000000001,6,2.6711685209095735,6.153597984132411,5.715178336532094,1.3200732987512254,1.7584929463515424,-6.078746930017856,-6.903083436854892,1.1181857531424892,False,0.5846153846153846,0.2716049382716049,False,True,59,False,6.995678626217357,True,0,57
CS(=O)(=O)C1CC(Cl)N2C(=S)Sc3ccc(C(=O)CC#N)c(N4CCOCC4)c3C2=N1,7.4509499336569,35.40381529627123,Tier 1 (<150 nM),-7.333651875345125,Cyclic-thione,True,False,4.499639931067547,499.03900000000044,2.398080000000001,0,9,103.07000000000001,4,1.2868230768840967,6.637364421206291,5.618161171222464,0.8135855124506088,1.8327887624344354,-6.820134087093744,-6.768547441724625,0.5135177882513808,False,0.3333333333333333,0.25,True,True,50,False,7.244125144327508,True,20,4
COOC(c1cc(Cc2ccc(C#N)cc2N)cc(N2CCOCC2)c1)n1cccc(O)c1=S,7.448719793018248,35.58608460824451,Tier 1 (<150 nM),-7.503640520795519,3-HPT,True,False,3.751633568576316,478.5740000000003,3.9293700000000027,2,8,105.89999999999999,7,1.2655934848074244,6.454329002256359,5.960754457780542,0.994390790761889,1.487965335237706,-6.14428004754601,-5.770198872083347,1.3593604732495086,False,0.3561643835616438,0.23232323232323232,False,True,27,False,6.247789037426088,True,2,40
CC(=O)c1c(C(N)=O)cc(C(=O)NC(=O)NC2CN3CCC2CC3)cc1N1CCOCC1,7.446695485925207,35.75234348390706,Tier 1 (<150 nM),-7.560068726210336,Acylurea,False,True,3.924981935234827,443.5040000000004,0.35830000000000073,3,7,134.07,5,2.2241534447572504,6.4165432604342145,6.788833257930853,1.0301522254909923,0.6578622279943538,-6.607172665846614,-6.8125719633684545,0.7474967628418812,False,0.5818181818181818,0.2727272727272727,False,True,24,False,8.481486060122112,False,11,12
CC(=O)OOc1ccc(C(=O)NC(=O)NC2C3CCN(CC3)C2C(C)=O)cc1N1CCOCC1,7.443152395979479,36.045213647444115,Tier 1 (<150 nM),-7.366122313754974,Acylurea,True,True,4.410212067031312,474.5140000000004,0.8713000000000009,2,9,126.50999999999999,6,2.6284161667825385,6.589059815839857,5.525405205397252,0.8540925801396222,1.9177471905822268,-5.917655385072139,-6.516226723181983,0.8498955905729906,False,0.4,0.3076923076923077,False,True,24,False,8.481486060122112,False,32,2
NC(=O)c1cc(C(=O)NC(=O)NC2CN3CCC2CC3)cc(N2CCNCC2)c1N1CCOCC1,7.43875785875976,36.41179938247917,Tier 1 (<150 nM),-7.211828165809198,Acylurea,False,True,4.061726989824716,485.58900000000045,-0.43469999999999587,4,8,132.26999999999998,5,2.4354803651728556,6.889882890516262,6.875831543652282,0.5488749682434984,0.5629263151074779,-6.705550505117689,-6.870820791030162,0.34100737477903564,False,0.5614035087719298,0.26582278481012656,False,True,24,False,8.481486060122112,False,11,12
COCCOc1cc(C#N)ccc1Cc1cc(Cn2cccc(O)c2=S)cc(N2CCOCC2)c1,7.438328780265177,36.4477916439437,Tier 1 (<150 nM),-7.442985052419909,3-HPT,True,False,2.8703151290498017,491.6130000000003,4.295770000000004,1,7,79.88,9,1.452376885917097,6.767113564040749,6.060886155601895,0.6712152162244278,1.3774426246632823,-6.797688754367845,-5.98495866296649,0.645296298052064,False,0.4626865671641791,0.2558139534883721,False,True,27,False,6.247789037426088,True,2,40
N#CCc1cc(C#N)ccc1Cc1cc(C(C#N)n2cccc(O)c2=S)cc(N2CCOCC2)c1,7.429331546289992,37.210752586935726,Tier 1 (<150 nM),-8.011687301880414,3-HPT,True,False,3.728420979862533,481.5810000000003,4.401330000000004,1,7,109.00000000000001,6,1.8359634855428941,5.987277827826566,5.971131206553886,1.4420537184634261,1.4582003397361065,-6.684847285417169,-6.03953791564223,1.3268400164632448,True,0.35443037974683544,0.23333333333333334,False,True,27,False,6.247789037426088,True,2,40
CC(c1cc(Cc2ccc(C#N)cc2CCN)cc(N2CCOCC2)c1)n1cccc(O)c1=S,7.4289650849308035,37.242164585868174,Tier 1 (<150 nM),-7.052533406828029,3-HPT,True,False,3.4913458604081953,474.6300000000002,4.3327700000000045,2,6,87.44000000000001,7,1.4128573304849559,6.12944546024663,5.951689801618006,1.2995196246841738,1.4772752833127978,-6.256486795753356,-5.2537860385226125,0.7960466110746731,False,0.3611111111111111,0.23469387755102042,False,True,27,False,6.247789037426088,True,2,40
COCC(=O)c1c(OCC#N)c(Cc2ccnc(Cl)c2F)cc(-c2cscn2)c1C(=O)O,7.4286640956286565,37.26798434385044,Tier 1 (<150 nM),-7.437260201313654,Carboxylate,True,False,3.333748086389022,475.88500000000016,4.018080000000003,1,8,122.40000000000002,9,1.1188554981907912,6.400863798063258,6.8591333937295795,1.0278002975653981,0.569530701899077,-6.945868925259283,-6.645708047064298,0.4913912760543706,False,0.3373493975903614,0.24175824175824176,True,True,148,False,9.69897000433602,False,1,49
COCCc1cc(C#N)ccc1Cc1cc(Cn2cccc(O)c2=S)cc(N2CCOCC2)c1,7.426591065403582,37.446301921027946,Tier 1 (<150 nM),-7.486596310811508,3-HPT,True,False,2.9154236355941325,475.61400000000026,4.459470000000004,1,6,70.64999999999999,8,1.5272810402289652,6.590298284983439,5.753321461870171,0.836292780420143,1.6732696035334111,-6.482649446734366,-6.124696796089989,1.0039468640771414,False,0.4411764705882353,0.2619047619047619,False,True,27,False,6.247789037426088,True,2,40
N#CCc1cc(C#N)ccc1Cc1cc(Cn2cccc(O)c2=S)cc(N2CCOCC2)c1,7.42554994012746,37.53617886153172,Tier 1 (<150 nM),-8.043392932767828,3-HPT,True,False,3.0021182923616827,456.57100000000025,4.336650000000004,1,6,85.21,6,1.5797868091666754,6.643842156382587,5.866573219760027,0.7817077837448725,1.5589767203674327,-6.937597578774928,-6.224168828786715,1.1057953539929004,False,0.46875,0.2413793103448276,False,True,27,False,6.247789037426088,True,2,40
COc1cnccc1Cc1cc(-c2cscn2)c(C(=O)O)c(C(=O)CCF)c1OCC#N,7.423275876673092,37.73324220878936,Tier 1 (<150 nM),-7.116248193892702,Carboxylate,False,False,3.35309866547286,455.4670000000003,3.9473800000000026,1,8,122.4,10,1.256474918090969,6.7764660022397605,6.433656762800333,0.6468098744333313,0.9896191138727586,-6.966903183926659,-6.738734210264708,0.1493450099660425,False,0.40860215053763443,0.29213483146067415,False,True,148,False,9.69897000433602,False,1,49
N#Cc1ccc(Cc2cc(C(N)n3cccc(O)c3=S)cc(N3CCOCC3)c2)c(C#N)c1,7.419731070578903,38.04248950006391,Tier 1 (<150 nM),-7.550838102422453,3-HPT,True,False,3.6216847055155155,457.5590000000003,3.5995500000000025,2,7,111.22999999999999,5,1.5382356218395472,6.457568901169595,6.2685323012334955,0.9621621694093081,1.1511987693454078,-6.785799108313928,-5.883456395297276,0.7650389941085249,False,0.38571428571428573,0.23333333333333334,False,True,27,False,6.247789037426088,True,2,40
CN(CC#N)C(=O)c1ccc2c(c1N1CCOCC1)C1=NC(S(C)(=O)=O)CCN1C(=S)S2,7.419137119583577,38.094552865971544,Tier 1 (<150 nM),-7.1558843510855565,Cyclic-thione,True,False,4.109429376841657,493.6360000000002,1.3323800000000008,0,9,106.30999999999999,4,1.5380860938377792,6.020865681317413,6.109005862454975,1.398271438266164,1.3101312571286021,-6.989547968408955,-6.626749740275655,0.16633638267660178,False,0.37209302325581395,0.27956989247311825,False,True,50,False,7.244125144327508,True,20,4
N#Cc1ccc(Cc2cc(Cn3cccc(O)c3=S)cc(N3CCOCC3)c2)c(C(O)C#N)c1,7.4155813026442505,38.407735076500735,Tier 1 (<150 nM),-7.02315555065802,3-HPT,True,False,3.551552363183771,472.5700000000003,3.827550000000003,2,7,105.44,6,1.6674584809968238,6.845714090318504,5.851150193755194,0.5698672123257467,1.5644311088890568,-6.396839033570393,-6.313742921448508,0.626316517087627,False,0.4603174603174603,0.23076923076923078,False,True,27,False,6.247789037426088,True,2,40
CNC(=O)c1cc2c(c(C)c1CO)CN(C(=O)[C@H](N)Cc1ccc(C(Cl)NC)cc1Cl)C2,7.405721421098154,39.289687892824745,Tier 1 (<150 nM),-7.319809803870172,alpha-amino-amide,True,False,3.870763585800881,479.40800000000013,2.369320000000001,4,5,107.69,7,2.5976591267923803,6.591757793023065,5.975860561699919,0.813963628075089,1.429860859398235,-5.832954977743692,-6.915473733248291,0.4043360706218815,False,0.5671641791044776,0.2619047619047619,False,True,59,False,6.995678626217357,True,0,57
N#CCOc1cc(C#N)ccc1Cc1cc(Cn2cccc(O)c2=S)cc(N2CCOCC2)c1,7.404289076621088,39.41948293816827,Tier 1 (<150 nM),-7.621589864938943,3-HPT,True,False,2.9642793655784327,472.5700000000003,4.172950000000004,1,7,94.44,7,1.5461621440009148,6.848328241921724,6.562027772309274,0.5559608346993636,0.8422613043118137,-6.978987114073626,-5.686370788104171,0.6426027508653167,False,0.4696969696969697,0.24444444444444444,False,True,27,False,6.247789037426088,True,2,40
N#Cc1cc(C(=O)NC(=O)NC2CN3CCC2CC3)cc(C(=O)Cc2ccccc2)c1C#N,7.395399167096874,40.23470606228837,Tier 1 (<150 nM),-8.195983824254673,Acylurea,False,True,3.8946100434743265,441.4910000000002,2.38896,2,6,126.09,5,2.1266364988375295,7.059994922510113,6.077368317401483,0.3354042445867611,1.3180308496953916,-6.689444687258883,-6.252804018735256,1.5065391369957908,False,0.5172413793103449,0.3373493975903614,False,True,24,False,8.481486060122112,False,3,39
N#Cc1ccc(Cc2cc(Cn3cccc(O)c3=S)cc(N3CCOCC3)c2)c(N)c1,7.3922991221578656,40.52293358936376,Tier 1 (<150 nM),-7.569308026336513,3-HPT,True,False,2.845965414924784,432.54900000000026,3.8527700000000022,2,6,87.44,5,1.635089219774621,6.56513247110749,6.011392277171996,0.8271666510503755,1.3809068449858692,-6.917448647257258,-6.704388482838567,0.6518593790792551,False,0.484375,0.2413793103448276,False,True,27,False,6.247789037426088,True,2,40
CCc1ccc(CCCC(=O)c2cc(C(=O)NC(=O)NC3CN4CCC3CC4)ccc2C#N)cc1,7.391428653273236,40.604236318737655,Tier 1 (<150 nM),-8.06353405729593,Acylurea,False,True,3.7680974863974512,472.5890000000003,3.859880000000003,2,5,102.29999999999998,8,2.693106679425541,6.798863834824523,5.955149374524663,0.5925648184487127,1.4362792787485725,-5.109382356724359,-6.737368031047994,1.326166026247936,False,0.5245901639344263,0.29213483146067415,False,True,24,False,8.481486060122112,False,3,39
COC(c1cc(Cc2ccc(C#N)cc2C#N)cc(N2CCOC(O)C2)c1)n1cccc(O)c1=S,7.386731486390059,41.04578005264282,Tier 1 (<150 nM),-7.745462796799667,3-HPT,True,False,4.1601910448487205,488.56900000000024,3.605650000000003,2,8,114.67,6,1.3414812638880815,6.455633310589207,5.981068723196781,0.9310981758008516,1.4056627631932779,-6.712274379519855,-5.842148528449879,1.0331884172798116,False,0.36486486486486486,0.22448979591836735,False,True,27,False,6.247789037426088,True,4,10
Cc1c(C#N)cc(C(=O)NC(=O)NC2CN3CCC2CC3)cc1C(=O)Cc1ccc(O)cc1,7.383679739867745,41.33522063773137,Tier 1 (<150 nM),-8.111789692867857,Acylurea,False,True,3.8562410397258446,446.50700000000023,2.5313,3,6,122.53000000000002,5,1.6000364908072544,6.822099181813643,6.113111917278335,0.5615805580541018,1.2705678225894097,-6.959560883994274,-6.502609804913464,1.1522288088735833,False,0.5535714285714286,0.3023255813953488,False,True,24,False,8.481486060122112,False,3,39
N#CCCOc1cc(C#N)ccc1Cc1cc(Cn2cccc(O)c2=S)cc(N2CCOCC2)c1,7.383173569951013,41.383424894204964,Tier 1 (<150 nM),-7.516170040960421,3-HPT,True,False,2.9840304375037228,486.59700000000026,4.563050000000005,1,7,94.44,8,1.4319629940495822,6.861989660972582,6.148629624490724,0.5211839089784309,1.2345439454602891,-6.9403122527128085,-5.896599998098284,0.5758577882476121,False,0.4696969696969697,0.24175824175824176,False,True,27,False,6.247789037426088,True,2,40
N#Cc1ccc(Cc2cc(Cn3cccc(O)c3=S)cc(N3CCOCC3)c2)c(CN)c1,7.3823333085305665,41.463569951019615,Tier 1 (<150 nM),-7.810657630589472,3-HPT,True,False,2.8928814748374094,446.5760000000003,3.7292700000000023,2,6,87.44,6,1.6226909801769969,6.662516947294365,6.360190268739464,0.7198163612362016,1.0221430397911027,-6.970991841153829,-6.080879303218939,0.8396657894356432,False,0.49206349206349204,0.2413793103448276,False,True,27,False,6.247789037426088,True,2,40
CNC(=O)c1cc2c(c(CCl)c1C)CN(C(=O)[C@H](N)Cc1ccc(C(Cl)NC)cc1Cl)C2,7.380452553559596,41.64352138649847,Tier 1 (<150 nM),-7.579391033090404,alpha-amino-amide,True,False,3.916780561928201,497.85400000000016,3.615820000000002,3,4,87.46000000000001,7,2.4022744322447407,6.194218024444771,5.8905761409965915,1.1862345291148255,1.4898764125630048,-5.842665247471811,-6.820414573529833,0.7589764595605715,False,0.5588235294117647,0.2619047619047619,False,True,59,False,6.995678626217357,True,0,57
Cc1c(C#N)cc(C(=O)NC(=O)NC2CN3CCC2CC3)cc1C(=O)Cc1ccccc1,7.377831135219853,41.89564344077676,Tier 1 (<150 nM),-7.422970442635661,Acylurea,False,True,3.7474961026059184,430.5080000000002,2.825700000000001,2,5,102.30000000000001,5,1.6616655928192592,6.593106994456147,5.958292322383139,0.7847241407637053,1.4195388128367137,-6.021200119192405,-6.671316953140755,0.7516534894949061,False,0.5172413793103449,0.3373493975903614,False,True,24,False,8.481486060122112,False,3,39
CC(C)(NO)OC(CCCC#N)C(c1ccc(C#N)cc1C#N)n1cccc(O)c1=S,7.3736924277799805,42.296805893837,Tier 1 (<150 nM),-8.968477444028384,3-HPT,True,False,4.425955757648627,437.5250000000001,4.049930000000003,3,8,138.01999999999998,9,1.2586684871641627,6.458210474239152,6.721529957777978,0.9154819535408283,0.6521624700020023,-6.755335153528369,-6.886470712968312,2.082006731060072,False,0.37681159420289856,0.21649484536082475,False,True,27,False,6.247789037426088,True,49,1
CC(c1cc(Cc2ccc(C#N)cc2C#N)cc(N2CCOCC2)c1)n1cccc(O)c1=S,7.372472690835616,42.415765481564286,Tier 1 (<150 nM),-7.86236566989426,3-HPT,True,False,3.4911522996235345,456.57100000000025,4.703250000000005,1,6,85.21,5,1.5341728718686132,5.8458364816961765,5.827309954579501,1.5266362091394399,1.545162736256115,-6.592558572485324,-5.641244539684761,1.2698070974089353,True,0.39705882352941174,0.24210526315789474,False,True,27,False,6.247789037426088,True,2,40
Cc1c(C#N)cc(C(=O)NC(=O)NC2CN3CCC2CC3)cc1C(=O)Cc1ccccc1F,7.371893104893641,42.472409057928935,Tier 1 (<150 nM),-7.24674984167035,Acylurea,False,True,3.8517388064752236,448.4980000000002,2.964800000000001,2,5,102.30000000000001,5,1.610119791776488,6.6830173028878415,6.580364550760709,0.6888758020057999,0.791528554132932,-5.866055082675552,-6.199002223635764,1.0477476180345855,False,0.4918032786885246,0.3068181818181818,False,True,24,False,8.481486060122112,False,3,39
N#CCc1cc(C#N)ccc1Cc1cc(C(CN)n2cccc(O)c2=S)cc(N2CCOCC2)c1,7.367371887846953,42.91687706918277,Tier 1 (<150 nM),-7.954217290910522,3-HPT,True,False,3.654219441400995,485.6130000000003,3.836450000000002,2,7,111.23,7,1.298872325114411,6.766938002505672,5.932247272081791,0.600433885341281,1.4351246157651616,-6.488124483646907,-5.855274228595728,1.4660928072636148,False,0.3561643835616438,0.22580645161290322,False,True,27,False,6.247789037426088,True,2,40
N#Cc1ccc(Cc2cc(Cn3cccc(O)c3=S)cc(N3CCOCC3)c2)c(OCF)c1,7.366436739618365,43.00938775794778,Tier 1 (<150 nM),-7.204600116887458,3-HPT,True,False,2.967623879406217,465.5500000000003,4.576370000000005,1,6,70.65,7,1.591492455871154,6.51878666898757,6.638061467771671,0.8476500706307952,0.7283752718466943,-6.449386890540182,-6.038461796886468,0.7552132263472764,False,0.49230769230769234,0.24444444444444444,False,True,27,False,6.247789037426088,True,2,40
CC(c1cc(Cc2ccc(C#N)cc2N)cc(N2CCOCC2)c1)n1cccc(O)c1=S,7.365877936972386,43.064763152579225,Tier 1 (<150 nM),-7.754891429760594,3-HPT,True,False,3.4280556839830902,446.5760000000002,4.413770000000004,2,6,87.44000000000001,5,1.6890890503085219,6.056702578723097,5.867140156281637,1.3091753582492895,1.4987377806907487,-6.436841246264403,-5.567861674721218,1.318050183496191,False,0.36619718309859156,0.23958333333333334,False,True,27,False,6.247789037426088,True,2,40
N#Cc1ccc(Cc2cc(C(C#N)n3cccc(O)c3=S)cc(N3CCOCC3)c2)c(CCN)c1,7.365576697902247,43.0946444656923,Tier 1 (<150 nM),-7.208154480701784,3-HPT,True,False,3.6478432875548403,485.6130000000004,3.836450000000003,2,7,111.22999999999999,7,1.2061871862047946,6.203557510747234,6.057861867962872,1.1620191871550132,1.3077148299393748,-6.393171284929126,-5.840445514647223,0.8149831957726574,False,0.35135135135135137,0.22826086956521738,False,True,27,False,6.247789037426088,True,2,40
CC(c1cc(Cc2ccc(C#N)cc2CC#N)cc(N2CCOCC2)c1)n1cccc(O)c1=S,7.3647170533064354,43.18003069223906,Tier 1 (<150 nM),-7.9718768382785195,3-HPT,True,False,3.5744156462924144,470.59800000000024,4.897650000000006,1,6,85.21,6,1.4432400557956766,6.01068319139102,5.594356843312595,1.3540338619154157,1.7703602099938403,-6.3992512659542715,-5.444587482521689,1.572625572324248,False,0.352112676056338,0.23958333333333334,False,True,27,False,6.247789037426088,True,2,40
N#CCC(c1cc(Cc2ccc(C#N)cc2CCN)cc(N2CCOCC2)c1)n1cccc(O)c1=S,7.356850132468722,43.969331983811784,Tier 1 (<150 nM),-7.4235845577133315,3-HPT,True,False,3.6766672005469623,499.64000000000027,4.226550000000004,2,7,111.23,8,1.2556299152034882,6.44163178373493,6.023608758475132,0.9152183487337915,1.33324137399359,-6.68190011074782,-5.62780549643712,0.7416844469655111,False,0.34523809523809523,0.22105263157894736,True,True,27,False,6.247789037426088,True,2,40
CCc1ccc(CCCCC(=O)c2cc(C(=O)NC(=O)NC3CN4CCC3CC4)ccc2C#N)cc1,7.355330984132728,44.12340462732576,Tier 1 (<150 nM),-8.069864399645638,Acylurea,True,True,3.7831426346397583,486.61600000000027,4.249980000000003,2,5,102.29999999999998,9,3.6973487098967235,6.723079145218492,5.9408263853589345,0.632251838914236,1.4145045987737932,-5.259868319231484,-6.397720102290428,1.67214429735521,False,0.5161290322580645,0.28888888888888886,False,True,24,False,8.481486060122112,False,3,39
CCCCc1cc(C)c2c(c1CCCC#N)C1=NC(C)CC(O)N1C(=S)S2,7.347118868600972,44.965676471321096,Tier 1 (<150 nM),-7.38988548553539,Cyclic-thione,True,False,4.24563969914217,401.60100000000006,4.733700000000005,1,5,59.62,6,1.470425142829324,6.3995395434544005,6.24943081038974,0.9475793251465712,1.097688058211232,-6.7119242978339,-6.952809832185798,0.4370756533495923,False,0.3188405797101449,0.21505376344086022,True,True,50,False,7.244125144327508,True,6,21
CCCCC1CC2CCN1CC2NC(=O)NC(=O)c1ccc(CBr)c(C(N)=O)c1,7.345349916238262,45.14920252837804,Tier 1 (<150 nM),-8.005144436999233,Acylurea,True,True,4.449452818675246,465.39200000000017,2.7728,3,4,104.53,7,3.692403528761272,7.06403940284143,7.2071482585573685,0.2813105133968321,0.13820165768089332,-5.29037111205151,-6.948719610084425,1.0564248269148075,False,0.45161290322580644,0.27586206896551724,False,True,24,False,8.481486060122112,False,30,2
N#Cc1ccc(Cc2cc(N3CCOCC3)cc(C(N)(N)n3cccc(O)c3=S)c2)c(F)c1,7.344072994435153,45.282146513276984,Tier 1 (<150 nM),-7.3572939462523745,3-HPT,True,False,3.1570092836115196,465.55400000000003,2.9373700000000005,3,7,113.46,5,1.4113290076048153,6.591361778600759,6.04136751431699,0.7527112158343936,1.3027054801181626,-6.811883788266609,-5.766401785439371,0.5454101579857653,False,0.39436619718309857,0.25,False,True,27,False,6.247789037426088,True,2,40
CCc1ccc(CC(=O)c2cc(C(=O)NC(=O)NC3CN4CCC3CC4)ccc2C#N)cc1,7.337651065979868,45.95671038590191,Tier 1 (<150 nM),-8.08067330898123,Acylurea,False,True,3.7301825475659802,444.5350000000003,3.0796800000000015,2,5,102.29999999999998,6,2.456452988961399,6.650359379874175,6.094043729965434,0.6872916861056932,1.243607336014434,-5.937042303155821,-6.610879134021387,1.4697941749598442,False,0.5614035087719298,0.32142857142857145,False,True,24,False,8.481486060122112,False,3,39
N#CCCCc1c(CCCCBr)ccc2c1C1=NC(O)CC(O)N1C(=S)S2,7.336690169208872,46.058504318713624,Tier 1 (<150 nM),-7.797375073687007,Cyclic-thione,True,False,4.330008225457959,468.4420000000002,3.730180000000003,2,6,79.85,7,1.7263971460838776,6.931975085356454,6.669222225298231,0.40471508385241783,0.6674679439106406,-6.725822262638425,-6.885948849244167,0.9114262244428399,False,0.359375,0.18888888888888888,False,True,50,False,7.244125144327508,True,6,21
CC(c1cc(Cc2ccc(C#N)cc2CCNC#N)cc(N2CCOCC2)c1)n1cccc(O)c1=S,7.334202102673091,46.32313008994047,Tier 1 (<150 nM),-7.25234956788963,3-HPT,True,False,3.725450023549202,499.64000000000027,4.444750000000004,2,7,97.24,8,1.2662923946615292,6.355909430152009,5.853032578097037,0.9782926725210821,1.481169524576054,-6.140463932762123,-5.434429376400329,1.111885635127507,False,0.3561643835616438,0.24,False,True,27,False,6.247789037426088,True,2,40
CCc1ccc(CCC(=O)c2cc(C(=O)NC(=O)NC3CN4CCC3CC4)cc(C#N)c2C#N)cc1,7.333633413218136,46.38382791604978,Tier 1 (<150 nM),-7.3985093044109265,Acylurea,False,True,3.9739131394062666,483.5720000000003,3.3414600000000023,2,6,126.08999999999997,7,2.9013009722277343,7.146094864287796,6.136660806778548,0.18753854893034028,1.196972606439588,-6.659222544639319,-6.559080982738813,0.7392867597716073,False,0.5254237288135594,0.29213483146067415,False,True,24,False,8.481486060122112,False,3,39
Cc1ccccc1CC(=O)c1cc(C(=O)NC(=O)NC2CN3CCC2CC3)cc(C#N)c1CO,7.3310734772411354,46.65804340122191,Tier 1 (<150 nM),-7.124329625580103,Acylurea,False,True,3.9653962852619085,460.53400000000033,2.318000000000001,3,6,122.52999999999999,6,2.039973411328823,6.7673916758356425,6.040441380612902,0.563681801405493,1.2906320966282339,-6.798226256961086,-6.6812059086600275,0.3261033686190169,False,0.4918032786885246,0.3181818181818182,False,True,24,False,8.481486060122112,False,3,39
NC(=O)c1cc(C(=O)NC(=O)NC2CN3CCC2CC3)cc(N2CCOCC2)c1-c1ccncc1,7.329150549081678,46.865089518017,Tier 1 (<150 nM),-7.556585779709962,Acylurea,False,True,3.9367675077226583,478.55300000000034,1.2177000000000004,3,7,129.89,5,2.4354803651728556,7.101114819983742,6.575517811991704,0.228035729097936,0.7536327370899745,-6.360466610270257,-6.83907082418893,0.7175149555210316,False,0.5245901639344263,0.26506024096385544,False,True,24,False,8.481486060122112,False,11,12
CCOC1CN(c2cc(Cc3ccc(C#N)cc3N)cc(C(N)n3cccc(O)c3=S)c2)CCO1,7.326994846798574,47.09829148986039,Tier 1 (<150 nM),-7.478163546411834,3-HPT,True,False,4.070680555338232,491.61700000000025,3.672670000000002,3,8,122.69,7,1.6775957822033591,6.245240202531483,6.228386263240636,1.0817546442670913,1.0986085835579384,-6.750719795173324,-5.5035596831920355,0.7274437512385106,False,0.3561643835616438,0.24,False,True,27,False,6.247789037426088,True,4,10
CCc1ccc(CCC(=O)c2cc(C(=O)NC(=O)NC3CN4CCC3CC4)cc(C#N)c2C)cc1,7.326492740631984,47.15277530043559,Tier 1 (<150 nM),-7.37421773855774,Acylurea,False,True,3.8350423675163317,472.5890000000003,3.7782000000000027,2,5,102.29999999999998,7,2.911287153731706,6.615718597483645,5.997080544512483,0.7107741431483392,1.3294121961195016,-5.244006810421633,-6.571618359404818,0.8025993791529222,False,0.5166666666666667,0.2911392405063291,False,True,24,False,8.481486060122112,False,3,39
N#Cc1ccc(C(=O)NC(=O)NC2CN3CCC2CC3)cc1C(=O)Cc1ccc(-c2ccccc2)cc1,7.317967635733786,48.08751826433331,Tier 1 (<150 nM),-7.311230560861523,Acylurea,False,True,3.698935483971887,492.5790000000003,4.184280000000003,2,5,102.30000000000001,6,1.837104476611854,6.706119818067506,6.389838167372171,0.6118478176662796,0.9281294683616146,-5.649771997231491,-6.294838017099908,1.016392543761615,False,0.5081967213114754,0.34523809523809523,False,True,24,False,8.481486060122112,False,3,39
CCc1cc(C(=O)CC#N)c(N2CCOCC2)c2c1SC(=S)N1CCC(S(C)(=O)=O)N=C21,7.3129721443369435,48.64384048669676,Tier 1 (<150 nM),-7.244866023094571,Cyclic-thione,True,False,4.248754355234051,492.6480000000002,2.3955800000000007,0,9,103.07000000000001,5,1.0823895851902705,6.601709218082944,6.06528497011867,0.7112629262539993,1.2476871742182736,-6.6354845997023135,-6.418236315908204,0.6093814233922572,False,0.3617021276595745,0.2608695652173913,False,True,50,False,7.244125144327508,True,20,4
N#Cc1ccc(Cc2cc(C(CO)n3cccc(O)c3=S)cc(N3CCOCC3)c2)c(C#N)c1,7.3126547499605286,48.679403739655505,Tier 1 (<150 nM),-7.521880757461442,3-HPT,True,False,3.5559488738895606,472.57000000000033,3.6756500000000027,2,7,105.44,6,1.458205810534601,6.397951379105532,5.812295246674315,0.9147033708549968,1.5003595032862131,-6.234766075058487,-5.87357436018806,1.2871146824029553,False,0.3611111111111111,0.23076923076923078,False,True,27,False,6.247789037426088,True,5,3
N#Cc1ccc(Cc2cc(C(F)n3cccc(O)c3=S)cc(N3CCOC(CN)C3)c2)c(CN)c1,7.307777158214703,49.22920719409409,Tier 1 (<150 nM),-8.069595052900189,3-HPT,True,False,4.045930904988581,493.60800000000035,3.5246700000000013,3,7,113.46,7,1.4474674927786038,6.290568856416324,6.801197075740478,1.0172083017983793,0.5065800824742253,-6.9833746096216345,-5.7023727533474045,1.0862204432785543,False,0.36619718309859156,0.20754716981132076,False,True,27,False,6.247789037426088,True,4,10
NC(=O)c1cc(C(=O)NC(=O)NC2CN3CCC2CC3)cc(N2CCOCC2)c1Br,7.298391400587537,50.30470417595876,Tier 1 (<150 nM),-7.519631504098299,Acylurea,False,True,3.9390374834956337,480.3630000000003,0.9182000000000003,3,6,116.99999999999999,4,2.1285664915457074,6.849712075625876,6.539914503333303,0.4486793249616614,0.7584768972542344,-6.212931489059142,-6.649282677376752,0.8703488267215462,False,0.6153846153846154,0.25842696629213485,False,True,24,False,8.481486060122112,False,11,12
CCCCCc1ccc(CC(=O)c2cc(C(=O)NC(=O)NC3CN4CCC3CC4)ccc2C#N)cc1,7.297009516756297,50.46502389704294,Tier 1 (<150 nM),-7.856992806401479,Acylurea,True,True,3.7741587660811327,486.61600000000027,4.249980000000003,2,5,102.29999999999998,9,2.608131104291958,6.762840755378114,6.207750288931859,0.5341687613781838,1.0892592278244386,-5.077853904283849,-6.422456368880922,1.4345364375205572,False,0.5,0.30337078651685395,False,True,24,False,8.481486060122112,False,3,39
CC(=O)C1(F)CN(c2cc(Cc3ccc(C#N)cc3N)cc(Cn3cccc(O)c3=S)c2)CCO1,7.2832538256124195,52.08901852125197,Tier 1 (<150 nM),-7.165063289449926,3-HPT,True,False,3.8171204304119843,492.57600000000025,4.107570000000003,2,7,104.51000000000002,6,1.1569199296640973,6.751053285448698,6.296398566815999,0.5322005401637213,0.9868552587964201,-6.586571415870258,-5.769560522061789,0.5784918735796678,False,0.4444444444444444,0.2222222222222222,False,True,27,False,6.247789037426088,True,2,40
CC(=O)C1C(NC(=O)NC(=O)c2ccc(ON)c(N3CCOCC3)c2)C2CCN1CC2,7.282346875646002,52.197911216174816,Tier 1 (<150 nM),-7.443286446687096,Acylurea,True,True,4.299744730658246,431.49300000000034,0.266900000000001,3,8,126.23,5,2.2678608513243543,6.730443598756157,5.567575654353965,0.5519032768898455,1.714771221292037,-5.978670121174228,-6.732466427333782,0.7108200193533136,False,0.41025641025641024,0.3146067415730337,False,True,24,False,8.481486060122112,False,32,2
COCC(=O)c1c(OC(C#N)C2CC2)c(Cc2ccncc2)cc(-c2cscn2)c1C(=O)O,7.279069076405559,52.593360773501985,Tier 1 (<150 nM),-7.426010446243806,Carboxylate,False,False,3.767743620039563,463.5150000000001,4.0041800000000025,1,8,122.40000000000002,10,1.039732371224174,6.666438700050223,6.564042002358006,0.6126303763553356,0.7150270740475531,-6.896535762626088,-6.653313645013302,0.5294746836177184,False,0.37662337662337664,0.23333333333333334,False,True,148,False,9.69897000433602,False,1,49
CCc1ccc(CCC(=O)c2cc(C(=O)NC(=O)NC3CN4CCC3CC4)ccc2C#N)cc1,7.278016874221484,52.72093766573196,Tier 1 (<150 nM),-7.683401063013757,Acylurea,False,True,3.7438106587749926,458.56200000000024,3.469780000000002,2,5,102.29999999999998,7,3.58544070172586,6.791592340909373,6.024583001427048,0.48642453331211044,1.253433872794436,-5.708113148156438,-6.896933018090446,0.7864680449233106,False,0.5964912280701754,0.2988505747126437,False,True,24,False,8.481486060122112,False,3,39
CNC(=O)c1cc2c(c(C)c1C)CN(C(=O)[C@H](N)Cc1ccc(C(C)Cl)cc1Cl)C2,7.2747547071263305,53.118437655457896,Tier 1 (<150 nM),-8.068333139665661,alpha-amino-amide,True,False,3.528754744401313,448.39400000000023,4.0284400000000025,2,3,75.43,5,2.5703914383426794,6.15741681048432,5.890440955224888,1.1173378966420104,1.3843137519014421,-5.965472329430174,-6.474714364321507,1.5936187753441544,False,0.5846153846153846,0.2916666666666667,False,True,59,False,6.995678626217357,True,0,57
CCCCC(=O)c1cc(C(=O)NC(=O)NC2CN3CCC2CC3)cc(C#N)c1CCCO,7.273685319484134,53.24939532748204,Tier 1 (<150 nM),-7.524822827926449,Acylurea,False,True,4.013995781388673,440.5440000000004,2.3896800000000007,3,6,122.52999999999999,9,2.4077261818379507,6.401881709548824,5.880806043578919,0.8718036099353101,1.3928792759052149,-5.95339525695541,-6.710546239654801,0.8142765882716478,False,0.5,0.25274725274725274,False,True,24,False,8.481486060122112,False,3,39
Cc1ccccc1CC(=O)c1cc(C(=O)NC(=O)NC2CN3CCC2CC3)cc(C#N)c1O,7.271105064853226,53.56670528538204,Tier 1 (<150 nM),-7.522560429960836,Acylurea,False,True,3.8768107667729925,446.5070000000003,2.531300000000001,3,6,122.52999999999999,5,2.0706613878062274,6.820272156755509,6.300645407639954,0.45083290809771714,0.9704596572132722,-6.679930229909127,-6.5181848323123575,0.8426302000517092,False,0.5254237288135594,0.32558139534883723,False,True,24,False,8.481486060122112,False,3,39
N#CCCCOCC(OO)C(c1ccc(C#N)cc1C#N)(C1CC1)n1cccc(O)c1=S,7.267301154437778,54.037947564519165,Tier 1 (<150 nM),-7.9699517708864365,3-HPT,True,False,4.36777717027917,450.5200000000002,3.9987300000000032,2,8,135.22,10,1.4899171745295563,5.965981241591382,6.529881991490886,1.3013199128463961,0.7374191629468916,-6.554184366944876,-6.418365919846694,1.4157674039415609,False,0.38095238095238093,0.23076923076923078,False,True,27,False,6.247789037426088,True,27,4
CC(C)CC(N)C(=O)c1c(OCC#N)c(Cc2ccncc2)cc(-c2cscn2)c1C(=O)O,7.266592148055347,54.12623913266202,Tier 1 (<150 nM),-7.265201251614262,Carboxylate,False,False,3.619214684879352,464.54700000000014,3.952580000000002,2,8,139.19,10,1.224922888134365,6.7787295255466296,6.445724359551657,0.48786262250871726,0.8208677885036897,-6.8349176666195195,-6.664819432817549,0.4302835849947426,False,0.32038834951456313,0.27710843373493976,True,True,148,False,9.69897000433602,False,1,49
N#CCC(c1cc(Cc2ccc(C#N)cc2C#N)cc(N2CCOCC2)c1)n1cccc(O)c1=S,7.266088032282835,54.189103696764995,Tier 1 (<150 nM),-8.051064982411646,3-HPT,True,False,3.6778271337086865,481.5810000000003,4.597030000000005,1,7,109.00000000000001,6,1.3253746482706112,6.099189102192366,5.974401533801922,1.1668989300904693,1.2916864984809129,-6.563611252901962,-5.742361704568962,1.4874537295096832,False,0.35789473684210527,0.23076923076923078,False,True,27,False,6.247789037426088,True,5,3
CC(c1cc(Cc2ccc(C#N)cc2CN)cc(N2CCOC(CN)C2)c1)n1cccc(O)c1=S,7.265932248614638,54.2085450941062,Tier 1 (<150 nM),-8.051835575505033,3-HPT,True,False,3.921375660233336,489.64500000000027,3.617570000000002,3,7,113.46,7,1.7790626432867365,6.256529884291129,6.312200543787232,1.0094023643235088,0.9537317048274057,-6.5544713511344534,-5.452929682195095,1.4973642243705791,False,0.36082474226804123,0.21100917431192662,False,True,27,False,6.247789037426088,True,4,10
COc1cc(C#N)ccc1Cc1cc(Cn2cccc(O)c2=S)cc(N2CCOCC2)c1,7.265748646284223,54.23146714295786,Tier 1 (<150 nM),-7.386916641431937,3-HPT,True,False,2.768744685539751,447.5600000000003,4.279170000000003,1,6,70.64999999999999,6,1.6226909801769982,6.615837600286192,5.9463970314023396,0.6499110459980306,1.3193516148818833,-6.755832469554916,-6.297976016742264,0.6310841718770215,False,0.46153846153846156,0.2682926829268293,False,True,27,False,6.247789037426088,True,2,40
CNC(=O)c1cc2c(c(C)c1CCl)CN(C(=O)[C@H](N)Cc1ccc(C(C)Cl)cc1Cl)C2,7.26550444567646,54.26196967478257,Tier 1 (<150 nM),-7.991967630306854,alpha-amino-amide,True,False,3.6976875288186335,482.83900000000017,4.458820000000004,2,3,75.43,6,2.810587886400696,5.963123265155401,6.014268928791988,1.302381180521059,1.2512355168844724,-5.821058921216153,-6.411327744918862,1.580639885387992,False,0.5588235294117647,0.27631578947368424,False,True,59,False,6.995678626217357,True,0,57
CCCCOCC(OO)C(c1ccc(C#N)cc1C#N)(C1CC1)n1cccc(O)c1=S,7.265017873985942,54.32279737389271,Tier 1 (<150 nM),-7.305049666794589,3-HPT,True,False,4.2282714158618235,439.5370000000002,4.495050000000005,2,7,111.42999999999999,10,1.3245794111224842,5.918506862424612,6.386561343911827,1.3465110115613292,0.8784565300741143,-5.549548393095755,-6.288232691884341,1.016816974910248,False,0.34615384615384615,0.25287356321839083,True,True,27,False,6.247789037426088,True,27,4
N#Cc1ccc(Cc2cc(N3CCOCC3)cc(C(N)(O)n3cccc(O)c3=S)c2)c(F)c1,7.2623604590416155,54.6562134781002,Tier 1 (<150 nM),-7.321823946660841,3-HPT,True,False,3.564065208128893,466.538,2.9709700000000003,3,7,107.67,5,1.8734612123512215,6.702514242052913,6.206877805350654,0.5598462169887028,1.0554826536909614,-6.711535039818891,-5.774616138210467,0.6102889068419497,False,0.4074074074074074,0.24210526315789474,False,True,27,False,6.247789037426088,True,15,2
Cc1c(OCN)cc(C(=O)NC(=O)NC2CN3CCC2CC3)cc1N1CCOCC1,7.2613699502874125,54.7810118433168,Tier 1 (<150 nM),-7.298042092850591,Acylurea,True,True,3.920748930407136,417.5100000000004,0.6602200000000005,3,7,109.15999999999998,5,1.9520809643512467,6.677126101247073,6.154502200333913,0.5842438490403392,1.1068677499534996,-5.878375568895868,-6.475999417530354,0.8220426753202368,False,0.5344827586206896,0.3026315789473684,False,True,24,False,8.481486060122112,False,11,12
CNC(Cl)c1ccc(C[C@@H](N)C(=O)N2Cc3cc(C(=O)Cl)c(C)c(C)c3C2)c(Cl)c1,7.2591037192652585,55.06761668773857,Tier 1 (<150 nM),-7.331073626432934,alpha-amino-amide,True,False,3.8273325221790913,468.81200000000024,4.204840000000003,2,4,75.43,6,2.6941978896949865,5.760587170174632,5.765880446915991,1.4985165490906267,1.493223272349267,-6.026595564638381,-6.532027772567141,0.7990458538657927,True,0.5081967213114754,0.24444444444444444,False,True,59,False,6.995678626217357,True,0,57
N#Cc1ccc(C(=O)NC(=O)NC2CN3CCC2CC3)cc1C(=O)Cc1ccccc1,7.258448878559454,55.150711727285355,Tier 1 (<150 nM),-8.273688170858234,Acylurea,False,True,3.6517254003306583,416.4810000000002,2.5172800000000004,2,5,102.30000000000001,5,1.9336086569596618,6.628212643755603,5.907331280141195,0.630236234803851,1.3511175984182593,-6.197593551054758,-6.612799948475173,1.6608882223830612,False,0.5344827586206896,0.345679012345679,False,True,24,False,8.481486060122112,False,3,39
CCc1c(C)c(C(=O)NC)cc2c1CN(C(=O)[C@H](N)Cc1ccc(C(Cl)NC)cc1Cl)C2,7.2559387907282895,55.47038871687604,Tier 1 (<150 nM),-7.548525940010024,alpha-amino-amide,True,False,3.831558280761092,477.43600000000015,3.439420000000002,3,4,87.46000000000001,7,2.4022744322447402,6.379424315365784,5.774892679989287,0.8765144753625052,1.481046110739003,-5.872103902578611,-6.860363038690497,0.6881629013195276,False,0.5735294117647058,0.2891566265060241,False,True,59,False,6.995678626217357,True,0,57
CCOc1cc(C#N)ccc1Cc1cc(Cn2cccc(O)c2=S)cc(N2CCOCC2)c1,7.253945112057594,55.725617283377986,Tier 1 (<150 nM),-7.326537831001884,3-HPT,True,False,2.8014248510661375,461.5870000000003,4.669270000000004,1,6,70.64999999999999,7,1.5914924558711547,6.759894540424181,6.1318460303744935,0.49405057163341315,1.1220990816831007,-6.7671738532622365,-6.150391927222255,0.5593639777396477,False,0.484375,0.2840909090909091,False,True,27,False,6.247789037426088,True,2,40
COc1ccc(C(=O)NC(=O)NC2CN3CCC2C(N2CCOCC2)C3)cc1S(C)(=O)=O,7.251939555912026,55.983551266759605,Tier 1 (<150 nM),-7.332641633929214,Acylurea,False,True,4.486181947242265,466.56000000000034,-0.05699999999999772,2,8,117.27999999999997,5,2.8407888591412265,6.79483605971675,6.593608351917274,0.457103496195276,0.6583312039947522,-6.451796166148086,-6.700679051608773,0.6319625823204404,False,0.4918032786885246,0.3409090909090909,False,True,24,False,8.481486060122112,False,48,1
CCCC1CC2CCN1CC2NC(=O)NC(=O)c1ccc(CBr)c(C(N)=O)c1,7.251345206010337,56.06021951437718,Tier 1 (<150 nM),-8.398687048056189,Acylurea,True,True,4.455177098621417,451.3650000000002,2.3827,3,4,104.53,6,3.7973271099579575,7.156674009461319,7.027353050849569,0.09467119654901879,0.22399215516076865,-5.6996942542056654,-6.990309362248134,1.4083776858080554,False,0.4603174603174603,0.2823529411764706,False,True,24,False,8.481486060122112,False,30,2
COC(c1cc(Cc2ccc(C#N)cc2C#N)cc(N2CCOCC2)c1)n1cccc(O)c1=S,7.2437129702261025,57.0541224374907,Tier 1 (<150 nM),-7.562470609887764,3-HPT,True,False,3.6659801189331764,472.5700000000003,4.287250000000005,1,7,94.44000000000001,6,1.3135272544662526,5.7691647682777365,5.6510868864942925,1.474548201948366,1.59262608373181,-6.540443648971874,-5.871613728017049,1.0220269609158894,True,0.391304347826087,0.23232323232323232,False,True,27,False,6.247789037426088,True,2,40
CC(=O)Cc1c(C#N)cc(C(=O)NC(=O)NC2CN3CCC2CC3)cc1C(=O)Cc1ccccc1,7.243381347638728,57.097704988159066,Tier 1 (<150 nM),-7.307460186691173,Acylurea,False,True,3.9564521577261207,472.54500000000036,2.6487800000000004,2,6,119.37,7,1.6588273944855327,6.8663048782553915,5.897784960007605,0.3770764693833364,1.3455963876311232,-6.894747434161994,-6.607075463405662,0.4127127525291785,False,0.5,0.3218390804597701,False,True,24,False,8.481486060122112,False,3,39
Cc1c(C#N)cc(C(=O)NC(=O)NC2(C)C3CCN(CC3)C2c2ccccc2)cc1C(=O)CN,7.239833019686509,57.56612286949856,Tier 1 (<150 nM),-7.581023283513295,Acylurea,False,True,4.464280113590016,459.55000000000024,2.6731,3,6,128.32000000000002,5,2.1440756955002866,6.484739046694043,6.57901211803688,0.7550939729924666,0.6608209016496289,-6.068201726030959,-6.838247641328881,0.742775642184414,False,0.3626373626373626,0.2777777777777778,False,True,24,False,8.481486060122112,False,47,1
Cc1c(C#N)cc(C(=O)NC(=O)NC2CN3CCC2CC3)cc1C(=O)CNOC(C)C,7.23732651531751,57.89932286732842,Tier 1 (<150 nM),-8.114731837357812,Acylurea,True,True,4.271446937586191,427.5050000000002,1.5126,3,7,123.56000000000002,7,1.5222664742931817,6.920337416888859,6.199512185585887,0.31698909842865053,1.0378143297316234,-6.864409667650908,-6.472672884878043,1.2503221697069042,False,0.5344827586206896,0.2553191489361702,False,True,24,False,8.481486060122112,False,3,39
CCCc1cc(C(=O)NC(=O)NC2CN3CCC2CC3)cc(C(N)=O)c1N1CCOCC1,7.236804844715996,57.968912797026206,Tier 1 (<150 nM),-7.3984370114609,Acylurea,False,True,3.933221715454609,443.54800000000034,1.108200000000001,3,6,117.0,6,2.784216364872008,6.869458539615759,6.777261989329459,0.367346305100237,0.4595428553865375,-6.4822819235619935,-6.591059790673657,0.8073772207872434,False,0.5344827586206896,0.3116883116883117,False,True,24,False,8.481486060122112,False,11,12
CNCc1cc(-c2cscn2)c(C(=O)O)c(C(=O)COC)c1O,7.2320250421498065,58.610436777665555,Tier 1 (<150 nM),-7.497090840051142,Carboxylate,True,False,2.9802628498969117,336.3690000000001,1.7624,3,7,108.75,7,1.2233725488627416,6.556413538163906,6.4944429495581,0.6756115039859001,0.7375820925917065,-6.709589188682404,-6.801866129376832,0.6952247106743092,False,0.3484848484848485,0.25,True,True,148,False,9.69897000433602,False,19,1
CCc1ccccc1CC(=O)c1cc(C(=O)NC(=O)NC2CN3CCC2CC3)ccc1C#N,7.226475946318513,59.36412264851288,Tier 1 (<150 nM),-7.1685314857156595,Acylurea,False,True,3.810366508286112,444.53500000000025,3.0796800000000015,2,5,102.29999999999998,6,2.3683741452588096,6.649609207309664,5.868321358154375,0.5768667390088487,1.3581545881641377,-5.5899405155296975,-6.600968974059671,0.5675625116559884,False,0.5517241379310345,0.32142857142857145,False,True,24,False,8.481486060122112,False,3,39
Cc1cccc(CC(=O)c2cc(C(=O)NC(=O)NC3C4CCN(CC4)C3C#N)cc(C#N)c2C)c1,7.2226518747952255,59.8891466862356,Tier 1 (<150 nM),-7.100288593742644,Acylurea,False,True,4.36051028465037,469.54500000000036,3.0263000000000018,2,6,126.08999999999997,5,2.889125843504099,6.6694415254096215,5.602910551367822,0.553210349385604,1.6197413234274034,-6.787217597241282,-6.367308215114116,0.31307099650136205,False,0.3684210526315789,0.28735632183908044,False,True,24,False,8.481486060122112,False,3,39
N#CCC(c1cc(Cc2ccc(C#N)cc2N)cc(N2CCOCC2)c1)n1cccc(O)c1=S,7.222384989758286,59.92596140513605,Tier 1 (<150 nM),-7.846747012697238,3-HPT,True,False,3.6200851149680693,471.5860000000003,4.3075500000000035,2,7,111.23,6,1.4290476173216822,6.373081124791796,5.907694879526194,0.8493038649664904,1.3146901102320916,-6.569266187996079,-5.6112100087739085,1.2774808247011586,False,0.35135135135135137,0.22826086956521738,False,True,27,False,6.247789037426088,True,2,40
COc1cc2c(c(O)c1C(O)CCCCC#N)C1=NC(S(C)(=O)=O)CCN1C(=S)S2,7.2150482327792425,60.946920578350564,Tier 1 (<150 nM),-7.620562201867227,Cyclic-thione,True,False,4.4491755073781745,469.6100000000001,2.7317800000000005,2,9,123.21999999999998,7,2.0754431847258497,6.689865234007537,6.533468693097995,0.5251829987717054,0.6815795396812474,-6.648991132899035,-6.918800825363707,0.7017613765035202,False,0.3787878787878788,0.25,False,True,50,False,7.244125144327508,False,9,15
CCCC1CC2CCN1CC2NC(=O)NC(=O)c1ccc(N2CCOCC2)c(C(N)=O)c1,7.214682590989203,60.998254697708234,Tier 1 (<150 nM),-8.027735858692855,Acylurea,False,True,4.385466630251563,443.54800000000034,1.3244000000000014,3,6,117.0,6,4.144270122660251,7.301650931097129,7.137256037973641,-0.08696834010792553,0.07742655301556223,-6.403885779797919,-6.472988515794202,1.5547473428986534,False,0.4731182795698925,0.30526315789473685,False,True,24,False,8.481486060122112,False,11,12
CNC(=O)c1cc2c(c(C)c1CC(Cl)NC)CN(C(=O)[C@H](N)Cc1ccc(O)cc1Cl)C2,7.210865211763697,61.53678294865262,Tier 1 (<150 nM),-7.441775843203634,alpha-amino-amide,True,False,3.876265442564806,479.40800000000024,2.4526200000000005,4,5,107.69000000000001,7,2.57946410842237,6.645998800861208,6.531491531561601,0.5648664109024892,0.6793736802020964,-5.717435273495338,-6.8695135604080395,0.5722622827955943,False,0.609375,0.27058823529411763,False,True,59,False,6.995678626217357,True,0,57
CCc1c(C#N)cc(C(=O)NC(=O)NC2CN3CCC2CC3)cc1C(=O)Cc1ccccc1,7.210693956255108,61.56105355673336,Tier 1 (<150 nM),-7.644238332298347,Acylurea,False,True,3.8283812382370117,444.53500000000025,3.0796800000000015,2,5,102.30000000000001,6,1.6585784232789254,6.476910536009187,5.750952429960308,0.7337834202459206,1.4597415262948,-5.559939293673724,-6.315635704137765,1.3286026281605814,False,0.5079365079365079,0.32558139534883723,False,True,24,False,8.481486060122112,False,3,39
CC1CC(O)N2C(=S)Sc3ccc(CCCCC#N)c(CCCC#N)c3C2=N1,7.209915144483342,61.671548830889364,Tier 1 (<150 nM),-7.851381017277556,Cyclic-thione,True,False,4.258575630554932,412.5840000000003,4.319060000000003,1,6,83.41,7,2.0293005343691957,6.222660490216655,6.435772631481536,0.9872546542666871,0.7741425130018058,-6.753696536364582,-6.802637715127915,1.0487433021496413,False,0.3384615384615385,0.18888888888888888,True,True,50,False,7.244125144327508,False,6,21
N#CCc1cc(C#N)ccc1CCc1cc(Cn2cccc(O)c2=S)cc(N2CCOC(CN)C2)c1,7.209360920897898,61.7503010298225,Tier 1 (<150 nM),-7.29543088600595,3-HPT,True,False,3.6312867673878904,499.64000000000027,3.8583500000000024,2,7,111.22999999999999,8,1.066930644229063,7.090803449360157,6.477363063861998,0.11855747153774043,0.7319978570358998,-6.695315110404301,-6.023275804177173,0.6001157756016493,False,0.4696969696969697,0.21428571428571427,False,True,27,False,6.247789037426088,True,2,40
NCC1CC2CCN1CC2NC(=O)NC(=O)c1ccc(Cl)c(Cc2cccc(N)c2)c1,7.208067692415284,61.93445318404801,Tier 1 (<150 nM),-8.00214825693645,Acylurea,True,True,4.32937219516201,441.96300000000025,2.373899999999999,4,5,113.48,5,2.4881680971948725,7.015095085713489,7.067169183841556,0.19297260670179472,0.140898508573728,-6.486653209865575,-6.3567727852817075,1.5154950470708757,False,0.4444444444444444,0.3048780487804878,False,True,24,False,8.481486060122112,False,46,1
CCc1ccc(Cc2ccc(C(=O)NC(=O)NC3CN4C(C)CC3CC4C)cc2CCC#N)cc1,7.208038324364434,61.93864148426059,Tier 1 (<150 nM),-9.751069714968619,Acylurea,False,True,4.490848934939185,472.6330000000003,4.606580000000005,2,4,85.23,7,4.031396409512547,6.916086807582463,5.884985585646938,0.29195151678197107,1.3230527387174957,-5.86018150042061,-6.575679114766196,3.175390600202423,False,0.373134328358209,0.3246753246753247,False,True,24,False,8.481486060122112,False,45,1
CCc1c(C#N)cc(C(=O)NC(=O)NC2CN3CCC2CC3)cc1C(=O)Cc1ccc(O)cc1,7.205910860600004,62.242802606739275,Tier 1 (<150 nM),-7.4762078376065055,Acylurea,False,True,3.9338905160311395,460.5340000000003,2.78528,3,6,122.53000000000002,6,1.5790363091132635,6.7240839325854775,6.123170889836582,0.4818269280145264,1.0827399707634218,-6.942664903710909,-6.780133912927311,0.5335429338955961,False,0.5344827586206896,0.29213483146067415,False,True,24,False,8.481486060122112,False,3,39
N#Cc1cc(C(=O)NC(=O)NC2CN3CCC2CC3)cc(C(=O)Cc2ccccc2)c1CO,7.205056314375613,62.36539618769533,Tier 1 (<150 nM),-7.923903131058442,Acylurea,False,True,3.881042285700186,446.50700000000023,2.00958,3,6,122.53000000000002,6,2.0798838991136077,6.798496826663772,5.732521511245298,0.40655948771184036,1.4725348031303147,-6.976379635132433,-6.337823769159976,0.9475234959260082,False,0.5,0.313953488372093,False,True,24,False,8.481486060122112,False,3,39
CCc1cc(C#N)ccc1Cc1cc(Cn2cccc(O)c2=S)cc(N2CCOCC2)c1,7.203027466925175,62.6574235773964,Tier 1 (<150 nM),-7.529304175844271,3-HPT,True,False,2.832558899586573,445.58800000000025,4.832970000000005,1,5,61.42,6,1.6226909801769982,6.437904629416456,5.847419032755104,0.7651228375087182,1.3556084341700707,-6.793345749136698,-6.180292367507907,0.7359584267075734,False,0.47619047619047616,0.25806451612903225,False,True,27,False,6.247789037426088,True,2,40
N#CCc1cc(C#N)ccc1Cc1cc(C(CC#N)n2cccc(O)c2=S)cc(N2CCOCC2)c1,7.202602605229276,62.71875008710323,Tier 1 (<150 nM),-7.934691568483567,3-HPT,True,False,3.7548979697777316,495.6080000000003,4.7914300000000045,1,7,109.00000000000001,7,1.242273091151958,6.251539586629447,5.798642298077252,0.9510630185998288,1.4039603071520244,-6.700933722613558,-5.7552056843616395,1.2337578458700085,False,0.35,0.22826086956521738,False,True,27,False,6.247789037426088,True,2,40
NC(=O)c1cc(C(=O)NC(=O)NC2CN3CCC2CC3)cc(Cc2ccccc2)c1N1CCOCC1,7.201560823278273,62.86937988990337,Tier 1 (<150 nM),-7.182466152799858,Acylurea,False,True,3.8876807342548565,491.5920000000004,1.746500000000001,3,6,116.99999999999999,6,2.901774320162959,6.843467492771558,6.668675767157384,0.35809333050671466,0.5328850561208887,-6.437406104958502,-6.5686014992058,0.6138646535940575,False,0.5081967213114754,0.30337078651685395,False,True,24,False,8.481486060122112,False,11,12
N#CCCC(OO)C(COCc1ccc(C#N)cc1F)(C1CC1)n1cccc(O)c1=S,7.199631624543757,63.1492759532128,Tier 1 (<150 nM),-7.594645514446878,3-HPT,True,False,4.3085436877759555,443.50000000000017,4.4180500000000045,2,7,111.43000000000002,10,1.5496241663276347,6.2584944458869085,6.152466794702036,0.9411371786568488,1.047164829841721,-6.488457159951502,-6.304616194841496,1.1061883544953757,False,0.35514018691588783,0.20833333333333334,False,True,27,False,6.247789037426088,True,27,4
CNC(=O)c1cc2c(c(C)c1CO)CN(C(=O)[C@H](N)Cc1ccc(C(C)Cl)cc1Cl)C2,7.198950915357699,63.24833315931292,Tier 1 (<150 nM),-8.165571756563747,alpha-amino-amide,True,False,3.6633886277197316,464.39300000000026,3.212320000000002,3,4,95.66,6,2.671573067972086,6.224190355345247,5.985579131604189,0.9747605600124523,1.2133717837535096,-6.467024734786526,-6.695367172849765,1.4702045837139819,False,0.5757575757575758,0.27631578947368424,False,True,59,False,6.995678626217357,True,0,57
N#Cc1ccc(Cc2cc(C(F)n3cccc(O)c3=S)cc(N3CCOCC3)c2)c(N)c1,7.19834505882135,63.336628448744015,Tier 1 (<150 nM),-7.675148564463641,3-HPT,True,False,3.5635608403651684,450.53900000000027,4.320870000000004,2,6,87.44,5,1.6009899066096882,6.032595464529118,6.4323877312003255,1.1657495942922322,0.7659573276210248,-6.668294801548421,-5.796705248539625,1.0068537629152203,False,0.38028169014084506,0.24444444444444444,False,True,27,False,6.247789037426088,True,2,40
N#Cc1cc(C(=O)NC(=O)NC2C3CCN(CC3)C2O)cc(C(=O)Cc2ccccc2)c1CCl,7.197491262516019,63.461266849843945,Tier 1 (<150 nM),-7.025385897542758,Acylurea,True,True,4.3724726439543895,480.9520000000002,2.5744799999999994,3,6,122.53,6,2.911282650473366,6.5617404622941775,6.042250455480178,0.6357508002218415,1.1552408070358409,-6.763949457855328,-6.301671713624284,0.26143643968743024,False,0.36764705882352944,0.2894736842105263,False,True,24,False,8.481486060122112,False,3,39
CNC(=O)c1cc2c(c(C)c1CCl)CN(C(=O)[C@H](N)Cc1ccc(C(C)C)cc1Cl)C2,7.194982525362228,63.828916841328315,Tier 1 (<150 nM),-8.176230706551188,alpha-amino-amide,True,False,3.2992435877085695,462.42100000000016,4.282420000000004,2,3,75.43,6,2.810587886400696,5.929024075228517,5.990298074322884,1.265958450133711,1.204684451039344,-6.029877180567389,-6.728592546713762,1.4476381598374255,True,0.5757575757575758,0.3150684931506849,False,True,59,False,6.995678626217357,True,0,57
N#Cc1cc(C(=O)NC(=O)NC2CN3CCC2CC3)cc(C(=O)CO)c1CCCc1ccccc1,7.191022217476093,64.41363121856278,Tier 1 (<150 nM),-7.182515614279629,Acylurea,False,True,3.9534628710128343,474.5610000000003,2.4421799999999996,3,6,122.53000000000002,8,3.2407187985609673,6.43098514469447,5.861318315055571,0.760037072781623,1.3297039024205226,-5.923340986604686,-6.751759798798029,0.4307558154816,False,0.47619047619047616,0.28888888888888886,False,True,24,False,8.481486060122112,False,3,39
N#CCOc1c(CCc2ccncc2)cc(-c2cscn2)c(C(=O)O)c1C(=O)COF,7.185956441679385,65.16937535418957,Tier 1 (<150 nM),-7.3766845102932095,Carboxylate,False,False,3.301364018287713,441.4400000000002,3.674680000000002,1,8,122.40000000000002,10,1.2614248978348037,6.606166582892005,7.006031067643294,0.5797898587873798,0.17992537403609088,-6.70037199047811,-6.763425268372227,0.6132592419209821,False,0.32432432432432434,0.25882352941176473,True,True,148,False,9.69897000433602,False,1,49
N#Cc1cc(C(=O)NC(=O)NC2CN3CCC2CC3)cc(C(=O)Cc2ccccc2)c1-c1ccccc1,7.184982086360452,65.31574933227208,Tier 1 (<150 nM),-7.069753789713908,Acylurea,False,True,3.8057734422752665,492.57900000000024,4.184280000000003,2,5,102.30000000000001,6,2.2017886862874825,6.519791553898173,6.126367620082969,0.6651905324622787,1.0586144662774828,-5.274236864041101,-6.128957072058088,0.9407967176558198,False,0.5344827586206896,0.3176470588235294,False,True,24,False,8.481486060122112,False,3,39
CC(=O)c1c(C#N)cc(C(=O)NC(=O)NC2CN3CCC2CC3)cc1C(=O)Cc1ccccc1,7.177126204817823,66.50798576847535,Tier 1 (<150 nM),-7.817907910567812,Acylurea,False,True,3.8686866698772926,458.5180000000003,2.7198800000000007,2,6,119.37,6,1.6942309802521698,7.115922888202539,5.848659776865253,0.06120331661528322,1.32846642795257,-6.84737836333376,-6.359048375467243,0.9705295472340518,False,0.5079365079365079,0.32558139534883723,False,True,24,False,8.481486060122112,False,3,39
N#Cc1cc(C(=O)NC(=O)NC2CN3CCC2CC3)cc(C(=O)Cc2ccccc2)c1O,7.175667575195024,66.73173627753839,Tier 1 (<150 nM),-8.095741009665739,Acylurea,False,True,3.7896781820649217,432.4800000000002,2.2228800000000004,3,6,122.53000000000002,5,2.105044472442834,6.885824308905429,6.003101631309448,0.2898432662895951,1.1725659438855756,-6.501284002462422,-6.703437199427338,1.3923038102384009,False,0.543859649122807,0.32142857142857145,False,True,24,False,8.481486060122112,False,3,39
N#CCc1cc(C#N)ccc1-c1cc(Cn2cccc(O)c2=S)cc(N2CCOC(CN)C2)c1,7.175306030433539,66.78731274921559,Tier 1 (<150 nM),-7.676023764343646,3-HPT,True,False,3.5853583901464994,471.5860000000003,3.7401500000000016,2,7,111.22999999999999,6,1.2878173144173373,6.809254298673919,7.087273442511727,0.3660517317596206,0.08803258792181179,-6.644941008096659,-5.85227724520501,1.0310827562469873,False,0.5,0.21153846153846154,False,True,27,False,6.247789037426088,True,4,10
N#CCC(=O)c1cc(C(=O)NC(=O)NC2CN3CCC2CC3)ccc1Cc1ccccc1,7.175266389283467,66.7934091810858,Tier 1 (<150 nM),-7.999119163671225,Acylurea,False,True,3.7355164837298105,430.5080000000002,2.9073800000000007,2,5,102.3,6,2.1747617174873923,6.726249242770293,5.8567052827297745,0.4490171465131745,1.3185611065536929,-6.160046104814472,-6.995009397173433,1.004109766497792,False,0.5,0.35365853658536583,False,False,24,False,8.481486060122112,False,3,39
N#CCC(=O)c1ccc(Cc2ccc(C(=O)NC(=O)NC3CN4CCC3CC4)cc2CCl)cc1,7.17495192763693,66.84179011236658,Tier 1 (<150 nM),-8.26396292344716,Acylurea,True,True,3.889462205166746,478.98000000000025,3.646180000000003,2,5,102.3,7,4.094267178219128,6.497191771814309,6.343460700652684,0.6777601558226207,0.8314912269842463,-5.411381390160907,-6.297412155226642,1.966550768220518,False,0.5740740740740741,0.3157894736842105,False,True,24,False,8.481486060122112,False,12,1
CNC(=O)c1cc2c(c(C)c1C)CN(C(=O)[C@H](N)Cc1c(Cl)cc(C(Cl)NC)cc1Cl)C2,7.169277371270881,67.72088558386073,Tier 1 (<150 nM),-7.975122752402142,alpha-amino-amide,True,False,3.885840366998833,497.85400000000016,3.838840000000002,3,4,87.46000000000001,6,2.5022210044018536,6.029486615702953,6.375116663372959,1.1397907555679279,0.7941607078979223,-6.01945790562919,-6.671569394602927,1.303553357799215,False,0.47761194029850745,0.2619047619047619,False,True,59,False,6.995678626217357,True,0,57
CS(=O)(=O)C1CC(Cl)N2C(=S)Sc3ccc(CCCCCCCC#N)c(O)c3C2=N1,7.169140232227767,67.7422734769039,Tier 1 (<150 nM),-7.00305488713305,Cyclic-thione,True,False,4.334491228800449,486.08400000000046,4.577380000000005,1,7,93.76,8,1.9007453550203108,6.192847846945069,6.740022322934689,0.9762923852826981,0.4291179092930779,-6.690882794496196,-6.685160945989907,0.3121720926368541,False,0.32098765432098764,0.19607843137254902,True,True,50,False,7.244125144327508,False,9,15
N#Cc1ccc(Cc2cc(C(N)n3cccc(O)c3=S)cc(N3CCOC(F)C3)c2)c(N)c1,7.168878936824908,67.78304321106934,Tier 1 (<150 nM),-7.437660156945489,3-HPT,True,False,4.162522584191102,465.55400000000026,3.6056700000000017,3,7,113.46,5,1.6040277902001687,6.36080017350944,6.319425261229009,0.8080787633154678,0.8494536755958988,-6.7209544285519485,-5.721670583452016,0.7167057283935403,False,0.38028169014084506,0.21782178217821782,False,True,27,False,6.247789037426088,True,4,10
CNC(=O)c1cc2c(c(C)c1C(Cl)Cl)CN(C(=O)[C@H](N)Cc1ccc(C(C)=O)cc1Cl)C2,7.167284485486863,68.03235653605839,Tier 1 (<150 nM),-7.759585118443349,alpha-amino-amide,True,False,3.4424841335299643,496.82200000000034,4.099020000000003,2,4,92.5,6,2.898162896465395,6.060397154078842,6.010904818506217,1.1068873314080205,1.156379666980646,-5.582695302353207,-6.86240163383813,0.8971834846052191,False,0.6451612903225806,0.2875,False,True,59,False,6.995678626217357,True,0,57
CS(=O)(=O)C1CCN2C(=S)Sc3c(F)cc(CCCN)c(CCCC#N)c3C2=N1,7.1672789899705975,68.03321741572177,Tier 1 (<150 nM),-7.45034542623102,Cyclic-thione,True,False,4.2177541462867385,454.6180000000004,2.776880000000001,1,7,99.55,7,1.2231545550115779,5.8165780195914385,5.983943804280827,1.350700970379159,1.1833351856897707,-6.910892972520968,-6.838298375401708,0.5394524537100516,True,0.3582089552238806,0.22916666666666666,False,True,50,False,7.244125144327508,False,9,15
NC(=O)c1cc(C(=O)NC(=O)NC2CN3CCC2CC3)cc(N2CCOCC2)c1CCl,7.1661219476566,68.21471238433959,Tier 1 (<150 nM),-7.7918508126623305,Acylurea,True,True,3.9639970432944347,449.9390000000003,0.8945000000000001,3,6,116.99999999999999,5,2.177447842016606,6.381297060217502,6.6681106583057925,0.7848248874390977,0.4980112893508073,-6.486148230793842,-6.448361237676783,1.3057025818684886,False,0.5535714285714286,0.2717391304347826,False,True,24,False,8.481486060122112,False,11,12
Cc1c(C#N)cc(C(=O)NC(=O)NC2CN3CCC2CC3)cc1C(=O)CC(F)Br,7.165339180975396,68.33777255544918,Tier 1 (<150 nM),-7.434155892847316,Acylurea,True,True,4.446395703821828,465.32300000000015,2.6636000000000006,2,5,102.30000000000001,5,1.9945595833549878,6.7395188921757825,6.533875466564127,0.4258202887996134,0.6314637144112689,-6.342404398676257,-6.724232723141585,0.7099231697057311,False,0.5254237288135594,0.25274725274725274,False,True,24,False,8.481486060122112,False,3,39
N#CCCCC(OO)C(c1ccc(C#N)cc1C#N)(C1CC1)n1cccc(O)c1=S,7.16337202807881,68.64801311292243,Tier 1 (<150 nM),-7.966734900872718,3-HPT,True,False,4.349890487373202,420.49400000000014,4.3722300000000045,2,7,125.99,8,1.1708265345651767,6.2218538434081445,6.433296219340259,0.9415181846706657,0.730075808738551,-6.457400238124459,-6.953333129405046,1.013401771467672,False,0.3709677419354839,0.23170731707317074,False,True,27,False,6.247789037426088,True,27,4
Cc1c(C#N)cc(C(=O)NC(=O)NC2C3CCN(CC3)C2C#N)cc1C(=O)Cc1ccccc1,7.1630309353900605,68.70195009323604,Tier 1 (<150 nM),-7.907787789395774,Acylurea,False,True,4.286180817031312,455.51800000000026,2.717880000000001,2,6,126.09,5,2.392100776695148,6.50497071989585,5.663498257469511,0.6580602154942108,1.4995326779205493,-6.9113601697366995,-6.376995043123496,0.9964276196590749,False,0.3582089552238806,0.2988505747126437,False,True,24,False,8.481486060122112,False,3,39
N#CCCc1cc(C#N)ccc1Cc1cc(C(CN)n2cccc(O)c2=S)cc(N2CCOCC2)c1,7.160632061248478,69.0824829885799,Tier 1 (<150 nM),-7.207542968470526,3-HPT,True,False,3.6634770586500247,499.64000000000027,4.226550000000002,2,7,111.23,8,1.6243636873232064,6.778352017950631,5.856134967446717,0.3822800432978468,1.3044970938017606,-6.686636090961186,-5.60511450734907,0.52090687750934,False,0.35802469135802467,0.22105263157894736,False,True,27,False,6.247789037426088,True,2,40
COC(c1cc(Cc2ccc(C#N)cc2N)cc(N2CCOC(F)C2)c1)n1cccc(O)c1=S,7.1550753334615536,69.97206107441639,Tier 1 (<150 nM),-7.163239056118976,3-HPT,True,False,4.197668695111782,480.5650000000002,4.293370000000004,2,7,96.67,6,1.3565551030268839,5.909054381058978,6.4684781646422325,1.2460209524025752,0.6865971688193211,-6.4276635267995115,-5.714278911000294,0.7355755293194646,False,0.36619718309859156,0.22115384615384615,False,True,27,False,6.247789037426088,True,4,10
CC(N)NCCCCc1ccc2c(c1CO)C1=NC(S(C)(=O)=O)CCN1C(=S)S2,7.152025605059283,70.46515230192695,Tier 1 (<150 nM),-7.199784369229633,Cyclic-thione,True,False,4.403555697286912,456.6590000000002,1.6095000000000002,3,8,108.02,8,2.304117995305953,7.091863294673976,6.176165213973855,0.06016231038530684,0.975860391085428,-6.102754105310345,-6.745178629317631,0.4546057399120018,False,0.34285714285714286,0.21176470588235294,True,True,50,False,7.244125144327508,False,9,15
N#CCCCCCc1c(NC2CC2)ccc2c1C1=NC(N3CCNCC3)CC(O)N1C(=S)S2,7.149445357826643,70.88504871712993,Tier 1 (<150 nM),-7.6351013291326755,Cyclic-thione,True,False,4.388743835333846,484.6950000000002,3.2799800000000023,3,8,86.92,8,1.1014721620470411,6.90011573958834,6.674715946871427,0.24932961823830269,0.4747294109552156,-6.860831702737601,-6.7285208614591205,0.7742696263950748,False,0.34782608695652173,0.19230769230769232,True,True,50,False,7.244125144327508,False,6,21
N#CCCCCCCc1c(NC2CC2)ccc2c1C1=NC(N3CCNCC3)CC(O)N1C(=S)S2,7.145805654250795,71.48161330355984,Tier 1 (<150 nM),-7.491606353089961,Cyclic-thione,True,False,4.371722295975202,498.72200000000026,3.6700800000000027,3,8,86.92,9,1.1606510493693079,6.975727257148563,6.682154853520465,0.17007839710223216,0.4636508007303304,-6.469686751724255,-6.248667405895188,1.0219196013657061,False,0.34782608695652173,0.19230769230769232,True,True,50,False,7.244125144327508,False,6,21
CNC(=O)c1cc2c(c(C)c1CCl)CN(C(=O)[C@H](N)Cc1ccc(C(C)NC)cc1Cl)C2,7.130178892293404,74.1004947576283,Tier 1 (<150 nM),-7.737760377060151,alpha-amino-amide,True,False,3.635877113652339,477.43600000000015,3.439420000000002,3,4,87.46000000000001,7,2.9157959250258783,6.13650795769678,6.176195014685469,0.9936709345966248,0.9539838776079357,-5.9321446036565995,-6.673537069837597,1.0642233072225542,False,0.5588235294117647,0.2727272727272727,False,True,59,False,6.995678626217357,True,0,57
CNC(=O)c1cc2c(c(C)c1C)CN(C(=O)[C@H](N)Cc1ccc(CN3CCOCC3)cc1Cl)C2,7.1271768446355415,74.61448664853958,Tier 1 (<150 nM),-7.2907146643027705,alpha-amino-amide,False,False,3.174104406257354,485.02800000000036,2.5608400000000007,2,5,87.9,6,2.1459229130222326,6.957231112633413,6.485254219921565,0.16994573200212848,0.6419226247139767,-5.614448142136241,-6.174371939009588,1.1163427252931823,False,0.5735294117647058,0.35443037974683544,False,False,59,False,6.995678626217357,True,0,57
CNC(=O)c1cc2c(c(C)c1C)CN(C(=O)[C@H](N)Cc1ccc(C(Cl)NCF)cc1Cl)C2,7.113451051267877,77.01032367394252,Tier 1 (<150 nM),-8.029059665635979,alpha-amino-amide,True,False,3.9118596070210394,481.3990000000001,3.4826400000000017,3,4,87.46000000000001,7,2.385538037606232,6.243370217205304,5.866599215445018,0.8700808340625725,1.2468518358228584,-6.098428535549844,-6.851888903132072,1.1771707625039065,False,0.5588235294117647,0.2619047619047619,False,True,59,False,6.995678626217357,True,0,57
CNC(=O)c1cc2c(c(C)c1CC(C)=O)CN(C(=O)[C@H](N)Cc1ccc(C(C)Cl)cc1Cl)C2,7.109784648509071,77.66321259567012,Tier 1 (<150 nM),-7.940292073870003,alpha-amino-amide,True,False,3.7245954534023538,490.43100000000027,3.8515200000000025,2,4,92.5,7,2.672472250491258,6.175017693069242,6.060764845742202,0.9347669554398284,1.0490198027668685,-5.7607233844612615,-6.560231167175001,1.380060906695002,False,0.5507246376811594,0.27631578947368424,False,True,59,False,6.995678626217357,True,0,57
CNC(=O)c1cc2c(c(C)c1C)CN(C(=O)[C@H](N)Cc1ccc(CC(C)Cl)cc1Cl)C2,7.071431706111887,84.83367750331116,Tier 1 (<150 nM),-8.7385385130772,alpha-amino-amide,True,False,3.5429237925548973,462.4210000000003,3.8984400000000026,2,3,75.43,6,2.341946405044667,5.8526807224529875,6.103595220774816,1.2187509836588992,0.9678364853370711,-5.47715663271946,-6.175789966097778,2.5627485469794227,False,0.5846153846153846,0.32051282051282054,False,True,59,False,6.995678626217357,True,0,57
Cc1c(C#N)c(CCCC#N)c2c(c1C(C)(C)C)SC(=S)N1CCC(S(C)(=O)=O)N=C21,7.07068472866258,84.979715213856,Tier 1 (<150 nM),-7.025014089265865,Cyclic-thione,True,False,4.390915208256696,474.6770000000002,4.224080000000004,0,7,97.32000000000001,4,1.1246371817890533,6.229448139780189,5.2234219661981935,0.8412365888823912,1.8472627624643865,-6.761440685482853,-5.988678249172426,0.26357340378301153,False,0.3181818181818182,0.21649484536082475,True,True,50,False,7.244125144327508,False,9,15
CS(=O)(=O)NC(CCCCCCC#N)C1N=C2c3ccc(C#N)cc3SC(=S)N2C1N,7.0594945038623225,87.19779363811509,Tier 1 (<150 nM),-8.39992757555366,Cyclic-thione,True,False,4.492081401791741,476.65300000000013,2.4464599999999996,2,8,135.37,9,3.029406381479291,6.089438265023934,5.7438427480178005,0.9700562388383887,1.315651755844522,-6.7504181008868525,-6.421560611675363,1.6495094746668073,False,0.4153846153846154,0.21978021978021978,False,True,50,False,7.244125144327508,False,24,6
CC(C)(C)c1cc(N)c(CCCC#N)c2c1SC(=S)N1CCC(S(C)(=O)=O)N=C21,7.0578074035389395,87.53718901071582,Tier 1 (<150 nM),-7.2845821222466585,Cyclic-thione,True,False,4.293037814925792,450.6550000000002,3.6261800000000024,1,7,99.55,4,1.1967022164020185,5.677450680979618,5.804468375138424,1.3803567225593216,1.2533390284005153,-6.3732801576359375,-6.755243750068593,0.5293383721780653,True,0.3291139240506329,0.21875,True,True,50,False,7.244125144327508,False,9,15
CS(=O)(=O)C1CCN2C(=S)Sc3c(CC#N)cc(C#N)c(CCCC#N)c3C2=N1,7.049651492442017,89.19664258055973,Tier 1 (<150 nM),-7.854854174432547,Cyclic-thione,True,False,4.446141261671354,443.5790000000003,2.684240000000001,0,8,121.11,5,1.117536700879768,6.467239118965502,6.091267681753981,0.5824123734765152,0.9583838106880362,-6.728820236915343,-6.7573866737054,1.0974675007271468,False,0.35384615384615387,0.22916666666666666,False,True,50,False,7.244125144327508,False,9,15
CNC(=O)c1cc2c(c(C)c1C)CN(C(=O)[C@H](N)Cc1ccc(C(C)NC)cc1Cl)C2,7.037343897370203,91.76056999360635,Tier 1 (<150 nM),-7.728527295099113,alpha-amino-amide,False,False,3.468325990357094,442.9910000000002,3.0090400000000006,3,4,87.46000000000001,6,2.668716255115936,6.412991727626038,5.992516146701384,0.6243521697441645,1.0448277506688193,-6.289390900798508,-6.78693308356264,0.941594211536473,False,0.5846153846153846,0.2876712328767123,False,True,59,False,6.995678626217357,True,0,57
CNC(=O)c1cc2c(c(C)c1C)CN(C(=O)[C@H](N)Cc1ccc(C(O)c3ccncc3)cc1Cl)C2,7.037325950599383,91.76436198271817,Tier 1 (<150 nM),-7.003218512860286,alpha-amino-amide,False,False,3.5716643488642923,493.0070000000002,3.2053400000000014,3,5,108.55000000000001,6,2.2131583802523376,6.812870927939681,5.74770784153838,0.2244550226597024,1.2896181090610028,-5.974247306286901,-6.990184988772779,0.013033524087506798,False,0.5428571428571428,0.2558139534883721,False,True,59,False,6.995678626217357,True,0,57
Cc1cnccc1Cc1cc(-c2cscn2)c(C(=O)O)c(C(=O)CC(C)O)c1OCC#N,7.035418657083026,92.16825027693031,Tier 1 (<150 nM),-7.18363363265,Carboxylate,False,False,3.724518745899565,451.5040000000003,3.6585000000000027,2,8,133.4,9,1.2862819419840696,6.764927340664725,6.461808950845363,0.27049131641830115,0.5736097062376633,-6.912911083295974,-6.784113762083676,0.2707225493540264,False,0.34444444444444444,0.25274725274725274,True,True,148,False,9.69897000433602,False,1,49
CNC(=O)c1cc2c(c(C)c1C(C)Cl)CN(C(=O)[C@H](N)Cc1ccc(C)cc1Cl)C2,7.031132441355099,93.08239704389415,Tier 1 (<150 nM),-7.938802644746296,alpha-amino-amide,True,False,3.593202607649177,448.39400000000023,4.028440000000003,2,3,75.43,5,2.8866368938254086,5.923530312435198,5.869929643787518,1.1076021289199005,1.1612027975675803,-5.872537702840946,-6.507134497656342,1.4316681470899546,True,0.5846153846153846,0.2716049382716049,False,True,59,False,6.995678626217357,True,0,57
CCc1c(C(=O)NC)cc2c(c1C)CN(C(=O)[C@H](N)Cc1ccc(CC(C)Cl)cc1Cl)C2,7.014919464980078,96.62300388551252,Tier 1 (<150 nM),-8.663704055573623,alpha-amino-amide,True,False,3.6178882542358934,476.4480000000002,4.152420000000003,2,3,75.43,7,2.4315341481571897,5.921915838588192,6.16987954503593,1.0930036263918863,0.8450399199441483,-5.276808907581169,-6.047482666299698,2.6162213892739254,False,0.5735294117647058,0.3048780487804878,False,True,59,False,6.995678626217357,True,0,57
CNC(Cl)c1ccc(C[C@@H](N)C(=O)N2Cc3cc(Br)c(C#N)cc3C2)c(Cl)c1,7.011247245572969,97.44347302158234,Tier 1 (<150 nM),-7.368925040503681,alpha-amino-amide,True,False,3.749217194054724,482.2090000000002,3.843180000000001,2,4,82.15,5,3.0554710749981666,5.879429520071893,6.299959511093076,1.131817725501076,0.7112877344798934,-6.483277271093468,-6.791158937780885,0.577766102722796,False,0.578125,0.24719101123595505,False,True,59,False,6.995678626217357,True,0,57
COCC(=O)c1c(OCC#N)c(Cc2c(F)cncc2C(C)(C)C)cc(-c2cscn2)c1C(=O)O,7.011010217751534,97.49666991697177,Tier 1 (<150 nM),-7.050039183238881,Carboxylate,False,False,3.418622235866251,497.54800000000023,4.662180000000005,1,8,122.40000000000002,9,1.14098692675383,6.9270624161073195,6.961337946837528,0.08394780164421434,0.049672270914006056,-6.715755051176353,-6.714419488123216,0.33428413206252827,False,0.32,0.2247191011235955,True,True,148,False,9.69897000433602,False,1,49
CNC(=O)c1cc2c(c(C)c1C)CN(C(=O)[C@H](N)Cc1ccc(C(NO)C(C)(C)F)cc1Cl)C2,7.0095957350764655,97.81473100241237,Tier 1 (<150 nM),-7.034105152770945,alpha-amino-amide,True,False,3.8686876141734885,491.0070000000002,3.496640000000001,4,5,107.69000000000001,7,2.5535858986900952,6.4933861119013905,5.935159573950532,0.516209623175075,1.0744361611259334,-5.844356128674109,-6.944060752061546,0.09004440070939879,False,0.5507246376811594,0.25287356321839083,False,True,59,False,6.995678626217357,True,0,57
CCN(C#N)C(F)C(F)C(NC)c1ccc(/C=C/C(=O)Nc2ccccc2N)cc1Br,7.002571457992235,99.40964937397898,Tier 1 (<150 nM),-7.555424792522456,Ortho-aminoanilide,True,False,4.15777192688908,492.36800000000017,4.380380000000002,3,5,94.17999999999999,9,3.9216266634669577,5.772488233771481,6.464906215818969,1.2300832242207536,0.537665242173266,-6.158631422363641,-6.611448396666852,0.9439763958556044,False,0.5142857142857142,0.2608695652173913,False,True,385,False,6.7447274948966935,True,7,16
CNC(=O)c1cc2c(c(C)c1C)C(C#N)N(C(=O)[C@H](N)Cc1ccc(C(C)Cl)cc1Cl)C2,7.001139838444594,99.73788661748421,Tier 1 (<150 nM),-7.924972064950231,alpha-amino-amide,True,False,4.0307102813724,473.4040000000002,4.0931200000000025,2,4,99.22,5,2.239005913025734,6.140330358709327,6.1657813225280576,0.8608094797352672,0.8353585159165364,-6.099139806809957,-6.610327304704072,1.3146447602461597,False,0.4657534246575342,0.2558139534883721,False,True,59,False,6.995678626217357,True,25,1
CNC(=O)c1cc2c(c(C)c1C)CN(C(=O)[C@H](N)Cc1ccc(C(NC)C(C)(O)F)cc1Cl)C2,6.999884145406775,100.02668006442768,Tier 1 (<150 nM),-7.048626075439385,alpha-amino-amide,False,False,4.002641164946434,491.0070000000002,2.6671400000000007,4,5,107.69000000000001,7,2.5535858986900952,6.887435548415613,5.995005787788355,0.11244859699116194,1.00487835761842,-5.839208467687712,-6.742778905949774,0.30584716948961077,False,0.5428571428571428,0.25287356321839083,False,True,59,False,6.995678626217357,True,0,57
CCC(C)(C)CN(C)c1ccc(C[C@@H](N)C(=O)N2Cc3cc(C(=O)NC)c(C)c(C)c3C2)c(Cl)c1,6.995496352943399,101.04239856878166,Tier 1 (<150 nM),-7.3718625859295495,alpha-amino-amide,False,False,3.4819307179967396,499.0990000000003,4.601040000000003,2,4,78.67,8,2.9111638387940983,6.0438343524019595,5.516642733303502,0.9516620005414396,1.4788536196398967,-5.971061869246369,-6.885481837307458,0.486380748622091,False,0.5277777777777778,0.26136363636363635,False,True,59,False,6.995678626217357,False,0,57
CCc1c(C(=O)NC)cc2c(c1C)CN(C(=O)[C@H](N)Cc1cc(-c3ccoc3)c(C)cc1Cl)C2,6.991175740958742,102.05264354329239,Tier 1 (<150 nM),-7.678653456378763,alpha-amino-amide,False,False,3.489738336828464,480.00800000000027,4.551040000000003,2,4,88.57000000000001,6,2.0908218027389824,5.881536705445278,6.165855381856926,1.1096390355134638,0.8253203591018154,-5.435831552270836,-6.307995205592561,1.3706582507862022,False,0.5,0.25842696629213485,False,True,59,False,6.995678626217357,False,0,57
CCCCc1ccc2c(c1CCCCC#N)C1=NC(C(N)=O)CC(CC)N1C(=S)S2,6.989609539728075,102.42134159660557,Tier 1 (<150 nM),-7.8760183199535945,Cyclic-thione,True,False,4.193116099712669,442.65400000000017,4.740980000000003,1,5,82.48,9,1.3550404428110951,6.020881518352464,5.809771003119165,0.9687280213756111,1.1798385366089104,-6.4800836774764905,-6.92906592604014,0.9469523939134543,False,0.3333333333333333,0.21839080459770116,True,True,50,False,7.244125144327508,False,6,21
CNC(=O)c1cc2c(c(C)c1C(C)F)CN(C(=O)[C@H](N)Cc1ccc(CC(C)Cl)cc1Cl)C2,6.982968272292093,103.99961407490338,Tier 1 (<150 nM),-8.379493355925437,alpha-amino-amide,True,False,4.01427951221523,494.4380000000002,4.6205200000000035,2,3,75.43,7,2.629394972797829,6.0056394267911575,6.361719302595477,0.9773288455009359,0.6212489696966168,-5.406255639361737,-6.040993542138026,2.3384998137874105,False,0.5588235294117647,0.30120481927710846,False,True,59,False,6.995678626217357,False,0,57
CNC(Cl)c1ccc(C[C@@H](N)C(=O)N2Cc3cc(O)c(CC4CC4)c(F)c3C2)c(Cl)c1,6.955446188471728,110.80358487409787,Tier 1 (<150 nM),-7.210518410914961,alpha-amino-amide,True,False,3.9087856219020205,466.38400000000024,4.006200000000002,3,4,78.59,7,3.276473776829444,6.4350007437696615,6.440232327015349,0.5204454447020668,0.5152138614563793,-6.08889203917798,-6.3399033049592335,0.8706151059557277,False,0.5070422535211268,0.24210526315789474,False,True,59,False,6.995678626217357,False,0,57
COCC(=O)c1c(OCC#N)c(Cc2ccncc2F)cc(-c2cscn2)c1C(=O)O,6.943945822076498,113.77692128596007,Tier 1 (<150 nM),-7.910429317900333,Carboxylate,False,False,3.233930228801337,441.44000000000017,3.3646800000000017,1,8,122.40000000000002,9,1.0339484015809046,6.837320769087636,6.64704813579458,0.10662505298886149,0.2968976862819179,-6.646581010224077,-6.648572854728414,1.2618564631719194,False,0.3617021276595745,0.2727272727272727,False,True,148,False,9.69897000433602,False,1,49
CNC(=O)c1cc2c(c(C)c1C)CN(C(=O)[C@H](N)Cc1ccc(N(C)CC(C)(C)F)cc1Cl)C2,6.941068803652477,114.53314764840322,Tier 1 (<150 nM),-7.078967522096063,alpha-amino-amide,False,False,3.5138943070448256,489.0350000000003,3.9129400000000025,2,4,78.67,7,2.9078826123585837,6.159557071014148,5.2590449451479975,0.7815117326383287,1.682023858504479,-5.720882580020052,-6.775202922879002,0.303764599217061,False,0.5352112676056338,0.25,False,True,59,False,6.995678626217357,False,0,57
CCCc1c(O)cc2c(c1C)CN(C(=O)[C@H](N)Cc1ccc(C(Cl)NC)cc1Cl)C2,6.940413396663894,114.70612358773862,Tier 1 (<150 nM),-7.6667792943614375,alpha-amino-amide,True,False,3.7942625617871792,450.4100000000001,4.175520000000002,3,4,78.59,7,3.1219030710689304,6.047115880086822,5.816586259817014,0.8932975165770722,1.12382713684688,-5.952280152493313,-6.899144594433892,0.7676346999275454,False,0.5072463768115942,0.25274725274725274,False,True,59,False,6.995678626217357,False,0,57
CNC(=O)c1cc2c(c(C)c1C)CN(C(=O)[C@H](N)Cc1cc(-c3ccncc3)c(O)cc1Cl)C2,6.931423283183357,117.1053447126828,Tier 1 (<150 nM),-7.06883849703293,alpha-amino-amide,False,False,3.3342622320821462,478.98000000000025,3.496240000000001,3,5,108.55000000000001,5,1.9291876449192058,6.79754796394572,6.166661852692556,0.13387531923763696,0.7647614304908013,-5.637834301889795,-6.564183327787071,0.5046551692458587,False,0.5211267605633803,0.2625,False,True,59,False,6.995678626217357,False,0,57
COCC(=O)c1c(OCO)c(Cc2ccncc2F)cc(-c2cscn2)c1C(=O)O,6.921167242087051,119.90374779260632,Tier 1 (<150 nM),-7.18989731315107,Carboxylate,True,False,3.260469087683246,432.42900000000014,2.7909000000000006,2,8,118.84000000000002,9,1.1241932718468441,6.9096135145818245,6.354598068064513,0.011553727505226874,0.566569174022538,-6.389179905666613,-6.807869583586177,0.38202772956489284,False,0.3695652173913043,0.25,False,True,148,False,9.69897000433602,False,1,49
CCCCc1c(C)c(C(=O)NC)cc2c1CN(C(=O)[C@H](N)Cc1ccc(C(C)NC)cc1Cl)C2,6.920756168432981,120.01729426417441,Tier 1 (<150 nM),-7.308973628249658,alpha-amino-amide,False,False,3.5975192068983795,485.07200000000023,4.0432200000000025,3,4,87.46000000000001,9,2.18124730333643,6.4313859045922275,6.070165295966655,0.48937026384075377,0.8505908724663263,-5.334480238764744,-6.502217836206106,0.8067557920435515,False,0.5352112676056338,0.2625,False,True,59,False,6.995678626217357,False,0,57
CNC(F)CC(Cl)(C(=O)C#N)c1ccc(/C=C/C(=O)Nc2ccccc2N)cc1Br,6.920327757742333,120.13574398541415,Tier 1 (<150 nM),-7.307113200203254,Ortho-aminoanilide,True,False,3.9116830120686057,493.7640000000002,4.115080000000002,3,5,108.01,8,3.4753990922674554,6.187680348855782,6.07655082401137,0.7326474088865513,0.8437769337309629,-5.349200170081228,-6.543971258407335,0.7631419417959195,False,0.4625,0.27058823529411763,False,True,385,False,6.7447274948966935,True,7,16
Cc1cc(CCCO)c(CCCCN(CC#N)C2CC2)c2c1SC(=S)N1C2=NC(C)CC1O,6.919005755077255,120.50199718774438,Tier 1 (<150 nM),-7.825770800411182,Cyclic-thione,True,False,4.387197565310963,486.7070000000002,3.7804000000000033,2,7,83.09,10,1.491722587168018,6.392527403742968,6.821970384596804,0.526478351334287,0.09703537048045163,-6.7385065454775335,-6.294930014228545,1.0872642549336486,False,0.3211009174311927,0.19,True,True,50,False,7.244125144327508,False,6,21
CNC(=O)c1cc2c(c(C)c1CCl)CN(C(=O)[C@H](N)Cc1ccc(COC)cc1Cl)C2,6.913518730749527,122.03411873377279,Tier 1 (<150 nM),-8.287114586862794,alpha-amino-amide,True,False,3.3041003491823897,464.39300000000026,3.3054200000000016,2,4,84.66000000000001,7,2.6165731444535267,6.301059789415919,6.241897378004585,0.6124589413336086,0.6716213527449426,-6.003508407721938,-6.711816206438863,1.5752983804239307,False,0.5507246376811594,0.2891566265060241,False,True,59,False,6.995678626217357,False,0,57
CCc1c(NC)cc2c(c1C)CN(C(=O)[C@H](N)Cc1ccc(C(Cl)NC)cc1Cl)C2,6.910522991133522,122.87881339908124,Tier 1 (<150 nM),-7.5091996134804155,alpha-amino-amide,True,False,3.8915858263275176,449.42600000000004,4.121520000000002,3,4,70.39,7,2.7770664385752797,5.962435166882641,5.8504181496858525,0.948087824250881,1.0601048414476697,-5.7515268933905475,-6.637751002946803,0.8714486105336121,True,0.5,0.26506024096385544,False,True,59,False,6.995678626217357,False,0,57
COc1cc2c(c(CCCCCC#N)c1CCCCN)C1=NC(N)CC(O)N1C(=S)S2,6.91051006927953,122.88246954893724,Tier 1 (<150 nM),-8.16999265669612,Cyclic-thione,True,False,4.330196263187713,461.6570000000001,3.0491800000000002,3,8,120.88999999999999,10,1.3884717937343611,6.502716360143541,6.359770049127964,0.4077937091359889,0.550740020151566,-6.7209706716901945,-6.960751758868722,1.2092408978273985,False,0.32967032967032966,0.26436781609195403,True,True,50,False,7.244125144327508,False,29,1
CNC(=O)c1cc2c(c(C)c1C(C)Cl)CN(C(=O)[C@H](N)Cc1ccc(CC(C)=O)cc1Cl)C2,6.904675557304273,124.54446823821534,Tier 1 (<150 nM),-8.390299801873082,alpha-amino-amide,True,False,3.708915073108491,490.43100000000027,3.8515200000000025,2,4,92.5,7,2.629394972797829,6.224426919989865,6.385323751573562,0.6802486373144081,0.5193518057307109,-5.358084310590388,-6.126213624815755,2.2640861770573277,False,0.5671641791044776,0.30864197530864196,False,True,59,False,6.995678626217357,False,0,57
Cc1cc(CCCCC#N)c(CCCC#N)c2c1SC(=S)N1C2=NC(C)CC1O,6.901156339951522,125.5577891814509,Tier 1 (<150 nM),-7.897200828397812,Cyclic-thione,True,False,4.3569046075433215,426.6110000000001,4.627480000000006,1,6,83.41,7,1.7657348725375435,6.316912542168826,6.328962788299679,0.5842437977826966,0.5721935516518437,-6.850277719057173,-6.924381531675016,0.972819296722796,False,0.3088235294117647,0.1935483870967742,True,True,50,False,7.244125144327508,False,6,21
CC(C)CC(N)C1N=C2c3c(cc(C#N)cc3-c3ccccc3)SC(=S)N2C1N,6.900673589458441,125.69743356473822,Tier 1 (<150 nM),-7.138813323475518,Cyclic-thione,True,False,4.301973627462507,421.5950000000001,3.704880000000002,2,6,91.42999999999999,4,1.4924027067657752,5.518176089508115,6.316585332250145,1.3824974999503254,0.5840882572082959,-6.397367586151928,-6.8868346014078305,0.2519787220676877,False,0.35384615384615387,0.24390243902439024,False,True,50,False,7.244125144327508,False,44,1
CCc1c(Cl)cc2c(c1O)CN(C(=O)[C@H](N)Cc1ccc(C(Cl)NC)cc1Cl)C2,6.896287979801382,126.97318693367106,Tier 1 (<150 nM),-7.57082830143772,alpha-amino-amide,True,False,3.830128430977272,456.80100000000004,4.1304000000000025,3,4,78.59,6,3.049141930710191,5.988362784494787,6.104960706684062,0.9079251953065954,0.7913272731173207,-5.94713438025841,-6.657454065801634,0.9133742356360859,False,0.5555555555555556,0.25925925925925924,False,True,59,False,6.995678626217357,False,0,57
CNC(=O)c1cc2c(c(C)c1C)CN(C(=O)[C@H](N)Cc1ccc(CC(C)(C)Cl)cc1Cl)C2,6.887165591121453,129.66847668311152,Tier 1 (<150 nM),-8.550287156379586,alpha-amino-amide,True,False,3.3787274251220936,476.4480000000003,4.288540000000003,2,3,75.43,6,2.3540212704683188,5.907389783632396,6.116748727194688,0.979775807489057,0.7704168639267648,-5.131065433663509,-6.158883277515168,2.391403878864418,False,0.582089552238806,0.2962962962962963,False,True,59,False,6.995678626217357,False,0,57
N#CCOc1c(Cc2ccncc2)cc(-c2cscn2)c(C(=O)O)c1C(=O)C(F)c1cscn1,6.886338074969303,129.91578595612455,Tier 1 (<150 nM),-7.494879945762464,Carboxylate,False,False,3.933296534476396,494.5290000000002,4.746480000000004,1,9,126.06000000000002,9,1.2939176537942254,6.504745424367104,6.709535157037199,0.38159265060219916,0.176802917932104,-6.537981996596163,-6.293500565468778,0.9568979491663008,False,0.32894736842105265,0.26136363636363635,True,True,148,False,9.69897000433602,False,1,49
CNC(=O)c1cc2c(c(CC(C)(C)C)c1C)CN(C(=O)[C@H](N)Cc1ccc(O)cc1Cl)C2,6.879634887303555,131.93654670103533,Tier 1 (<150 nM),-7.657027663804013,alpha-amino-amide,False,False,3.3934172283421296,458.0020000000002,3.7144200000000023,3,4,95.66000000000001,5,2.0130398481086025,6.274061796702936,6.137147065565888,0.6055730906006191,0.7424878217376669,-5.961675211028942,-6.924496533838597,0.732531129965416,False,0.5671641791044776,0.2619047619047619,False,True,59,False,6.995678626217357,False,0,57
N#CCCCCCCCCCC(N)C1N=C2c3ccc(C#N)cc3SC(=S)N2C1N,6.879367916509522,132.01767606044055,Tier 1 (<150 nM),-8.346414476780975,Cyclic-thione,True,False,4.335148952857452,440.64200000000017,4.0262600000000015,2,7,115.22,10,5.204281604051027,5.89009832796006,5.576761786672358,0.9892695885494618,1.302606129837164,-6.3218432288592785,-6.8130661545075855,1.5333483222733895,True,0.5185185185185185,0.19767441860465115,False,True,50,False,7.244125144327508,False,24,6
CNC(=O)C(CN)c1ccc2c(c1N1CCOC(OCC#N)C1)C1=NCCCN1C(=S)S2,6.876715567411251,132.82640932431542,Tier 1 (<150 nM),-7.479651452925845,Cyclic-thione,True,False,4.447449160173457,474.6120000000003,1.0206800000000023,2,9,116.21000000000001,6,1.2850981110784636,6.856175023799851,6.709213195284999,0.020540543611399897,0.1675023721262523,-6.804994692675119,-6.579158929241598,0.6746567602507261,False,0.3815789473684211,0.22641509433962265,False,True,50,False,7.244125144327508,False,23,6
CNC(Cl)c1cc2c(c(CCl)c1C)CN(C(=O)[C@H](N)Cc1ccc(O)cc1Cl)C2,6.876154608293436,132.99808621637135,Tier 1 (<150 nM),-7.349277064804373,alpha-amino-amide,True,False,3.934659881804926,456.80100000000016,3.961820000000002,3,4,78.59,6,2.3728241049228798,6.0669379872525715,5.813453492509985,0.8092166210408642,1.062701115783451,-5.895603231531843,-6.662617255371956,0.6866598094324177,False,0.5074626865671642,0.2261904761904762,False,True,59,False,6.995678626217357,False,0,57
CNC(=O)c1cc2c(c(C)c1Cc1ccncc1)CN(C(=O)[C@H](N)Cc1ccc(O)cc1Cl)C2,6.866283478766058,136.05563112251713,Tier 1 (<150 nM),-7.639175626554408,alpha-amino-amide,False,False,3.291994932573144,478.98000000000025,3.111620000000001,3,5,108.55000000000001,6,2.4623002807317653,6.812738599377934,6.048875070442816,0.05354487938812369,0.8174084083232422,-5.732597849734762,-6.819508737581328,0.8196668889730798,False,0.5588235294117647,0.2727272727272727,False,True,59,False,6.995678626217357,False,0,57
CNC(=O)c1cc2c(c(C)c1CCl)CN(C(=O)[C@H](N)Cc1ccc(C(C)Cl)c(O)c1Cl)C2,6.866234999843298,136.07081943104197,Tier 1 (<150 nM),-7.466525422089296,alpha-amino-amide,True,False,3.9450133544764707,498.8380000000002,4.1644200000000025,3,4,95.66000000000001,6,2.9075673049899247,6.369208769486655,6.706975839079375,0.49702623035664306,0.15925916076392355,-5.979983997683037,-6.217775754517498,1.248749667571798,False,0.5211267605633803,0.25609756097560976,False,True,59,False,6.995678626217357,False,0,57
COCC(=O)c1c(OCCC#N)c(Cc2ccncc2F)cc(-c2cscn2)c1C(=O)O,6.8618469862879445,137.45261725193515,Tier 1 (<150 nM),-7.12308802871332,Carboxylate,True,False,3.2417678962420906,455.46700000000016,3.754780000000003,1,8,122.40000000000002,10,1.089061467147044,6.749313843886575,6.504637958607384,0.1125331424013698,0.3572090276805602,-6.955068413203755,-6.405208980636765,0.16801961550956523,False,0.3655913978494624,0.23076923076923078,False,True,148,False,9.69897000433602,False,1,49
CCc1c(Cl)cc2c(c1C)CN(C(=O)[C@H](N)Cc1ccc(C(Cl)NC)cc1NC)C2,6.860458172335371,137.89287536247295,Tier 1 (<150 nM),-7.8608057103790845,alpha-amino-amide,True,False,3.9401621865526577,449.4260000000001,4.121520000000003,3,4,70.39,7,2.830804777827389,5.938987461654596,6.39737234691908,0.9214707106807749,0.4630858254162913,-5.761640842197125,-6.489621385488315,1.3711843248907698,False,0.4788732394366197,0.26506024096385544,False,True,59,False,6.995678626217357,False,0,57
CCCc1c(C(C)=O)cc2c(c1C)CN(C(=O)[C@H](N)Cc1ccc(C(Cl)NC)cc1Cl)C2,6.859505902852647,138.19556224808693,Tier 1 (<150 nM),-7.359893282119836,alpha-amino-amide,True,False,3.849933877578069,476.4480000000001,4.672520000000003,2,4,75.43,8,2.925571137524411,5.9443363299083325,5.964908879324082,0.9151695729443148,0.894597023528565,-5.644747388707734,-6.763117364271494,0.5967759178483423,True,0.4788732394366197,0.26666666666666666,False,True,59,False,6.995678626217357,False,0,57
CNC(=O)c1cc2c(c(C)c1C)CN(C(=O)[C@H](N)Cc1c(F)cc(C(C)Cl)cc1Cl)C2,6.859058790613629,138.33790977271616,Tier 1 (<150 nM),-8.540015206326775,alpha-amino-amide,True,False,3.7019468496183148,466.38400000000024,4.1675400000000025,2,3,75.43,5,2.563611235751178,5.893820235668887,6.383672052699908,0.965238554944742,0.47538673791372066,-6.331908873207289,-6.279385430694921,2.2081063331194857,False,0.4714285714285714,0.2676056338028169,False,True,59,False,6.995678626217357,False,0,57
CCCNC(Cl)c1c(C)cc(C[C@@H](N)C(=O)N2Cc3ccccc3C2)c(C(Cl)NC)c1F,6.858838363825476,138.40814119906634,Tier 1 (<150 nM),-7.879178953706465,alpha-amino-amide,True,False,4.170261765353535,481.44300000000015,4.240120000000003,3,4,70.39,9,1.9474697965353804,6.522183204799897,6.422712128710224,0.33665515902557885,0.4361262351152524,-5.683313921876212,-6.614321426489439,1.2648575272170266,False,0.4918032786885246,0.3026315789473684,False,True,59,False,6.995678626217357,False,43,1
CCc1c(C(=O)NC)cc2c(c1C(Cl)NC)CN(C(=O)[C@H](N)Cc1ccc(C)cc1Cl)C2,6.85508500850298,139.60950636224067,Tier 1 (<150 nM),-7.680670016552938,alpha-amino-amide,True,False,3.809331225058175,477.43600000000026,3.439420000000002,3,4,87.46000000000001,7,2.203064811896503,6.192330663355646,5.68504994747194,0.6627543451473343,1.1700350610310402,-5.7280031234720585,-6.833230028986777,0.8474399875661609,False,0.5735294117647058,0.27710843373493976,False,True,59,False,6.995678626217357,False,0,57
CCc1c(C(=O)NC)cc2c(c1C)CN(C(=O)[C@H](N)Cc1ccc(CN3CCNCC3)cc1Cl)C2,6.853848496814274,140.00756523500294,Tier 1 (<150 nM),-7.20087702620735,alpha-amino-amide,False,False,3.3242425654198327,498.07100000000037,2.3878200000000005,3,5,90.7,7,2.2170076318635776,7.053035097543679,6.567935572324334,-0.19918660072940497,0.2859129244899403,-5.360669924268999,-6.2612234397401965,0.9396535864671538,False,0.527027027027027,0.2840909090909091,False,True,59,False,6.995678626217357,False,0,57
CNc1ccc(C[C@@H](N)C(=O)N2Cc3cc(C(=O)N(C)CC(C)Cl)c(C)c(C)c3C2)c(Cl)c1,6.852114793293901,140.56759248950368,Tier 1 (<150 nM),-7.7753187958894925,alpha-amino-amide,True,False,3.660016369564844,491.4630000000002,4.110040000000003,2,4,78.67,7,1.9433588486094857,5.3554079008972115,5.659732820329318,1.4967068923966895,1.1923819729645828,-6.261573528408612,-6.57902054935824,1.1962982465312528,True,0.49295774647887325,0.26373626373626374,False,True,59,False,6.995678626217357,False,0,57
CNC(Cl)c1ccc(C[C@@H](N)C(=O)N2Cc3cc(NCCl)c(C)c(C)c3C2)c(Cl)c1,6.851178347247711,140.87101791029886,Tier 1 (<150 nM),-7.270943263218542,alpha-amino-amide,True,False,3.9819843253894316,469.84400000000016,4.434040000000002,3,4,70.39,7,2.4528013537156212,5.818136358785258,5.861598445281033,1.0330419884624522,0.9895799019666773,-5.6620231679040245,-6.461100597880765,0.8098426653377766,True,0.5517241379310345,0.25842696629213485,False,True,59,False,6.995678626217357,False,0,57
CCCc1c(CCCC(F)CC#N)ccc2c1C1=NC(S(C)(=O)=O)CCN1C(=S)S2,6.85061927427198,141.05247979110734,Tier 1 (<150 nM),-7.075513511172916,Cyclic-thione,True,False,4.498221163925566,467.65700000000015,4.427180000000004,0,6,73.52999999999999,8,2.136649203306806,6.506659688356185,6.3084400044844235,0.3439595859157949,0.5421792697875567,-6.689887089750953,-6.766004334723269,0.30950917644964715,False,0.36619718309859156,0.19801980198019803,False,True,50,False,7.244125144327508,False,9,15
CCCc1c(O)cc2c(c1CCC)CN(C(=O)[C@H](N)Cc1ccc(C(Cl)NC)cc1Cl)C2,6.846572591725702,142.37292523690041,Tier 1 (<150 nM),-7.2760275901230465,alpha-amino-amide,True,False,3.8667507873923936,478.46400000000006,4.819600000000003,3,4,78.59,9,3.081951976328266,6.140427351885515,5.778296086341019,0.7061452398401871,1.0682765053846834,-5.829868008242987,-6.81216527562232,0.46386231450072657,False,0.5074626865671642,0.24444444444444444,False,True,59,False,6.995678626217357,False,0,57
N#CCOc1c(Cc2ccncc2)cc(-c2cscn2)c(C(=O)O)c1C(=O)C(F)Br,6.845362618065994,142.77013886499856,Tier 1 (<150 nM),-7.178228908655063,Carboxylate,True,False,3.746218861899308,490.3100000000002,4.269680000000003,1,7,113.17000000000002,8,1.0073988218132772,6.578040958975749,6.837528903775151,0.2673216590902445,0.00783371429084223,-6.314051132013831,-6.484280163778671,0.6939487448763924,False,0.3466666666666667,0.26744186046511625,True,True,148,False,9.69897000433602,False,1,49
CNCc1ccc(C[C@@H](N)C(=O)N2Cc3cc(C(=O)NC)c(C(C)Cl)c(C)c3C2)c(Cl)c1,6.84506294042024,142.86868900970882,Tier 1 (<150 nM),-8.514331251753463,alpha-amino-amide,True,False,3.675714248930854,477.43600000000015,3.439420000000002,3,4,87.46000000000001,7,2.6959801312282723,6.498425489919184,6.52248361375893,0.3466374505010563,0.32257932666130973,-5.4663658258933285,-6.130810252222928,2.3835209995305346,False,0.5909090909090909,0.3132530120481928,False,True,59,False,6.995678626217357,False,0,57
O=C(O)c1c(-c2cscn2)cc(Cc2ccncc2)c(CCO)c1C(=O)CCCO,6.839086996488828,144.8481669241958,Tier 1 (<150 nM),-7.137103519675933,Carboxylate,False,False,3.031295752195205,426.4940000000003,2.984100000000001,3,7,120.61,10,1.264029194750799,6.481498642938622,5.914990132109927,0.3575883535502067,0.9240968643789014,-6.509001753455483,-6.665137443366208,0.47196607630972487,False,0.3333333333333333,0.2345679012345679,True,True,148,False,9.69897000433602,False,1,49
CNC(=O)c1cc2c(c(C)c1C)CN(C(=O)[C@H](N)Cc1ccc(C(NC)C(C)(C)F)cc1Cl)C2,6.837355396492199,145.42685209867685,Tier 1 (<150 nM),-7.9312791154818205,alpha-amino-amide,False,False,3.777465805213218,489.0350000000002,3.7372400000000017,3,4,87.46000000000001,7,2.5535858986900952,6.546275173113929,5.869107524830988,0.29108022337826966,0.9682478716612106,-5.815289701921182,-6.667162240693102,1.2641168747887184,False,0.5507246376811594,0.25882352941176473,False,True,59,False,6.995678626217357,False,0,57
N#CCOc1c(Cc2ccncc2F)cc(-c2cscn2)c(C(=O)O)c1C(=O)COF,6.83483048087704,146.2748020700653,Tier 1 (<150 nM),-7.140284105690396,Carboxylate,False,False,3.4551742606315754,445.4030000000002,3.6193800000000023,1,8,122.40000000000002,9,1.0339484015809046,6.724667146755518,6.793440479528716,0.11016333412152157,0.041390001348323935,-6.715067059829854,-6.4975575200491,0.425217045860542,False,0.3723404255319149,0.25287356321839083,False,True,148,False,9.69897000433602,False,1,49
CNc1cc2c(c(CF)c1C)CN(C(=O)[C@H](N)Cc1ccc(O)c(Br)c1Cl)C2,6.827294734122304,148.83506651223567,Tier 1 (<150 nM),-7.563591463834332,alpha-amino-amide,False,False,3.7245081864322236,470.7700000000001,4.039920000000003,3,4,78.59,5,2.682772899377296,6.601888233409291,6.274260994719909,0.22540650071301283,0.5530337394023945,-6.106498953026012,-6.309227629871709,1.2543638339626222,False,0.4722222222222222,0.21978021978021978,False,True,59,False,6.995678626217357,False,42,1
CCc1c(C(=O)NC)cc2c(c1C)CN(C(=O)[C@H](N)Cc1ccc(CO)cc1Cl)C2,6.826035669505323,149.2671808317031,Tier 1 (<150 nM),-8.898607552137507,alpha-amino-amide,False,False,3.211007122419275,429.9480000000002,2.47492,3,4,95.66000000000001,6,2.5636004588421084,6.437530292189912,6.076665470430626,0.38850537731541124,0.749370199074697,-5.976807915541439,-6.904779367107573,1.9938281850299342,False,0.5909090909090909,0.2962962962962963,False,True,59,False,6.995678626217357,False,0,57
N#CCOc1c(Cc2ccncc2)cc(-c2cscn2)c(C(=O)O)c1C(=O)F,6.82363159397263,150.09575372242102,Tier 2 (150-300 nM),-7.108008999239936,Carboxylate,True,False,3.148705110388078,397.38700000000017,3.5061800000000023,1,7,113.17000000000002,7,1.114786816837514,6.6885545297562725,6.935460617097808,0.13507706421635746,-0.1118290231251784,-6.8662814938263494,-5.920614730223829,0.24172750541358656,False,0.3472222222222222,0.2682926829268293,True,True,148,False,9.69897000433602,False,1,49
CNC(Cl)c1ccc(C[C@@H](N)C(=O)N2Cc3cc(OC)c(C)c(F)c3C2)c(Cl)c1,6.820150292359564,151.30375546178666,Tier 2 (150-300 nM),-7.052427191178352,alpha-amino-amide,True,False,3.735208664667633,440.34600000000023,3.6651200000000017,2,4,67.59,6,2.6755053498810897,5.63809640527662,5.693915643587931,1.1820538870829438,1.126234648771633,-6.511077189763894,-6.891944633666176,0.160482557512176,True,0.5072463768115942,0.27710843373493976,False,True,59,False,6.995678626217357,False,0,57
CC1CC(O)N2C(=S)Sc3c(Cc4ccccc4)cc(CCCN)c(CCCN)c3C2=N1,6.817820714100581,152.11753733287637,Tier 2 (150-300 nM),-7.812753744192617,Cyclic-thione,True,False,4.075421264991717,468.6920000000004,3.609800000000001,3,6,87.86999999999999,8,1.1900413606264149,5.9507375589540095,6.737475958439759,0.8670831551465712,0.08034475566082122,-6.237040642571735,-6.230672155690258,1.5757131016208819,False,0.3333333333333333,0.25842696629213485,True,True,50,False,7.244125144327508,False,16,1
CNC(Cl)c1ccc(C[C@@H](N)C(=O)N2Cc3cc(C#N)cc(C4CC4)c3C2)c(Cl)c1,6.814179335031531,153.39834178281595,Tier 2 (150-300 nM),-7.426167327933223,alpha-amino-amide,True,False,3.7999362705057305,443.37800000000027,3.9580800000000016,2,4,82.15,6,2.565863506955112,6.075042946768131,5.4435216621642795,0.7391363882633994,1.3706576728672513,-6.299552343096267,-6.5179883054826355,0.9081790224505877,False,0.5217391304347826,0.24719101123595505,False,True,59,False,6.995678626217357,False,0,57
CCc1c(C(=O)NC)cc2c(c1C)CN(C(=O)[C@H](N)Cc1ccc(CC(C)(C)Cl)cc1Cl)C2,6.813487966082753,153.64273657896624,Tier 2 (150-300 nM),-8.345172888658416,alpha-amino-amide,True,False,3.451293813810996,490.47500000000025,4.542520000000003,2,3,75.43,7,2.4413385611724325,5.939121049392466,6.109822050972467,0.8743669166902865,0.7036659151102862,-4.995051801976536,-6.272403604409805,2.0727692842486114,False,0.5714285714285714,0.2823529411764706,False,True,59,False,6.995678626217357,False,0,57
CNC(Cl)c1ccc(C[C@@H](N)C(=O)N2Cc3cc(NCCl)c(C)c(C)c3C2)c(C)c1,6.81337362567319,153.68319273704387,Tier 2 (150-300 nM),-7.517508331327666,alpha-amino-amide,True,False,3.9800576837383987,449.4260000000002,4.089060000000003,3,4,70.39,7,2.4528013537156212,6.0496804703697125,5.928287477183321,0.7636931553034776,0.8850861484898687,-6.062949228412079,-6.520167127057141,0.9973412042705254,False,0.45901639344262296,0.26136363636363635,False,True,59,False,6.995678626217357,False,0,57
CCNC(=O)C(CN)c1ccc2c(c1N1CCOC(CC#N)C1)C1=NCCCN1C(=S)S2,6.808255248775062,155.50514094595502,Tier 2 (150-300 nM),-7.390513097593541,Cyclic-thione,True,False,4.343157190604566,472.64000000000027,1.8267800000000012,2,8,106.97999999999999,6,1.3146610474687797,6.171366977034539,5.586499466135482,0.6368882717405224,1.2217557826395797,-6.3306670068534885,-6.634427884696512,0.7560852128970286,False,0.4166666666666667,0.2524271844660194,False,True,50,False,7.244125144327508,False,23,6
N#CCc1nc(Br)c(-c2ccc(/C=C/C(=O)Nc3ccccc3N)cc2CCN)s1,6.807232542951215,155.8717664071011,Tier 2 (150-300 nM),-7.662263992579238,Ortho-aminoanilide,True,False,2.9911484218784636,482.40700000000027,4.373980000000002,3,6,117.82,7,3.223395129790019,6.267669194014853,7.4591410278318255,0.5395633489363618,-0.6519084848806109,-6.789844191565659,-6.618887173176629,0.8724198010135789,False,0.49295774647887325,0.26744186046511625,False,True,385,False,6.7447274948966935,True,41,1
CCCC(=O)c1c(OCC#N)c(Cc2ccncc2F)cc(-c2cscn2)c1C(=O)O,6.796052869779479,159.93633148054494,Tier 2 (150-300 nM),-7.210960400161523,Carboxylate,False,False,3.2026315550612825,439.46800000000013,4.518380000000004,1,7,113.17,9,1.0339484015809046,6.793522320585954,6.467450643359007,0.0025305491935254665,0.32860222642047177,-6.2809463060454345,-6.698853102056271,0.5121072981052519,False,0.3829787234042553,0.25842696629213485,False,True,148,False,9.69897000433602,False,1,49
COc1cc2c(c(CCCCCC#N)c1CCCCC#N)C1=NC(N)CC(O)N1C(=S)S2,6.792796442755157,161.14007344220724,Tier 2 (150-300 nM),-8.115994764624057,Cyclic-thione,True,False,4.3949804027770085,471.6520000000001,4.004160000000003,2,8,118.65999999999998,10,1.4716013486022765,6.5140948289144625,6.380476238312126,0.2787016138406946,0.41232020444303075,-6.391311872797239,-6.529255848048133,1.586738916575924,False,0.3384615384615385,0.2619047619047619,True,True,50,False,7.244125144327508,False,6,21
CC(=O)c1c(OCC#N)c(Cc2ccncc2Cl)cc(-c2cscn2)c1C(=O)O,6.784102520027698,164.39835968502456,Tier 2 (150-300 nM),-7.669242507315085,Carboxylate,False,False,3.128945263401567,427.86900000000014,4.252480000000003,1,7,113.17,7,1.1726477378078208,7.032990736910252,6.4216384261287,-0.2488882168825537,0.36246409389899803,-6.779980551413288,-6.667605427115726,0.8892619559017971,False,0.391304347826087,0.25287356321839083,False,True,148,False,9.69897000433602,False,1,49
N#CCCCCCCCCCC(O)C1N=C2c3ccc(C#N)cc3SC(=S)N2C1N,6.7818306562146,165.26060707771086,Tier 2 (150-300 nM),-8.197475225536184,Cyclic-thione,True,False,4.310286147427586,441.62600000000015,4.059860000000002,2,7,109.42999999999998,10,5.204281604051027,6.457847432975227,5.633703051253513,0.3239832232393729,1.1481276049610871,-6.069034660777386,-6.420867568290671,1.7766076572455134,False,0.47368421052631576,0.21839080459770116,False,True,50,False,7.244125144327508,False,24,6
CCNC(=O)C(CN)c1ccc2c(c1N1CCOC(OC)C1)C1=NCCCN1C(=S)S2,6.769155528114954,170.15490461104778,Tier 2 (150-300 nM),-7.67808742099369,Cyclic-thione,True,False,4.268607084263188,463.62900000000025,1.5170000000000012,2,8,92.42,6,1.4419619007123403,6.005198430572124,6.200169362329672,0.7639570975428303,0.5689861657852822,-6.11908845729531,-6.8313760163806565,0.8467114046130337,False,0.4084507042253521,0.24752475247524752,False,True,50,False,7.244125144327508,False,23,6
CNCc1c(Cl)cc(/C=C/C(=O)Nc2ccccc2N)c(C(O)Cl)c1Br,6.764499261594667,171.98902654638945,Tier 2 (150-300 nM),-7.308210271213285,Ortho-aminoanilide,True,False,3.3969665798846442,459.1710000000001,4.285700000000003,4,4,87.38000000000001,6,3.2193891636286645,6.572969379190301,6.50251537383852,0.19152988240436564,0.26198388775614667,-5.384638519839404,-6.675702117118674,0.6325081540946105,False,0.4918032786885246,0.2441860465116279,False,True,385,False,6.7447274948966935,True,8,16
NCCCC(=O)c1c(CCO)c(Cc2ccncc2)cc(-c2cscn2)c1C(=O)O,6.76283950359288,172.64758046984608,Tier 2 (150-300 nM),-7.0486059695128604,Carboxylate,False,False,3.0350114083038013,425.5100000000001,2.9505000000000017,3,7,126.40000000000002,10,1.4384789010047057,6.408411069225958,5.932184495732867,0.3544284343669215,0.8306550078600132,-6.657264754812545,-6.943386118491036,0.10521985102182452,False,0.3333333333333333,0.23076923076923078,True,True,148,False,9.69897000433602,False,1,49
CCCCc1ccc2c(c1CCCN)C1=NC(N3CCNCC3)CC(O)N1C(=S)S2,6.755240260472927,175.69513640934994,Tier 2 (150-300 nM),-7.291730202173507,Cyclic-thione,True,False,4.292111154657723,447.67400000000015,2.3131000000000017,3,7,77.11999999999999,7,1.2828170115523183,6.0930770012333495,6.611732716894566,0.6621632592395779,0.14350754357836149,-6.809850734430308,-6.94808213190051,0.34364807027299626,False,0.373134328358209,0.2247191011235955,False,True,50,False,7.244125144327508,False,14,2
N#CCCCCCCCCCC(O)C1(Cl)N=C2c3ccc(C#N)cc3SC(=S)N2C1N,6.742330625701815,180.99616553794587,Tier 2 (150-300 nM),-7.980349517782446,Cyclic-thione,True,False,4.434471649154643,476.0710000000002,4.626360000000004,2,7,109.42999999999998,10,3.5063842133662764,6.530181307238542,5.855320449927635,0.21214931846327278,0.8870101757741802,-6.018016984789723,-6.539064987553911,1.4412845302285344,False,0.49122807017543857,0.2247191011235955,False,True,50,False,7.244125144327508,False,24,6
CNCNc1c(C=CC(=O)Nc2ccccc2N)cc(Cl)c(CC#N)c1Br,6.737934080049609,182.83777177615642,Tier 2 (150-300 nM),-7.230248726900908,Ortho-aminoanilide,True,False,3.1103308849149442,448.7520000000002,3.991480000000002,4,5,102.97,7,2.331328679001378,6.445411808659606,6.35667900512807,0.29252227139000286,0.38125507492153865,-5.1588229656698905,-6.555850871917022,0.6743978549838863,False,0.4838709677419355,0.23655913978494625,False,True,385,False,6.7447274948966935,False,8,16
CNCNc1c(/C=C/C(=O)Nc2ccccc2N)cc(Cl)c(CC#N)c1Br,6.737934080049609,182.83777177615642,Tier 2 (150-300 nM),-7.230248726900908,Ortho-aminoanilide,True,False,3.1103308849149442,448.7520000000002,3.991480000000002,4,5,102.97,7,2.331328679001377,6.445411808659606,6.35667900512807,0.29252227139000286,0.38125507492153865,-5.1588229656698905,-6.555850871917022,0.6743978549838863,False,0.4838709677419355,0.23655913978494625,False,True,385,False,6.7447274948966935,False,8,16
CC(=O)c1c(OCCCC#N)c(Cc2ccncc2F)cc(-c2cscn2)c1C(=O)O,6.729597664345398,186.38129959865546,Tier 2 (150-300 nM),-7.377862616196756,Carboxylate,True,False,3.1505159051939096,439.46800000000013,4.518380000000004,1,7,113.17,9,1.3297112545692142,6.740649590907091,6.321514649921641,-0.011051926561692405,0.4080830144237577,-6.1936855552843175,-6.241829330085042,1.1360332861117142,False,0.40540540540540543,0.24210526315789474,False,True,148,False,9.69897000433602,False,1,49
Cc1cc(C#N)cc2c1C1=NC(C(O)CCCCCCCCCC#N)C(N)N1C(=S)S2,6.710812045009098,194.62021813600498,Tier 2 (150-300 nM),-7.918544481314399,Cyclic-thione,True,False,4.455228147828382,455.6530000000002,4.368280000000003,2,7,109.42999999999998,10,2.940819462987775,6.343035072892765,5.876788104494474,0.3677769721163324,0.8340239405146237,-5.948659271781505,-6.908506587590217,1.0100378937241814,False,0.3387096774193548,0.20454545454545456,True,True,50,False,7.244125144327508,False,24,6
CNCc1c(Cl)cc(/C(=C/C(=O)Nc2ccccc2N)C(N)C2CC2)cc1Br,6.692631340817781,202.94046875616309,Tier 2 (150-300 nM),-7.41329305078667,Ortho-aminoanilide,True,False,3.423760166031572,463.8070000000002,4.163500000000002,4,4,93.17,7,2.250107013803076,6.7751094743951334,6.925641638407124,-0.08247813357735279,-0.23301029758934355,-4.943535987581952,-6.421601324707639,0.991691726079031,False,0.41025641025641024,0.2558139534883721,False,True,385,False,6.7447274948966935,False,8,16
CCCCc1ccc2c(c1CCCO)C1=NC(N3CCNCC3)CC(O)N1C(=S)S2,6.690121547961501,204.11665941906034,Tier 2 (150-300 nM),-7.450368630017887,Cyclic-thione,True,False,4.279248721741801,448.6580000000002,2.3467000000000007,3,7,71.33,7,1.2828170115523183,6.366892854791582,6.7763543435517315,0.3232286931699182,-0.08623279559023089,-6.80039657118538,-6.78898827528953,0.6499720588325069,False,0.34328358208955223,0.22988505747126436,True,True,50,False,7.244125144327508,False,14,2
CCc1cc(/C=C/C(=O)Nc2ccccc2N)cc(Br)c1C(N)(Cl)CC#N,6.687496442748137,205.35418466930622,Tier 2 (150-300 nM),-7.087681640160338,Ortho-aminoanilide,True,False,3.451986621114969,447.7640000000001,4.509580000000002,3,4,104.93,6,3.605799616949109,6.364671466515224,6.707634184464286,0.32282497623291295,-0.020137741716149016,-4.855217421200757,-6.6890879949274415,0.3985936452328964,False,0.4696969696969697,0.25882352941176473,False,True,385,False,6.7447274948966935,False,18,2
CCCC(NC)c1c(Cl)cc(/C(=C/C(=O)Nc2ccccc2N)C(N)=O)cc1Br,6.679437241481689,209.20051942973404,Tier 2 (150-300 nM),-8.147497881031814,Ortho-aminoanilide,True,False,3.3079494919537282,479.80600000000015,4.252700000000002,4,4,110.24000000000001,8,2.8869454609503773,6.821710641960216,6.9987262976109,-0.1422734004785271,-0.319289056129211,-5.0266926312528835,-6.954452703218956,1.1930451778128583,False,0.39436619718309857,0.2597402597402597,False,True,385,False,6.7447274948966935,False,40,1
COc1cc2c(c(CCCCC(N)=O)c1CCCCC#N)C1=NC(C)CC(O)N1C(=S)S2,6.672635616638117,212.50266619682537,Tier 2 (150-300 nM),-8.084279871740105,Cyclic-thione,True,False,4.21333654798012,474.65200000000016,3.679480000000003,2,7,111.94,10,1.413698703430058,6.689908227059212,6.272867565643675,-0.01727261042109518,0.39976805099444235,-6.129728582042346,-6.596157918645298,1.4881219530948062,False,0.358695652173913,0.2727272727272727,False,True,50,False,7.244125144327508,False,6,21
CNCc1c(Cl)cc(/C=C/C(=O)Nc2ccccc2N)c(CCl)c1Br,6.664875447926219,216.33388625034834,Tier 2 (150-300 nM),-8.198688978703512,Ortho-aminoanilide,True,False,2.7836947144375124,443.1720000000002,4.794800000000003,3,3,67.15,6,3.2903578846623778,5.679974563759482,6.090131471440711,0.9849008841667368,0.5747439764855082,-5.472407824683137,-6.552393111410761,1.6462958672927508,False,0.49206349206349204,0.25316455696202533,False,True,385,False,6.7447274948966935,False,8,16
CC(C)CCCCCCc1ccc2c(c1CO)C1=NC(S(C)(=O)=O)CC(O)N1C(=S)S2,6.657505418395517,220.03642570247197,Tier 2 (150-300 nM),-7.388713554939742,Cyclic-thione,True,False,4.204645350408809,484.7090000000002,3.8599000000000037,2,7,90.2,9,2.5467674415671815,6.253875822162114,6.47404681211359,0.40362959623340267,0.18345860628192678,-5.862415105157315,-6.455283831735441,0.9334297232043012,False,0.30337078651685395,0.21348314606741572,True,True,50,False,7.244125144327508,False,26,1
CNC(F)Cc1cc2cc[nH]c2cc1-c1cc(/C=C/C(=O)Nc2ccccc2N)ccc1C(=O)C#N,6.654298168227618,221.66740225989116,Tier 2 (150-300 nM),-7.2281626044589515,Ortho-aminoanilide,True,False,3.6211963794776825,481.53100000000023,4.832780000000002,4,5,123.79999999999998,8,2.1161687785956005,6.745202067632684,6.278490522038384,-0.09090389940506594,0.37580764618923457,-6.503537875506975,-6.47476269493781,0.7246247289519765,False,0.48717948717948717,0.2826086956521739,False,True,385,False,6.7447274948966935,False,10,12
CNCc1nc(Br)c(CCc2ccc(/C=C/C(=O)Nc3ccccc3N)cc2)s1,6.650866995303951,223.4256369422336,Tier 2 (150-300 nM),-7.7078299410582325,Ortho-aminoanilide,True,False,2.696808202336797,471.4240000000001,4.644300000000003,3,5,80.04,8,5.301293626854491,6.4382483293977675,6.8556187289477615,0.2126186659061835,-0.2047517336438105,-6.534373676305301,-6.635136367520585,1.0726935735376477,False,0.5454545454545454,0.3291139240506329,False,True,385,False,6.7447274948966935,False,39,1
CNC(F)C(F)C(C)(NC)c1c(Br)cc(/C=C/C(=O)Nc2ccccc2N)cc1C#N,6.649681289104296,224.0364647107021,Tier 2 (150-300 nM),-7.363685767204004,Ortho-aminoanilide,True,False,4.223980724561994,492.3680000000002,3.8425800000000017,4,5,102.97,8,3.1076433826992815,6.743262497830559,7.102498017512139,-0.09358120872626241,-0.4528167284078428,-4.941231309300486,-6.700060479184342,0.663625288019662,False,0.44155844155844154,0.25,False,True,385,False,6.7447274948966935,False,13,3
CC1CN(c2c(C(N)=O)ccc3c2C2=NC(S(C)(=O)=O)CCN2C(=S)S3)CCO1,6.648379379419582,224.70907944187442,Tier 2 (150-300 nM),-7.0935971590536715,Cyclic-thione,True,False,4.306516658825373,454.59900000000033,1.2242000000000002,1,8,105.29999999999998,3,1.071179303732116,6.21634736575266,6.295745881840693,0.43203201366692223,0.3526334975788892,-6.679253840127533,-6.896089730402865,0.19750742865080628,False,0.3829787234042553,0.225,False,True,50,False,7.244125144327508,False,20,4
CCOc1cnccc1Cc1cc(-c2cscn2)c(C(=O)O)c(C(C)=O)c1OCC#N,6.646187610566904,225.84599289479797,Tier 2 (150-300 nM),-7.05220034004193,Carboxylate,False,False,3.152938186361018,437.47700000000026,3.997780000000003,1,8,122.4,9,1.196540857379234,6.5439774838252465,6.283417282902788,0.10221012674165753,0.36277032766411565,-6.872725890923355,-6.614734810403675,0.17947444911857513,False,0.3472222222222222,0.2682926829268293,True,True,148,False,9.69897000433602,False,1,49
CCC(NC)c1c(Cl)cc(/C=C/C(=O)Nc2ccccc2N)c(C#N)c1Br,6.63633532377477,231.02803073028412,Tier 2 (150-300 nM),-8.045338870795298,Ortho-aminoanilide,True,False,3.304787036915384,447.7640000000001,4.8787800000000034,3,4,90.94,6,3.4075758771010713,6.101775169600803,6.1770200676096145,0.5345601541739677,0.4593152561651559,-5.5562822743533316,-6.6694296005806555,1.3759092702146427,False,0.4492753623188406,0.27906976744186046,False,True,385,False,6.7447274948966935,False,17,2
N#CCCCCCCN(C#N)c1[nH]c(=S)[nH]c1NC1CC1,6.635711477804655,231.36013136011962,Tier 2 (150-300 nM),-7.561073103021883,Cyclic-thione,True,False,3.571916371410005,304.4230000000001,3.408150000000001,3,5,94.43,9,2.8937095810570588,6.6264856389553595,6.37480138087465,0.00922583884929562,0.26091009693000533,-6.986007357675715,-6.93994892324756,0.5750657453461683,False,0.26865671641791045,0.1891891891891892,True,True,50,False,7.244125144327508,False,38,1
CCN(C#N)C(F)C(F)C(N)c1ccc(/C=C/C(=O)Nc2ccccc2N)cc1Br,6.628220915314762,235.38516307497454,Tier 2 (150-300 nM),-7.120357209634688,Ortho-aminoanilide,True,False,4.1262456530009235,478.3410000000001,4.119680000000002,3,5,108.17,8,4.132417243480078,6.520313625351708,6.483434229833454,0.10790728996305443,0.14478668548130802,-5.470957339603151,-6.512691617855007,0.6076655917796803,False,0.5147058823529411,0.25842696629213485,False,True,385,False,6.7447274948966935,False,7,16
CNC(c1ccc(/C=C/C(=O)Nc2ccccc2N)cc1Br)C(F)C(F)N(C)C#N,6.623357660852968,238.03583308004963,Tier 2 (150-300 nM),-7.579632449156384,Ortho-aminoanilide,True,False,4.045640774952142,478.34100000000007,3.990280000000002,3,5,94.18,8,3.789351004004803,5.934243555034485,6.371986047885334,0.6891141058184829,0.25137161296763466,-5.54764487333142,-6.300773350271189,1.278859098885195,False,0.49333333333333335,0.26744186046511625,False,True,385,False,6.7447274948966935,False,7,16
NCC(C(=O)NF)c1ccc2c(c1N1CCOCC1)C1=NCCCN1C(=S)S2,6.6200018877637055,239.88224919473845,Tier 2 (150-300 nM),-7.558241406154634,Cyclic-thione,True,False,4.050833884812791,423.5390000000002,1.4090999999999998,2,7,83.19,4,1.5127812336701054,6.342773092566102,5.710550510135683,0.2772287951976038,0.9094513776280229,-6.795053719041617,-6.490311484507138,0.7631876871130174,False,0.47540983606557374,0.25,False,True,50,False,7.244125144327508,False,23,6
CCOC(C#N)(CNC)c1ccc(/C=C/C(=O)Nc2ccccc2N)cc1Br,6.616747532334356,241.68654183680104,Tier 2 (150-300 nM),-7.3113169764316215,Ortho-aminoanilide,True,False,3.3831833966471114,443.34500000000014,3.657980000000001,3,5,100.16999999999999,8,3.4050809157998003,5.6082529836480965,5.6583417015042246,1.0084945486862598,0.9584058308301318,-5.874568335708913,-6.921665002735374,0.3896519736962478,True,0.5070422535211268,0.2976190476190476,False,True,385,False,6.7447274948966935,False,7,16
CCOC(C#N)(CNC)c1ccc(C=CC(=O)Nc2ccccc2N)cc1Br,6.616747532334356,241.68654183680104,Tier 2 (150-300 nM),-7.3113169764316215,Ortho-aminoanilide,True,False,3.3831833966471114,443.34500000000014,3.657980000000001,3,5,100.16999999999999,8,3.4050809157998003,5.6082529836480965,5.6583417015042246,1.0084945486862598,0.9584058308301318,-5.874568335708913,-6.921665002735374,0.3896519736962478,True,0.5070422535211268,0.2976190476190476,False,True,385,False,6.7447274948966935,False,7,16
CCOc1c(Cc2ccncc2F)cc(-c2cscn2)c(C(=O)O)c1C(=O)COC,6.615944600829278,242.13378960582148,Tier 2 (150-300 nM),-7.204660549435358,Carboxylate,False,False,3.075317988782147,430.4570000000002,3.8610000000000033,1,7,98.61,9,1.1241932718468441,6.446815881508181,6.453812905133545,0.16912871932109663,0.1621316956957326,-6.303277445150546,-6.858187593982401,0.3464729554529571,False,0.3695652173913043,0.25274725274725274,False,True,148,False,9.69897000433602,False,1,49
CNc1cc(-c2cscn2)c(C(=O)O)c(C(=O)C(CCO)C2CC2)c1OC(Cl)C#N,6.614609754069877,242.87915649011444,Tier 2 (150-300 nM),-7.2369470643017335,Carboxylate,True,False,4.40086762745322,449.9160000000003,3.6085800000000017,3,8,132.54,10,1.4739146678260668,6.350479087839232,6.192933025493529,0.2641306662306455,0.4216767285763483,-6.962715195133975,-6.897501628478264,0.27423186916775855,False,0.3333333333333333,0.21568627450980393,True,True,148,False,9.69897000433602,False,31,1
CCN(C#N)C(F)C(N)C(NC)c1ccc(/C=C/C(=O)Nc2ccccc2N)cc1Br,6.605319114523478,248.13091982063108,Tier 2 (150-300 nM),-7.508247746020509,Ortho-aminoanilide,True,False,4.142260976662835,489.39300000000014,3.36958,4,6,120.2,9,3.9216266634669577,6.5463002441887195,6.530538963710313,0.059018870334758944,0.07478015081316514,-6.622861756886571,-6.689457912941738,0.8187898330787711,False,0.4794520547945205,0.2608695652173913,False,True,385,False,6.7447274948966935,False,7,16
NCC(C(N)=O)c1ccc2c(c1N1CCOCC1N1CCNCC1)C1=NCCCN1C(=S)S2,6.6031073776810505,249.3978023999054,Tier 2 (150-300 nM),-7.093313942150908,Cyclic-thione,True,False,4.462806183511984,489.6710000000003,0.12500000000000355,3,9,112.44999999999999,5,1.6360022223436006,7.5129280360732125,5.39152545170531,-0.909820658392162,1.2115819259757403,-6.279492422484128,-6.828287900448613,0.2650260417022947,False,0.3972602739726027,0.2079207920792079,False,True,50,False,7.244125144327508,False,23,6
CNC(F)C(C(NC)c1ccc(/C=C/C(=O)Nc2ccccc2N)cc1Br)C1CC1F,6.600788408743697,250.73305441701638,Tier 2 (150-300 nM),-9.239269556841004,Ortho-aminoanilide,True,False,4.31701014078518,493.39600000000013,4.432900000000003,4,4,79.17999999999999,9,3.0531512883338423,6.486806341866818,6.605075634488438,0.11398206687687917,-0.00428722574474083,-5.560458780859729,-6.488859178829429,2.7504103780115745,False,0.4857142857142857,0.2976190476190476,False,True,385,False,6.7447274948966935,False,7,16
CCC(=O)NCCCCc1ccc2c(c1CO)C1=NC(S(C)(=O)=O)CCN1C(=S)S2,6.597914652819837,252.39767334951551,Tier 2 (150-300 nM),-7.784180209961202,Cyclic-thione,True,False,3.8961441101450385,469.65400000000017,2.2414000000000005,2,7,99.06999999999998,8,2.511292260746859,6.645060228329062,6.630322116997342,-0.0471455755092256,-0.032407464177505396,-6.003069245688008,-6.8318734874093785,0.9523067225518238,False,0.35398230088495575,0.25842696629213485,False,True,50,False,7.244125144327508,False,9,15
CNC(F)c1cc2cc[nH]c2cc1-c1cc(/C=C/C(=O)Nc2ccccc2N)ccc1C(=O)C#N,6.59320659209365,255.14872819562464,Tier 2 (150-300 nM),-7.334694489077737,Ortho-aminoanilide,True,False,3.5861416092331613,467.5040000000002,4.962780000000002,4,5,123.79999999999998,7,2.428569525626087,6.684969976110289,5.792220826154408,-0.0917633840166392,0.8009857659392416,-6.363000675572997,-6.766913119030214,0.5677813700475234,False,0.4868421052631579,0.2696629213483146,False,True,385,False,6.7447274948966935,False,10,12
CNC(F)CC(Cl)(NOC)c1ccc(/C=C/C(=O)Nc2ccccc2N)cc1Br,6.59289757124657,255.33034306172848,Tier 2 (150-300 nM),-7.329110217294373,Ortho-aminoanilide,True,False,3.910855889594604,485.78500000000014,4.130900000000002,4,5,88.41,9,3.7197090299425315,5.903416034655644,6.771820551942957,0.6894815365909261,-0.17892298069638723,-5.455043426969111,-6.522157052419179,0.8069531648751935,False,0.5507246376811594,0.275,False,True,385,False,6.7447274948966935,False,7,16
CC(=O)NC(=O)c1ccc(N(CCC(O)(F)CCC(=O)C(F)(F)F)C2CC2)c(Cl)c1,6.5906380858669,256.66220094443645,Tier 2 (150-300 nM),-7.7512268511413,Trifluoromethyl-ketone,False,True,3.6147878144657284,452.8320000000001,3.544900000000003,2,5,86.71000000000001,9,2.1795508734766957,6.0035120446839585,6.824602121444833,0.5871260411829411,-0.23396403557793377,-6.4848224770077705,-6.499454804960025,1.2517720461812747,False,0.36764705882352944,0.352112676056338,False,False,23,False,8.167491087293763,False,37,1
CC(C)CCCCCCc1ccc2c(c1CC#N)C1=NC(S(C)(=O)=O)CC(O)N1C(=S)S2,6.567683522664537,270.5929499930206,Tier 2 (150-300 nM),-7.83461134126306,Cyclic-thione,True,False,4.316646941238547,493.72000000000014,4.433680000000005,1,7,93.75999999999999,9,2.473008293496845,6.342475257702328,5.938382871577498,0.22520826496220891,0.6293006510870391,-6.647978623523358,-6.472384874246379,1.1866327177397018,False,0.3157894736842105,0.20833333333333334,True,True,50,False,7.244125144327508,False,6,21
Cc1cc(CCCO)c(CCCC#N)c2c1SC(=S)N1C2=NC(C)CC1C,6.56090951980429,274.8466704475959,Tier 2 (150-300 nM),-7.921606662278237,Cyclic-thione,True,False,4.276952314526784,401.6010000000001,4.386100000000004,1,5,59.62,6,1.4704251428293242,6.164574256001513,5.459665443260536,0.3963352638027766,1.101244076543754,-6.817577509010511,-6.806352527844087,1.1040291532677262,False,0.29411764705882354,0.19318181818181818,True,True,50,False,7.244125144327508,False,22,1
CNC(c1ccc(/C=C/C(=O)Nc2ccccc2N)cc1Br)N(C#N)Cc1ccccc1,6.54979124481258,281.97379875862515,Tier 2 (150-300 nM),-7.171504264092561,Ortho-aminoanilide,True,False,3.3255758868571377,490.40500000000014,4.8844800000000035,3,5,94.18,8,2.917749773423409,5.858784516820094,5.523383737698891,0.6910067279924856,1.0264075071136887,-5.702077611076906,-6.271102147557648,0.900402116534913,False,0.5324675324675324,0.29411764705882354,False,True,385,False,6.7447274948966935,False,7,16
CNC(Cc1c(Cl)cc(/C=C/C(=O)Nc2ccccc2N)c(C#N)c1Br)C(C)Cl,6.54515967377832,284.99702477798826,Tier 2 (150-300 nM),-7.222408358550966,Ortho-aminoanilide,True,False,3.8056908457776615,496.2360000000002,4.966080000000003,3,4,90.94,7,3.535733084581425,5.808907569972277,5.947159442344408,0.7362521038060432,0.5980002314339119,-5.648433860675768,-6.232217436705771,0.990190921845195,False,0.4647887323943662,0.2391304347826087,False,True,385,False,6.7447274948966935,False,8,16
CNCc1cc2cc[nH]c2cc1-c1cc(/C=C/C(=O)Nc2ccccc2N)ccc1C(=O)C#N,6.541538971023524,287.3829701528769,Tier 2 (150-300 nM),-7.779507949682023,Ortho-aminoanilide,True,False,2.907068007569725,449.5140000000001,4.494680000000002,4,5,123.79999999999998,7,2.4483869301065786,6.767276488401609,6.107774025677517,-0.2257375173780849,0.43376494534600685,-6.504232044166209,-5.775640859247361,1.275275905515814,False,0.5416666666666666,0.29069767441860467,False,True,385,False,6.7447274948966935,False,10,12
NCC(C(N)=O)c1ccc2c(c1N1CCOCC1Br)C1=NCCCN1C(=S)S2,6.537139709834895,290.30885986783403,Tier 2 (150-300 nM),-7.1710955452345475,Cyclic-thione,True,False,4.483586146621143,484.44500000000016,1.6147000000000014,2,7,97.17999999999999,4,1.4182607696143592,6.322134489727896,6.033500912264974,0.21500522010699896,0.5036387975699208,-6.712163875100289,-6.492021420697051,0.45893167013425895,False,0.42424242424242425,0.21052631578947367,False,True,50,False,7.244125144327508,False,23,6
CNC(NC)c1cc2cc[nH]c2cc1-c1cc(/C=C/C(=O)Nc2ccccc2N)ccc1C(=O)C#N,6.536341921072303,290.84264054584753,Tier 2 (150-300 nM),-7.243114560057324,Ortho-aminoanilide,True,False,3.2127991909112668,478.5560000000002,4.2126800000000015,5,6,135.82999999999998,8,2.39053230749852,6.6686956907236485,5.617542230440508,-0.1323537696513455,0.9187996906317952,-6.667865377980327,-6.593472537712576,0.5752491820769974,False,0.4864864864864865,0.2727272727272727,False,True,385,False,6.7447274948966935,False,10,12
CNCNCc1c(Cl)cc(/C=C/C(=O)Nc2ccccc2N)c(CCl)c1Br,6.53110859825285,294.36854534354615,Tier 2 (150-300 nM),-8.51122595907351,Ortho-aminoanilide,True,False,3.025249038761098,472.2140000000001,4.3419000000000025,4,4,79.17999999999999,8,3.7540017847070146,6.014064354643164,6.209686055294561,0.5170442436096856,0.3214225429582882,-5.132430816624058,-6.245982736330644,2.265243222742866,False,0.5,0.2441860465116279,False,True,385,False,6.7447274948966935,False,8,16
CC(=O)NC(=O)c1ccc(N[C@@H](CCCC(=O)C(F)(F)F)c2nc(-c3ccccc3F)c[nH]2)cc1,6.529963591187084,295.14566498624373,Tier 2 (150-300 nM),-7.315104193456168,Trifluoromethyl-ketone,False,True,3.3751609877927464,490.45700000000005,4.947000000000003,3,5,103.95000000000002,9,1.9683850246189005,6.586126036891925,5.562435315680081,-0.056162445704841524,0.9675282755070027,-5.951816673268966,-5.753854620527022,1.3632875201872023,False,0.5194805194805194,0.3194444444444444,False,True,23,False,8.167491087293763,False,36,1
CNCc1c(Cl)cc(/C=C/C(=O)Nc2ccccc2N)c(C(Cl)OC)c1Br,6.518018751798442,303.37601908472175,Tier 3 (300-500 nM),-7.0376092195346,Ortho-aminoanilide,True,False,3.457667286395634,473.1980000000002,4.9398000000000035,3,4,76.38000000000001,7,2.7775001663829166,6.087911218224469,6.295943414892188,0.430107533573973,0.22207533690625425,-5.326668519906189,-6.690926798095535,0.34668242143906536,False,0.5,0.25287356321839083,False,True,385,False,6.7447274948966935,False,8,16
CCOC(C#N)(CC#N)c1ccc(/C=C/C(=O)Nc2ccccc2N)cc1Br,6.509848444922689,309.1374036345548,Tier 3 (300-500 nM),-7.423840419085368,Ortho-aminoanilide,True,False,3.4478662368837973,439.3130000000001,4.352260000000003,2,5,111.92999999999999,7,3.3064930077136307,5.912574462964037,5.689393536574949,0.5972739819586517,0.8204549083477399,-5.61715505491373,-6.586816438122621,0.8370239809627478,False,0.5230769230769231,0.2823529411764706,False,True,385,False,6.7447274948966935,False,7,16
COC(C)(C)CCCCCC(N)C1N=C2c3ccc(C#N)cc3SC(=S)N2C1N,6.509677758401101,309.2589247697495,Tier 3 (300-500 nM),-7.929962009444975,Cyclic-thione,True,False,4.482727986436865,431.63100000000014,3.367280000000001,2,7,100.66,8,4.091362413531372,5.851649286361472,6.211682683014144,0.6580284720396286,0.29799507538695735,-6.762938717837803,-6.895454404110002,1.0345076053349729,False,0.42857142857142855,0.23076923076923078,False,True,50,False,7.244125144327508,False,24,6
CNCc1c(Cl)cc(/C=C/C(=O)Nc2ccccc2N)c(Br)c1Br,6.49579038702006,319.30786281437236,Tier 3 (300-500 nM),-7.279621991891624,Ortho-aminoanilide,True,False,2.679169167626382,473.5960000000001,4.818500000000002,3,3,67.15,5,3.738215568903212,5.97401743129427,6.1859810877123875,0.5217729557257895,0.3098092993076724,-5.717599682813113,-6.4215229800524245,0.8580990118391991,False,0.5357142857142857,0.2631578947368421,False,True,385,False,6.7447274948966935,False,8,16
CCc1cc(C#N)c(Br)c(NC)c1/C(=C/C(=O)Nc1ccccc1N)C1CC1,6.492699663031985,321.5883718799754,Tier 3 (300-500 nM),-7.63666815128671,Ortho-aminoanilide,True,False,3.0791184337735524,439.3570000000002,4.939180000000003,3,4,90.94,6,2.125266128024592,5.793996703725276,5.817799468795196,0.6987029593067087,0.6749001942367885,-6.131449188685074,-6.848914258253894,0.7877538930328152,False,0.391304347826087,0.25,False,True,385,False,6.7447274948966935,False,35,1
CNCc1c(-c2cc(/C=C/C(=O)Nc3ccccc3N)ccc2NC)cc2[nH]cc(OC)c2c1C#N,6.485779649897017,326.75357667247624,Tier 3 (300-500 nM),-7.008887116607606,Ortho-aminoanilide,True,False,3.0847602768841167,480.57200000000023,4.7103800000000025,5,6,127.99000000000001,8,2.72153863039106,6.689586706134161,6.34480707096919,-0.20380705623714412,0.1409725789278271,-6.821514032981513,-6.325863953521849,0.18737308362609273,False,0.5066666666666667,0.29347826086956524,False,True,385,False,6.7447274948966935,False,28,2
CNCc1c(NC)cc(/C=C/C(=O)Nc2ccccc2N)c(CCl)c1Br,6.485701075052892,326.81269999813986,Tier 3 (300-500 nM),-8.189697765455298,Ortho-aminoanilide,True,False,2.93626025869443,437.7690000000002,4.183100000000002,4,4,79.17999999999999,7,2.973129680277409,6.115521010207219,6.02878479952336,0.37018006484567234,0.4569162755295313,-6.054438130050512,-6.963130525663343,1.2265672397919554,False,0.5079365079365079,0.23684210526315788,False,True,385,False,6.7447274948966935,False,8,16
N#Cc1c(Cc2ccncc2)cc(-c2cscn2)c(C(=O)O)c1C(=O)C(F)CCO,6.474289537984397,335.51385732339793,Tier 3 (300-500 nM),-7.452243187564562,Carboxylate,False,False,3.713789191569637,425.44100000000026,3.268980000000002,2,7,124.17,8,1.301133175808959,6.6337322055787,6.216869627918286,-0.1594426675943028,0.257419910066111,-6.8102468470937865,-6.756223366095886,0.6419963404707758,False,0.3368421052631579,0.24705882352941178,True,True,148,False,9.69897000433602,False,21,1
CNC(CCl)c1c(Br)cc(/C=C/C(=O)Nc2ccccc2N)cc1C#N,6.470841213738511,338.1884616908434,Tier 3 (300-500 nM),-9.36724823713298,Ortho-aminoanilide,True,False,3.268678714229173,433.7370000000002,4.0541800000000014,3,4,90.94,6,3.3750661267433637,6.48711760998131,5.441530042599721,-0.016276396242798974,1.0293111711387901,-5.779769566958182,-6.9685602345495035,2.3986880025834765,False,0.4520547945205479,0.26744186046511625,False,True,385,False,6.7447274948966935,False,18,2
CNCc1c(Cl)cc(/C=C/C(=O)Nc2ccccc2N)c(CBr)c1Br,6.4643550039651645,343.27722916195063,Tier 3 (300-500 nM),-7.638801168198417,Ortho-aminoanilide,True,False,2.8212177913605903,487.62300000000016,4.9509000000000025,3,3,67.15,6,3.2903578846623778,5.800493134441694,6.345854248436906,0.6638618695234708,0.11850075552825867,-5.473592176041104,-6.300245992766081,1.3385551754323357,False,0.49206349206349204,0.25316455696202533,False,True,385,False,6.7447274948966935,False,8,16
CNC(C)(C)c1cc(Br)c(/C=C/C(=O)Nc2ccccc2N)cc1C(Cl)CN,6.457327500242108,348.877128999417,Tier 3 (300-500 nM),-7.57916300701376,Ortho-aminoanilide,True,False,3.511570737039511,465.8230000000001,4.376300000000002,4,4,93.17,7,3.1029846955622737,6.66450840023524,5.83279667883403,-0.20718089999313172,0.6245308214080785,-5.410507997144689,-6.419327293538815,1.159835713474945,False,0.4626865671641791,0.24050632911392406,False,True,385,False,6.7447274948966935,False,34,1
CNC(C)Cc1c(Cl)cc(/C=C/C(=O)Nc2ccccc2N)c(C#N)c1Br,6.455626903613002,350.24592925658146,Tier 3 (300-500 nM),-8.58415040404015,Ortho-aminoanilide,True,False,3.292042962071309,447.7640000000001,4.358680000000002,3,4,90.94,6,3.304029920391947,5.682322231173107,5.978643527576189,0.7733046724398944,0.47698337603681296,-5.386853282854952,-6.364162592280907,2.2199878117592426,False,0.47058823529411764,0.24719101123595505,False,True,385,False,6.7447274948966935,False,8,16
COCCC(=O)c1c(OC)c(Cc2ccncc2)cc(-c2cscn2)c1C(=O)O,6.450431229054333,354.46125511518346,Tier 3 (300-500 nM),-7.000888461312269,Carboxylate,False,False,2.922805446849555,412.46700000000016,3.7219000000000024,1,7,98.61,9,1.288391922140543,5.871959875345973,5.759898015149303,0.5784713537083599,0.69053321390503,-6.49977173862925,-6.762852696185833,0.23803576512643598,False,0.3561643835616438,0.2727272727272727,False,True,148,False,9.69897000433602,False,1,49
CCC(Cc1c(Cl)cc(/C=C/C(=O)Nc2ccccc2N)c(C#N)c1Br)NC,6.4472833452152285,357.0398199176483,Tier 3 (300-500 nM),-8.208227209729943,Ortho-aminoanilide,True,False,3.3371785476499536,461.79100000000017,4.748780000000002,3,4,90.94,7,3.493308613041491,5.914055359614535,5.84560753460169,0.5332279856006936,0.6016758106135383,-5.556217341526767,-6.914337206943443,1.2938900027865001,False,0.4507042253521127,0.25555555555555554,False,True,385,False,6.7447274948966935,False,8,16
CNC(C#N)C(C1CC1)C(N)c1ccc(/C=C/C(=O)Nc2ccccc2N)cc1Br,6.433875971536258,368.2341211709837,Tier 3 (300-500 nM),-7.427438170966257,Ortho-aminoanilide,True,False,3.9149546880152775,468.3990000000001,3.820780000000002,4,5,116.96,8,2.9384216758457637,6.357344339355305,5.874801986658916,0.07653163218095305,0.5590739848773421,-6.078858320443689,-6.584222731085392,0.8432154398808649,False,0.44594594594594594,0.27906976744186046,False,True,385,False,6.7447274948966935,False,7,16
CNC(C#N)C(C1CC1)C(N)c1ccc(C=CC(=O)Nc2ccccc2N)cc1Br,6.433875971536258,368.2341211709837,Tier 3 (300-500 nM),-7.427438170966257,Ortho-aminoanilide,True,False,3.9149546880152775,468.3990000000001,3.820780000000002,4,5,116.96,8,2.9384216802498777,6.357344339355305,5.874801986658916,0.07653163218095305,0.5590739848773421,-6.078858320443689,-6.584222731085392,0.8432154398808649,False,0.44594594594594594,0.27906976744186046,False,True,385,False,6.7447274948966935,False,7,16
CC(=O)c1ccc(/C=C/C(=O)Nc2ccccc2N)cc1-c1cc2[nH]ccc2cc1CNC#N,6.42433026107883,376.4174418784483,Tier 3 (300-500 nM),-7.39019101431507,Ortho-aminoanilide,True,False,2.9171071828274577,449.5140000000002,4.842280000000002,4,5,123.79999999999998,7,2.493120185260974,7.042404149959533,6.225883872890546,-0.6180738888807031,0.19844638818828386,-6.432908343604402,-6.56932961891304,0.8208613954020301,False,0.5205479452054794,0.29069767441860467,False,True,385,False,6.7447274948966935,False,10,12
CCN(C#N)C(F)C(C#N)C(NC)c1ccc(/C=C/C(=O)Nc2ccccc2N)cc1Br,6.42127480163729,379.0750477600739,Tier 3 (300-500 nM),-7.098667507218358,Ortho-aminoanilide,True,False,4.2568301219968925,499.38800000000015,4.1820600000000026,3,6,117.97,9,3.164868087935531,6.376796937506758,6.61877988427998,0.04447786413053212,-0.19750508264268962,-6.93769803168427,-6.86648430416523,0.16096947553408825,False,0.4794520547945205,0.2840909090909091,False,True,385,False,6.7447274948966935,False,7,16
CNCc1c(Cl)cc(/C=C(\C(C)=O)C(=O)Nc2ccccc2N)c(CCl)c1Br,6.418468490932735,381.53247433711084,Tier 3 (300-500 nM),-7.593242958594567,Ortho-aminoanilide,True,False,3.0126486377800727,485.2090000000001,4.754000000000003,3,4,84.22,7,2.5463957572787925,5.86305220865471,6.133615036192174,0.5554162822780251,0.2848534547405608,-5.94589538150994,-6.413824494696673,1.1794184638978944,False,0.4057971014492754,0.2625,False,True,385,False,6.7447274948966935,False,8,16
CNCc1c(-c2cc(/C=C/C(=O)Nc3ccccc3N)ccc2NC)cc2[nH]ccc2c1C#N,6.412779937700907,386.5628035128402,Tier 3 (300-500 nM),-8.135992661499454,Ortho-aminoanilide,True,False,2.965956984572104,450.54600000000016,4.701780000000002,5,5,118.75999999999999,7,2.730356548426298,6.949481981357728,6.527016116190635,-0.5367020436568213,-0.11423617848972789,-6.774220000503572,-6.380065255808092,1.3617726609958822,False,0.48,0.29069767441860467,False,True,385,False,6.7447274948966935,False,10,12
CNC(OC)c1ccc(/C=C/C(=O)Nc2ccccc2N)cc1-c1cc2[nH]ccc2cc1C#N,6.395471761075068,402.27981239849635,Tier 3 (300-500 nM),-7.299779946967599,Ortho-aminoanilide,True,False,3.4650966930806772,451.5300000000002,4.805080000000003,4,5,115.95999999999998,7,2.7912612192659467,6.410572067924684,5.602074844403231,-0.015100306849615386,0.7933969166718375,-6.463023872534662,-6.567139594593246,0.7326403523743528,False,0.47619047619047616,0.29333333333333333,False,True,385,False,6.7447274948966935,False,10,12
CNC(C)c1ccc(/C(C#N)=C(\Br)C(=O)Nc2ccccc2N)cc1Br,6.39423268382424,403.42918806137965,Tier 3 (300-500 nM),-7.345988437369246,Ortho-aminoanilide,True,False,3.2720157673169297,478.1880000000001,4.579980000000003,3,4,90.94,5,3.175289454157082,6.157378470086308,6.223928801666422,0.23685421373793147,0.17030388215781755,-5.9241077706352225,-6.7055980828223865,0.6403903545468594,False,0.36666666666666664,0.2535211267605634,False,True,385,False,6.7447274948966935,False,33,1
CNc1ccc(/C=C/C(=O)Nc2ccccc2N)cc1-c1cc2[nH]ccc2c(C#N)c1CN(C)OC,6.389545091447367,407.80721821607426,Tier 3 (300-500 nM),-7.528666352485625,Ortho-aminoanilide,True,False,3.1801806388750666,480.5720000000003,4.9755800000000034,4,6,119.19999999999999,8,2.803063755172235,7.079095174013206,6.191711299893392,-0.6895500825658392,0.1978337915539754,-6.418342600418106,-6.3691263113033605,1.1103237520675187,False,0.47126436781609193,0.26881720430107525,False,True,385,False,6.7447274948966935,False,28,2
CNCc1cc2cc[nH]c2cc1-c1cc(/C=C/C(=O)Nc2ccccc2N)ccc1N(C)C#N,6.380897908708327,416.0083917100518,Tier 3 (300-500 nM),-7.621702592815181,Ortho-aminoanilide,True,False,3.0221381106625085,450.5460000000001,4.705680000000003,4,5,109.97,7,2.7707947396530876,6.967427246483843,6.559620612290367,-0.5865293377755156,-0.17872270358203934,-5.856269895567689,-6.044246663252424,1.577455929562757,False,0.52,0.2840909090909091,False,True,385,False,6.7447274948966935,False,10,12
CNCc1cc2c(F)c[nH]c2cc1-c1cc(/C=C/C(=O)Nc2ccccc2N)ccc1N(C)C#N,6.370750973389353,425.8425233557301,Tier 3 (300-500 nM),-7.2254753543536285,Ortho-aminoanilide,True,False,3.117273503348768,468.5360000000002,4.844780000000003,4,5,109.97,7,2.7337838628201863,6.867637674975531,6.848523372383827,-0.49688670158617754,-0.47777239899447377,-5.591899075319741,-5.658040390417452,1.5674349639361767,False,0.43209876543209874,0.3068181818181818,False,True,385,False,6.7447274948966935,False,10,12
CNCc1cc2cc[nH]c2cc1-c1cc(/C=C/C(=O)Nc2ccccc2N)ccc1C(C#N)C#N,6.366815337734807,429.71910473691753,Tier 3 (300-500 nM),-7.472921634047217,Ortho-aminoanilide,True,False,3.084156678173943,460.5410000000001,4.919160000000002,4,5,130.51999999999998,7,2.4842410869042415,6.868817209480299,5.965792603953772,-0.5020018717454917,0.40102273378103526,-6.962594245311163,-6.106736185463295,0.5103273887360542,False,0.527027027027027,0.3103448275862069,False,True,385,False,6.7447274948966935,False,10,12
CNCc1c(CC#N)cc(/C=C/C(=O)Nc2ccccc2N)c(CCl)c1Br,6.3641583195476255,432.3561893488128,Tier 3 (300-500 nM),-9.109382662200089,Ortho-aminoanilide,True,False,2.985087807991869,447.7640000000002,4.207480000000002,3,4,90.94,7,2.3719188218766987,5.772431532248953,6.092532679625814,0.5917267872986729,0.27162563992181177,-5.692708033377,-6.529462455046061,2.5799202071540277,False,0.47761194029850745,0.24691358024691357,False,True,385,False,6.7447274948966935,False,8,16
COc1cc(Cc2cc(-c3cscn3)c(C(=O)O)c(C(C)=O)c2OCC#N)c(F)cn1,6.359968240336069,436.547755517206,Tier 3 (300-500 nM),-7.323183898984661,Carboxylate,False,False,3.2411255282893388,441.4400000000002,3.746780000000002,1,8,122.40000000000002,8,1.200035054041486,7.192532194684824,6.863538183742506,-0.8325639543487551,-0.5035699434064371,-6.810728333258478,-6.7895443896314855,0.5124555657261833,False,0.3617021276595745,0.24096385542168675,False,True,148,False,9.69897000433602,False,1,49
CNC(c1ccc(/C=C/C(=O)Nc2ccccc2N)cc1Br)C(C)C(F)C#N,6.3598254466933835,436.69131362315727,Tier 3 (300-500 nM),-8.310536627474253,Ortho-aminoanilide,True,False,3.7957921080798016,445.33600000000007,4.441480000000003,3,4,90.94,7,3.3240041636170425,5.744917001750077,6.198721440522606,0.6149084449433069,0.16110400617077758,-5.566403779964379,-6.654108238930273,1.6564283885439801,False,0.5373134328358209,0.28205128205128205,False,True,385,False,6.7447274948966935,False,7,16
CCCc1cnccc1Cc1cc(-c2cscn2)c(C(=O)O)c(C(C)=O)c1OCC#N,6.354470357728372,442.10929150834556,Tier 3 (300-500 nM),-7.098609905192645,Carboxylate,False,False,3.20741563994192,435.5050000000003,4.551580000000005,1,7,113.17000000000002,9,1.196540857379234,6.5671895101031525,6.240247014024089,-0.21271915237478023,0.11422334370428366,-6.66576730245728,-6.96490805506201,0.13370185013063463,False,0.4,0.25301204819277107,False,True,148,False,9.69897000433602,False,1,49
CCc1cnccc1Cc1cc(-c2cscn2)c(C(=O)O)c(C(C)=O)c1OCC#N,6.350688170131628,445.97635108792934,Tier 3 (300-500 nM),-7.116475253363093,Carboxylate,False,False,3.1709372195513783,421.47800000000024,4.161480000000004,1,7,113.17000000000002,8,1.1102384295384702,6.630879829737283,6.14494395240253,-0.28019165960565484,0.205744217729098,-6.921681112803833,-6.881048048363881,0.19479414055925925,False,0.3561643835616438,0.2625,False,True,148,False,9.69897000433602,False,1,49
CCN(C#N)C(C)C(F)C(NC)c1ccc(/C=C/C(=O)Nc2ccccc2N)cc1Br,6.3433734310040375,453.55145969001114,Tier 3 (300-500 nM),-7.391812826535021,Ortho-aminoanilide,True,False,4.081587130508989,488.40500000000014,4.473280000000003,3,5,94.17999999999999,9,3.90094129962018,5.705359344705016,6.431600037328786,0.6380140862990213,-0.08822660632474832,-6.021106037420061,-6.4564907216797645,0.9353221048552562,False,0.5,0.27472527472527475,False,True,385,False,6.7447274948966935,False,7,16
CNC(F)C(c1c(/C=C/C(=O)Nc2ccccc2N)ccc(CC#N)c1Br)C1CC1,6.336625206748811,460.6539433841845,Tier 3 (300-500 nM),-8.860823931688781,Ortho-aminoanilide,True,False,3.946386872915369,471.37400000000025,4.757880000000004,3,4,90.94,8,1.8801224424689014,6.082789601570402,6.437600260360855,0.2538356051784083,-0.10097505361204462,-6.224828770154578,-6.353142034092537,2.5076818975962443,False,0.4383561643835616,0.23076923076923078,False,True,385,False,6.7447274948966935,False,17,2
CNCc1ccc(/C=C/C(=O)Nc2ccccc2N)cc1-c1cc2[nH]ccc2cc1C#N,6.330012076240703,467.72213535722466,Tier 3 (300-500 nM),-9.486807580641647,Ortho-aminoanilide,True,False,2.724766591894264,421.50400000000013,4.660080000000002,4,4,106.72999999999999,6,2.443695050947488,6.858832830978501,6.512881398962091,-0.5288207547377981,-0.18286932272138845,-6.138837807802215,-6.607766234876064,2.8790413457655832,False,0.5714285714285714,0.30985915492957744,False,True,385,False,6.7447274948966935,False,10,12
COC(N)c1ccc(/C=C/C(=O)Nc2ccccc2N)cc1-c1cc2[nH]ccc2cc1C#N,6.327412058092386,470.5306755893482,Tier 3 (300-500 nM),-7.658928913285592,Ortho-aminoanilide,True,False,3.402264410916496,437.50300000000016,4.544380000000003,4,5,129.95,6,3.026879467687281,6.357741734508339,5.551259693237826,-0.03032967641595352,0.7761523648545596,-6.583599873409145,-6.74617655444581,0.9127523588397821,False,0.4805194805194805,0.3013698630136986,False,True,385,False,6.7447274948966935,False,10,12
CNCN(C)Cc1c(Cl)cc(/C=C/C(=O)Nc2ccccc2N)c(CCl)c1Br,6.318946652772924,479.7923810482094,Tier 3 (300-500 nM),-7.082086860689792,Ortho-aminoanilide,True,False,3.0986828693379875,486.24100000000016,4.6841000000000035,3,4,70.39,8,3.0098435705006965,5.452961567600464,5.717674263595412,0.8659850851724604,0.6012723891775122,-5.562368355644028,-6.404030558741578,0.6780563019482138,False,0.4788732394366197,0.23655913978494625,False,True,385,False,6.7447274948966935,False,8,16
CNC(C)(F)CC(N)(Cl)c1ccc(/C=C/C(=O)Nc2ccccc2N)cc1Br,6.316180084963838,482.8585379401853,Tier 3 (300-500 nM),-8.94796497988062,Ortho-aminoanilide,True,False,3.6954829256915076,469.7860000000001,4.328700000000001,4,4,93.16999999999999,7,3.784876854461309,6.108126986544156,6.54422283054439,0.20805309841968178,-0.22804274558055226,-5.523851435327699,-6.229792338466127,2.718172641414493,False,0.5555555555555556,0.2716049382716049,False,True,385,False,6.7447274948966935,False,13,3
CNC(F)CC(N)(Cl)c1ccc(/C=C/C(=O)Nc2ccccc2N)cc1Br,6.311291301324615,488.3247075824469,Tier 3 (300-500 nM),-9.442135758982845,Ortho-aminoanilide,True,False,3.6915915660860366,455.7590000000001,3.938600000000002,4,4,93.16999999999999,7,3.9714873861710775,6.041905794396482,6.6499015274981295,0.269385506928133,-0.33861022617351466,-5.4502569105876395,-6.391071200917862,3.051064558064983,False,0.5606060606060606,0.2875,False,True,385,False,6.7447274948966935,False,13,3
