SMILES,pIC50_pred,IC50_nM_est,IC50_tier,docking_pred,zbg_tag,pains_brenk_flagged,soft_metabolic_liability,sa_score,MW,cLogP,HBD,HBA,TPSA,RotB,l_shape_2d_proxy,pIC50_hdac1_pred,pIC50_hdac6_pred,selectivity_vs_hdac1,selectivity_vs_hdac6,docking_hdac1_pred,docking_hdac6_pred,docking_selectivity,passes_ic50_selectivity,ic50_model_max_similarity,dock_model_max_similarity,ic50_model_low_confidence,dock_model_low_confidence,zbg_precedent_count,zbg_low_precedent,zbg_real_pic50_ceiling,exceeds_real_precedent,cluster_id,cluster_size
CC1CC(N)N2C(=S)Sc3ccc(CCCCCCCC#N)c(N4CCNCC4)c3C2=N1,7.992611945546794,10.171571457422264,Tier 1 (<150 nM),-7.567247255413407,Cyclic-thione,True,False,4.211275452944231,470.7120000000004,4.019080000000003,2,7,80.67999999999999,8,2.2232700377811265,6.560411626062904,5.578235235353221,1.43220031948389,2.414376710193573,-6.61838895522651,-6.2907993683901395,0.9488583001868971,False,0.32857142857142857,0.18556701030927836,True,True,50,False,7.244125144327508,True,1,41
CC1CC(N)N2C(=S)Sc3ccc(CCCNCCCC#N)c(N4CCNCC4)c3C2=N1,7.990990708472009,10.209613264656728,Tier 1 (<150 nM),-7.776209072128056,Cyclic-thione,True,False,4.299540168663295,471.70000000000033,2.4383800000000004,3,8,92.71,8,2.2232700377811265,6.481335015030825,5.521107413672139,1.509655693441184,2.46988329479987,-6.756915833286703,-6.860028690918893,0.9161803812091636,False,0.3150684931506849,0.1941747572815534,True,True,50,False,7.244125144327508,True,1,41
N#CCCCNCCCc1ccc2c(c1N1CCNCC1)C1=NC(N)CC(N)N1C(=S)S2,7.943698685629142,11.384168477534347,Tier 1 (<150 nM),-8.568007013833723,Cyclic-thione,True,False,4.4128814730111205,472.6880000000003,1.3346800000000019,4,9,118.72999999999999,8,2.5502399362599055,6.987174205742281,5.735810052937111,0.9565244798868608,2.207888632692031,-6.845372648096764,-6.990128371376646,1.577878642457077,False,0.3194444444444444,0.18888888888888888,True,True,50,False,7.244125144327508,True,1,41
CCOCCc1ccc2c(c1N1CCNCC1)C1=NC(C(=O)OCC)CC(N)N1C(=S)S2,7.926041806143508,11.856546089491404,Tier 1 (<150 nM),-7.244562715900792,Cyclic-thione,True,True,4.2645886360821645,477.6560000000002,1.7346000000000008,2,9,92.41999999999999,7,1.3316126769738854,5.9274940925808695,6.653683998496546,1.9985477135626386,1.2723578076469622,-6.63295363427476,-6.927145138003994,0.3174175778967978,False,0.3516483516483517,0.26744186046511625,False,True,50,False,7.244125144327508,True,1,41
CC1CC(N)N2C(=S)Sc3ccc(CCCCC#N)c(N4CCN(C(C)(C)C)CC4)c3C2=N1,7.887957196715193,12.943234013556562,Tier 1 (<150 nM),-7.419398748064843,Cyclic-thione,True,False,4.285497565310964,484.7390000000004,4.359680000000004,1,7,71.89,5,1.5406419310125112,5.828854564666369,6.6460667548665935,2.0591026320488233,1.2418904418485992,-6.861724081769817,-6.244527655509825,0.5576746662950258,False,0.30985915492957744,0.18811881188118812,True,True,50,False,7.244125144327508,True,1,41
CCCC1CC(N)N2C(=S)Sc3ccc(CCCCC#N)c(N4CCNCC4)c3C2=N1,7.859734400337128,13.812287186369945,Tier 1 (<150 nM),-7.825640166983094,Cyclic-thione,True,False,4.315269347561689,456.6850000000004,3.628980000000002,2,7,80.67999999999999,7,1.4482415525962284,6.395768746693209,5.914310761165052,1.4639656536439194,1.945423639172076,-6.584025482814307,-6.967670995186694,0.8579691717964,False,0.3287671232876712,0.2,True,True,50,False,7.244125144327508,True,1,41
N#Cc1cc(C(=O)NC(=O)NC2CN3CCC2CC3)cc(C(=O)Cc2ccccc2F)c1CCCO,7.8558651955195185,13.935893042478199,Tier 1 (<150 nM),-7.0283226992905,Acylurea,False,True,4.022543003659661,492.55100000000033,2.581280000000001,3,6,122.53000000000002,8,2.014288777584775,6.794351128444344,6.080184063789285,1.0615140670751746,1.7756811317302335,-6.185446493202474,-6.352244945245145,0.6760777540453553,False,0.45454545454545453,0.2903225806451613,False,True,24,False,8.481486060122112,False,2,39
N#CCCCCc1ccc2c(c1N1CCNCC1)C1=NC(c3ccncc3)CC(N)N1C(=S)S2,7.7642377281661785,17.209263004166466,Tier 1 (<150 nM),-7.737695195017477,Cyclic-thione,True,False,4.210845487069822,491.6900000000001,3.596580000000002,2,8,93.57,6,1.5069183403531752,6.75068102040111,6.185122758396072,1.0135567077650682,1.5791149697701066,-6.446587660705089,-6.806936877470142,0.9307583175473351,False,0.3218390804597701,0.1956521739130435,True,True,50,False,7.244125144327508,True,1,41
CCOC(=O)C1CC(N)N2C(=S)Sc3ccc(CCCCOC)c(N4CCNCC4)c3C2=N1,7.73286656071215,18.498369038899735,Tier 1 (<150 nM),-7.330250317126471,Cyclic-thione,True,True,4.206425139494412,491.6830000000005,2.1247000000000016,2,9,92.42,8,1.2362530851963047,5.8898332852302895,5.545707295777447,1.8430332754818606,2.187159264934703,-6.894848095545779,-6.926704026324081,0.4035462908023906,True,0.3473684210526316,0.25806451612903225,True,True,50,False,7.244125144327508,True,1,41
CC1CC(N)N2C(=S)Sc3ccc(CCCCC#N)c(N4CCOCC4)c3C2=N1,7.702676174127916,19.830050759061898,Tier 1 (<150 nM),-7.6593405980926965,Cyclic-thione,True,False,4.196632998028338,429.6150000000003,3.275780000000002,1,7,77.88,5,1.788778833452355,5.998044756505187,6.029839965598754,1.7046314176227293,1.6728362085291621,-6.8569038176281625,-6.481957778328028,0.802436780464534,False,0.30985915492957744,0.23076923076923078,True,True,50,False,7.244125144327508,True,1,41
CCCCCCCc1c(C#N)cc(C(=O)NC(=O)NC2CN3CCC2CC3)cc1C(=O)CN,7.669446197646969,21.40690108660655,Tier 1 (<150 nM),-7.663108782830596,Acylurea,True,True,4.034356176202271,453.58700000000033,2.7461800000000007,3,6,128.32000000000002,10,3.295163026144218,6.578517649442399,6.048459389485116,1.0909285482045696,1.6209868081618524,-6.618087749566973,-6.654390356434625,1.008718426395971,False,0.5166666666666667,0.26595744680851063,False,True,24,False,8.481486060122112,False,2,39
CCCCc1c(C#N)cc(C(=O)NC(=O)NC2CN3CCC2CC3)cc1C(=O)Cc1ccc(O)cc1,7.624631276607831,23.733878971388997,Tier 1 (<150 nM),-7.134335731485598,Acylurea,False,True,3.9699086145193876,488.58800000000036,3.5654800000000026,3,6,122.53000000000002,8,1.582931903478315,6.597120513282857,6.015858968696756,1.0275107633249734,1.6087723079110745,-5.7850469969908245,-6.46515394394048,0.669181787545118,False,0.5,0.27956989247311825,False,True,24,False,8.481486060122112,False,2,39
N#CCCc1c(C#N)cc(C(=O)NC(=O)NC2CN3CCC2CC3)cc1C(=O)Cc1ccccc1,7.6184527218438625,24.073945785203062,Tier 1 (<150 nM),-7.274917254686516,Acylurea,False,True,4.013044255628218,469.54500000000036,2.973460000000001,2,6,126.09,7,1.7398139493809681,6.786431419064401,5.8293162233558835,0.8320213027794612,1.789136498487979,-6.649814137692809,-6.670368784545043,0.6045484701414727,False,0.4838709677419355,0.30337078651685395,False,True,24,False,8.481486060122112,False,2,39
N#CCCNCCCc1ccc2c(c1N1CCNCC1)C1=NC(N)CC(CO)N1C(=S)S2,7.604345756354462,24.86876644319791,Tier 1 (<150 nM),-8.277875393188937,Cyclic-thione,True,False,4.37334317869674,473.67200000000025,1.0206800000000016,4,9,112.94,8,2.416861701539428,6.548837173903484,6.2233777186414505,1.0555085824509778,1.3809680377130116,-6.782699395068526,-6.826955318130125,1.4509200750588125,False,0.3163265306122449,0.19230769230769232,True,True,50,False,7.244125144327508,True,3,3
Cc1ccccc1CC(=O)c1cc(C(=O)NC(=O)NC2CN3CCC2CC3)cc(C#N)c1CCCN,7.601713547397359,25.019950872267472,Tier 1 (<150 nM),-7.007307431371906,Acylurea,False,True,4.018614496872329,487.60400000000044,2.7170000000000005,3,6,128.32,8,2.0142887775847744,6.517218098116073,6.070972697050515,1.0844954492812855,1.5307408503468434,-6.49661454123719,-6.693474427207936,0.3138330041639703,False,0.484375,0.3076923076923077,False,True,24,False,8.481486060122112,False,2,39
NC(=O)c1cc(C(=O)NC(=O)NC2CN3CCC2CC3)cc(N2CCOCC2)c1N1CCOCC1,7.557928221440052,27.673989929221666,Tier 1 (<150 nM),-7.253750617615412,Acylurea,False,True,3.997456159664776,486.5730000000005,-0.007699999999996487,3,8,129.46999999999997,5,2.4354803651728556,6.842922112308477,6.985111640793519,0.7150061091315747,0.5728165806465322,-6.7244849089371606,-6.958956269331841,0.2947943482835713,False,0.5849056603773585,0.28378378378378377,False,True,24,False,8.481486060122112,False,7,12
CCC1CC1C(=CC(=O)Nc1ccccc1N)c1c(C)cc(CC#N)cc1N1CCNCC1,7.557249872257477,27.717249279461512,Tier 1 (<150 nM),-7.031363459362147,Ortho-aminoanilide,True,False,3.822916137857751,443.5950000000003,4.121100000000003,3,5,94.17999999999999,7,1.6648063595562967,5.803329610081273,5.50008584188943,1.7539202621762033,2.057164030368047,-4.813236488753357,-6.277544408842985,0.7538190505191622,True,0.4567901234567901,0.24489795918367346,False,True,385,False,6.7447274948966935,True,14,2
CCCCc1c(C#N)cc(C(=O)NC(=O)NC2CN3CCC2CC3)cc1C(=O)Cc1ccc(C)cc1,7.54301041134338,28.641093077794906,Tier 1 (<150 nM),-7.297706873609987,Acylurea,False,True,3.911948886012601,486.6160000000004,4.168300000000004,2,5,102.30000000000001,8,1.582931903478315,6.5333631480969006,6.029145792735337,1.009647263246479,1.513864618608043,-5.060292647035107,-6.467189845941699,0.8305170276682876,False,0.46875,0.2826086956521739,False,True,24,False,8.481486060122112,False,2,39
NCCCCc1ccc2c(c1N1CCNCC1)C1=NC(CCO)CC(N)N1C(=S)S2,7.534796441716027,29.18794762519127,Tier 1 (<150 nM),-7.895272506160718,Cyclic-thione,True,False,4.290464106357186,448.66200000000015,1.2563000000000009,4,8,103.13999999999999,7,1.4428550211040343,6.061567642284194,6.403560267373107,1.4732287994318334,1.13123617434292,-6.403221936396722,-6.920703023387276,0.9745694827734424,False,0.32857142857142857,0.1836734693877551,True,True,50,False,7.244125144327508,True,1,41
CC(Cl)c1c(C(N)=O)cc(C(=O)NC(=O)NC2CN3CCC2CC3)cc1N1CCOCC1,7.531367363124644,29.41932045234486,Tier 1 (<150 nM),-7.326999188038222,Acylurea,True,True,4.2869913708503855,463.96600000000046,1.4555000000000002,3,6,116.99999999999999,5,2.2241534447572504,6.784756945113942,6.385499025727253,0.746610418010702,1.145868337397391,-6.364495551790592,-6.4509685934363485,0.8760305946018736,False,0.5344827586206896,0.2717391304347826,False,True,24,False,8.481486060122112,False,7,12
NC1CC(N)N2C(=S)Sc3ccc(CCCNCc4ccncc4)c(N4CCNCC4)c3C2=N1,7.519707673438426,30.219851546716736,Tier 1 (<150 nM),-7.994904624918035,Cyclic-thione,True,False,4.228950382174717,496.71000000000026,1.6261000000000012,4,9,107.83,7,2.2531378888129505,6.446702759517054,6.3167129032680345,1.0730049139213724,1.2029947701703918,-5.969500465249869,-6.856508274054041,1.138396350863994,False,0.32954545454545453,0.2087912087912088,True,True,50,False,7.244125144327508,True,1,41
CC1CC(N)N2C(=S)Sc3ccc(Cc4ccoc4C(C)(C)C)c(N4CCNCC4)c3C2=N1,7.5071775915820655,31.104441550310533,Tier 1 (<150 nM),-7.341507067619342,Cyclic-thione,True,False,4.4678838745136815,483.7070000000004,4.093700000000003,2,7,70.03,3,1.7772963475682015,6.26993422514002,6.939786176126603,1.237243366442046,0.5673914154554627,-6.883865817417729,-6.096864186547849,0.45764125020161295,False,0.323943661971831,0.20618556701030927,True,True,50,False,7.244125144327508,True,1,41
COCCC1CC(N)N2C(=S)Sc3ccc(CCCNCN)c(N4CCNCC4)c3C2=N1,7.502213432630032,31.462017433492246,Tier 1 (<150 nM),-7.157713002549993,Cyclic-thione,True,False,4.421485653613128,477.7040000000004,1.0674000000000026,4,9,104.17,9,1.2652531791421608,5.866784501226911,6.225131604632555,1.635428931403121,1.2770818279974767,-5.355030551418301,-6.551458858358422,0.6062541441915714,False,0.31313131313131315,0.23469387755102042,True,True,50,False,7.244125144327508,True,1,41
Cc1ccccc1CC(=O)c1cc(C(=O)NC(=O)NC2CN3CCC2CC3)cc(C#N)c1C,7.501875934172108,31.486476665077014,Tier 1 (<150 nM),-7.082143396947698,Acylurea,False,True,3.835535828807732,444.5350000000003,3.134120000000002,2,5,102.29999999999998,5,2.0706613878062274,6.521891238619147,6.174407900303641,0.979984695552961,1.3274680338684668,-5.722244763865685,-6.386299919561788,0.6958434773859103,False,0.5172413793103449,0.32941176470588235,False,True,24,False,8.481486060122112,False,2,39
N#CCc1cc(C(=O)NC(=O)NC2CN3CCC2CC3)ccc1Cc1ccc(CC(=O)C#N)cc1,7.491459169687886,32.250825120605256,Tier 1 (<150 nM),-8.420838753764938,Acylurea,True,True,4.048180255628219,469.5450000000003,2.5122600000000004,2,6,126.09,7,2.2770482169132653,7.209794387133586,6.36601805230335,0.2816647825542997,1.1254411173845362,-6.970371080978836,-6.769527924256227,1.4504676727861021,False,0.5357142857142857,0.3023255813953488,False,True,24,False,8.481486060122112,False,2,39
NC(=O)c1cc(C(=O)NC(=O)NC2CN3CCC2CC3)cc(-c2ccccc2)c1N1CCOCC1,7.47527048084228,33.47568859062094,Tier 1 (<150 nM),-7.36971554686888,Acylurea,False,True,3.8198456493829784,477.56500000000034,1.8227000000000004,3,6,116.99999999999999,5,2.4354803651728556,6.688949198913731,6.590338964924299,0.786321281928549,0.8849315159179811,-6.210199487587635,-6.622409012531156,0.7473065343377243,False,0.5254237288135594,0.2976190476190476,False,True,24,False,8.481486060122112,False,7,12
CCCNC(=O)C1CC(N)N2C(=S)Sc3ccc(CCOCC)c(N4CCNCC4)c3C2=N1,7.468377213894323,34.011265071657874,Tier 1 (<150 nM),-7.785598841175114,Cyclic-thione,True,False,4.2655865142898275,490.6990000000004,1.697700000000002,3,8,95.22,8,1.142281985627102,5.775920267001565,6.925983761867878,1.692456946892758,0.5423934520264453,-6.171198640025929,-6.834754392940184,0.9508444482349301,False,0.33707865168539325,0.2857142857142857,True,True,50,False,7.244125144327508,True,1,41
N#CCCCCc1ccc2c(c1N1CCN(C3CC3)CC1)C1=NC(N)CC(CF)N1C(=S)S2,7.4649912865743975,34.27746637039856,Tier 1 (<150 nM),-7.798253818343838,Cyclic-thione,True,False,4.354931031474772,486.6860000000002,3.673180000000002,1,7,71.89,7,1.428759624575104,6.1465945376406745,6.747024993584921,1.318396748933723,0.7179662929894768,-6.8522335311324305,-6.617440018299846,0.9460202872114074,False,0.2916666666666667,0.18446601941747573,True,True,50,False,7.244125144327508,True,3,3
CC1CC(N)N2C(=S)Sc3ccc(CCCc4ccncc4)c(N4CCNCC4)c3C2=N1,7.462956781177249,34.43842004576996,Tier 1 (<150 nM),-7.242185479299773,Cyclic-thione,True,False,4.112000601288175,466.68000000000023,3.1827000000000014,2,7,69.78,5,1.8787906571344997,6.052209775424744,6.192267315188504,1.410747005752505,1.2706894659887453,-6.533948473610772,-6.509535180686681,0.7082370056890017,False,0.3088235294117647,0.19318181818181818,True,True,50,False,7.244125144327508,True,1,41
CC1CC(N)N2C(=S)Sc3ccc(CCCCOCO)c(N4CCNCC4)c3C2=N1,7.4546826538182795,35.10082678291295,Tier 1 (<150 nM),-7.4590457693225805,Cyclic-thione,True,False,4.315891118879547,449.6460000000003,1.9014999999999997,3,8,86.35,7,1.921392434243143,6.000009459259322,6.077128332385294,1.454673194558958,1.377554321432986,-6.465261780117367,-6.6537537086436895,0.8052920606788909,False,0.34831460674157305,0.21212121212121213,True,True,50,False,7.244125144327508,True,1,41
CC1CC(N)N2C(=S)Sc3ccc(CCCCCc4ccncc4)c(N4CCNCC4)c3C2=N1,7.450888219302328,35.408846626279775,Tier 1 (<150 nM),-7.147807606330409,Cyclic-thione,True,False,4.084087445111781,494.7340000000003,3.962900000000003,2,7,69.78,7,2.2531378888129505,6.339158682975985,6.146768348819039,1.1117295363263429,1.304119870483289,-5.930491617188968,-6.210143471153268,0.9376641351771413,False,0.30434782608695654,0.19101123595505617,True,True,50,False,7.244125144327508,True,1,41
CC(=O)c1c(C(N)=O)cc(C(=O)NC(=O)NC2CN3CCC2CC3)cc1N1CCOCC1,7.446695485925207,35.75234348390706,Tier 1 (<150 nM),-7.560068726210336,Acylurea,False,True,3.924981935234827,443.5040000000004,0.35830000000000073,3,7,134.07,5,2.2241534447572504,6.4165432604342145,6.788833257930853,1.0301522254909923,0.6578622279943538,-6.607172665846614,-6.8125719633684545,0.7474967628418812,False,0.5818181818181818,0.2727272727272727,False,True,24,False,8.481486060122112,False,7,12
CCC1CC1/C(=C\C(=O)Nc1ccccc1N)c1ccc(C(=O)NC(=O)C#N)cc1-c1cscn1,7.445843097801474,35.8225833793842,Tier 1 (<150 nM),-7.067051711555774,Ortho-aminoanilide,True,True,3.994610625268302,485.5690000000002,4.2404800000000025,3,7,137.96999999999997,7,2.162579898862651,6.497301528654789,5.624823091258833,0.948541569146685,1.821020006542641,-6.411813225479146,-6.276684249200536,0.6552384860766276,False,0.4264705882352941,0.24210526315789474,False,True,385,False,6.7447274948966935,True,5,18
CC(=O)OOc1ccc(C(=O)NC(=O)NC2C3CCN(CC3)C2C(C)=O)cc1N1CCOCC1,7.443152395979479,36.045213647444115,Tier 1 (<150 nM),-7.366122313754974,Acylurea,True,True,4.410212067031312,474.5140000000004,0.8713000000000009,2,9,126.50999999999999,6,2.6284161667825385,6.589059815839857,5.525405205397252,0.8540925801396222,1.9177471905822268,-5.917655385072139,-6.516226723181983,0.8498955905729906,False,0.4,0.3076923076923077,False,True,24,False,8.481486060122112,False,35,2
CNC(=O)c1cc2c(cc1C(F)Cl)CN(C(=O)[C@H](N)Cc1ccc(Cl)cc1Cl)C2,7.4422867880984205,36.11712829732701,Tier 1 (<150 nM),-8.107968336933501,alpha-amino-amide,True,False,3.5145535526910026,458.74800000000016,3.972100000000003,2,3,75.43,5,3.0118693639819236,5.961236082444244,6.0779096346804815,1.4810507056541766,1.364377153417939,-6.185487595098846,-6.697401804165039,1.4105665327684624,False,0.7368421052631579,0.3026315789473684,False,True,59,False,6.995678626217357,True,0,56
NC(=O)c1cc(C(=O)NC(=O)NC2CN3CCC2CC3)cc(N2CCNCC2)c1N1CCOCC1,7.43875785875976,36.41179938247917,Tier 1 (<150 nM),-7.211828165809198,Acylurea,False,True,4.061726989824716,485.58900000000045,-0.43469999999999587,4,8,132.26999999999998,5,2.4354803651728556,6.889882890516262,6.875831543652282,0.5488749682434984,0.5629263151074779,-6.705550505117689,-6.870820791030162,0.34100737477903564,False,0.5614035087719298,0.26582278481012656,False,True,24,False,8.481486060122112,False,7,12
CCOCCC(O)CCc1ccc2c(c1N1CCNCC1)C1=NC(C)CC(N)N1C(=S)S2,7.415370462041427,38.42638573026816,Tier 1 (<150 nM),-7.474282685856291,Cyclic-thione,True,False,4.474073716863564,477.7000000000002,2.3325000000000005,3,8,86.35,8,2.332057161226482,6.087260772456738,6.092804143191368,1.3281096895846884,1.3225663188500585,-6.710995488055981,-6.662799757594667,0.7632871978003104,False,0.3068181818181818,0.23232323232323232,True,True,50,False,7.244125144327508,True,1,41
N#CC(=O)NC(=O)c1ccc(/C(=C/C(=O)Nc2ccccc2N)C2CC2)c(-c2cscn2)c1,7.400970680921999,39.721836464577635,Tier 1 (<150 nM),-7.022696987935197,Ortho-aminoanilide,True,True,3.1587437749266556,457.5150000000002,3.6043800000000017,3,7,137.97,6,2.6966528400222916,6.297063794021569,5.89092038139401,1.1039068869004298,1.5100502995279887,-6.476360954332997,-6.499000170208251,0.5236968177269459,False,0.4375,0.23958333333333334,False,True,385,False,6.7447274948966935,True,10,8
N#Cc1cc(C(=O)NC(=O)NC2CN3CCC2CC3)cc(C(=O)Cc2ccccc2)c1C#N,7.395399167096874,40.23470606228837,Tier 1 (<150 nM),-8.195983824254673,Acylurea,False,True,3.8946100434743265,441.4910000000002,2.38896,2,6,126.09,5,2.1266364988375295,7.059994922510113,6.077368317401483,0.3354042445867611,1.3180308496953916,-6.689444687258883,-6.252804018735256,1.5065391369957908,False,0.5172413793103449,0.3373493975903614,False,True,24,False,8.481486060122112,False,2,39
CCCNCCCc1ccc2c(c1N1CCNCC1)C1=NC(N)CC(O)N1C(=S)S2,7.394848567161955,40.28574810027252,Tier 1 (<150 nM),-8.420171101451801,Cyclic-thione,True,False,4.259044607251641,448.66200000000015,1.4745000000000013,4,8,89.14999999999999,7,2.083756735351747,6.136738686075881,6.741461776903633,1.2581098810860745,0.6533867902583221,-6.76249290972816,-6.9941416304859105,1.426029470965891,False,0.3372093023255814,0.2222222222222222,True,True,50,False,7.244125144327508,True,1,41
CCCNCCCc1ccc2c(c1N1CCNCC1)C1=NC(CN)CC(N)N1C(=S)S2,7.39373079130471,40.389568059605125,Tier 1 (<150 nM),-8.218323476784535,Cyclic-thione,True,False,4.306608500543537,461.7050000000002,1.4834000000000023,4,8,94.93999999999998,8,1.9707664073337003,6.882853738471276,6.0150206892950155,0.5108770528334343,1.3787101020096948,-6.7256463208807995,-6.901879100707922,1.3164443760766131,False,0.32558139534883723,0.21212121212121213,True,True,50,False,7.244125144327508,True,1,41
CCc1ccc(CCCC(=O)c2cc(C(=O)NC(=O)NC3CN4CCC3CC4)ccc2C#N)cc1,7.391428653273236,40.604236318737655,Tier 1 (<150 nM),-8.06353405729593,Acylurea,False,True,3.7680974863974512,472.5890000000003,3.859880000000003,2,5,102.29999999999998,8,2.693106679425541,6.798863834824523,5.955149374524663,0.5925648184487127,1.4362792787485725,-5.109382356724359,-6.737368031047994,1.326166026247936,False,0.5245901639344263,0.29213483146067415,False,True,24,False,8.481486060122112,False,2,39
CC1CC(N)N2C(=S)Sc3cc(CCCNC4CC4)cc(Cl)c3C2=N1,7.387999734512136,40.92609099145654,Tier 1 (<150 nM),-7.26639125017586,Cyclic-thione,True,False,4.112822643810461,394.9970000000001,3.5408000000000026,2,5,53.65,5,2.97425134557129,5.677417466058168,6.616215193728101,1.710582268453968,0.7717845407840356,-6.665410696304936,-6.432649512092798,0.6009805538709241,False,0.31746031746031744,0.20930232558139536,True,True,50,False,7.244125144327508,True,12,4
Cc1c(C#N)cc(C(=O)NC(=O)NC2CN3CCC2CC3)cc1C(=O)Cc1ccc(O)cc1,7.383679739867745,41.33522063773137,Tier 1 (<150 nM),-8.111789692867857,Acylurea,False,True,3.8562410397258446,446.50700000000023,2.5313,3,6,122.53000000000002,5,1.6000364908072544,6.822099181813643,6.113111917278335,0.5615805580541018,1.2705678225894097,-6.959560883994274,-6.502609804913464,1.1522288088735833,False,0.5535714285714286,0.3023255813953488,False,True,24,False,8.481486060122112,False,2,39
CC1CC(N)N2C(=S)Sc3ccc(CCCCNc4ccoc4)c(N4CCNCC4)c3C2=N1,7.382520414396657,41.44571016570155,Tier 1 (<150 nM),-7.626055239258415,Cyclic-thione,True,False,4.390006051933037,484.6950000000003,3.640200000000002,3,8,82.06,7,2.174721451054908,6.7428018998713055,6.558256370208395,0.6397185145253514,0.8242640441882623,-6.182950265927389,-6.314117100655288,1.3119381386031268,False,0.3333333333333333,0.18446601941747573,True,True,50,False,7.244125144327508,True,1,41
CCOC(=O)C1CC(N)N2C(=S)Sc3ccc(N4CCOCC4)c(N4CCNCC4)c3C2=N1,7.38149065321768,41.544099216765616,Tier 1 (<150 nM),-7.188110728601648,Cyclic-thione,True,True,4.205017033714414,490.6550000000005,0.9922000000000022,2,10,95.66,4,1.3360841762009192,6.290657871891319,5.706666379779715,1.0908327813263616,1.6748242734379657,-6.948659953426587,-6.391732639903159,0.23945077517506164,False,0.3829787234042553,0.2891566265060241,False,True,50,False,7.244125144327508,True,9,6
Cc1c(C#N)cc(C(=O)NC(=O)NC2CN3CCC2CC3)cc1C(=O)Cc1ccccc1,7.377831135219853,41.89564344077676,Tier 1 (<150 nM),-7.422970442635661,Acylurea,False,True,3.7474961026059184,430.5080000000002,2.825700000000001,2,5,102.30000000000001,5,1.6616655928192592,6.593106994456147,5.958292322383139,0.7847241407637053,1.4195388128367137,-6.021200119192405,-6.671316953140755,0.7516534894949061,False,0.5172413793103449,0.3373493975903614,False,True,24,False,8.481486060122112,False,2,39
CCC1CC1C(=CC(=O)Nc1ccccc1N)c1c(C#N)cc(CC#N)cc1N1CCNCC1,7.3751140828115584,42.15857444698191,Tier 1 (<150 nM),-7.112046226196925,Ortho-aminoanilide,True,False,3.9473989439222477,454.5780000000003,3.6843600000000025,3,6,117.96999999999998,7,1.5989594797099638,6.2542238135337405,5.703664961722271,1.120890269277818,1.671449121089287,-5.806321454976256,-6.327282898318237,0.7847633278786876,False,0.43373493975903615,0.27,False,True,385,False,6.7447274948966935,True,14,2
Cc1c(C#N)cc(C(=O)NC(=O)NC2CN3CCC2CC3)cc1C(=O)Cc1ccccc1F,7.371893104893641,42.472409057928935,Tier 1 (<150 nM),-7.24674984167035,Acylurea,False,True,3.8517388064752236,448.4980000000002,2.964800000000001,2,5,102.30000000000001,5,1.610119791776488,6.6830173028878415,6.580364550760709,0.6888758020057999,0.791528554132932,-5.866055082675552,-6.199002223635764,1.0477476180345855,False,0.4918032786885246,0.3068181818181818,False,True,24,False,8.481486060122112,False,2,39
CCC1CC(CCCCC#N)N2C(=S)Sc3ccc(CC#N)c(N4CCNCC4)c3C2=N1,7.365766494169063,43.07581527030887,Tier 1 (<150 nM),-8.066259189578007,Cyclic-thione,True,False,4.38746174056965,466.68000000000035,4.236360000000003,1,7,78.45,7,1.9548590976361906,6.441506586859847,5.632344566522836,0.9242599073092155,1.7334219276462264,-6.829057913024258,-6.673548022364,1.2372012765537495,False,0.3333333333333333,0.17647058823529413,True,True,50,False,7.244125144327508,True,13,2
CCCCOc1ccc2c(c1N1CCNCC1)C1=NC(C(=O)OCC)CC(N)N1C(=S)S2,7.364003571335427,43.25102743570382,Tier 1 (<150 nM),-7.074499873552467,Cyclic-thione,True,True,4.139139439125275,477.6560000000002,2.3345000000000002,2,9,92.41999999999999,7,1.3316126769738854,5.927202664120321,5.685387348200824,1.4368009072151064,1.6786162231346031,-6.700140601790014,-6.916229094734492,0.15827077881797535,True,0.4157303370786517,0.27058823529411763,False,True,50,False,7.244125144327508,True,9,6
COCCCCCCc1ccc2c(c1N1CCNCC1)C1=NC(CCO)CC(N)N1C(=S)S2,7.361316216070059,43.51948866304366,Tier 1 (<150 nM),-7.66394163908856,Cyclic-thione,True,False,4.208082134928988,491.7270000000003,2.7242000000000006,3,8,86.35,10,2.017555722426044,5.940403313940037,6.092756028770221,1.4209129021300217,1.2685601872998378,-6.478662864781432,-6.758897757350476,0.9050438817380844,False,0.3287671232876712,0.23255813953488372,True,True,50,False,7.244125144327508,True,1,41
CCCNCCCc1ccc2c(c1N1CCNCC1)C1=NC(N)CC(N)N1C(=S)S2,7.357920581793347,43.861089797925295,Tier 1 (<150 nM),-8.399714318415647,Cyclic-thione,True,False,4.296551583995827,447.67800000000017,1.440900000000002,4,8,94.93999999999998,7,2.083756735351747,6.559021167705084,6.204665283989568,0.7988994140882628,1.1532552978037787,-6.6152959460237275,-6.8722155954160815,1.5274987229995656,False,0.3333333333333333,0.21649484536082475,True,True,50,False,7.244125144327508,True,1,41
CCc1ccc(CCCCC(=O)c2cc(C(=O)NC(=O)NC3CN4CCC3CC4)ccc2C#N)cc1,7.355330984132728,44.12340462732576,Tier 1 (<150 nM),-8.069864399645638,Acylurea,True,True,3.7831426346397583,486.61600000000027,4.249980000000003,2,5,102.29999999999998,9,3.6973487098967235,6.723079145218492,5.9408263853589345,0.632251838914236,1.4145045987737932,-5.259868319231484,-6.397720102290428,1.67214429735521,False,0.5161290322580645,0.28888888888888886,False,True,24,False,8.481486060122112,False,2,39
COCCCCCCc1ccc2c(c1N1CCNCC1)C1=NC(C)CC(N)N1C(=S)S2,7.3508723374915474,44.57872699964697,Tier 1 (<150 nM),-7.128757752264395,Cyclic-thione,True,False,4.113449987146822,461.70100000000025,3.3617000000000017,2,7,66.11999999999999,8,2.3144020070851314,6.014798303713535,5.776927935579958,1.3360740337780124,1.5739444019115894,-6.796056847650924,-6.452774409981254,0.33270090461347124,False,0.3118279569892473,0.2391304347826087,True,True,50,False,7.244125144327508,True,1,41
CCCCC1CC2CCN1CC2NC(=O)NC(=O)c1ccc(CBr)c(C(N)=O)c1,7.345349916238262,45.14920252837804,Tier 1 (<150 nM),-8.005144436999233,Acylurea,True,True,4.449452818675246,465.39200000000017,2.7728,3,4,104.53,7,3.692403528761272,7.06403940284143,7.2071482585573685,0.2813105133968321,0.13820165768089332,-5.29037111205151,-6.948719610084425,1.0564248269148075,False,0.45161290322580644,0.27586206896551724,False,True,24,False,8.481486060122112,False,25,2
CCc1ccc(CC(=O)c2cc(C(=O)NC(=O)NC3CN4CCC3CC4)ccc2C#N)cc1,7.337651065979868,45.95671038590191,Tier 1 (<150 nM),-8.08067330898123,Acylurea,False,True,3.7301825475659802,444.5350000000003,3.0796800000000015,2,5,102.29999999999998,6,2.456452988961399,6.650359379874175,6.094043729965434,0.6872916861056932,1.243607336014434,-5.937042303155821,-6.610879134021387,1.4697941749598442,False,0.5614035087719298,0.32142857142857145,False,True,24,False,8.481486060122112,False,2,39
CCc1ccc(CCC(=O)c2cc(C(=O)NC(=O)NC3CN4CCC3CC4)cc(C#N)c2C#N)cc1,7.333633413218136,46.38382791604978,Tier 1 (<150 nM),-7.3985093044109265,Acylurea,False,True,3.9739131394062666,483.5720000000003,3.3414600000000023,2,6,126.08999999999997,7,2.9013009722277343,7.146094864287796,6.136660806778548,0.18753854893034028,1.196972606439588,-6.659222544639319,-6.559080982738813,0.7392867597716073,False,0.5254237288135594,0.29213483146067415,False,True,24,False,8.481486060122112,False,2,39
Cc1ccccc1CC(=O)c1cc(C(=O)NC(=O)NC2CN3CCC2CC3)cc(C#N)c1CO,7.3310734772411354,46.65804340122191,Tier 1 (<150 nM),-7.124329625580103,Acylurea,False,True,3.9653962852619085,460.53400000000033,2.318000000000001,3,6,122.52999999999999,6,2.039973411328823,6.7673916758356425,6.040441380612902,0.563681801405493,1.2906320966282339,-6.798226256961086,-6.6812059086600275,0.3261033686190169,False,0.4918032786885246,0.3181818181818182,False,True,24,False,8.481486060122112,False,2,39
NC(=O)c1cc(C(=O)NC(=O)NC2CN3CCC2CC3)cc(N2CCOCC2)c1-c1ccncc1,7.329150549081678,46.865089518017,Tier 1 (<150 nM),-7.556585779709962,Acylurea,False,True,3.9367675077226583,478.55300000000034,1.2177000000000004,3,7,129.89,5,2.4354803651728556,7.101114819983742,6.575517811991704,0.228035729097936,0.7536327370899745,-6.360466610270257,-6.83907082418893,0.7175149555210316,False,0.5245901639344263,0.26506024096385544,False,True,24,False,8.481486060122112,False,7,12
CCc1ccc(CCC(=O)c2cc(C(=O)NC(=O)NC3CN4CCC3CC4)cc(C#N)c2C)cc1,7.326492740631984,47.15277530043559,Tier 1 (<150 nM),-7.37421773855774,Acylurea,False,True,3.8350423675163317,472.5890000000003,3.7782000000000027,2,5,102.29999999999998,7,2.911287153731706,6.615718597483645,5.997080544512483,0.7107741431483392,1.3294121961195016,-5.244006810421633,-6.571618359404818,0.8025993791529222,False,0.5166666666666667,0.2911392405063291,False,True,24,False,8.481486060122112,False,2,39
CC1CC(CCC#N)N=C2c3c(ccc(Cc4ccncc4)c3N3CCNCC3)SC(=S)N21,7.320753432663543,47.7800464188986,Tier 1 (<150 nM),-7.870273423471783,Cyclic-thione,True,False,4.242212782702269,476.67500000000024,3.9857800000000028,1,7,67.55,5,1.4106175247810337,6.439365804870365,5.739016120917902,0.8813876277931785,1.5817373117456413,-6.982990838348763,-6.53335044711788,0.8872825851230202,False,0.32432432432432434,0.1839080459770115,True,True,50,False,7.244125144327508,True,6,2
N#Cc1ccc(C(=O)NC(=O)NC2CN3CCC2CC3)cc1C(=O)Cc1ccc(-c2ccccc2)cc1,7.317967635733786,48.08751826433331,Tier 1 (<150 nM),-7.311230560861523,Acylurea,False,True,3.698935483971887,492.5790000000003,4.184280000000003,2,5,102.30000000000001,6,1.837104476611854,6.706119818067506,6.389838167372171,0.6118478176662796,0.9281294683616146,-5.649771997231491,-6.294838017099908,1.016392543761615,False,0.5081967213114754,0.34523809523809523,False,True,24,False,8.481486060122112,False,2,39
CCCNCCCc1ccc2c(c1N1CCNCC1)C1=NC(C)CC(N)N1C(=S)S2,7.3119084767626905,48.76312427044774,Tier 1 (<150 nM),-8.117781771113275,Cyclic-thione,True,False,4.1753027467865245,446.69000000000017,2.5446000000000004,3,7,68.91999999999999,7,2.083756735351747,6.220799215448074,6.019044268878522,1.0911092613146165,1.2928642078841683,-6.64986721439701,-6.500429063222352,1.4679145567162655,False,0.29411764705882354,0.21428571428571427,True,True,50,False,7.244125144327508,True,1,41
CCOCc1cc(F)c2c(c1N1CCNCC1)C1=NC(C(=O)OCC)CC(N)N1C(=S)S2,7.305109242881548,49.5325580426169,Tier 1 (<150 nM),-7.394932706717415,Cyclic-thione,True,True,4.383585018161623,481.6190000000002,1.8311999999999997,2,9,92.41999999999999,6,1.160830157240071,5.52511933643273,5.753060898499523,1.7799899064488178,1.5520483443820243,-6.516335483576873,-6.623502535651379,0.7714301710660365,True,0.3854166666666667,0.2692307692307692,False,True,50,False,7.244125144327508,True,9,6
N#CCCCCc1ccc2c(c1N1CCNCC1)C1=NC(CC#N)CC(F)N1C(=S)S2,7.304635522087452,49.586616764867486,Tier 1 (<150 nM),-7.938543386882217,Cyclic-thione,True,False,4.485398128892716,456.6160000000001,3.7533600000000025,1,7,78.45,6,1.641630729424365,6.430601710174327,6.2168958581514735,0.874033811913125,1.0877396639359782,-6.661244839974222,-6.8864419233394765,1.0521014635427406,False,0.3333333333333333,0.20408163265306123,True,True,50,False,7.244125144327508,True,1,41
CNC(=O)c1cc2c(cc1C(Cl)Cl)CN(C(=O)[C@H](N)Cc1ccc(Cl)cc1Cl)C2,7.300944369816434,50.00985901188028,Tier 1 (<150 nM),-7.656700068830541,alpha-amino-amide,True,False,3.231658936939123,475.2030000000002,4.241400000000002,2,3,75.43,5,3.0118693639819236,5.760918362830281,5.949812142441891,1.540026006986153,1.351132227374543,-6.105201911995388,-6.852182257154685,0.804517811675856,True,0.7636363636363637,0.3026315789473684,False,True,59,False,6.995678626217357,True,0,56
NC(=O)c1cc(C(=O)NC(=O)NC2CN3CCC2CC3)cc(N2CCOCC2)c1Br,7.298391400587537,50.30470417595876,Tier 1 (<150 nM),-7.519631504098299,Acylurea,False,True,3.9390374834956337,480.3630000000003,0.9182000000000003,3,6,116.99999999999999,4,2.1285664915457074,6.849712075625876,6.539914503333303,0.4486793249616614,0.7584768972542344,-6.212931489059142,-6.649282677376752,0.8703488267215462,False,0.6153846153846154,0.25842696629213485,False,True,24,False,8.481486060122112,False,7,12
CCCCCc1ccc(CC(=O)c2cc(C(=O)NC(=O)NC3CN4CCC3CC4)ccc2C#N)cc1,7.297009516756297,50.46502389704294,Tier 1 (<150 nM),-7.856992806401479,Acylurea,True,True,3.7741587660811327,486.61600000000027,4.249980000000003,2,5,102.29999999999998,9,2.608131104291958,6.762840755378114,6.207750288931859,0.5341687613781838,1.0892592278244386,-5.077853904283849,-6.422456368880922,1.4345364375205572,False,0.5,0.30337078651685395,False,True,24,False,8.481486060122112,False,2,39
CCOCCC1CC(N)N2C(=S)Sc3ccc(Cc4ccncc4)c(N4CCNCC4)c3C2=N1,7.292578889265419,50.982497983969274,Tier 1 (<150 nM),-7.390983756232015,Cyclic-thione,True,False,4.215613319237654,496.70600000000036,3.004900000000002,2,8,79.01,7,1.7054044756034465,6.010036870877167,6.382451456517411,1.282542018388252,0.9101274327480082,-6.712430526340985,-6.812779313205381,0.5782044430266344,False,0.3333333333333333,0.21052631578947367,True,True,50,False,7.244125144327508,True,6,2
CC(=O)C1C(NC(=O)NC(=O)c2ccc(ON)c(N3CCOCC3)c2)C2CCN1CC2,7.282346875646002,52.197911216174816,Tier 1 (<150 nM),-7.443286446687096,Acylurea,True,True,4.299744730658246,431.49300000000034,0.266900000000001,3,8,126.23,5,2.2678608513243543,6.730443598756157,5.567575654353965,0.5519032768898455,1.714771221292037,-5.978670121174228,-6.732466427333782,0.7108200193533136,False,0.41025641025641024,0.3146067415730337,False,True,24,False,8.481486060122112,False,35,2
CNC(=O)c1cc2c(cc1C(Cl)NC)CN(C(=O)[C@H](N)Cc1ccc(F)cc1Cl)C2,7.279280045804531,52.56781843844858,Tier 1 (<150 nM),-7.932696746235944,alpha-amino-amide,True,False,3.6273438000611016,453.34500000000014,2.707700000000001,3,4,87.46000000000001,6,3.0165769302690384,6.452530234097225,6.476057625608806,0.8267498117073062,0.8032224201957252,-6.312568423384748,-6.866239920374526,1.066456825861418,False,0.6031746031746031,0.3037974683544304,False,True,59,False,6.995678626217357,True,0,56
CCc1ccc(CCC(=O)c2cc(C(=O)NC(=O)NC3CN4CCC3CC4)ccc2C#N)cc1,7.278016874221484,52.72093766573196,Tier 1 (<150 nM),-7.683401063013757,Acylurea,False,True,3.7438106587749926,458.56200000000024,3.469780000000002,2,5,102.29999999999998,7,3.58544070172586,6.791592340909373,6.024583001427048,0.48642453331211044,1.253433872794436,-5.708113148156438,-6.896933018090446,0.7864680449233106,False,0.5964912280701754,0.2988505747126437,False,True,24,False,8.481486060122112,False,2,39
CNC(C)c1cc2c(cc1NC(Cl)CF)CN(C(=O)[C@H](N)Cc1ccc(Cl)cc1Cl)C2,7.275969455370657,52.970069728350005,Tier 1 (<150 nM),-7.031985620384643,alpha-amino-amide,True,False,4.031167582997676,487.8340000000003,4.632300000000003,3,4,70.39,8,2.6174258873752207,5.687504354276125,6.126542523167075,1.5884651010945312,1.149426932203582,-5.904651461947905,-6.310478599016485,0.7215070213681578,False,0.6290322580645161,0.25301204819277107,False,True,59,False,6.995678626217357,True,0,56
CCCCC(=O)c1cc(C(=O)NC(=O)NC2CN3CCC2CC3)cc(C#N)c1CCCO,7.273685319484134,53.24939532748204,Tier 1 (<150 nM),-7.524822827926449,Acylurea,False,True,4.013995781388673,440.5440000000004,2.3896800000000007,3,6,122.52999999999999,9,2.4077261818379507,6.401881709548824,5.880806043578919,0.8718036099353101,1.3928792759052149,-5.95339525695541,-6.710546239654801,0.8142765882716478,False,0.5,0.25274725274725274,False,True,24,False,8.481486060122112,False,2,39
CCC1CC(NC2CC2)N=C2c3c(ccc(CCCC#N)c3N3CCNCC3)SC(=S)N21,7.273128706933619,53.31768604877587,Tier 1 (<150 nM),-8.006035689683182,Cyclic-thione,True,False,4.410154382710119,468.6960000000002,3.6420800000000018,2,7,66.69,7,1.6762248465526106,6.924665853418793,5.78218909012697,0.3484628535148264,1.4909396168066493,-6.433413883076963,-6.635440095570978,1.3705955941122046,False,0.3103448275862069,0.21568627450980393,True,True,50,False,7.244125144327508,True,3,3
Cc1ccccc1CC(=O)c1cc(C(=O)NC(=O)NC2CN3CCC2CC3)cc(C#N)c1O,7.271105064853226,53.56670528538204,Tier 1 (<150 nM),-7.522560429960836,Acylurea,False,True,3.8768107667729925,446.5070000000003,2.531300000000001,3,6,122.52999999999999,5,2.0706613878062274,6.820272156755509,6.300645407639954,0.45083290809771714,0.9704596572132722,-6.679930229909127,-6.5181848323123575,0.8426302000517092,False,0.5254237288135594,0.32558139534883723,False,True,24,False,8.481486060122112,False,2,39
N#Cc1c(Cl)cc2c(c1N1CCNCC1)C1=NC(c3ccccc3)CC(N)N1C(=S)S2,7.26816562622774,53.93049093961988,Tier 1 (<150 nM),-7.53798286310006,Cyclic-thione,True,False,4.118238578330919,469.0390000000001,3.490280000000001,2,7,80.67999999999999,2,1.2301881470150102,6.017617500432313,6.896926158875145,1.2505481257954267,0.37123946735259494,-6.217147734369741,-6.387123914218684,1.1508589488813765,False,0.3484848484848485,0.21052631578947367,True,True,50,False,7.244125144327508,True,34,1
Cc1c(OCN)cc(C(=O)NC(=O)NC2CN3CCC2CC3)cc1N1CCOCC1,7.2613699502874125,54.7810118433168,Tier 1 (<150 nM),-7.298042092850591,Acylurea,True,True,3.920748930407136,417.5100000000004,0.6602200000000005,3,7,109.15999999999998,5,1.9520809643512467,6.677126101247073,6.154502200333913,0.5842438490403392,1.1068677499534996,-5.878375568895868,-6.475999417530354,0.8220426753202368,False,0.5344827586206896,0.3026315789473684,False,True,24,False,8.481486060122112,False,7,12
CC1CC(N)N2C(=S)Sc3ccc(CCCN4CCNCC4)c(N4CCNCC4)c3C2=N1,7.2592049688000335,55.05477995846519,Tier 1 (<150 nM),-7.042885553488993,Cyclic-thione,True,False,4.21118968317403,473.71600000000035,1.4502000000000015,3,8,72.16,5,1.8787906571344997,5.944543933774654,6.588885040275921,1.3146610350253791,0.6703199285241128,-6.704315963608118,-6.608566551975135,0.3385695898808754,False,0.3384615384615385,0.1958762886597938,True,True,50,False,7.244125144327508,True,1,41
N#Cc1ccc(C(=O)NC(=O)NC2CN3CCC2CC3)cc1C(=O)Cc1ccccc1,7.258448878559454,55.150711727285355,Tier 1 (<150 nM),-8.273688170858234,Acylurea,False,True,3.6517254003306583,416.4810000000002,2.5172800000000004,2,5,102.30000000000001,5,1.9336086569596618,6.628212643755603,5.907331280141195,0.630236234803851,1.3511175984182593,-6.197593551054758,-6.612799948475173,1.6608882223830612,False,0.5344827586206896,0.345679012345679,False,True,24,False,8.481486060122112,False,2,39
NC1CC(N)N2C(=S)Sc3ccc(CCCCNc4ccoc4)c(N4CCNCC4)c3C2=N1,7.256613116911098,55.38432704050225,Tier 1 (<150 nM),-8.56623845629933,Cyclic-thione,True,False,4.498624801933037,485.6830000000003,2.5365,4,9,108.08,7,2.174721451054908,6.614689352861138,6.539845999000193,0.6419237640499604,0.716767117910905,-6.15350451306197,-6.758265375962498,1.807973080336831,False,0.32323232323232326,0.17582417582417584,True,True,50,False,7.244125144327508,True,1,41
COc1ccc(C(=O)NC(=O)NC2CN3CCC2C(N2CCOCC2)C3)cc1S(C)(=O)=O,7.251939555912026,55.983551266759605,Tier 1 (<150 nM),-7.332641633929214,Acylurea,False,True,4.486181947242265,466.56000000000034,-0.05699999999999772,2,8,117.27999999999997,5,2.8407888591412265,6.79483605971675,6.593608351917274,0.457103496195276,0.6583312039947522,-6.451796166148086,-6.700679051608773,0.6319625823204404,False,0.4918032786885246,0.3409090909090909,False,True,24,False,8.481486060122112,False,46,1
CCCC1CC2CCN1CC2NC(=O)NC(=O)c1ccc(CBr)c(C(N)=O)c1,7.251345206010337,56.06021951437718,Tier 1 (<150 nM),-8.398687048056189,Acylurea,True,True,4.455177098621417,451.3650000000002,2.3827,3,4,104.53,6,3.7973271099579575,7.156674009461319,7.027353050849569,0.09467119654901879,0.22399215516076865,-5.6996942542056654,-6.990309362248134,1.4083776858080554,False,0.4603174603174603,0.2823529411764706,False,True,24,False,8.481486060122112,False,25,2
CNC(=O)c1cc2c(cc1C(Cl)NC)CN(C(=O)[C@H](N)Cc1ccc(Cl)cc1Cl)C2,7.2470037317181415,56.62344235922549,Tier 1 (<150 nM),-7.614690444845272,alpha-amino-amide,True,False,3.607964250342526,469.8000000000002,3.2220000000000013,3,4,87.46000000000001,6,3.0165769302690384,5.880673671994629,5.9824450674638046,1.3663300597235128,1.264558664254337,-6.114760519572672,-6.82768089446237,0.7870095503829022,True,0.7368421052631579,0.2987012987012987,False,True,59,False,6.995678626217357,True,0,56
CCC1CC(CCCCCN)N2C(=S)Sc3ccc(CC#N)c(N4CCNCC4)c3C2=N1,7.246901768037304,56.63673797465155,Tier 1 (<150 nM),-7.912111341535345,Cyclic-thione,True,False,4.302654048261957,470.7120000000004,3.6714800000000025,2,7,80.67999999999999,8,1.9390469481314374,6.054555200314451,5.519025450044398,1.1923465677228533,1.727876317992906,-6.705523025164885,-6.993601235402003,0.9185101061333425,False,0.35294117647058826,0.18446601941747573,False,True,50,False,7.244125144327508,True,13,2
CC(=O)Cc1c(C#N)cc(C(=O)NC(=O)NC2CN3CCC2CC3)cc1C(=O)Cc1ccccc1,7.243381347638728,57.097704988159066,Tier 1 (<150 nM),-7.307460186691173,Acylurea,False,True,3.9564521577261207,472.54500000000036,2.6487800000000004,2,6,119.37,7,1.6588273944855327,6.8663048782553915,5.897784960007605,0.3770764693833364,1.3455963876311232,-6.894747434161994,-6.607075463405662,0.4127127525291785,False,0.5,0.3218390804597701,False,True,24,False,8.481486060122112,False,2,39
Cc1c(C#N)cc(C(=O)NC(=O)NC2(C)C3CCN(CC3)C2c2ccccc2)cc1C(=O)CN,7.239833019686509,57.56612286949856,Tier 1 (<150 nM),-7.581023283513295,Acylurea,False,True,4.464280113590016,459.55000000000024,2.6731,3,6,128.32000000000002,5,2.1440756955002866,6.484739046694043,6.57901211803688,0.7550939729924666,0.6608209016496289,-6.068201726030959,-6.838247641328881,0.742775642184414,False,0.3626373626373626,0.2777777777777778,False,True,24,False,8.481486060122112,False,45,1
Cc1c(C#N)cc(C(=O)NC(=O)NC2CN3CCC2CC3)cc1C(=O)CNOC(C)C,7.23732651531751,57.89932286732842,Tier 1 (<150 nM),-8.114731837357812,Acylurea,True,True,4.271446937586191,427.5050000000002,1.5126,3,7,123.56000000000002,7,1.5222664742931817,6.920337416888859,6.199512185585887,0.31698909842865053,1.0378143297316234,-6.864409667650908,-6.472672884878043,1.2503221697069042,False,0.5344827586206896,0.2553191489361702,False,True,24,False,8.481486060122112,False,2,39
CCCc1cc(C(=O)NC(=O)NC2CN3CCC2CC3)cc(C(N)=O)c1N1CCOCC1,7.236804844715996,57.968912797026206,Tier 1 (<150 nM),-7.3984370114609,Acylurea,False,True,3.933221715454609,443.54800000000034,1.108200000000001,3,6,117.0,6,2.784216364872008,6.869458539615759,6.777261989329459,0.367346305100237,0.4595428553865375,-6.4822819235619935,-6.591059790673657,0.8073772207872434,False,0.5344827586206896,0.3116883116883117,False,True,24,False,8.481486060122112,False,7,12
CCc1ccccc1CC(=O)c1cc(C(=O)NC(=O)NC2CN3CCC2CC3)ccc1C#N,7.226475946318513,59.36412264851288,Tier 1 (<150 nM),-7.1685314857156595,Acylurea,False,True,3.810366508286112,444.53500000000025,3.0796800000000015,2,5,102.29999999999998,6,2.3683741452588096,6.649609207309664,5.868321358154375,0.5768667390088487,1.3581545881641377,-5.5899405155296975,-6.600968974059671,0.5675625116559884,False,0.5517241379310345,0.32142857142857145,False,True,24,False,8.481486060122112,False,2,39
CCOC(=O)C1CC(N)N2C(=S)Sc3c(F)cc(CN)c(N4CCNCC4)c3C2=N1,7.225113377662776,59.55066592439336,Tier 1 (<150 nM),-7.899200094803474,Cyclic-thione,True,True,4.427575989822559,452.58100000000036,0.7534000000000024,3,9,109.21,4,1.2474145172386055,5.775618252525787,5.869853324085182,1.4494951251369894,1.3552600535775943,-6.999034036423915,-6.979155261110895,0.9001660583795585,True,0.3854166666666667,0.2727272727272727,False,True,50,False,7.244125144327508,False,9,6
Cc1cccc(CC(=O)c2cc(C(=O)NC(=O)NC3C4CCN(CC4)C3C#N)cc(C#N)c2C)c1,7.2226518747952255,59.8891466862356,Tier 1 (<150 nM),-7.100288593742644,Acylurea,False,True,4.36051028465037,469.54500000000036,3.0263000000000018,2,6,126.08999999999997,5,2.889125843504099,6.6694415254096215,5.602910551367822,0.553210349385604,1.6197413234274034,-6.787217597241282,-6.367308215114116,0.31307099650136205,False,0.3684210526315789,0.28735632183908044,False,True,24,False,8.481486060122112,False,2,39
CCCNCCCc1ccc2c(c1N1CCNCC1)C1=NC(CCOC)CC(N)N1C(=S)S2,7.22053300003671,60.18205315927743,Tier 1 (<150 nM),-7.955413064404425,Cyclic-thione,True,False,4.246396628856115,490.7430000000003,2.5612000000000013,3,8,78.14999999999999,10,1.655311414724798,5.912527740555319,5.998365766340973,1.3080052594813907,1.2221672336957372,-5.8043715039178005,-6.54931847159121,1.406094592813215,True,0.31868131868131866,0.2376237623762376,True,True,50,False,7.244125144327508,False,1,41
CCCC1CC2CCN1CC2NC(=O)NC(=O)c1ccc(N2CCOCC2)c(C(N)=O)c1,7.214682590989203,60.998254697708234,Tier 1 (<150 nM),-8.027735858692855,Acylurea,False,True,4.385466630251563,443.54800000000034,1.3244000000000014,3,6,117.0,6,4.144270122660251,7.301650931097129,7.137256037973641,-0.08696834010792553,0.07742655301556223,-6.403885779797919,-6.472988515794202,1.5547473428986534,False,0.4731182795698925,0.30526315789473685,False,True,24,False,8.481486060122112,False,7,12
CCc1c(C#N)cc(C(=O)NC(=O)NC2CN3CCC2CC3)cc1C(=O)Cc1ccccc1,7.210693956255108,61.56105355673336,Tier 1 (<150 nM),-7.644238332298347,Acylurea,False,True,3.8283812382370117,444.53500000000025,3.0796800000000015,2,5,102.30000000000001,6,1.6585784232789254,6.476910536009187,5.750952429960308,0.7337834202459206,1.4597415262948,-5.559939293673724,-6.315635704137765,1.3286026281605814,False,0.5079365079365079,0.32558139534883723,False,True,24,False,8.481486060122112,False,2,39
CCCCCCCCc1ccc2c(c1N1CCNCC1)C1=NC(C)CC(N)N1C(=S)S2,7.208799582869675,61.83016666166182,Tier 1 (<150 nM),-7.006523273016372,Cyclic-thione,True,False,4.068949382133858,459.72900000000027,4.515400000000003,2,6,56.89,8,2.3144020070851314,5.962815502166277,5.88127976946933,1.2459840807033977,1.327519813400345,-6.35546404843608,-6.5669934278758415,0.4395298451405303,True,0.3076923076923077,0.20212765957446807,True,True,50,False,7.244125144327508,False,1,41
NCC1CC2CCN1CC2NC(=O)NC(=O)c1ccc(Cl)c(Cc2cccc(N)c2)c1,7.208067692415284,61.93445318404801,Tier 1 (<150 nM),-8.00214825693645,Acylurea,True,True,4.32937219516201,441.96300000000025,2.373899999999999,4,5,113.48,5,2.4881680971948725,7.015095085713489,7.067169183841556,0.19297260670179472,0.140898508573728,-6.486653209865575,-6.3567727852817075,1.5154950470708757,False,0.4444444444444444,0.3048780487804878,False,True,24,False,8.481486060122112,False,44,1
CCc1ccc(Cc2ccc(C(=O)NC(=O)NC3CN4C(C)CC3CC4C)cc2CCC#N)cc1,7.208038324364434,61.93864148426059,Tier 1 (<150 nM),-9.751069714968619,Acylurea,False,True,4.490848934939185,472.6330000000003,4.606580000000005,2,4,85.23,7,4.031396409512547,6.916086807582463,5.884985585646938,0.29195151678197107,1.3230527387174957,-5.86018150042061,-6.575679114766196,3.175390600202423,False,0.373134328358209,0.3246753246753247,False,True,24,False,8.481486060122112,False,43,1
CCc1c(C#N)cc(C(=O)NC(=O)NC2CN3CCC2CC3)cc1C(=O)Cc1ccc(O)cc1,7.205910860600004,62.242802606739275,Tier 1 (<150 nM),-7.4762078376065055,Acylurea,False,True,3.9338905160311395,460.5340000000003,2.78528,3,6,122.53000000000002,6,1.5790363091132635,6.7240839325854775,6.123170889836582,0.4818269280145264,1.0827399707634218,-6.942664903710909,-6.780133912927311,0.5335429338955961,False,0.5344827586206896,0.29213483146067415,False,True,24,False,8.481486060122112,False,2,39
N#Cc1cc(C(=O)NC(=O)NC2CN3CCC2CC3)cc(C(=O)Cc2ccccc2)c1CO,7.205056314375613,62.36539618769533,Tier 1 (<150 nM),-7.923903131058442,Acylurea,False,True,3.881042285700186,446.50700000000023,2.00958,3,6,122.53000000000002,6,2.0798838991136077,6.798496826663772,5.732521511245298,0.40655948771184036,1.4725348031303147,-6.976379635132433,-6.337823769159976,0.9475234959260082,False,0.5,0.313953488372093,False,True,24,False,8.481486060122112,False,2,39
CCC1CC1/C(=C\C(=O)Nc1ccccc1N)c1c(F)cc(C(=O)NC(=O)C(C)CC#N)cc1F,7.205008987357372,62.37219279505416,Tier 1 (<150 nM),-7.769100445868414,Ortho-aminoanilide,True,True,4.096526454628046,480.5150000000002,4.421380000000003,3,5,125.07999999999998,8,2.040524202780444,6.551560485309009,6.238648098200649,0.6534485020483629,0.9663608891567232,-5.789089455229149,-5.514580162038368,1.980010990639265,False,0.4050632911392405,0.24444444444444444,False,True,385,False,6.7447274948966935,True,5,18
NC(=O)c1cc(C(=O)NC(=O)NC2CN3CCC2CC3)cc(Cc2ccccc2)c1N1CCOCC1,7.201560823278273,62.86937988990337,Tier 1 (<150 nM),-7.182466152799858,Acylurea,False,True,3.8876807342548565,491.5920000000004,1.746500000000001,3,6,116.99999999999999,6,2.901774320162959,6.843467492771558,6.668675767157384,0.35809333050671466,0.5328850561208887,-6.437406104958502,-6.5686014992058,0.6138646535940575,False,0.5081967213114754,0.30337078651685395,False,True,24,False,8.481486060122112,False,7,12
N#Cc1cc(C(=O)NC(=O)NC2C3CCN(CC3)C2O)cc(C(=O)Cc2ccccc2)c1CCl,7.197491262516019,63.461266849843945,Tier 1 (<150 nM),-7.025385897542758,Acylurea,True,True,4.3724726439543895,480.9520000000002,2.5744799999999994,3,6,122.53,6,2.911282650473366,6.5617404622941775,6.042250455480178,0.6357508002218415,1.1552408070358409,-6.763949457855328,-6.301671713624284,0.26143643968743024,False,0.36764705882352944,0.2894736842105263,False,True,24,False,8.481486060122112,False,2,39
CNC(=O)c1cc2c(cc1C(F)Cl)CN(C(=O)[C@H](N)Cc1ccc(F)cc1Cl)C2,7.1917344751199,64.30807726374562,Tier 1 (<150 nM),-8.193973254483728,alpha-amino-amide,True,False,3.5346690346773704,442.2930000000001,3.4578000000000015,2,3,75.43,5,3.0118693639819236,6.183152990083968,6.544904936564536,1.0085814850359318,0.6468295385553642,-6.350576256318143,-6.723752832183607,1.4702204223001214,False,0.6129032258064516,0.3037974683544304,False,True,59,False,6.995678626217357,True,0,56
N#Cc1cc(C(=O)NC(=O)NC2CN3CCC2CC3)cc(C(=O)CO)c1CCCc1ccccc1,7.191022217476093,64.41363121856278,Tier 1 (<150 nM),-7.182515614279629,Acylurea,False,True,3.9534628710128343,474.5610000000003,2.4421799999999996,3,6,122.53000000000002,8,3.2407187985609673,6.43098514469447,5.861318315055571,0.760037072781623,1.3297039024205226,-5.923340986604686,-6.751759798798029,0.4307558154816,False,0.47619047619047616,0.28888888888888886,False,True,24,False,8.481486060122112,False,2,39
CCC(Cl)c1cc2c(cc1C(=O)NC)CN(C(=O)[C@H](N)Cc1ccc(F)cc1Cl)C2,7.185048597635204,65.3057471303276,Tier 1 (<150 nM),-7.955844717389889,alpha-amino-amide,True,False,3.5042616237008755,452.3570000000002,3.940800000000002,2,3,75.43,6,2.7808549353243452,5.884974013177829,6.340181937492466,1.3000745844573744,0.8448666601427375,-5.98273422899881,-6.610596842033557,1.345247875356332,False,0.5846153846153846,0.2988505747126437,False,True,59,False,6.995678626217357,True,0,56
N#Cc1cc(C(=O)NC(=O)NC2CN3CCC2CC3)cc(C(=O)Cc2ccccc2)c1-c1ccccc1,7.184982086360452,65.31574933227208,Tier 1 (<150 nM),-7.069753789713908,Acylurea,False,True,3.8057734422752665,492.57900000000024,4.184280000000003,2,5,102.30000000000001,6,2.2017886862874825,6.519791553898173,6.126367620082969,0.6651905324622787,1.0586144662774828,-5.274236864041101,-6.128957072058088,0.9407967176558198,False,0.5344827586206896,0.3176470588235294,False,True,24,False,8.481486060122112,False,2,39
CC(CC#N)C(=O)NC(=O)c1cc(F)c(/C(=C/C(=O)Nc2ccccc2N)C2CC2CCF)c(F)c1,7.1836046823479816,65.52323295874822,Tier 1 (<150 nM),-7.387860285935242,Ortho-aminoanilide,True,True,4.23583318137195,498.5050000000002,4.370980000000003,3,5,125.08,9,2.759974360674192,6.555902853138203,6.382757549796083,0.6277018292097782,0.8008471325518984,-5.965577551309027,-5.509510807996376,1.422282734626215,False,0.4025974025974026,0.22,False,True,385,False,6.7447274948966935,True,5,18
CC(=O)c1c(C#N)cc(C(=O)NC(=O)NC2CN3CCC2CC3)cc1C(=O)Cc1ccccc1,7.177126204817823,66.50798576847535,Tier 1 (<150 nM),-7.817907910567812,Acylurea,False,True,3.8686866698772926,458.5180000000003,2.7198800000000007,2,6,119.37,6,1.6942309802521698,7.115922888202539,5.848659776865253,0.06120331661528322,1.32846642795257,-6.84737836333376,-6.359048375467243,0.9705295472340518,False,0.5079365079365079,0.32558139534883723,False,True,24,False,8.481486060122112,False,2,39
N#Cc1cc(C(=O)NC(=O)NC2CN3CCC2CC3)cc(C(=O)Cc2ccccc2)c1O,7.175667575195024,66.73173627753839,Tier 1 (<150 nM),-8.095741009665739,Acylurea,False,True,3.7896781820649217,432.4800000000002,2.2228800000000004,3,6,122.53000000000002,5,2.105044472442834,6.885824308905429,6.003101631309448,0.2898432662895951,1.1725659438855756,-6.501284002462422,-6.703437199427338,1.3923038102384009,False,0.543859649122807,0.32142857142857145,False,True,24,False,8.481486060122112,False,2,39
N#CCC(=O)c1cc(C(=O)NC(=O)NC2CN3CCC2CC3)ccc1Cc1ccccc1,7.175266389283467,66.7934091810858,Tier 1 (<150 nM),-7.999119163671225,Acylurea,False,True,3.7355164837298105,430.5080000000002,2.9073800000000007,2,5,102.3,6,2.1747617174873923,6.726249242770293,5.8567052827297745,0.4490171465131745,1.3185611065536929,-6.160046104814472,-6.995009397173433,1.004109766497792,False,0.5,0.35365853658536583,False,False,24,False,8.481486060122112,False,2,39
N#CCC(=O)c1ccc(Cc2ccc(C(=O)NC(=O)NC3CN4CCC3CC4)cc2CCl)cc1,7.17495192763693,66.84179011236658,Tier 1 (<150 nM),-8.26396292344716,Acylurea,True,True,3.889462205166746,478.98000000000025,3.646180000000003,2,5,102.3,7,4.094267178219128,6.497191771814309,6.343460700652684,0.6777601558226207,0.8314912269842463,-5.411381390160907,-6.297412155226642,1.966550768220518,False,0.5740740740740741,0.3157894736842105,False,True,24,False,8.481486060122112,False,8,1
CCC1CC1/C(=C\C(=O)Nc1ccccc1N)c1c(F)cc(C(=O)NC(=O)C(C)CC#N)cc1NC,7.174716241779283,66.87807411023384,Tier 1 (<150 nM),-7.99731139157355,Ortho-aminoanilide,True,True,4.173865349204117,491.56700000000023,4.323980000000002,4,6,137.10999999999999,9,1.9479541476390398,6.858059427546671,6.214039115557448,0.31665681423261205,0.9606771262218352,-6.403479043564635,-5.559678369461886,1.593832348008915,False,0.41333333333333333,0.23404255319148937,False,True,385,False,6.7447274948966935,True,5,18
CNc1cc(C(=O)NC(=O)C(C)CC#N)cc(F)c1/C(=C/C(=O)Nc1ccccc1N)C1CC1CF,7.174387287996958,66.92874970078726,Tier 1 (<150 nM),-7.9700000783474945,Ortho-aminoanilide,True,True,4.274508705847475,495.53000000000026,3.8834800000000014,4,6,137.11,9,2.749092931096778,6.8430513988762405,6.408748274881734,0.33133588912071765,0.7656390131152238,-6.350941703004845,-5.5986925373735925,1.6190583753426493,False,0.40789473684210525,0.23404255319148937,False,True,385,False,6.7447274948966935,True,5,18
CNC(=O)c1cc2c(cc1CF)CN(C(=O)[C@H](N)Cc1ccc(C(F)Cl)cc1Cl)C2,7.166741179385524,68.11751885267799,Tier 1 (<150 nM),-8.28960939185605,alpha-amino-amide,True,False,3.7026162203237654,456.32000000000016,3.7882000000000025,2,3,75.43,6,2.8800560277123077,5.899169370940347,5.974733186769651,1.2675718084451768,1.1920079926158733,-5.987182447766308,-6.974421153813653,1.3151882380423974,True,0.6229508196721312,0.2625,False,True,59,False,6.995678626217357,True,0,56
NC(=O)c1cc(C(=O)NC(=O)NC2CN3CCC2CC3)cc(N2CCOCC2)c1CCl,7.1661219476566,68.21471238433959,Tier 1 (<150 nM),-7.7918508126623305,Acylurea,True,True,3.9639970432944347,449.9390000000003,0.8945000000000001,3,6,116.99999999999999,5,2.177447842016606,6.381297060217502,6.6681106583057925,0.7848248874390977,0.4980112893508073,-6.486148230793842,-6.448361237676783,1.3057025818684886,False,0.5535714285714286,0.2717391304347826,False,True,24,False,8.481486060122112,False,7,12
Cc1c(C#N)cc(C(=O)NC(=O)NC2CN3CCC2CC3)cc1C(=O)CC(F)Br,7.165339180975396,68.33777255544918,Tier 1 (<150 nM),-7.434155892847316,Acylurea,True,True,4.446395703821828,465.32300000000015,2.6636000000000006,2,5,102.30000000000001,5,1.9945595833549878,6.7395188921757825,6.533875466564127,0.4258202887996134,0.6314637144112689,-6.342404398676257,-6.724232723141585,0.7099231697057311,False,0.5254237288135594,0.25274725274725274,False,True,24,False,8.481486060122112,False,2,39
Cc1cc(CCCCNc2ccoc2)c(N2CCNCC2)c2c1SC(=S)N1C2=NC(C)CC1N,7.164945594576487,68.39973283920034,Tier 1 (<150 nM),-7.2657367482201405,Cyclic-thione,True,False,4.472461542443021,498.72200000000026,3.948620000000002,3,8,82.06,7,2.3598550613640876,6.5250236968334985,6.1639634080919965,0.6399218977429886,1.0009821864844906,-5.847573731045931,-6.180034560824753,1.0857021873953876,False,0.35789473684210527,0.20408163265306123,False,True,50,False,7.244125144327508,False,1,41
CNC(=O)c1cc2c(cc1C(Cl)C(=O)NC)CN(C(=O)[C@H](N)Cc1ccc(Cl)cc1Cl)C2,7.163932058444173,68.55954734514518,Tier 1 (<150 nM),-7.524119976754178,alpha-amino-amide,True,False,3.5529657078167958,497.8100000000003,2.791100000000001,3,4,104.53,6,2.870014843520514,5.940840878451933,5.96786499993005,1.22309117999224,1.1960670585141226,-5.496002191935302,-6.84598411483962,0.6781358619145577,True,0.7368421052631579,0.2948717948717949,False,True,59,False,6.995678626217357,True,0,56
Cc1c(C#N)cc(C(=O)NC(=O)NC2C3CCN(CC3)C2C#N)cc1C(=O)Cc1ccccc1,7.1630309353900605,68.70195009323604,Tier 1 (<150 nM),-7.907787789395774,Acylurea,False,True,4.286180817031312,455.51800000000026,2.717880000000001,2,6,126.09,5,2.392100776695148,6.50497071989585,5.663498257469511,0.6580602154942108,1.4995326779205493,-6.9113601697366995,-6.376995043123496,0.9964276196590749,False,0.3582089552238806,0.2988505747126437,False,True,24,False,8.481486060122112,False,2,39
COCc1cc(C(C)(C)C)c2c(c1N1CCNCC1)C1=NC(C)CC(N)N1C(=S)S2,7.15638239127874,69.76178890806796,Tier 1 (<150 nM),-7.421685960795174,Cyclic-thione,True,False,4.385119773749475,447.67400000000015,3.056300000000001,2,7,66.11999999999999,3,1.0588291672484793,5.106178652870497,6.014331726052675,2.0502037384082428,1.1420506652260647,-6.824045664273735,-6.5385194941132525,0.5976402965214396,False,0.33707865168539325,0.18947368421052632,True,True,50,False,7.244125144327508,False,1,41
CC(=O)CCNCCCc1ccc2c(c1N1CCNCC1)C1=NC(C)CC(N)N1C(=S)S2,7.15593613926646,69.83350830516017,Tier 1 (<150 nM),-7.208494698180443,Cyclic-thione,True,False,4.250395567612172,474.7000000000002,2.113700000000001,3,8,85.99,8,2.44790449206076,6.095977220549901,5.482134621339067,1.0599589187165588,1.6738015179273935,-6.677027911227247,-6.990534057696808,0.21796064048363561,False,0.3409090909090909,0.23711340206185566,True,True,50,False,7.244125144327508,False,1,41
CCOc1c(Cc2ccc(N)cc2)cc(Cl)c2c1SC(=S)N1C2=NC(C)CC1N,7.154972209759783,69.9886779899524,Tier 1 (<150 nM),-7.809744688764183,Cyclic-thione,True,False,4.076949051987767,447.02900000000017,4.427900000000003,2,6,76.87,4,2.137635935886537,5.904756243840705,6.488628534706343,1.250215965919078,0.6663436750534402,-6.800904229249392,-6.556430855098666,1.0088404595147908,False,0.38461538461538464,0.25316455696202533,False,True,50,False,7.244125144327508,False,42,1
CCOC(=O)CCCCCc1ccc2c(c1N1CCNCC1)C1=NC(C)CC(N)N1C(=S)S2,7.146772798377694,71.32260575173346,Tier 1 (<150 nM),-7.00704819227809,Cyclic-thione,True,True,4.096878494649895,489.71100000000024,3.2784000000000013,2,8,83.19,8,2.6186830092276963,6.289468594881951,5.728592420044518,0.857304203495743,1.418180378333176,-6.603191783648811,-6.682083554956548,0.3249646373215418,False,0.3191489361702128,0.26373626373626374,True,True,50,False,7.244125144327508,False,1,41
CNC(=O)c1cc2c(cc1C(F)C(F)Cl)CN(C(=O)[C@H](N)Cc1ccc(Cl)cc1Cl)C2,7.144571048842731,71.6851092011465,Tier 1 (<150 nM),-8.132222731466294,alpha-amino-amide,True,False,3.8763285267597976,490.7650000000002,4.310200000000003,2,3,75.43,6,2.914265161877377,5.853599545180025,5.979863031568128,1.290971503662706,1.1647080172746032,-5.962487613131892,-6.449275571451562,1.6829471600147325,True,0.711864406779661,0.3116883116883117,False,True,59,False,6.995678626217357,True,0,56
CNC(=O)c1cc2c(cc1C(F)Cl)CN(C(=O)[C@H](N)Cc1cc(F)c(Cl)cc1Cl)C2,7.137896910601365,72.79525796716803,Tier 1 (<150 nM),-7.893752111755425,alpha-amino-amide,True,False,3.661115428161998,476.73800000000017,4.111200000000003,2,3,75.43,5,2.8602026739724025,5.834262569464244,6.360315292719691,1.3036343411371218,0.7775816178816743,-5.97807885502941,-6.544085722417102,1.3496663893383225,False,0.5967741935483871,0.2625,False,True,59,False,6.995678626217357,True,0,56
CCCNCCCc1cc(O)c2c(c1N1CCNCC1)C1=NC(C)CC(N)N1C(=S)S2,7.134494987943041,73.36771815086806,Tier 1 (<150 nM),-7.48157844930181,Cyclic-thione,True,False,4.3132703709764755,462.68900000000025,2.2502,4,8,89.14999999999999,7,1.9301482529168088,6.5189960395326585,5.873231346967132,0.6154989484103828,1.2612636409759093,-6.425847607074812,-6.823445627420321,0.6581328218814892,False,0.3191489361702128,0.19801980198019803,True,True,50,False,7.244125144327508,False,1,41
CCCC1CC1/C(=C\C(=O)Nc1ccccc1N)c1c(F)cc(C(=O)NC(=O)C(C)CC#N)cc1F,7.1323486831627,73.73120247670406,Tier 1 (<150 nM),-7.627907360731436,Ortho-aminoanilide,True,True,4.112932482071251,494.54200000000026,4.811480000000003,3,5,125.07999999999998,9,1.840475650437057,6.544976326143862,6.258071813422441,0.5873723570188378,0.8742768697402594,-5.8545820301417315,-5.563831630669812,1.7733253305897048,False,0.3902439024390244,0.23,False,True,385,False,6.7447274948966935,True,5,18
CCCC(=O)C1CC(N)N2C(=S)Sc3ccc(Cc4ccncc4)c(N4CCNCC4)c3C2=N1,7.127129194532402,74.62267368103845,Tier 1 (<150 nM),-7.354106331574127,Cyclic-thione,True,False,4.287515074625124,494.69000000000034,2.9475000000000007,2,8,86.85000000000001,6,1.6566881463268792,5.73778831962772,5.786616236761921,1.3893408749046818,1.340512957770481,-6.93984230249532,-6.932351326529726,0.4142640290788071,True,0.3333333333333333,0.22826086956521738,True,True,50,False,7.244125144327508,False,1,41
CCC(=O)c1cc2c(c(Br)c1NC)CN(C(=O)[C@H](N)Cc1ccc(Cl)cc1Cl)C2,7.125379987350724,74.92383739418408,Tier 1 (<150 nM),-7.921182279927632,alpha-amino-amide,False,False,3.3598077198018306,499.2360000000002,4.802500000000003,2,4,75.43,6,2.791453634532251,5.8689330306259455,6.095290255636285,1.256446956724779,1.0300897317144395,-6.310739026405318,-6.957997783399793,0.9631844965278393,False,0.6779661016949152,0.25,False,True,59,False,6.995678626217357,True,0,56
Cc1ccc(CCCc2ccc3c(c2N2CCNCC2)C2=NC(N)CC(N)N2C(=S)S3)cc1,7.125063786989183,74.97840767307014,Tier 1 (<150 nM),-7.449577421896624,Cyclic-thione,True,False,4.103486831285264,480.7070000000002,2.992420000000001,3,7,82.91,5,1.9408037755353653,6.190301893507775,6.41031129502002,0.9347618934814079,0.714752491969163,-6.330049230652327,-6.803816019179805,0.6457614027168193,False,0.3142857142857143,0.21505376344086022,True,True,50,False,7.244125144327508,False,1,41
CNC(=O)c1cc2c(cc1NC(Cl)CF)CN(C(=O)[C@H](N)Cc1ccc(Cl)cc1Cl)C2,7.124615920118937,75.05576915709973,Tier 1 (<150 nM),-8.054409517384826,alpha-amino-amide,True,False,3.6716743096848266,487.7900000000002,3.711500000000002,3,4,87.46000000000001,7,2.815934531939549,5.895740977322438,6.299405450676784,1.228874942796499,0.8252104694421529,-5.903950463105954,-6.738848944592555,1.315560572792271,False,0.7678571428571429,0.2987012987012987,False,True,59,False,6.995678626217357,True,0,56
CC1CC(N)N2C(=S)Sc3cc(CCCCC#N)cc(Cl)c3C2=N1,7.12304780412906,75.32726441339727,Tier 1 (<150 nM),-8.12647212502177,Cyclic-thione,True,False,4.2196039098360725,378.954,4.0925800000000025,1,5,65.41,4,2.757767099736367,6.0157275597692434,6.269578622649833,1.1073202443598165,0.8534691814792268,-6.828195892171523,-6.764052719576424,1.298276232850247,False,0.3770491803278688,0.20481927710843373,False,True,50,False,7.244125144327508,False,12,4
CCC(Cl)Nc1cc2c(cc1C(=O)NC)CN(C(=O)[C@H](N)Cc1ccc(Cl)cc1Cl)C2,7.11868520723604,76.08775894350798,Tier 1 (<150 nM),-7.44100703036482,alpha-amino-amide,True,False,3.588646255386184,483.8270000000002,4.152000000000002,3,4,87.46000000000001,7,2.3298849751519235,5.923393104054283,6.365649286657365,1.1952921031817567,0.7530359205786752,-6.027544302598627,-6.593276884944109,0.8477301454207113,False,0.7413793103448276,0.27848101265822783,False,True,59,False,6.995678626217357,True,0,56
CNC(=O)c1cc2c(cc1C(F)C(C)Cl)CN(C(=O)[C@H](N)Cc1ccc(Cl)cc1Cl)C2,7.118616754805116,76.09975265461618,Tier 1 (<150 nM),-8.121554255731462,alpha-amino-amide,True,False,3.814541713572982,486.80200000000025,4.403100000000004,2,3,75.43,6,2.914265161877377,5.719615844388538,5.960227714380648,1.3990009104165777,1.1583890404244679,-6.070722686527071,-6.755260055300267,1.366294200431195,True,0.711864406779661,0.3037974683544304,False,True,59,False,6.995678626217357,True,0,56
CNC(=O)c1cc2c(cc1C(F)C(C)Cl)CN(C(=O)[C@H](N)Cc1ccc(F)cc1Cl)C2,7.1165741515897984,76.45851317641036,Tier 1 (<150 nM),-8.236411556413183,alpha-amino-amide,True,False,3.833459845441114,470.3470000000002,3.8888000000000025,2,3,75.43,6,2.914265161877377,5.885396300484722,6.58372068809088,1.2311778511050768,0.5328534634989186,-5.894289602689968,-6.799735244286343,1.4366763121268393,False,0.59375,0.2962962962962963,False,True,59,False,6.995678626217357,True,0,56
CNC(=O)c1cc2c(cc1NC(=O)Cl)CN(C(=O)[C@H](N)Cc1ccc(Cl)cc1Cl)C2,7.109705515411331,77.67736495263554,Tier 1 (<150 nM),-7.769543325339362,alpha-amino-amide,True,False,3.1669712875224656,469.7560000000002,3.5359000000000016,3,4,104.53,5,2.8398497231575592,6.031575873021513,6.136821491803432,1.0781296423898183,0.9728840236078993,-5.305558292038952,-6.813769959452205,0.9557733658871568,False,0.7368421052631579,0.2857142857142857,False,True,59,False,6.995678626217357,True,0,56
CCc1cc2c(cc1C(=O)NC)CN(C(=O)[C@H](N)Cc1ccc(CF)c(C(C)(C)C)c1C)C2,7.106038060042204,78.33609887537766,Tier 1 (<150 nM),-7.585898867969235,alpha-amino-amide,False,False,3.4880047904747817,453.6020000000003,4.096220000000003,2,3,75.43,6,3.559016217615682,5.844331355683591,6.32149768442947,1.2617067043586125,0.7845403756127336,-6.221243200499892,-6.949516680319317,0.636382187649918,False,0.5538461538461539,0.25316455696202533,False,True,59,False,6.995678626217357,True,0,56
CCOC(=O)C1CC(N)N2C(=S)Sc3c(F)cc(N)c(N4CCNCC4)c3C2=N1,7.105334856993703,78.46304224507593,Tier 1 (<150 nM),-7.899200094803474,Cyclic-thione,True,True,4.385926829765545,438.5540000000003,0.8769000000000021,3,9,109.21,3,1.3051487097364152,5.774606411289596,5.8161766355570155,1.330728445704107,1.2891582214366872,-6.97805073129424,-6.736248127004808,0.921149363509234,True,0.38372093023255816,0.2727272727272727,False,True,50,False,7.244125144327508,False,9,6
CNC(=O)c1cc2c(cc1C(C)(F)Cl)CN(C(=O)[C@H](N)Cc1ccc(Cl)cc1Cl)C2,7.104480957348264,78.61746620491081,Tier 1 (<150 nM),-7.330059361467306,alpha-amino-amide,True,False,3.5480555991021685,472.7750000000002,4.146200000000003,2,3,75.43,5,3.0498739344782746,5.5519570086501595,5.983182705895486,1.5525239486981048,1.121298251452778,-5.944476988215431,-6.598232419645536,0.7318269418217698,True,0.711864406779661,0.27848101265822783,False,True,59,False,6.995678626217357,True,0,56
CC1CC(N)N2C(=S)Sc3ccc(CCCNC(N)=O)c(N4CCNCC4)c3C2=N1,7.102760881781992,78.92945757388017,Tier 1 (<150 nM),-7.450134467720042,Cyclic-thione,True,False,4.215710521173561,447.63400000000024,1.2133000000000023,4,7,112.00999999999999,5,1.8662084251277098,6.662986342105239,5.838640552739772,0.43977453967675295,1.2641203290422203,-6.595499222378709,-6.600251100238883,0.8498833674811586,False,0.36046511627906974,0.2717391304347826,False,True,50,False,7.244125144327508,False,1,41
CNC(=O)c1cc2c(cc1NC(Cl)CF)CN(C(=O)[C@H](N)Cc1ccc(C(C)C)cc1Cl)C2,7.102324596648272,79.0087886567658,Tier 1 (<150 nM),-8.237525929443914,alpha-amino-amide,True,False,3.733275090394576,495.4260000000003,4.181500000000002,3,4,87.46000000000001,8,2.915843537862195,6.075430966642853,6.403994868274845,1.0268936300054197,0.6983297283734275,-6.036268380981748,-6.5501637391713485,1.687362190272565,False,0.6290322580645161,0.323943661971831,False,True,59,False,6.995678626217357,True,0,56
N#CCC(F)c1cc(NF)c(/C(=C/C(=O)Nc2ccccc2N)N2CCNCC2)cc1C#N,7.0921386933521635,80.88375530313463,Tier 1 (<150 nM),-7.237244777396454,Ortho-aminoanilide,True,False,3.958101436416734,451.4810000000003,3.245960000000001,4,7,130.0,7,2.0896110959234715,6.570678536234106,6.779326995649682,0.5214601571180575,0.3128116977024815,-6.9139217777809385,-6.997648319230141,0.23959645816631348,False,0.37349397590361444,0.23711340206185566,False,True,385,False,6.7447274948966935,True,41,1
CNC(=O)c1cc2c(cc1C(F)C(F)Cl)CN(C(=O)[C@H](N)Cc1ccc(F)cc1Cl)C2,7.083407950674866,82.5262382463849,Tier 1 (<150 nM),-8.247080032148013,alpha-amino-amide,True,False,3.8952466586279293,474.3100000000002,3.7959000000000023,2,3,75.43,6,2.914265161877377,6.0946746217986,6.60335600527836,0.9887333288762665,0.4800519453965064,-5.795440022385572,-6.4847859818963185,1.7622940502516942,False,0.59375,0.2962962962962963,False,True,59,False,6.995678626217357,True,0,56
CC1CC(N)N2C(=S)Sc3c(C(F)(F)F)cc(CCCN)c(N4CCNCC4)c3C2=N1,7.082710704894259,82.658837873371,Tier 1 (<150 nM),-7.28396659689919,Cyclic-thione,True,False,4.416983222659676,472.6060000000004,2.522500000000001,3,7,82.91,4,1.1301661751329575,5.426840040213819,6.0999431434633475,1.6558706646804398,0.9827675614309115,-6.395865536378493,-6.731693846334259,0.5522727505649314,False,0.32608695652173914,0.2127659574468085,True,True,50,False,7.244125144327508,False,1,41
CNC(=O)c1cc2c(cc1C(Cl)Cl)CN(C(=O)[C@H](N)Cc1ccc(F)cc1Cl)C2,7.0774287848377035,83.6702786169323,Tier 1 (<150 nM),-7.864141175513822,alpha-amino-amide,True,False,3.2517744189254927,458.74800000000016,3.727100000000002,2,3,75.43,5,3.0118693639819236,6.0130375734814745,6.308432541391223,1.064391211356229,0.7689962434464803,-5.984973530356884,-6.991462403766799,0.8726787717470232,False,0.6229508196721312,0.3076923076923077,False,True,59,False,6.995678626217357,True,0,56
CC1CC(N)N2C(=S)Sc3cc(CCCNc4ccoc4)cc(Cl)c3C2=N1,7.076816076759271,83.78840499835296,Tier 1 (<150 nM),-8.328622686876468,Cyclic-thione,True,False,4.346211135705606,420.99100000000016,4.493900000000004,2,6,66.78999999999999,5,3.351015638568482,6.2995867156671235,6.966033097578807,0.7772293610921475,0.1107829791804642,-5.609463822402987,-6.2059054076154565,2.1227172792610114,False,0.3333333333333333,0.2222222222222222,True,True,50,False,7.244125144327508,False,12,4
CCOC(=O)C1N=C2c3c(ccc(OCC)c3N3CCNCC3)SC(=S)N2C(N)C1C1CC1,7.073841927779952,84.36417661796203,Tier 1 (<150 nM),-7.211632430273078,Cyclic-thione,True,True,4.381169767881998,489.6670000000003,2.1904000000000003,2,9,92.42,6,1.2576364554658552,6.37569573253926,6.146411984139272,0.6981461952406924,0.9274299436406803,-6.757823021147171,-6.957930359728664,0.2537020705444144,False,0.3522727272727273,0.27058823529411763,False,True,50,False,7.244125144327508,False,9,6
CNC(=O)c1cc2c(c(F)c1C(F)NC)CN(C(=O)[C@H](N)Cc1ccc(Cl)cc1Cl)C2,7.073435368910933,84.44318997167775,Tier 1 (<150 nM),-7.9449326337802635,alpha-amino-amide,True,False,3.810795770576875,471.33500000000026,3.091800000000002,3,4,87.46000000000001,6,2.913938831032105,5.966971848288024,6.0494088987423265,1.106463520622909,1.0240264701686064,-6.163984172639121,-6.900219241810393,1.0447133919698706,False,0.6885245901639344,0.2857142857142857,False,True,59,False,6.995678626217357,True,0,56
CNC(=O)c1cc2c(c(O)c1C(F)Cl)CN(C(=O)[C@H](N)Cc1ccc(Cl)cc1Cl)C2,7.072251967235139,84.67360156913256,Tier 1 (<150 nM),-7.994051715077368,alpha-amino-amide,True,False,3.691491496538066,474.7470000000002,3.6777000000000015,3,4,95.66,5,2.8866368938254086,5.910711499290881,6.4686792548706595,1.161540467944258,0.6035727123644792,-6.002993684283222,-6.664841994743753,1.3292097203336146,False,0.7,0.2839506172839506,False,True,59,False,6.995678626217357,True,0,56
NCCCCCc1ccc2c(c1N1CCNCC1)C1=NC(NC3CC3)CC(N)N1C(=S)S2,7.070809479153386,84.95530841347028,Tier 1 (<150 nM),-7.67791813037838,Cyclic-thione,True,False,4.35306157334557,473.7160000000002,1.973500000000001,4,8,94.93999999999998,8,1.7829522159697968,6.195019676583426,6.230488278806783,0.87578980256996,0.8403212003466027,-6.60633835616523,-6.769698012460388,0.9082201179179918,False,0.29577464788732394,0.1919191919191919,True,True,50,False,7.244125144327508,False,1,41
NC1CC(O)N=C2c3c(Cl)cc(CCCNc4ccoc4)cc3SC(=S)N21,7.069033522801066,85.30342665272515,Tier 1 (<150 nM),-8.066469597841756,Cyclic-thione,True,False,4.4067907560852255,422.9630000000001,3.4238000000000017,3,7,87.02,5,3.2159066611839964,6.3019557514084905,7.056831315767472,0.7670777713925752,0.012202207033594092,-6.089657643927238,-6.5222246130774595,1.5442449847642967,False,0.3484848484848485,0.21348314606741572,True,True,50,False,7.244125144327508,False,12,4
CCC(F)c1cc2c(cc1C(=O)NC)CN(C(=O)[C@H](N)Cc1ccc(Cl)cc1Cl)C2,7.064007904325815,86.29628413699909,Tier 1 (<150 nM),-8.234008020882674,alpha-amino-amide,False,False,3.509410028954159,452.3570000000002,4.185800000000002,2,3,75.43,6,2.7808549353243452,5.666853986955208,5.891546945971836,1.3971539173706073,1.1724609583539793,-6.214675416238717,-6.77436870575243,1.4596393151302447,True,0.7,0.2875,False,True,59,False,6.995678626217357,True,0,56
CNC(=O)c1cc2c(cc1Cl)C(O)N(C(=O)[C@H](N)Cc1ccc(Cl)cc1C(F)Cl)C2,7.060294403087213,87.03733741234674,Tier 1 (<150 nM),-8.001580125170145,alpha-amino-amide,True,False,3.9479468412435743,474.7470000000002,3.463000000000001,3,4,95.66,5,2.5059016532096856,5.952610191424499,6.4508205746271585,1.107684211662714,0.6094738284600547,-6.486427235462092,-6.905453817823337,1.0961263073468084,False,0.5,0.3,False,True,59,False,6.995678626217357,True,33,1
CCc1cc2c(cc1C(=O)NC)CN(C(=O)[C@H](N)Cc1ccc(CF)c(C(C)(C)C)c1Cl)C2,7.058490296398106,87.39965203992506,Tier 1 (<150 nM),-7.387169137032428,alpha-amino-amide,False,False,3.5012364240097877,474.0200000000003,4.441200000000004,2,3,75.43,6,3.559016217615682,6.111018034261914,6.172339337577443,0.9474722621361922,0.8861509588206626,-6.023145909110445,-6.798703884504507,0.5884652525279215,False,0.5846153846153846,0.24691358024691357,False,True,59,False,6.995678626217357,True,0,56
CNC(=O)c1cc2c(cc1NC(Cl)Cl)CN(C(=O)[C@H](N)Cc1ccc(Cl)cc1Cl)C2,7.054887996763257,88.12761221566711,Tier 1 (<150 nM),-7.58803169975809,alpha-amino-amide,True,False,3.3171615314249037,490.2180000000003,3.9383000000000017,3,4,87.46000000000001,6,2.8398497231575592,5.912355558964233,5.821860015509513,1.1425324377990238,1.233027981253744,-5.846893954846057,-6.550325757985384,1.037705941772706,True,0.75,0.2857142857142857,False,True,59,False,6.995678626217357,True,0,56
CNC(=O)c1cc2c(cc1C(F)Cl)CN(C(=O)[C@H](N)Cc1c(C)cc(Cl)cc1Cl)C2,7.0537151380853755,88.36593191305778,Tier 1 (<150 nM),-7.72596073445752,alpha-amino-amide,True,False,3.677493205939774,472.7750000000002,4.280520000000004,2,3,75.43,5,2.9857630109559214,5.826239369984891,6.248377420076479,1.2274757681004846,0.8053377180088965,-6.028581852462438,-6.5636078253778685,1.1623529090796518,False,0.5384615384615384,0.27380952380952384,False,True,59,False,6.995678626217357,True,4,1
CNC(=O)c1ccc2c(c1)CN(C(=O)[C@H](N)Cc1cc(C)c(C(C)Cl)cc1C(F)Cl)C2,7.052770980954034,88.55824861050286,Tier 1 (<150 nM),-8.277411086460402,alpha-amino-amide,True,False,3.880719735551005,466.3840000000001,4.273520000000003,2,3,75.43,6,2.5170191868838625,5.802992093433069,6.146014115693697,1.2497788875209652,0.9067568652603368,-6.577100486270857,-6.839340429068937,1.4380706573914654,False,0.6190476190476191,0.3333333333333333,False,True,59,False,6.995678626217357,True,24,2
CNC(=O)c1cc2c(cc1NC(=O)CCl)CN(C(=O)[C@H](N)Cc1ccc(Cl)cc1Cl)C2,7.052093027395227,88.69660004722097,Tier 1 (<150 nM),-7.646072054717696,alpha-amino-amide,True,False,3.038342159137141,483.78300000000024,2.942500000000001,3,4,104.53,6,2.815934531939549,6.000232123606018,5.89865289347309,1.0518609037892084,1.1534401339221363,-5.374370761535093,-6.807101596992283,0.8389704577254138,False,0.711864406779661,0.27848101265822783,False,True,59,False,6.995678626217357,True,0,56
CNC(=O)c1cc2c(cc1C(Cl)C(=O)NC)CN(C(=O)[C@H](N)Cc1ccc(F)cc1Cl)C2,7.0483479822662485,89.46476340132254,Tier 1 (<150 nM),-7.841946905781983,alpha-amino-amide,True,False,3.571231490310165,481.35500000000025,2.2767999999999997,3,4,104.53,6,2.870014843520514,6.2484053543473586,6.449170565049369,0.7999426279188899,0.5991774172168798,-5.647039199740615,-6.737159746081335,1.1047871597006482,False,0.6031746031746031,0.3023255813953488,False,True,59,False,6.995678626217357,True,0,56
CCCC(=O)Nc1cc2c(cc1C(=O)NC)CN(C(=O)[C@H](N)Cc1ccc(Cl)cc1Cl)C2,7.047929543364365,89.55100345067606,Tier 1 (<150 nM),-7.818970791923265,alpha-amino-amide,False,False,2.9697602678607495,477.3920000000003,3.503800000000002,3,4,104.53,7,2.126206776098585,5.990071278992922,6.082954348845047,1.0578582643714434,0.9649751945193179,-5.0666436532620205,-6.496027073282647,1.3229437186406177,False,0.6885245901639344,0.32142857142857145,False,True,59,False,6.995678626217357,True,0,56
CNC(=O)c1cc2c(cc1NC)CN(C(=O)[C@H](N)Cc1ccc(Cl)c(-c3ccccc3)c1Cl)C2,7.046191102292487,89.91018633181393,Tier 1 (<150 nM),-7.434897191826299,alpha-amino-amide,False,False,3.1615685358120107,497.4260000000003,4.473900000000003,3,4,87.46000000000001,6,3.684455896896284,6.21643331945098,6.078584359578016,0.829757782841507,0.9676067427144712,-5.3073924205222935,-6.537411716643552,0.897485475182747,False,0.6031746031746031,0.3026315789473684,False,True,59,False,6.995678626217357,True,0,56
CNC(=O)c1cc2c(cc1NC(Cl)CF)CN(C(=O)[C@H](N)Cc1ccc(F)cc1Cl)C2,7.043777131623065,90.41133216043548,Tier 1 (<150 nM),-8.274457900278364,alpha-amino-amide,True,False,3.690369875295686,471.33500000000015,3.1972000000000005,3,4,87.46000000000001,7,2.815934531939549,6.381982739417243,6.756981670953922,0.661794392205822,0.2867954606691425,-6.263433683573616,-6.883443691620977,1.3910142086573867,False,0.639344262295082,0.3,False,True,59,False,6.995678626217357,True,0,56
CC1CC(N)N=C2c3c(ccc(CCCNCCN)c3N3CCNCC3)SC(=S)N21,7.0421024227071864,90.76064577530347,Tier 1 (<150 nM),-7.690115644045787,Cyclic-thione,True,False,4.3005412083249865,447.6780000000002,1.0933000000000024,4,8,94.93999999999998,7,2.0837567353517485,6.523270378140458,6.488599993435263,0.5188320445667287,0.5535024292719237,-6.596478679851317,-6.847831665526796,0.8422839785189913,False,0.30303030303030304,0.19791666666666666,True,True,50,False,7.244125144327508,False,1,41
CNC(=O)c1cc2c(cc1Cl)CN(C(=O)[C@H](N)Cc1ccc(C(C)NC)cc1Cl)C2,7.040767964657541,91.03995520085738,Tier 1 (<150 nM),-7.252894170179695,alpha-amino-amide,False,False,3.2997505542824896,449.3820000000002,3.0456000000000003,3,4,87.46000000000001,6,2.9279031087006566,6.296918513968403,6.220052999405356,0.7438494506891384,0.8207149652521855,-6.255872565882834,-6.876087520750977,0.3768066494287181,False,0.6333333333333333,0.2898550724637681,False,True,59,False,6.995678626217357,True,0,56
CNC(=O)c1cc2c(cc1NC(F)Cl)CN(C(=O)[C@H](N)Cc1ccc(Cl)cc1Cl)C2,7.033958182890667,92.47872150565006,Tier 1 (<150 nM),-7.853384902666181,alpha-amino-amide,True,False,3.5516509295170104,473.76300000000026,3.6690000000000023,3,4,87.46000000000001,6,2.8398497231575592,5.964547331781311,6.264662481745709,1.0694108511093559,0.7692957011449586,-5.777227859120615,-6.712205104303672,1.1411797983625087,False,0.711864406779661,0.27848101265822783,False,True,59,False,6.995678626217357,True,0,56
CNc1cc2c(cc1C(=O)C(F)Cl)CN(C(=O)[C@H](N)Cc1ccc(Cl)cc1Cl)C2,7.0216509744426325,95.13690647649024,Tier 1 (<150 nM),-7.840393185677835,alpha-amino-amide,True,False,3.585083056098986,458.74800000000016,4.164400000000002,2,4,75.43,6,3.0236525786813226,5.657703844256562,6.178619585193384,1.3639471301860704,0.8430313892492487,-6.125267786021671,-6.612231214162444,1.2281619715153909,False,0.6724137931034483,0.2597402597402597,False,True,59,False,6.995678626217357,True,0,56
CNC(=O)c1cc2c(cc1NCCC(C)C)CN(C(=O)[C@H](N)Cc1ccc(Cl)cc1Cl)C2,7.012704728315652,97.11700298585502,Tier 1 (<150 nM),-7.719590438839715,alpha-amino-amide,False,False,3.0675691839446673,477.43600000000026,4.223200000000003,3,4,87.46000000000001,8,2.783703179322207,6.055387897540555,6.2815587030398055,0.9573168307750963,0.7311460252758462,-6.021497932889352,-6.375533389772255,1.3440570490674597,False,0.6885245901639344,0.2804878048780488,False,True,59,False,6.995678626217357,True,0,56
CNC(=O)c1c(C(F)Cl)cc2c(c1C)CN(C(=O)[C@H](N)Cc1ccc(Cl)cc1Cl)C2,7.0117532133550995,97.33001417937204,Tier 1 (<150 nM),-7.610574491405109,alpha-amino-amide,True,False,3.6931239751705434,472.7750000000002,4.280520000000003,2,3,75.43,5,3.0678473786475995,5.94354985361679,6.200545245027114,1.0682033597383098,0.8112079683279854,-5.767686558928766,-6.371155822819263,1.239418668585846,False,0.6833333333333333,0.3,False,True,59,False,6.995678626217357,True,0,56
CCc1c2c(cc(C(=O)NC)c1C(F)Cl)CN(C(=O)[C@H](N)Cc1ccc(F)cc1Cl)C2,7.009777656814637,97.7737659426511,Tier 1 (<150 nM),-7.908054351666114,alpha-amino-amide,True,False,3.7659556606867657,470.3470000000002,4.020200000000003,2,3,75.43,6,2.7518869549364298,6.006390795949401,6.204293309812818,1.0033868608652359,0.8054843470018191,-5.805824471267915,-6.533144834201401,1.3749095174647126,False,0.5909090909090909,0.2967032967032967,False,True,59,False,6.995678626217357,True,0,56
CCCNC(=O)c1cc2c(cc1C(Cl)NC)CN(C(=O)[C@H](N)Cc1ccc(Cl)cc1Cl)C2,7.006789966243096,98.44871088934012,Tier 1 (<150 nM),-7.484694692027157,alpha-amino-amide,True,False,3.5724822559238607,497.85400000000027,4.002200000000003,3,4,87.46000000000001,8,3.0530202122848515,5.659174834484439,6.066314341488454,1.3476151317586567,0.940475624754642,-5.550673683176709,-6.157170794752466,1.3275238972746903,False,0.609375,0.325,False,True,59,False,6.995678626217357,True,0,56
CNC(=O)c1cc2c(cc1C(F)C(F)Cl)CN(C(=O)[C@H](N)Cc1ccc(C)cc1Cl)C2,7.0038374521063576,99.12028632360244,Tier 1 (<150 nM),-8.201113820627285,alpha-amino-amide,True,False,3.882742263023534,470.3470000000002,3.965220000000002,2,3,75.43,6,2.914265161877377,5.941383648542407,5.713540147898716,1.0624538035639501,1.290297304207642,-5.753399879997828,-6.40439476659982,1.7967190540274647,True,0.59375,0.2911392405063291,False,True,59,False,6.995678626217357,True,0,56
CNC(=O)c1cc2c(cc1NC(Cl)Cl)CN(C(=O)[C@H](N)Cc1ccc(F)cc1Cl)C2,7.001702664454968,99.60871454509295,Tier 1 (<150 nM),-7.844046373578534,alpha-amino-amide,True,False,3.336541081143478,473.76300000000026,3.4240000000000013,3,4,87.46000000000001,6,2.8398497231575592,6.282335327670211,6.422562906861171,0.7193673367847575,0.5791397575937971,-6.085863132243341,-6.815568662349606,1.0284777112289278,False,0.6129032258064516,0.3,False,True,59,False,6.995678626217357,True,0,56
CNC(=O)c1cc2c(cc1C(F)C(C)Cl)CN(C(=O)[C@H](N)Cc1ccc(C)cc1Cl)C2,6.996531781610532,100.80178400580385,Tier 1 (<150 nM),-8.212294814179884,alpha-amino-amide,True,False,3.8209554498367186,466.38400000000024,4.058120000000003,2,3,75.43,6,2.914265161877377,5.697035823241209,5.645436979665337,1.2994959583693229,1.3510948019451945,-6.145029489077758,-6.757955162373905,1.454339651805979,True,0.59375,0.275,False,True,59,False,6.995678626217357,True,0,56
CNC(=O)c1cc2c(cc1C(C)(Cl)Cl)CN(C(=O)[C@H](N)Cc1ccc(Cl)cc1Cl)C2,6.991895590585599,101.88362986384006,Tier 1 (<150 nM),-7.635546222506938,alpha-amino-amide,True,False,3.3093651378455835,489.23000000000025,4.415500000000003,2,3,75.43,5,3.0498739344782746,5.671343092857628,6.165814461071514,1.320552497727971,0.8260811295140842,-5.861250972984798,-6.6979186146327585,0.9376276078741794,False,0.7368421052631579,0.2857142857142857,False,True,59,False,6.995678626217357,False,0,56
CNC(=O)c1cc2c(cc1NC(C)Cl)CN(C(=O)[C@H](N)Cc1ccc(Cl)cc1Cl)C2,6.990742167098144,102.15457772576887,Tier 1 (<150 nM),-7.945337014548665,alpha-amino-amide,True,False,3.497775882612695,469.8000000000002,3.7619000000000016,3,4,87.46000000000001,6,2.8398497231575592,6.027742205584127,6.583730482697075,0.9629999615140168,0.40701168440106894,-5.613860555748112,-6.52634778936854,1.418989225180125,False,0.7241379310344828,0.2911392405063291,False,True,59,False,6.995678626217357,False,0,56
CNC(F)c1c(C(=O)Cl)cc2c(c1F)CN(C(=O)[C@H](N)Cc1ccc(Cl)cc1Cl)C2,6.982748255764865,104.05231433210169,Tier 1 (<150 nM),-7.658769361947601,alpha-amino-amide,True,False,3.8729718384184073,476.7380000000003,4.111200000000003,2,4,75.43,6,2.988706535396438,5.851045649957704,6.414200136139513,1.1317026058071615,0.5685481196253521,-6.070470359802417,-6.322310148482962,1.3364592134646394,False,0.59375,0.25882352941176473,False,True,59,False,6.995678626217357,False,0,56
CNC(=O)c1cc2c(cc1C(F)NC)CN(C(=O)[C@H](N)Cc1ccc(Cl)cc1Cl)C2,6.981702262417808,104.30322519085442,Tier 1 (<150 nM),-7.966654195570559,alpha-amino-amide,True,False,3.6053537437759218,453.34500000000014,2.952700000000002,3,4,87.46000000000001,6,3.0165769302690384,5.949512983291488,5.585851040374564,1.03218927912632,1.3958512220432437,-6.4719800136014705,-6.874312625120765,1.0923415704497943,True,0.7543859649122807,0.2948717948717949,False,True,59,False,6.995678626217357,False,0,56
CNC(=O)c1cc2c(cc1C(F)Cl)CN(C(=O)[C@H](N)Cc1cc(C)c(Cl)cc1Cl)C2,6.979982534566145,104.71706598503903,Tier 1 (<150 nM),-7.877108087515206,alpha-amino-amide,True,False,3.637910299956868,472.7750000000002,4.280520000000004,2,3,75.43,5,2.8602026739724025,5.868581059791582,6.230258944266117,1.1114014747745626,0.7497235903000279,-6.06949093957335,-6.740694793958987,1.1364132935562195,False,0.5714285714285714,0.25316455696202533,False,True,59,False,6.995678626217357,False,0,56
CNC(=O)c1ccc2c(c1)CN(C(=O)[C@H](N)Cc1cc(C)c(CCl)cc1C(F)Cl)C2,6.9741612306210135,106.13014788246495,Tier 1 (<150 nM),-8.158338379916286,alpha-amino-amide,True,False,3.618223912631457,452.3570000000001,3.7125200000000023,2,3,75.43,6,2.6430613240322094,6.144772318321025,6.416987292648196,0.8293889122999882,0.5571739379728173,-6.236910344898647,-6.917176540337168,1.2411618395791173,False,0.6451612903225806,0.3333333333333333,False,True,59,False,6.995678626217357,False,24,2
COc1cc(Cc2cc(/C=C/C(=O)Nc3ccccc3N)cc(C)c2NCC(C)=O)ccc1CC#N,6.970352593452186,107.06497170195782,Tier 1 (<150 nM),-8.051537698721965,Ortho-aminoanilide,True,False,2.823161069859342,482.58400000000034,4.895500000000004,3,6,117.23999999999998,10,1.5338706344161794,6.087563820340447,6.270810030882263,0.8827887731117388,0.6995425625699232,-6.4415782670852595,-6.399314032969525,1.6099594316367059,False,0.5142857142857142,0.3,False,True,385,False,6.7447274948966935,True,11,7
CNC(=O)c1cc2c(cc1C)CN(C(=O)[C@H](N)Cc1ccc(Cl)c(CCCF)c1Cl)C2,6.970082841701661,107.13149323506855,Tier 1 (<150 nM),-7.695577525887386,alpha-amino-amide,False,False,3.30404333560773,466.38400000000024,3.9757200000000026,2,3,75.43,7,3.133465020566846,6.260822308019086,6.970766911180216,0.709260533682575,-0.0006840694785550383,-5.973280166794477,-6.72458824807137,0.9709892778160158,False,0.6,0.275,False,True,59,False,6.995678626217357,False,0,56
CNC(=O)c1cc2c(cc1NC(C)C)CN(C(=O)[C@H](N)Cc1ccc(Cl)cc1Cl)C2,6.968762416752687,107.45771050460893,Tier 1 (<150 nM),-7.858048484193657,alpha-amino-amide,False,False,3.0429840454961985,449.3820000000002,3.5855000000000024,3,4,87.46000000000001,6,2.8398497231575592,5.825916158275825,6.105930675860121,1.1428462584768626,0.8628317408925668,-5.74875318068273,-6.593137252987973,1.2649112312056836,False,0.75,0.3116883116883117,False,True,59,False,6.995678626217357,False,0,56
CNC(=O)c1cc2c(cc1NC(=O)CF)CN(C(=O)[C@H](N)Cc1ccc(Cl)cc1Cl)C2,6.964015613364355,108.63865661228965,Tier 1 (<150 nM),-8.234697655201842,alpha-amino-amide,False,False,3.1077048740692677,467.3280000000002,2.6732000000000014,3,4,104.53,6,2.815934531939549,5.760743034153045,6.09137816294029,1.2032725792113101,0.8726374504240644,-5.567083425963128,-6.721176004030835,1.5135216511710068,False,0.711864406779661,0.2804878048780488,False,True,59,False,6.995678626217357,False,0,56
CNC(=O)c1cc2c(cc1C(F)C(C)F)CN(C(=O)[C@H](N)Cc1ccc(Cl)cc1Cl)C2,6.961841554216464,109.18386046205546,Tier 1 (<150 nM),-7.886479690824801,alpha-amino-amide,False,False,3.8132988564301264,470.3470000000002,4.133800000000003,2,3,75.43,6,2.914265161877377,6.000210701434642,6.13521433542077,0.9616308527818216,0.8266272187956938,-6.006949331547623,-6.337567588593602,1.5489121022311991,False,0.7241379310344828,0.2987012987012987,False,True,59,False,6.995678626217357,False,0,56
CNC(=O)c1cc2c(cc1NC(C)NC)CN(C(=O)[C@H](N)Cc1ccc(Cl)cc1Cl)C2,6.959172823275506,109.85685877271874,Tier 1 (<150 nM),-7.1017869242360465,alpha-amino-amide,True,False,3.578558110589803,464.3970000000003,2.7425000000000015,4,5,99.49,7,2.677762811949271,6.461508482146297,6.428346022908946,0.49766434112920876,0.5308268003665599,-6.625597090045978,-6.858153573853598,0.24363335038244838,False,0.7368421052631579,0.3076923076923077,False,True,59,False,6.995678626217357,False,0,56
CNC(C)c1c(NC(C)Cl)cc2c(c1C)CN(C(=O)[C@H](N)Cc1ccc(Cl)cc1Cl)C2,6.958284320159472,110.08183993080105,Tier 1 (<150 nM),-7.477175551616873,alpha-amino-amide,True,False,4.015754350935621,483.8710000000002,4.991120000000004,3,4,70.39,7,2.519296769043082,6.116639054449517,6.453359851572632,0.8416452657099551,0.5049244685868404,-5.866013708397953,-6.0777307767859705,1.3994447748309025,False,0.5737704918032787,0.25882352941176473,False,True,59,False,6.995678626217357,False,0,56
CNC(=O)c1cc2c(cc1C(C)(C)C)CN(C(=O)[C@H](N)Cc1ccc(Cl)cc1Cl)C2,6.940100229167847,114.78886740738857,Tier 1 (<150 nM),-8.110201383481837,alpha-amino-amide,False,False,3.0655121463925923,448.3940000000001,4.062700000000003,2,3,75.43,4,2.806245027664645,5.694807905978871,5.9814859796835425,1.2452923231889752,0.9586142494843042,-5.921370007781483,-6.78531154362391,1.324889839857926,True,0.75,0.2894736842105263,False,True,59,False,6.995678626217357,False,0,56
CNC(=O)c1cc2c(c(Cl)c1C(F)Cl)CN(C(=O)[C@H](N)Cc1ccc(Cl)cc1Cl)C2,6.938713081551546,115.15609211850956,Tier 1 (<150 nM),-7.867028046957238,alpha-amino-amide,True,False,3.713947906794475,493.1930000000002,4.625500000000002,2,3,75.43,5,2.8866368938254086,5.981177421213797,5.977597221991038,0.957535660337749,0.9611158595605076,-6.0572566990969,-6.7113897131549605,1.155638333802277,True,0.7,0.2875,False,True,59,False,6.995678626217357,False,0,56
CCc1c2c(cc(C(=O)NC)c1C(=O)NC)CN(C(=O)[C@H](N)Cc1ccc(Cl)cc1Cl)C2,6.929642914834466,117.58639752578026,Tier 1 (<150 nM),-8.017729823528978,alpha-amino-amide,False,False,3.299209640901502,477.3920000000003,2.6872000000000016,3,4,104.53,6,2.751378140581582,6.207112792644343,6.121405146398002,0.7225301221901237,0.8082377684364639,-5.325516721643818,-6.664605287187547,1.3531245363414302,False,0.711864406779661,0.2911392405063291,False,True,59,False,6.995678626217357,False,0,56
CCC1C(Cl)C1/C(=C\C(=O)Nc1ccccc1N)c1c(F)cc(C(=O)NC(=O)C#N)cc1F,6.924537897274423,118.9767503496155,Tier 1 (<150 nM),-7.047532156420577,Ortho-aminoanilide,True,True,4.1930102641599145,472.8790000000002,3.6124800000000006,3,5,125.07999999999998,6,2.0790978852384723,6.298114217349591,6.2794458067651355,0.6264236799248319,0.6450920905092872,-5.8657041912962375,-6.320652134826142,0.7268800215944351,False,0.3953488372093023,0.27380952380952384,False,True,385,False,6.7447274948966935,True,5,18
CC(=O)CNc1c(C)cc(/C=C/C(=O)Nc2ccccc2N)cc1Cc1ccc(CC#N)cc1,6.920026675841159,120.2190589723043,Tier 1 (<150 nM),-8.487077236598006,Ortho-aminoanilide,True,False,2.6845258039614777,452.5580000000003,4.886900000000003,3,5,108.00999999999999,9,3.3861194707103985,6.3043470265147175,6.0254040884627145,0.6156796493264416,0.8946225873784446,-5.604624128376056,-6.772357827335953,1.7147194092620532,False,0.4852941176470588,0.3116883116883117,False,True,385,False,6.7447274948966935,True,11,7
COc1cc(Cc2cc(C=CC(=O)Nc3ccccc3N)ccc2NCC(C)=O)cc(F)c1CC#N,6.9013500686099105,125.50179326473658,Tier 1 (<150 nM),-7.91153708611921,Ortho-aminoanilide,True,False,2.826863887833447,486.5470000000003,4.726180000000003,3,6,117.23999999999998,10,1.380850987793106,5.831064549789102,5.80219717055999,1.0702855188208087,1.0991528980499208,-6.605132256604174,-6.2565924664733785,1.306404829515036,True,0.5571428571428572,0.3068181818181818,False,True,385,False,6.7447274948966935,True,11,7
CC(Cn1cccc(O)c1=S)C(O)CCn1cc(-c2ccc(C#N)cc2N2CCOCC2)nn1,6.900481410059891,125.75306817145523,Tier 1 (<150 nM),-7.22610718389977,3-HPT,True,False,3.9230282857144756,480.5940000000003,2.9772700000000007,2,8,112.36,8,2.836510064322862,7.982745323705708,5.478140391506776,-1.082263913645817,1.422341018553115,-6.248624876116979,-6.095249207225821,0.9774823077827905,False,0.5405405405405406,0.2403846153846154,False,True,27,False,6.247789037426088,True,20,4
CC(=O)CNc1ccc(C=CC(=O)Nc2ccccc2N)cc1Cc1ccc(CC#N)c(N)c1,6.865392267826966,136.33511605557416,Tier 1 (<150 nM),-8.568427887474948,Ortho-aminoanilide,True,False,2.7686815731922483,453.5460000000003,4.160680000000002,4,6,134.03,9,3.3204413965418076,6.332343793592615,6.231652421282294,0.5330484742343513,0.633739846544672,-6.85993475903114,-6.50701916849192,1.7084931284438083,False,0.5070422535211268,0.2926829268292683,False,True,385,False,6.7447274948966935,True,11,7
CCC1CC1c1cc(C(=O)NC(C)=O)ccc1/C(=C/C(=O)Nc1ccccc1N)C1C(C#N)C1CC,6.824643935133724,149.7462877314914,Tier 1 (<150 nM),-7.424891920195235,Ortho-aminoanilide,True,True,4.399665917686809,484.6000000000002,4.8764800000000035,3,5,125.07999999999998,8,1.9417660819035103,6.615665159848884,5.083590757533921,0.20897877528484,1.7410531775998033,-5.99935839854268,-6.322138550868953,1.1027533693262823,False,0.43902439024390244,0.2535211267605634,False,True,385,False,6.7447274948966935,True,10,8
COc1cc(Cc2cc(C=CC(=O)Nc3ccccc3N)ccc2NCC(C)=O)ccc1CC#N,6.820456987914695,151.19694358662775,Tier 2 (150-300 nM),-8.002563319797376,Ortho-aminoanilide,True,False,2.687564412439679,468.5570000000003,4.587080000000003,3,6,117.23999999999998,10,1.389430499979073,5.73854298963502,6.138432334536429,1.081913998279675,0.6820246533782663,-6.3269999979017815,-6.359665505837078,1.6428978139602988,False,0.5633802816901409,0.3176470588235294,False,True,385,False,6.7447274948966935,True,11,7
CCCc1cc(C(=O)NC(=O)C#N)ccc1/C(=C/C(=O)Nc1ccccc1N)C1CC1Cl,6.813919064846644,153.49030007896607,Tier 2 (150-300 nM),-7.619599402671594,Ortho-aminoanilide,True,True,3.7502747384413437,450.92600000000016,3.6506800000000013,3,5,125.08,7,2.072785536173005,6.572352481813845,5.876477695201959,0.24156658303279865,0.9374413696446853,-5.769915647726546,-6.67791479446764,0.9416846082039543,False,0.4177215189873418,0.26582278481012656,False,True,385,False,6.7447274948966935,True,5,18
CCC(F)(F)C1CN(c2cc(C#N)ccc2C(Cn2cccc(O)c2=S)OCCC#N)CCO1,6.7843249613829295,164.31417802509318,Tier 2 (150-300 nM),-7.501875601171299,3-HPT,True,False,4.28746736414012,488.56000000000034,4.716950000000005,1,7,94.44000000000001,9,1.2109268147830838,6.553956005970058,6.3403776326489805,0.23036895541287183,0.44394732873394904,-6.783083145071641,-6.014650067712696,0.7187924560996573,False,0.4305555555555556,0.21296296296296297,False,True,27,False,6.247789037426088,True,28,2
CNC(O)(C#N)c1c(Br)cc(/C=C/C(=O)Nc2ccccc2N)cc1C1CC1,6.748150133600885,178.58701010657816,Tier 2 (150-300 nM),-7.153092691810468,Ortho-aminoanilide,True,False,3.4503214047928115,441.32900000000024,3.4486800000000013,4,5,111.17,6,3.1588792694529255,6.643354131980625,6.742506042639752,0.10479600162025982,0.0056440909611330525,-6.042625466468838,-6.526130430716342,0.6269622610941257,False,0.4358974358974359,0.2441860465116279,False,True,385,False,6.7447274948966935,True,21,4
CNc1cc(/C=C/C(=O)Nc2ccccc2N)cc(Br)c1N1CCOC(C#N)C1,6.727623452128381,187.23047878224708,Tier 2 (150-300 nM),-7.0746727183023905,Ortho-aminoanilide,True,False,3.4466419136413347,456.3440000000002,3.453680000000001,3,6,103.41,5,3.053979605039819,6.614176016857318,6.009470063259964,0.11344743527106349,0.7181533888684175,-5.583145656463726,-6.297181880202539,0.7774908380998511,False,0.45454545454545453,0.25263157894736843,False,True,385,False,6.7447274948966935,False,31,2
CNC(=O)c1cc(CN)c(/C(=C/C(=O)Nc2ccccc2N)C2CC2)c(C(C)C)c1Br,6.720349637334052,190.39273065836036,Tier 2 (150-300 nM),-8.467469963989092,Ortho-aminoanilide,True,False,3.073076231074926,485.4260000000003,4.405100000000003,4,4,110.24,7,2.332792094362623,6.635228511201067,6.139707225158212,0.08512112613298495,0.5806424121758402,-4.862328605995504,-6.3652014699999215,2.102268493989171,False,0.38271604938271603,0.23595505617977527,False,True,385,False,6.7447274948966935,False,19,4
CNc1c(-c2ccc(C#N)cc2CCOc2ccoc2)nnn1C(OC)n1cccc(O)c1=S,6.7115204515231985,194.3030189715624,Tier 2 (150-300 nM),-7.789068646488509,3-HPT,True,False,4.107906526546182,478.5340000000001,3.9603700000000033,2,9,123.29,9,1.773545781513154,6.704130238826468,6.751819025406206,0.007390212696730458,-0.04029857388300773,-6.850445407130331,-6.328553027714637,0.9386232393581784,False,0.4,0.24,False,True,27,False,6.247789037426088,True,17,4
CNC(C)(C#N)c1c(Br)cc(/C=C/C(=O)Nc2ccccc2N)cc1C1CC1,6.7115105907484,194.30743072474868,Tier 2 (150-300 nM),-9.114876985289653,Ortho-aminoanilide,True,False,3.3723118143832203,439.3570000000002,4.518780000000002,3,4,90.94,6,2.8613259260690653,6.135791292288959,6.919721645369109,0.5757192984594415,-0.2082110546207092,-6.254555997458016,-6.991300481497874,2.123576503791779,False,0.47297297297297297,0.2441860465116279,False,True,385,False,6.7447274948966935,False,21,4
CCC1CC1/C(=C\C(=O)Nc1ccccc1N)c1c(F)cc(C(=O)NC(=O)C#N)cc1F,6.7100180663643965,194.97634891940572,Tier 2 (150-300 nM),-7.85782738037886,Ortho-aminoanilide,True,True,3.8505083048749107,438.43400000000014,3.3951800000000008,3,5,125.07999999999998,6,2.108379053363377,6.6214545660022734,5.971370682338943,0.08856350036212302,0.7386473840254535,-5.942176677884945,-6.24036829266288,1.6174590877159805,False,0.4155844155844156,0.2619047619047619,False,True,385,False,6.7447274948966935,False,5,18
COCC(C)NCC(=O)NC(=O)c1ccc(/C=C/C(=O)Nc2ccccc2N)c(-c2cscn2)c1,6.680457528664455,208.7096219138572,Tier 2 (150-300 nM),-7.0410155649835495,Ortho-aminoanilide,True,True,3.2534660847576378,493.5890000000002,2.9251000000000014,4,8,135.44,10,3.4688422919241595,6.114344789370664,5.78306557617187,0.566112739293791,0.8973919524925851,-6.513759805637256,-6.6564377677600906,0.384577797223459,False,0.4625,0.2826086956521739,False,True,385,False,6.7447274948966935,False,15,3
CNC(F)(C#N)c1c(Br)cc(/C=C/C(=O)Nc2ccccc2N)cc1C1CC1,6.680025356168005,208.9174151415127,Tier 2 (150-300 nM),-8.924112274795288,Ortho-aminoanilide,True,False,3.4681937324651386,443.3200000000002,4.425880000000002,3,4,90.94,6,3.1588792694529255,6.212616941525438,6.862738443570769,0.4674084146425672,-0.18271308740276382,-5.52542931870362,-6.446965323309033,2.4771469514862545,False,0.4605263157894737,0.2558139534883721,False,True,385,False,6.7447274948966935,False,21,4
COC(n1nnc(-c2ccc(C#N)cc2CCCO)c1NC1CC1)n1cccc(O)c1=S,6.673810922968689,211.9283598354428,Tier 2 (150-300 nM),-7.402432459183378,3-HPT,True,False,3.8975340440845265,452.54000000000013,3.203370000000002,3,8,121.14999999999999,9,1.891048738794399,6.43337243000743,6.425434641000781,0.24043849296125863,0.24837628196790718,-6.636959066128025,-6.764669456704517,0.6377630024788603,False,0.3723404255319149,0.23958333333333334,False,True,27,False,6.247789037426088,True,17,4
CCC1CC1Cc1cc(C(=O)NC)c(C(=CC(=O)Nc2ccccc2N)C2CC2N)cc1F,6.654348483335013,221.6417225113263,Tier 2 (150-300 nM),-7.82614189334063,Ortho-aminoanilide,True,False,4.142359614377325,450.55800000000016,3.7254000000000014,4,4,110.24,8,2.3384976410793477,6.205639051402906,6.856822000535659,0.448709431932107,-0.2024735172006462,-4.731587690869624,-5.90608571761951,1.92005617572112,False,0.4358974358974359,0.25301204819277107,False,True,385,False,6.7447274948966935,False,22,2
CCC(=O)NC(=O)c1cc(F)c(/C(=C/C(=O)Nc2ccccc2N)C2CC2CCC#N)c(F)c1,6.653653934196126,221.9964685082433,Tier 2 (150-300 nM),-8.933672270974268,Ortho-aminoanilide,True,True,3.7805632225258554,466.4880000000002,4.175380000000002,3,5,125.07999999999998,8,2.6181383285421616,6.2749831482518035,6.354778528476655,0.3786707859443226,0.29887540571947113,-6.002274324983393,-5.665154897106316,2.9313979459908754,False,0.4225352112676056,0.3181818181818182,False,True,385,False,6.7447274948966935,False,5,18
CCC1CC1/C(=C\C(=O)Nc1ccccc1N)c1c(F)cc(C(=O)NC(=O)CC#N)cc1F,6.640026371593827,229.07285490039584,Tier 2 (150-300 nM),-7.844214661990846,Ortho-aminoanilide,True,True,3.76248146402095,452.4610000000002,3.785280000000002,3,5,125.07999999999998,7,2.2832444541902532,6.433275762630365,6.138743397038492,0.20675060896346142,0.5012829745553349,-5.89833326365426,-6.071123803031739,1.7730908589591072,False,0.4473684210526316,0.296875,False,True,385,False,6.7447274948966935,False,5,18
CNC(=O)c1cc(CC#N)c(C(C)(C)C)c(N2CCNCC2)c1C(F)=CC(=O)Nc1ccccc1N,6.638935221595643,229.64911621098187,Tier 2 (150-300 nM),-7.926902764278056,Ortho-aminoanilide,True,False,3.2995039626101548,492.5990000000002,3.3506800000000005,4,6,123.27999999999999,6,1.6689730904139963,6.5872499812995855,6.510941382901407,0.0516852402960577,0.12799383869423586,-6.09180249630591,-6.809463967678827,1.1174387965992292,False,0.39473684210526316,0.23,False,True,385,False,6.7447274948966935,False,40,1
CNC(=O)c1cc(C#N)c(/C(=C/C(=O)Nc2ccccc2N)C2CC2)c(C(C)C)c1Br,6.6388939244446155,229.6709546306622,Tier 2 (150-300 nM),-8.247914575384602,Ortho-aminoanilide,True,False,3.062165791514486,481.39400000000023,4.818080000000004,3,4,108.01,6,2.2920503736696967,6.337216753292264,5.883577987521785,0.3016771711523516,0.7553159369228304,-4.939216798881122,-6.118042045817597,2.129872529567005,False,0.4,0.23711340206185566,False,True,385,False,6.7447274948966935,False,19,4
CC1CC1/C(=C\C(=O)Nc1ccccc1N)c1c(F)cc(C(=O)NC(=O)C#N)cc1F,6.6230568722392515,238.2007517497485,Tier 2 (150-300 nM),-7.260897731913224,Ortho-aminoanilide,True,True,3.748306759587864,424.40700000000015,3.0050800000000004,3,5,125.07999999999998,5,2.382520919254966,6.666121176947747,6.217197661933837,-0.043064304708495094,0.4058592103054144,-5.819038265872067,-6.56783579525751,0.693061936655714,False,0.42105263157894735,0.23333333333333334,False,True,385,False,6.7447274948966935,False,5,18
N#CC(=O)NC(=O)c1ccc(/C(=C/C(=O)Nc2ccccc2N)C2(F)CC2)c(-c2cscn2)c1,6.621395475080576,239.11373591087764,Tier 2 (150-300 nM),-7.192397881047042,Ortho-aminoanilide,True,True,3.362892347483746,475.5050000000002,3.696480000000002,3,7,137.97,6,2.6853175227917956,6.294527572412637,6.104525027068519,0.3268679026679395,0.5168704480120576,-6.0746453438952495,-6.200382134701041,0.9920157463460013,False,0.4266666666666667,0.22857142857142856,False,True,385,False,6.7447274948966935,False,10,8
CCOC(C)Oc1cc(F)c(CCCC(O)n2cccc(O)c2=S)c(N2CCOCC2)c1C#N,6.603692777191354,249.06185754127458,Tier 2 (150-300 nM),-7.050819126055544,3-HPT,True,False,4.163382505840525,491.5850000000003,4.045670000000004,2,8,100.10999999999999,10,2.199369683609267,5.867073877010319,6.250008282435908,0.7366189001810346,0.35368449475544583,-5.780529738142066,-5.648986305550737,1.2702893879134782,False,0.35051546391752575,0.25252525252525254,False,True,27,False,6.247789037426088,True,18,4
CCOC(C)Oc1cc(F)c(CCCCn2cccc(O)c2=S)c(N2CCOCC2)c1C#N,6.597045636251418,252.9032228356401,Tier 2 (150-300 nM),-7.275235835229457,3-HPT,True,False,3.667516821032118,475.5860000000003,4.554770000000004,1,7,79.88,10,2.2046487307158347,6.448087193676657,6.3501123864479965,0.1489584425747612,0.2469332498034218,-5.791419769493252,-5.820688416856754,1.4545474183727025,False,0.41025641025641024,0.26744186046511625,False,True,27,False,6.247789037426088,True,18,4
CC(=O)CNc1ccc(/C=C/C(=O)Nc2ccccc2N)c(C)c1Cc1ccc(CC#N)cc1,6.5956329065515575,253.72723891097436,Tier 2 (150-300 nM),-7.257093364148772,Ortho-aminoanilide,True,False,2.7390349385768626,452.5580000000003,4.886900000000003,3,5,108.00999999999999,9,3.5800309372170687,5.86967818604373,6.03941362129829,0.7259547205078274,0.5562192852532677,-6.140869108775352,-6.679618349359088,0.5774750147896839,False,0.4918032786885246,0.2727272727272727,False,True,385,False,6.7447274948966935,False,11,7
CCC1CC1/C(=C\C(=O)Nc1ccccc1N)c1ccc(C(=O)NC(=O)CO)cc1-c1cscn1,6.575589118891911,265.711824276116,Tier 2 (150-300 nM),-7.184697830689855,Ortho-aminoanilide,True,True,3.8410008350585105,490.5850000000002,3.709200000000002,4,7,134.41,8,2.1890766888320687,6.43693900397601,5.934517201174087,0.13865011491590096,0.6410719177178246,-5.902730505938651,-6.523157328083961,0.6615405026058934,False,0.43283582089552236,0.27472527472527475,False,True,385,False,6.7447274948966935,False,10,8
CNc1c(-c2ccc(C#N)cc2CCO)nnn1C(CC(C)C)(OC)n1cccc(O)c1=S,6.574037567219739,266.6627986636744,Tier 2 (150-300 nM),-7.687520500322996,3-HPT,True,False,4.121647582082483,468.5830000000002,3.4809700000000023,3,8,121.14999999999999,9,1.765911049111087,6.318992893964434,6.205049355640954,0.25504467325530555,0.3689882115787855,-6.745153171387457,-6.549216721151681,0.9423673289355383,False,0.33766233766233766,0.2222222222222222,True,True,27,False,6.247789037426088,True,39,1
CNC(C#N)(OC)c1c(Br)cc(/C=C/C(=O)Nc2ccccc2N)cc1C1CC1,6.5411013842990835,287.67267760538914,Tier 2 (150-300 nM),-7.032958695692046,Ortho-aminoanilide,True,False,3.5725562616713535,455.3560000000002,4.102780000000002,3,5,100.16999999999999,7,3.1192311558881687,6.098326353617895,6.383077974976051,0.4427750306811884,0.15802340932303238,-5.805613936540976,-6.5060773012331135,0.5268813944589326,False,0.4605263157894737,0.25842696629213485,False,True,385,False,6.7447274948966935,False,21,4
CCC(=O)NC(=O)c1cc(F)c(/C(=C/C(=O)Nc2ccccc2N)C2CC2C2CC2COC)c(F)c1,6.536313529397034,290.8616547863436,Tier 2 (150-300 nM),-7.684902605032424,Ortho-aminoanilide,True,True,4.18000465392856,497.54200000000026,4.154100000000003,3,5,110.52,9,3.1607393914256496,6.130791333393559,7.001511581330088,0.4055221960034743,-0.4651980519330543,-4.7966852946784195,-5.642327652547299,2.0425749524851256,False,0.4268292682926829,0.3176470588235294,False,True,385,False,6.7447274948966935,False,5,18
CNC(CC(C#N)CC(C)=O)c1ccc(/C=C/C(=O)Nc2ccccc2N)cc1Br,6.53517120355415,291.62771595624685,Tier 2 (150-300 nM),-7.193853976458823,Ortho-aminoanilide,True,False,3.537658420644749,469.3830000000001,4.452680000000003,3,5,108.01,9,4.558503486035108,6.565038819260779,5.644591652049894,-0.029867615706629103,0.8905795515042554,-5.570951342121906,-6.969284293430012,0.22456968302881108,False,0.4722222222222222,0.2823529411764706,False,True,385,False,6.7447274948966935,False,32,1
CNC(=O)c1cc(C#N)c(/C=C/C(=O)Nc2ccccc2N)c(C(C)(C)C)c1Br,6.522061745161431,300.5648948654185,Tier 3 (300-500 nM),-8.305332596130715,Ortho-aminoanilide,True,False,2.8383974658999236,455.3560000000002,4.211980000000002,3,4,108.01,4,2.5826165079392545,6.479936692333583,6.071693390772906,0.042125052827848286,0.45036835438852485,-5.131889225488729,-6.768638947890703,1.5366936482400115,False,0.4714285714285714,0.2542372881355932,False,True,385,False,6.7447274948966935,False,19,4
Cc1cc(C(=O)NC(=O)CN2CCOCC2)ccc1/C(C#N)=C/C(=O)Nc1ccccc1N,6.512143267479758,307.5082222169434,Tier 3 (300-500 nM),-7.115655939839701,Ortho-aminoanilide,True,True,2.600733353090426,447.4950000000001,1.7114999999999996,3,7,137.55,6,3.3499701602368095,6.338211959038107,6.026397884948918,0.1739313084416514,0.48574538253084043,-6.8756812867723065,-5.868298719632136,0.23997465306739407,False,0.4342105263157895,0.32941176470588235,False,True,385,False,6.7447274948966935,False,30,2
COc1c(-c2ccc(C#N)cc2N2CCOCC2)nnn1CCCC(N)Cn1cccc(O)c1=S,6.500083351144531,316.1670804264363,Tier 3 (300-500 nM),-7.415209485563402,3-HPT,True,False,3.7659260567856103,495.6090000000002,2.7062700000000013,2,9,127.37999999999998,9,3.043356423146145,6.773538678472036,5.568575234978099,-0.2734553273275049,0.931508116166432,-6.914889711952534,-6.66230181777939,0.500319773610868,False,0.45569620253164556,0.2336448598130841,False,True,27,False,6.247789037426088,True,20,4
CCC1CC1/C(=C\C(=O)Nc1ccccc1N)c1c(F)cc(C(=O)NC(C)=O)cc1-c1cscn1,6.497187689761199,318.2821699158361,Tier 3 (300-500 nM),-7.144394215678466,Ortho-aminoanilide,True,True,3.898005187848578,492.5760000000002,4.875900000000003,3,6,114.17999999999999,7,2.0022599083275487,6.270196695565538,6.0606330199628315,0.2269909941956607,0.4365546697983671,-5.550702568647406,-5.884487158732468,1.2599070569459982,False,0.4177215189873418,0.313953488372093,False,True,385,False,6.7447274948966935,False,5,18
N#Cc1ccc(-c2nnn(CC(Cl)CC(N)Cn3cccc(O)c3=S)c2OC2CC2)c(F)c1,6.46586668879805,342.0844327686033,Tier 3 (300-500 nM),-7.567862934624304,3-HPT,True,False,4.261406762635378,488.97600000000017,3.758670000000002,2,7,114.91,9,2.8013128647027545,6.452134906397536,6.21873416149699,0.013731782400514092,0.2471325273010594,-6.917096291979037,-6.745652332635472,0.6507666426452667,False,0.3972602739726027,0.24210526315789474,False,True,27,False,6.247789037426088,True,29,2
CC(C)CCCc1cc(C(=O)O)ccc1C(/C=C1\O[C@@H]2CC(=O)N2[C@H]1C(=O)O)c1ccccc1,6.459484526774663,347.1486440243659,Tier 3 (300-500 nM),-7.537352164620413,Carboxylate,False,False,3.9732278820350135,463.5300000000002,4.421100000000003,2,4,104.14,9,1.263566320007003,6.6918806673095155,5.610347194045495,-0.2323961405348527,0.8491373327291676,-5.514432735015747,-6.8960057410736635,0.6413464235467492,False,0.4098360655737705,0.2608695652173913,False,True,148,False,9.69897000433602,False,38,1
CNCC1CN(c2c(O)cc(/C=C/C(=O)Nc3ccccc3N)cc2Br)CCO1,6.457325605959361,348.87865071658194,Tier 3 (300-500 nM),-7.1625739381397455,Ortho-aminoanilide,True,False,3.1768090806206972,461.3600000000002,2.8134000000000006,4,6,99.85,6,2.9392853964013117,6.362319711464022,5.952821541198559,0.0950058944953387,0.5045040647608019,-5.74462635638302,-6.0719107246893556,1.09066321345039,False,0.4777777777777778,0.2826086956521739,False,True,385,False,6.7447274948966935,False,31,2
CCCC1CC1Cc1cc(C(=O)NC)c(C(=CC(=O)Nc2ccccc2N)NC(C)=O)c(C#N)c1C,6.455478302564227,350.3657922066254,Tier 3 (300-500 nM),-8.091736109657951,Ortho-aminoanilide,True,False,3.9738145111031153,487.6040000000002,3.9029000000000016,4,5,137.10999999999999,9,2.238699877521876,6.378326833968152,6.760922110257128,0.07715146859607547,-0.30544380769290047,-5.98873076005378,-6.777786219671894,1.3139498899860573,False,0.38271604938271603,0.24742268041237114,False,True,385,False,6.7447274948966935,False,37,1
CC(=O)NC(=O)c1ccc(/C(C#N)=C/C(=O)Nc2ccccc2N)c(CN2CCOCC2)c1,6.454913911967705,350.8214086412735,Tier 3 (300-500 nM),-7.679458116308263,Ortho-aminoanilide,True,True,2.7064345937852163,447.4950000000003,1.9229800000000001,3,7,137.54999999999998,6,1.8867195571634434,6.786079572326059,6.124888996367162,-0.33116566035835415,0.3300249156005428,-6.9275543418954415,-6.305601341551949,0.7519037744128214,False,0.4605263157894737,0.32941176470588235,False,True,385,False,6.7447274948966935,False,30,2
CNc1c(-c2ccc(C#N)cc2CCOCC(C)F)nnn1C(OC)n1cccc(O)c1=S,6.45287475624653,352.4725039585848,Tier 3 (300-500 nM),-7.818087975509279,3-HPT,True,False,4.35506395327083,472.5460000000001,3.6629700000000027,2,8,110.14999999999999,10,1.603795875634574,6.41422596074222,6.825407374508285,0.038648795504309774,-0.3725326182617552,-5.710123157300795,-6.184167229083326,1.6339207464259529,False,0.3918918918918919,0.25263157894736843,False,True,27,False,6.247789037426088,True,17,4
CCC(=O)NC(=O)c1cc(F)c(/C(=C/C(=O)Nc2ccccc2N)C2CC2CCCC#N)c(F)c1,6.433348133975576,368.68194165380754,Tier 3 (300-500 nM),-8.55431447178132,Ortho-aminoanilide,True,True,3.787869900014174,480.51500000000027,4.565480000000003,3,5,125.07999999999998,9,2.2735599073403865,6.296617755726031,6.268235038734282,0.1367303782495446,0.1651130952412938,-5.5571018020211955,-5.642409448257337,2.9119050235239827,False,0.40789473684210525,0.3088235294117647,False,True,385,False,6.7447274948966935,False,5,18
CCC1CC1/C(=C\C(=O)Nc1ccccc1N)c1ccc(C(=O)NC(C)=O)cc1-c1cscn1,6.427581959362839,373.6096117179096,Tier 3 (300-500 nM),-7.673402115832328,Ortho-aminoanilide,True,True,3.7805028297271646,474.5860000000002,4.736800000000003,3,6,114.17999999999999,7,2.043194984027606,6.197702054813248,5.657917550132699,0.22987990454959117,0.7696644092301401,-5.43737450778139,-6.157910049894546,1.5154920659377824,False,0.4393939393939394,0.28735632183908044,False,True,385,False,6.7447274948966935,False,10,8
CNC(=O)c1cc(C#N)c(/C(C#N)=C/C(=O)Nc2ccccc2N)c(C(C)C)c1Br,6.426800489248163,374.2824905980451,Tier 3 (300-500 nM),-7.1630253648761295,Ortho-aminoanilide,True,False,3.0602056566698135,466.33900000000017,3.9316600000000026,3,5,131.8,5,2.3156495404369215,6.18751587300548,5.495238405172016,0.23928461624268316,0.9315620840761474,-6.1520259309587715,-6.530517079477206,0.6325082853989237,False,0.38461538461538464,0.25,False,True,385,False,6.7447274948966935,False,19,4
CCC(=O)NC(=O)c1cc(F)c(/C(=C/C(=O)Nc2ccccc2N)C2CC2N)c(F)c1,6.424016742189697,376.6892772131723,Tier 3 (300-500 nM),-8.766387980460213,Ortho-aminoanilide,True,True,3.56777104530215,428.43900000000014,2.5827,4,5,127.30999999999999,6,3.2499796558118232,6.389278051657986,7.00976458660609,0.03473869053171086,-0.5857478444163924,-5.909636329855198,-6.581654182274184,2.184733798186029,False,0.44594594594594594,0.3684210526315789,False,False,385,False,6.7447274948966935,False,5,18
N#Cc1ccc(-c2nnn(Cn3cccc(O)c3=S)c2F)c(N2CCOCC2)c1,6.421032365800948,379.28671757366277,Tier 3 (300-500 nM),-7.479185039238231,3-HPT,True,False,3.181867331159779,412.4500000000002,2.5348699999999997,1,7,92.13,4,2.0146670076904822,6.106790485253479,6.586121969760494,0.3142418805474687,-0.16508960395954553,-6.858897852317484,-6.5517579972895374,0.6202871869207467,False,0.4927536231884058,0.26436781609195403,False,True,27,False,6.247789037426088,True,20,4
COCCCC1CNCCN1/C(=C\C(=O)Nc1ccccc1N)c1cc(C#N)c(C)c(F)c1CC#N,6.412315733986851,386.9762092357546,Tier 3 (300-500 nM),-7.1096848272372934,Ortho-aminoanilide,True,False,3.8419203479378776,490.5830000000003,3.33408,3,7,127.19999999999999,9,1.7236821295869837,6.814831379125462,6.630960624165186,-0.40251564513861116,-0.21864489017833488,-6.072819849415924,-6.042679095087255,1.0368649778213692,False,0.40476190476190477,0.28421052631578947,False,True,385,False,6.7447274948966935,False,36,1
CCC1CC1C1CC1/C(=C\C(=O)Nc1ccccc1N)c1ccc(C(=O)NC(C)=O)cc1C,6.410013077878878,389.0334298818594,Tier 3 (300-500 nM),-8.234555410757583,Ortho-aminoanilide,True,True,3.9774159009001675,445.5630000000002,4.557820000000002,3,4,101.28999999999999,7,2.1010690123996194,6.123091406149165,6.260740317843598,0.28692167172971317,0.1492727600352799,-5.094782022232946,-6.2279173841651785,2.0066380265924044,False,0.4230769230769231,0.3088235294117647,False,True,385,False,6.7447274948966935,False,10,8
CNC(CCCCn1cc(-c2ccc(C#N)cc2N2CCOCC2)nn1)Cn1cccc(O)c1=S,6.408485471999098,390.4042420756537,Tier 3 (300-500 nM),-7.131402707680192,3-HPT,True,False,3.6027661055289446,493.63700000000034,3.348470000000002,2,8,104.16000000000001,10,3.876814826130635,7.572180142307998,5.867755262283213,-1.1636946703088995,0.5407302097158855,-5.532017259460778,-6.285683662312282,0.8457190453679102,False,0.5753424657534246,0.25961538461538464,False,True,27,False,6.247789037426088,True,20,4
CC(=O)NC(=O)c1ccc(/C(=C/C(=O)Nc2ccccc2N)C2CC2CC2CC2)c(C)c1,6.402735361086352,395.6076115654052,Tier 3 (300-500 nM),-7.796360765474249,Ortho-aminoanilide,True,True,3.5638632549809843,431.5360000000003,4.3118200000000035,3,4,101.28999999999999,7,1.7002800899264618,5.943497581659631,6.294337420929574,0.4592377794267204,0.1083979401567774,-5.407999718954901,-6.917750728902794,0.8786100365714553,False,0.44155844155844154,0.3,False,True,385,False,6.7447274948966935,False,10,8
CCOC(C)Oc1cc(F)c(CC(C)CC(N)n2cccc(O)c2=S)c(N2CCOCC2)c1C,6.396230776806682,401.57736266454384,Tier 3 (300-500 nM),-7.239859885327585,3-HPT,True,False,4.324817839826382,493.6450000000003,4.694810000000004,2,7,82.11,10,1.3895402257936211,5.863614914130376,5.9826054683098375,0.5326158626763062,0.41362530849684465,-5.9627615982091005,-5.9779515130032514,1.2619083723243332,False,0.32967032967032966,0.2857142857142857,True,True,27,False,6.247789037426088,True,18,4
CCOC(C)Oc1cc(F)c(CC(C)CC(N)n2cccc(O)c2=S)c(N2CCOCC2)c1N,6.392899730930541,404.66931018003595,Tier 3 (300-500 nM),-7.154276488124643,3-HPT,True,False,4.396702946209361,494.6330000000003,3.9685900000000016,3,8,108.13,10,1.3895402257936211,5.835347417411527,5.971087179427478,0.5575523135190137,0.42181255150306285,-5.539806216225394,-5.62389178804572,1.5303847000789235,False,0.3409090909090909,0.2558139534883721,True,True,27,False,6.247789037426088,True,18,4
Cc1c(-c2ccc(C#N)cc2F)nnn1CC(Cl)CC(N)Cn1cccc(O)c1=S,6.392463284376144,405.07618917356916,Tier 3 (300-500 nM),-7.565928330540094,3-HPT,True,False,4.094238772822692,446.9390000000002,3.5258900000000017,2,6,105.67999999999999,7,5.024272494243108,6.351214234387665,6.173306414433448,0.04124904998847878,0.21915686994269645,-6.697060513709416,-6.634811112078166,0.8688678168306785,False,0.40789473684210525,0.22340425531914893,False,True,27,False,6.247789037426088,True,29,2
N#CCC(OCn1cccc(O)c1=S)Oc1ccc(C#N)cc1N1CCOC(OC(F)(F)F)C1,6.389920354474885,407.45499436816857,Tier 3 (300-500 nM),-7.30077436979986,3-HPT,True,False,4.293067040253481,496.46700000000027,3.786850000000002,1,9,112.89999999999999,8,1.5565452063074496,6.501776304820022,6.688551415524998,-0.11185595034513707,-0.29863106105011283,-6.939629393741953,-5.281506768007669,0.36114497605790685,False,0.4166666666666667,0.24752475247524752,False,True,27,False,6.247789037426088,True,27,2
CCOC(Cn1cccc(O)c1=S)c1ccc(C#N)cc1N1CCOC(C(F)(F)OOC)C1,6.386587157582082,410.5942303738637,Tier 3 (300-500 nM),-7.232365761567016,3-HPT,True,False,4.293043719157117,481.5210000000003,3.9486700000000026,1,8,89.11000000000001,9,1.183743798068032,6.066406508549969,6.3960872273992155,0.3201806490321131,-0.009500069817133472,-6.3447920870424825,-5.905040093215408,0.8875736745245337,False,0.4246575342465753,0.21782178217821782,False,True,27,False,6.247789037426088,True,28,2
CNC(=O)C(CC(Br)C(CCCC(=O)C(F)(F)F)N1CCNCC1)C(C)(C)C,6.386007358508137,411.14275481076635,Tier 3 (300-500 nM),-7.718546293496118,Trifluoromethyl-ketone,True,False,4.1857887384764325,472.3900000000002,3.123800000000002,2,4,61.440000000000005,9,1.1788299507592916,5.8553810514978535,6.117642987928336,0.5306263070102837,0.26836437057980156,-5.700350182987991,-6.069584433017302,1.648961860478816,False,0.3181818181818182,0.1951219512195122,True,True,23,False,8.167491087293763,False,26,2
COc1cc(/C=C/C(=O)Nc2ccccc2N)cc(Br)c1C(=O)C#N,6.3775843607750184,419.19456112784354,Tier 3 (300-500 nM),-7.198456103626237,Ortho-aminoanilide,True,False,2.566514781327143,400.2320000000001,3.398080000000001,2,5,105.20999999999998,5,3.3433623057145923,5.70819175229713,5.438940125894423,0.6693926084778887,0.938644234880595,-6.174096295312756,-6.743508266646665,0.45494783697957164,False,0.5901639344262295,0.3116883116883117,False,True,385,False,6.7447274948966935,False,11,7
CNC(O)c1ccc(C(=O)c2ccc(/C=C/C(=O)Nc3ccccc3N)cc2)cc1Br,6.374928562945304,421.76587394831176,Tier 3 (300-500 nM),-7.098995891081354,Ortho-aminoanilide,True,False,2.9641181803573,480.3620000000001,4.124500000000002,4,5,104.45,7,4.098807345157317,5.8353210210544395,6.606663082026894,0.5396075418908648,-0.2317345190815896,-4.502686822163795,-6.435918587681831,0.6630773033995228,False,0.4852941176470588,0.27848101265822783,False,True,385,False,6.7447274948966935,False,23,2
CNc1c(-c2ccc(C#N)cc2CCOCCC(C)(C)C)nnn1C(OC)n1cccc(O)c1=S,6.371428821834448,425.1783851885081,Tier 3 (300-500 nM),-7.699937368072854,3-HPT,True,False,4.021146872011621,496.6370000000001,4.741170000000005,2,8,110.14999999999999,10,1.6310254945075748,6.8172769121543055,6.646421609169474,-0.44584809031985717,-0.27499278733502575,-5.869699261719076,-6.447365583872248,1.2525717842006063,False,0.40540540540540543,0.25263157894736843,False,True,27,False,6.247789037426088,True,17,4
N#Cc1ccc(C(=O)c2ccc(/C=C/C(=O)Nc3ccccc3N)cc2)cc1Br,6.362925912635823,433.58483838318404,Tier 3 (300-500 nM),-7.494868196515042,Ortho-aminoanilide,True,False,2.294468673866442,446.3040000000001,4.785880000000002,2,4,95.97999999999999,5,3.9464786791714017,5.72983404536062,6.287740897525489,0.6330918672752031,0.07518501511033371,-5.613334844345461,-6.510181598959909,0.9846865975551324,False,0.5,0.2777777777777778,False,True,385,False,6.7447274948966935,False,23,2
CC(C)NCC(=O)NC(=O)c1ccc(/C=C/C(=O)Nc2ccccc2N)c(-c2cscn2)c1,6.362543975153695,433.9663194948579,Tier 3 (300-500 nM),-7.233715306196784,Ortho-aminoanilide,True,True,2.7350097798894346,463.56300000000016,3.2986000000000004,4,7,126.21000000000001,8,3.714915567452616,6.926764688990124,5.727385622851768,-0.5642207138364288,0.6351583523019269,-6.157556263559244,-6.325473007956981,0.9082422982398022,False,0.44155844155844154,0.27586206896551724,False,True,385,False,6.7447274948966935,False,15,3
CCCC1(O)CN(c2cc(C#N)ccc2OC(CC#N)OCn2cccc(O)c2=S)CCO1,6.361970134454444,434.54010558071286,Tier 3 (300-500 nM),-7.103984176581067,3-HPT,True,False,4.361805958880928,470.5510000000003,3.413050000000002,2,9,123.9,9,1.5713365274354163,6.251726527257766,5.6728092451690655,0.11024360719667836,0.6891608892853789,-6.855650295262432,-5.930704277295674,0.24833388131863465,False,0.3924050632911392,0.21296296296296297,False,True,27,False,6.247789037426088,True,27,2
CNC(=O)c1ccc(/C(=C/C(=O)Nc2ccccc2N)C2CC2Cl)c(-c2cscn2)c1,6.330213359757703,467.50540927175365,Tier 3 (300-500 nM),-7.008133657890554,Ortho-aminoanilide,True,False,3.7076143003229918,452.96700000000016,4.401300000000003,3,5,97.11,6,2.195004485681785,6.161650367333279,5.485818508327026,0.16856299242442407,0.8443948514306774,-5.271025048718039,-6.81022298267478,0.1979106752157742,False,0.4603174603174603,0.2619047619047619,False,True,385,False,6.7447274948966935,False,10,8
CCC1CC1C1CC1Cc1ccc(C(=CC(=O)Nc2ccccc2N)NC(C)=O)c(C(=O)NC)c1,6.326469193764478,471.55331930323536,Tier 3 (300-500 nM),-9.210488508838166,Ortho-aminoanilide,True,False,4.127585403172953,474.6050000000002,3.9688000000000008,4,4,113.32,9,1.6171806248800802,6.137433721157064,6.759309498067953,0.18903547260741327,-0.4328403043034754,-5.776047643280556,-6.771007987340142,2.439480521498024,False,0.43243243243243246,0.27058823529411763,False,True,385,False,6.7447274948966935,False,22,2
CCCC1C(Cl)C1(F)/C(=C\C(=O)Nc1ccccc1N)c1ccc(C(=O)NC(=O)C#N)cc1F,6.324454827880348,473.74558114508574,Tier 3 (300-500 nM),-8.3030445364684,Ortho-aminoanilide,True,True,4.199706340961486,486.90600000000023,3.955580000000001,3,5,125.07999999999998,7,2.614091485618964,6.36466682311444,5.931853550358254,-0.04021199523409269,0.3926012775220933,-5.769588408696472,-6.005416440425612,2.2976280960427884,False,0.4050632911392405,0.25842696629213485,False,True,385,False,6.7447274948966935,False,5,18
CCCC1C(Cl)C1(F)/C(=C\C(=O)Nc1ccccc1N)c1ccc(C(=O)NC(=O)C#N)cc1CC,6.3201839624635605,478.427392705882,Tier 3 (300-500 nM),-7.599378267412524,Ortho-aminoanilide,True,True,4.226993281551122,496.9700000000003,4.378880000000001,3,5,125.07999999999998,8,2.4548164285988454,6.554420376100474,5.866340740036025,-0.23423641363691328,0.45384322242753594,-5.5609857788509505,-6.254785021640805,1.3445932457717191,False,0.4050632911392405,0.26436781609195403,False,True,385,False,6.7447274948966935,False,16,1
CNC(F)CCC(Br)C(CCCC(=O)C(F)(F)F)N1CCNCC1,6.31760368005199,481.2783436743392,Tier 3 (300-500 nM),-7.408334930565737,Trifluoromethyl-ketone,True,False,4.372415277189682,420.2890000000001,2.6206000000000005,2,4,44.370000000000005,10,1.4198946137683939,5.436150342980799,5.025128242163504,0.881453337071191,1.292475437888486,-6.426292990803042,-6.268811491540557,0.9820419397626949,True,0.3492063492063492,0.18181818181818182,True,True,23,False,8.167491087293763,False,26,2
CNCC(=O)NC(=O)c1ccc(/C=C/C(=O)Nc2ccccc2N)c(-c2cscn2)c1,6.316622046535348,482.3674049008303,Tier 3 (300-500 nM),-7.990207799899384,Ortho-aminoanilide,True,True,2.7133918154905086,435.5090000000001,2.5199999999999996,4,7,126.21000000000001,7,3.5181406227160132,6.29752939768034,5.692813788374405,0.01909264885500761,0.6238082581609428,-5.8175917927834195,-6.698703432025124,1.2915043678742597,False,0.44155844155844154,0.2823529411764706,False,True,385,False,6.7447274948966935,False,15,3
CCC(=O)NC(=O)c1cc(F)c(/C(=C(\OC)C(=O)Nc2ccccc2N)C2CC2CCC#N)c(F)c1,6.308110459894429,491.91440463291883,Tier 3 (300-500 nM),-7.929647641990938,Ortho-aminoanilide,True,True,3.8999781474667508,496.5140000000002,4.149480000000002,3,6,134.31,9,2.438946094098141,6.432741106347541,6.544950322314667,-0.12463064645311128,-0.23683986242023725,-6.872853639156068,-5.6671351941256525,1.0567940028348701,False,0.3918918918918919,0.31343283582089554,False,True,385,False,6.7447274948966935,False,5,18
