canonical_smiles,pIC50,n_measurements
Br.CC(C)(C)c1ccc(CNCCCCNCCCNC(=O)CCCCC(=O)NO)cc1,4.599634726650061,1
Br.CC(C)(C)c1ccc(CNCCCCNCCCNC(=O)CCCCC(=O)O)cc1,4.006475596832934,1
Br.CC(C)(C)c1ccc(CNCCCCNCCCNC(=O)CCCCCCC(=O)NO)cc1,4.2955063029907015,1
Br.CN(C)c1ccc(CN(CCCNCCCCN)C(=O)CCCCC(=O)NO)cc1,4.397831448621003,1
Br.CS(=O)(=O)SCCN,3.703334809738469,1
Br.O=C(CCCCC(=O)NCCCNCCCCNCCC(c1ccccc1)c1ccccc1)NO,4.09555495892309,1
Br.O=C(CCCCC(=O)NCCCNCCCNCCCNCCCNCC1CCCCCC1)NO,4.229368872222193,1
Br.O=C(CCCCCCC(=O)NCCCNCCCCNCCC(c1ccccc1)c1ccccc1)NO,4.582528306796707,1
C#CC(=O)N1CCC(OC(=O)NCc2ccc(C(=O)Nc3ccccc3N)cc2)CC1,6.1771783546968955,2
C#CCC(CCCCCC(=O)Nc1ccccc1)C(=O)NO,4.060480747381382,1
C#CCCCn1c(Sc2cccc(OCC(=O)NO)c2)nc2c(N)ncnc21,7.0,1
C#CCN(C)CCCOc1cc(NC(=O)CCCCCCC(=O)NO)c(Cl)cc1Cl,5.482804102050025,2
C#CCN(C)CCCOc1cc(NC(=O)CCCCCCC(=O)NO)ccc1Cl,7.522878745280337,2
C#CCN(C)CCCOc1cc(NC(=O)CCCCCCCC(=O)NO)ccc1Cl,5.636388020107855,2
C#CCN(C)CCCOc1cc(NC(=O)CCCCCCCCC(=O)NO)ccc1Cl,5.847711655616944,2
C#CCN(C)CCCOc1cc(NCc2ccc(/C=C/C(=O)NO)cc2)ccc1Cl,6.292429823902063,2
C#CCN(C)CCCOc1cc(NCc2ccc(C(=O)NO)cc2)ccc1Cl,5.600326278518962,2
C#CCN(C)CCCOc1ccc(NC(=O)CCCCCCC(=O)NO)cc1Cl,6.853871964321762,2
C#CCN(C)CCCOc1cccc(NC(=O)CCCCCCC(=O)NO)c1Cl,6.050609993355087,2
C#CCN(C)Cc1cccc(NC(=O)CCCCCCC(=O)NO)c1,6.171984935776023,2
C#CCN1C(=O)CNC(=O)/C1=C/c1ccc(C(=O)NCCCNC(=O)c2ccc(C(=O)NO)cc2)cc1,7.800682837730804,2
C#CCN1C(=O)CNC(=O)/C1=C/c1ccc(C(=O)NCCNC(=O)c2ccc(C(=O)NO)cc2)cc1,7.060705498728979,2
C#CCN1C(=O)CNC(=O)/C1=C/c1ccc(C(=O)NCc2ccc(C(=O)NO)cc2)cc1,7.069663333934647,2
C#CCN1C(=O)CNC(=O)/C1=C/c1ccc(C(=O)NO)cc1,5.920818753952375,2
C#CCN1C(=O)CNC(=O)/C1=C/c1ccc(C(=O)Nc2ccc(C(=O)NO)cc2)cc1,6.265148189264405,2
C#CCN1C(=O)CNC(=O)/C1=C/c1ccc(C(=O)Nc2cccc(C(=O)NO)c2)cc1,6.149381331096474,2
C#CCN1CCN(CCCOc2ccc3c(ccn3S(=O)(=O)c3ccc(C(=O)NNCCC)cc3)c2)CC1,6.863279432843593,2
C#CCN1CCN(CCCOc2ccc3c(ccn3S(=O)(=O)c3ccc(C(=O)NO)cc3)c2)CC1,5.3979400086720375,2
C#CCN1CCN(CCCOc2ccc3c(ccn3S(=O)(=O)c3ccc(C(=O)Nc4ccccc4N)cc3)c2)CC1,6.853871964321762,2
C#CCNC(=O)CCNc1c(CCCCCC)nc2cc(/C=C/C(=O)NO)ccn12,6.853871964321762,1
C#CCn1c(=O)c(OCc2ccc(C(=O)NO)cc2)c(-c2ccccc2)c2ccccc21,5.214670164989233,2
C#Cc1cc(Nc2ncnc3cc(OC)c(OCCCCCCC(=O)NO)cc23)ccc1F,8.468521082957745,2
C#Cc1ccc(-n2nc(N)c(C(=O)NCc3ccc(C(=O)NO)cc3)n2)cc1,8.769551078621726,2
C#Cc1ccc(-n2nc(N)c(C(=O)NCc3ccc(C(=O)Nc4ccccc4N)cc3)n2)cc1,7.107905397309519,2
C#Cc1ccc(CNC(=O)O[C@H]2C[C@@H](C)C=C3C=C[C@H](C)[C@H](CC[C@@H]4C[C@@H](O[Si](C)(C)C(C)(C)C)CC(=O)O4)[C@H]32)cc1,6.904133546521457,1
C#Cc1ccc(NC(=O)O[C@H]2C[C@@H](C)C=C3C=C[C@H](C)[C@H](CC[C@@H]4C[C@@H](O[Si](C)(C)C(C)(C)C)CC(=O)O4)[C@H]32)cc1,6.798602875679549,1
C#Cc1cccc(NC(=O)c2cc(NC(=O)CCCCCC(=O)NO)c(OC)cc2O)c1,5.730487055782083,1
C#Cc1cccc(NC(=O)c2cc(NC(=O)CCCCCC(=O)NO)ccc2O)c1,5.388276691992658,1
C#Cc1cccc(NC(=O)c2cc(NC(=O)CCCCCC(=O)NO)ccc2OC)c1,6.251811972993799,1
C#Cc1cccc(NC(=O)c2cc(NC(=O)CCCCCCC(=O)NO)ccc2O)c1,5.692503962086787,1
C#Cc1cccc(NC(=O)c2cc(OCCCCCCC(=O)NO)ccc2O)c1,5.917214629683549,1
C#Cc1cccc(NC(=O)c2cccc(NC(=O)CCCCCC(=O)NO)c2)c1,5.485452247339714,1
C#Cc1cccc(Nc2cccc3cc(OC)c(OCCCCCCC(=O)NO)cc23)c1,8.356547323513812,2
C#Cc1cccc(Nc2ncnc3cc(NC(=O)CCCCCCC(=O)NO)sc23)c1,7.524258384623853,2
C#Cc1cccc(Nc2ncnc3cc(NC(=O)c4ccc(C(=O)Nc5ccccc5N)cc4)ccc23)c1,6.301261804884532,3
C#Cc1cccc(Nc2ncnc3cc(NC(=O)c4ccc(C(=O)Nc5ccccc5N)nc4)ccc23)c1,5.772120898447931,2
C#Cc1cccc(Nc2ncnc3cc(NC(=O)c4ccc(C(=O)Nc5ccccc5N)s4)ccc23)c1,6.038896861280492,2
C#Cc1cccc(Nc2ncnc3cc(OC)c(NC(=O)CCCC(=O)NO)cc23)c1,7.0,1
C#Cc1cccc(Nc2ncnc3cc(OC)c(NC(=O)CCCCC(=O)NO)cc23)c1,7.0,1
C#Cc1cccc(Nc2ncnc3cc(OC)c(OCCCC(=O)NO)cc23)c1,7.0,1
C#Cc1cccc(Nc2ncnc3cc(OC)c(OCCCCC(=O)NO)cc23)c1,6.687858952082166,2
C#Cc1cccc(Nc2ncnc3cc(OC)c(OCCCCCC(=O)NO)cc23)c1,7.87942606879415,1
C#Cc1cccc(Nc2ncnc3cc(OC)c(OCCCCCCC(=O)NO)cc23)c1,7.834206224336482,8
C#Cc1cccc(Nc2ncnc3cc(OCCCCCCC(=O)NO)c(OC)cc23)c1,7.467245621007502,1
C#Cc1cccc(Nc2ncnc3ccc(NC(=O)c4ccc(C(=O)Nc5ccccc5N)cc4)cc23)c1,4.978810700930062,1
C#Cc1cccc(Nc2ncnc3ccc(NC(=O)c4ccc(C(=O)Nc5ccccc5N)nc4)cc23)c1,6.508638306165727,1
C#Cc1cccc(Nc2ncnc3ccc(NC(=O)c4ccc(C(=O)Nc5ccccc5N)s4)cc23)c1,5.065501548756432,1
C#Cc1cccc(Nc2ncnc3ccc(OCCCC(=O)NO)cc23)c1,6.0,1
C#Cc1cccc(Nc2ncnc3ccc(OCc4ccc(C(=O)Nc5ccccc5N)cc4)cc23)c1,6.606338139737756,3
C#Cc1cccc(Nc2ncnc3ccc(S(=O)(=O)n4ccc(/C=C/C(=O)NO)c4)cc23)c1,8.044720207809059,5
C#Cc1cccc(Nc2ncnc3ccc(S(=O)(=O)n4ccc(/C=C/C(=O)Nc5ccccc5N)c4)cc23)c1,6.466138508243087,5
C#Cc1nc(/C=C/C(=O)NO)cs1,6.050609993355087,2
C#Cc1nc(/C=C/C=C/C(=O)NO)cs1,6.0,2
C#Cc1nc(/C=C/CCCCCC(=O)NO)cs1,7.142667503568731,2
C#Cc1nc(/C=C\CCCCCC(=O)NO)cs1,6.886056647693163,2
C#Cc1nc(C(=O)NCCCCCCC(=O)NO)cs1,7.173925197299173,2
C/C(=C\[C@@H](C)/C=C/C(=O)NO)C(=O)c1ccc(N(C)C)cc1,6.685500772026849,1
C/C(=C\[C@H](C)/C=C/C(=O)NO)C(=O)c1ccc(N(C)C)cc1,8.239577516576787,1
C/C(=C\c1ccc(C(=O)NO)cc1)CNc1cnc2c(Br)cccc2c1,7.552841968657781,1
C/C(=C\c1ccc(NS(=O)(=O)c2ccccc2)cc1)C(=O)NO,5.698970004336019,5
C/C(=N\NC(=S)NCCCCCC(=O)NO)c1ccc(Br)cc1,7.4113428770537295,2
C/C(=N\NC(=S)NCCCCCC(=O)NO)c1ccc(F)cc1,7.160365565763129,2
C/C(=N\NC(=S)NCCCCCC(=O)NO)c1cccc(Br)c1,7.261142807351021,2
C/C(=N\O)c1ccc2c(c1)N(Cc1ccc(C(=O)NO)cc1)c1ccccc1S2,6.481486060122112,1
C/C(=N\O)c1ccc2c(c1)N(Cc1ccc(C(=O)NO)cc1)c1ccccc1S2=O,5.790484985457369,1
C/C(=N\O)c1sccc1-c1ccc(C2(C(=O)Nc3ccc(C(=O)NO)cc3)CCCC2)cc1,7.366531544420414,2
C/C=C/c1sc(-c2nccs2)nc1C(=O)NCCCCC(=O)NO,7.685172442616611,3
C/C=C/c1sc(-c2nccs2)nc1C(=O)NCCCNC(=O)CS,6.028260409112222,1
C/C=C1\NC(=O)[C@@H](CS)NC(=O)[C@@H](C(C)C)CC(=O)C[C@@H](/C=C/CCS)OC(=O)[C@H](C(C)C)NC1=O,7.652316281622227,6
C/C=C1\NC(=O)[C@@H](CS)NC(=O)[C@@H](C(C)C)NC(=O)C[C@@H](/C=C/CCS)OC(=O)[C@H](C(C)C)NC1=O,8.55879665421386,8
C/C=C1\NC(=O)[C@@H](CSC)NC(=O)[C@@H](C(C)C)CC(=O)C[C@@H](/C=C/CCSC)OC(=O)[C@H](C(C)C)NC1=O,5.200659450546418,1
C/C=C1\NC(=O)[C@H](CS)NC(=O)[C@@H](C(C)C)NC(=O)C[C@@H](/C=C/CCS)OC(=O)[C@H](C(C)C)NC1=O,9.920818753952377,1
C/C=C1\NC(=O)[C@H](CS)NC(=O)[C@@H](C(C)C)NC(=O)C[C@@H](/C=C/CS)OC(=O)[C@H](C(C)C)NC1=O,8.795880017344075,2
C/C=C1\NC(=O)[C@H]2CSSCC/C=C/[C@@H](CC(=O)N[C@H](C(C)C)C(=O)N2)OC(=O)[C@H](C(C)C)NC1=O,8.154007519868266,11
C/C=C1\NC(=O)[C@H]2CSSCC/C=C/[C@H](CC(=O)N[C@H](C(C)C)C(=O)N2)OC(=O)CNC1=O,8.327902142064282,2
C/C=C1\NC(=O)[C@H]2CSSCC/C=C/[C@H](CC(=O)N[C@H](C(C)C)C(=O)N2)OC(=O)[C@H](C(C)C)NC1=O,8.199178695630845,43
C/C=C1\NC(=O)c2csc(n2)CNC(=O)C[C@@H](/C=C/CCS)OC(=O)[C@H](C(C)C)NC1=O,8.554398586369853,2
C/C=C1\NC(=O)c2csc(n2)CNC(=O)C[C@@H](/C=C/CCSC(=O)CCCCCCC)OC(=O)[C@H](C(C)C)NC1=O,7.654990609605652,4
C/C=C1\NC(=O)c2csc(n2)CNC(=O)C[C@@H](/C=C/CCSC(C)=O)OC(=O)[C@H](C(C)C)NC1=O,7.661561784013431,2
C/C=C1\NC(=O)c2csc(n2)CNC(=O)C[C@@H](/C=C/CCSSCCCCCCC)OC(=O)[C@H](CCCCN)NC1=O,8.236572006437063,2
C/C=C1\NC(=O)c2csc(n2)CNC(=O)C[C@@H](/C=C/CCSSCCCCCCC)OC(=O)[C@H](CCCCNC(=O)CCCCC[N+]2=C(/C=C/C=C/C=C3/N(CC)c4ccc5c(S(=O)(=O)O)cc(S(=O)(=O)O)cc5c4C3(C)C)C(C)(C)c3c2ccc2c(S(=O)(=O)[O-])cc(S(=O)(=O)O)cc32)NC1=O,7.425964271439665,3
C/C=C1\NC(=O)c2csc(n2)[C@@H](C(C)C)NC(=O)C[C@@H](/C=C/CCS)OC(=O)[C@H](C(C)C)NC1=O,8.659560412786593,2
C/C=C1\NC(=O)c2csc(n2)[C@@H](C(C)C)NC(=O)C[C@@H](/C=C/CCSC(=O)CCCCCCC)OC(=O)[C@H](C(C)C)NC1=O,6.782516055786093,2
C1=C/CCCCCC[n+]2cccc(c2)CCCCCCCCCCCCC[n+]2cccc(c2)CCCCCC/1.O=C([O-])C(F)(F)F.O=C([O-])C(F)(F)F,4.522878745280337,1
C1=C/CCCCCC[n+]2cccc(c2)CCCCCCCCCCCC[n+]2cccc(c2)CCCCCC/1.O=C([O-])C(F)(F)F.O=C([O-])C(F)(F)F,4.769551078621726,1
C1=C/CCCC[n+]2cccc(c2)CCCCCCCCCCCC[n+]2cccc(c2)CCCCCC/1.O=C([O-])C(F)(F)F.O=C([O-])C(F)(F)F,4.214670164989233,1
C1=C/CCC[n+]2cccc(c2)CCCCCCCCCCCC[n+]2cccc(c2)CCCCCC/1.O=C([O-])C(F)(F)F.O=C([O-])C(F)(F)F,4.096910013008056,1
C1=C\CCCCCC[n+]2cccc(c2)CCCCCCCCCCCC[n+]2cccc(c2)CCCCCC/1,4.568636235841013,1
C=C(C)CN1Cc2cc(Cl)cc3[nH]c(=S)n(c23)CC1C,5.318758762624412,1
C=C(C)[C@H]1NC(=O)[C@H]2CSSCC/C=C/[C@H](CC(=O)N[C@H](C)C(=O)N2)OC(=O)C[C@@H]1O,8.481486060122112,1
C=C(CC)CCCCC[C@@H]1NC(=O)[C@H]2CCCCN2CC(=O)[C@H]([C@@H](C)CC)NC(=O)[C@H](Cc2cn(OC)c3ccccc23)NC1=O,5.838631997765026,1
C=C(CCCCCCC(=O)NO)c1ccc2ccccc2c1,8.096910013008056,6
C=C(Cc1c[nH]c2ccccc12)Nc1ccc(OCCCCCCC(=O)NO)cc1,8.207608310501746,1
C=C(Cc1ccc(O)c(Br)c1)C(=O)NCCS,6.376750709602099,2
C=C(c1ccc(C(=O)NO)cc1)c1cc2c(cc1C)C(C)(C)CCC2(C)C,5.173925197299173,1
C=C(c1ccc(OC)c(OC(C)C(=O)NO)c1)c1cc(C)nc2ccccc12,5.834162375309871,2
C=C(c1ccc(OC)c(OC(F)C(=O)NO)c1)c1cc(C)nc2ccccc12,6.39469495385889,2
C=C1C(=O)O[C@@H]2C[C@@]3(C)CC[C@@H](OC(=O)CNC(=O)c4ccc(C(=O)NO)cc4)C(=C)[C@@H]3C[C@H]12,6.694971366170305,2
C=C1C(=O)O[C@@H]2C[C@@]3(C)CC[C@@H](OC(=O)CNC(=O)c4cccc(/C=C/C(=O)NO)c4)C(=C)[C@@H]3C[C@H]12,7.061732319958284,2
C=C1C(=O)O[C@@H]2C[C@@]3(C)CC[C@@H](OC(=O)[C@@H](C)NC(=O)c4ccc(/C=C/C(=O)NO)cc4)C(=C)[C@@H]3C[C@H]12,6.714667830712707,2
C=C1C(=O)O[C@@H]2C[C@@]3(C)CC[C@@H](OC(=O)[C@@H](C)NC(=O)c4ccc(C(=O)NO)cc4)C(=C)[C@@H]3C[C@H]12,6.126098402135538,2
C=C1C(=O)O[C@@H]2C[C@@]3(C)CC[C@@H](OC(=O)[C@@H](C)NC(=O)c4ccc(C(=O)Nc5ccccc5N)cc4)C(=C)[C@@H]3C[C@H]12,6.913106856144483,2
C=C1C(=O)O[C@@H]2C[C@@]3(C)CC[C@@H](OC(=O)[C@@H](C)NC(=O)c4cccc(/C=C/C(=O)NO)c4)C(=C)[C@@H]3C[C@H]12,6.705093312752395,2
C=C1C(=O)O[C@@H]2C[C@@]3(C)CC[C@@H](OC(=O)[C@@H](CC(C)C)NC(=O)c4ccc(C(=O)Nc5ccccc5N)cc4)C(=C)[C@@H]3C[C@H]12,6.344045651745958,2
C=C1C(=O)O[C@@H]2C[C@@]3(C)CC[C@@H](OC(=O)[C@@H](CC)NC(=O)c4ccc(C(=O)Nc5ccccc5N)cc4)C(=C)[C@@H]3C[C@H]12,5.186409004877074,2
C=C1C(=O)O[C@@H]2C[C@@]3(C)CC[C@@H](OC(=O)[C@@H](Cc4ccccc4)NC(=O)c4ccc(C(=O)Nc5ccccc5N)cc4)C(=C)[C@@H]3C[C@H]12,6.205686298786528,2
C=C1C(=O)O[C@@H]2C[C@@]3(C)CC[C@@H](OC(=O)[C@H](C)NC(=O)c4ccc(/C=C/C(=O)NO)cc4)C(=C)[C@@H]3C[C@H]12,7.207608310501746,2
C=C1C(=O)O[C@@H]2C[C@@]3(C)CC[C@@H](OC(=O)[C@H](C)NC(=O)c4ccc(C(=O)NO)cc4)C(=C)[C@@H]3C[C@H]12,6.245078632290587,2
C=C1C(=O)O[C@@H]2C[C@@]3(C)CC[C@@H](OC(=O)[C@H](C)NC(=O)c4cccc(/C=C/C(=O)NO)c4)C(=C)[C@@H]3C[C@H]12,6.685816775828847,2
C=C1CN(Cc2ccc(C(=O)Nc3ccccc3N)cc2)C(=O)c2ccccc21,5.318758762624412,2
C=C=CC(=O)N1CCC(OC(=O)NCc2ccc(C(=O)Nc3ccccc3N)cc2)CC1,6.164309428507575,1
C=CC(=O)N1CCC(OC(=O)NCc2ccc(C(=O)Nc3ccccc3N)cc2)CC1,6.206555338353912,3
C=CC(=O)Nc1cc2c(Nc3ccc(F)c(Cl)c3)ncnc2cc1OCc1cn(CCC(=O)NO)nn1,7.031517051446065,2
C=CC(=O)Nc1cc2c(Nc3ccc(F)c(Cl)c3)ncnc2cc1OCc1cn(CCCC(=O)NO)nn1,7.1249387366083,2
C=CC(=O)Nc1cc2c(Nc3ccc(F)c(Cl)c3)ncnc2cc1OCc1cn(CCCCC(=O)NO)nn1,6.534617148551582,2
C=CC(=O)Nc1cc2c(Nc3cccc(Cl)c3F)ncnc2cc1OCc1cn(CCC(=O)NO)nn1,7.356547323513812,2
C=CC(=O)Nc1cc2c(Nc3cccc(Cl)c3F)ncnc2cc1OCc1cn(CCCC(=O)NO)nn1,7.468521082957745,2
C=CC(=O)Nc1cc2c(Nc3cccc(Cl)c3F)ncnc2cc1OCc1cn(CCCCC(=O)NO)nn1,6.8794260687941495,2
C=CC(CCCCC(=O)Nc1ccccc1)CC(=O)NO,4.823908740944319,1
C=CCC(/C=C/c1ccccc1)n1cc(/C=C/C(=O)NO)nn1,7.045757490560675,1
C=CCC(CCCCCC(=O)Nc1ccccc1)C(=O)NO,3.8416375079047507,1
C=CCCC(=O)Nc1ccc(C(=O)N2CCc3nc(C(=O)NO)sc3C2)cc1,5.013228265733755,2
C=CCCC(=O)Nc1ccc(C(C)N2CCc3nc(C(=O)NO)sc3C2)cn1,4.182368532809485,2
C=CCCCCCC[n+]1cccc(CCCCCCCCCCCC[n+]2cccc(CCCC=C)c2)c1,5.72584215073632,1
C=CCCCCCC[n+]1cccc(CCCCCCCCCCCC[n+]2cccc(CCCC=C)c2)c1.[Cl-].[I-],5.7258421507363195,1
C=CCCCCCC[n+]1cccc(CCCCCCCCCCCC[n+]2cccc(CCCCC=C)c2)c1,6.275724130399211,1
C=CCCCCCC[n+]1cccc(CCCCCCCCCCCC[n+]2cccc(CCCCC=C)c2)c1.[Cl-].[I-],6.275724130399211,1
C=CCCn1cc(-c2nc(Nc3ccc(NC(=O)CCCCCCC(=O)NO)cc3)nc3[nH]ccc23)cn1,7.080921907623926,2
C=CCN1CCC=C(CCC(=O)NO)C1=O,5.369572124974976,2
C=CCN1CCc2c(c3ccccc3n2Cc2ccc(C(=O)NO)cc2)C1,5.235077015350111,2
C=CCOc1ccc2oc(C(=O)NCc3ccc(C(=O)NNCCC)cc3)cc2c1,7.926130929440006,2
C=CCc1ccccc1C(=O)NCCCCCC(=O)Nc1ccccc1N,5.568958054664114,1
C=CCn1c(CCc2ccccc2)nc2cc(/C=C/C(=O)NO)ccc21,5.899629454882437,3
C=CCn1c(SCCCCCC(=O)Nc2ccccc2N)nnc1-c1ccncc1,4.507938395487401,2
C=CCn1c(SCCCCCC(=O)O)nnc1-c1ccncc1,4.0079327399723335,2
C=CCn1c(SCc2ccc(C(=O)NO)cc2)nnc1-c1ccncc1,4.707743928643524,2
C=CCn1c(SCc2ccc(C(=O)Nc3ccccc3N)cc2)nnc1-c1ccncc1,4.926648297613099,2
C=CS(=O)(=O)N1CCC(OC(=O)NCc2ccc(C(=O)Nc3ccccc3N)cc2)CC1,6.351639989019068,2
C=C[C@@]1(C)CC[C@H](C(=C)CN2CCN(C(=O)CCCCCCC(=O)NO)CC2)C[C@@H]1C(=C)Cn1cccn1,7.657577319177793,2
C=C[C@]1(C)CC[C@@H](C(=C)Cn2cccn2)C[C@H]1C(=C)CN1CCN(C(=O)CCCCCCC(=O)NO)CC1,8.096910013008056,2
C=Cc1c(C)c2cc3nc(c(C(=O)OC)c4[nH]c(cc5nc(cc1[nH]2)C(C)=C5CC)c(C)c4C(=O)OC)[C@@H](CCC(=O)N/C=C/c1ccc(C(=O)NO)cc1)[C@@H]3C,4.376750709602099,1
C=Cc1c(C)c2cc3nc(c(C(=O)OC)c4[nH]c(cc5nc(cc1[nH]2)C(C)=C5CC)c(C)c4C(=O)OC)[C@@H](CCC(=O)N/C=C/c1ccc(C(=O)Nc2ccccc2N)cc1)[C@@H]3C,4.522878745280337,1
C=Cc1c(C)c2cc3nc(c(C(=O)OC)c4[nH]c(cc5nc(cc1[nH]2)C(C)=C5CC)c(C)c4C(=O)OC)[C@@H](CCC(=O)N/C=C/c1cccc(C(=O)NO)c1)[C@@H]3C,4.180456064458132,1
C=Cc1c(C)c2cc3nc(c(C(=O)OC)c4[nH]c(cc5nc(cc1[nH]2)C(C)=C5CC)c(C)c4C(=O)OC)[C@@H](CCC(=O)N/C=C/c1cccc(C(=O)Nc2ccccc2N)c1)[C@@H]3C,4.522878745280337,1
C=Cc1c(C)c2cc3nc(c(C(=O)OC)c4[nH]c(cc5nc(cc1[nH]2)C(C)=C5CC)c(C)c4C(=O)OC)[C@@H](CCC(=O)NCCCC(=O)NO)[C@@H]3C,4.3979400086720375,1
C=Cc1c(C)c2cc3nc(c(C(=O)OC)c4[nH]c(cc5nc(cc1[nH]2)C(C)=C5CC)c(C)c4C(=O)OC)[C@@H](CCC(=O)NCCCC(=O)Nc1cccc(N)c1)[C@@H]3C,3.6968039425795114,2
C=Cc1c(C)c2cc3nc(c(C(=O)OC)c4[nH]c(cc5nc(cc1[nH]2)C(C)=C5CC)c(C)c4C(=O)OC)[C@@H](CCC(=O)NCCCCC(=O)NO)[C@@H]3C,4.309803919971486,1
C=Cc1c(C)c2cc3nc(c(C(=O)OC)c4[nH]c(cc5nc(cc1[nH]2)C(C)=C5CC)c(C)c4C(=O)OC)[C@@H](CCC(=O)NCCCCC(=O)Nc1ccccc1N)[C@@H]3C,4.091514981121351,1
C=Cc1c(C)c2cc3nc(c(C(=O)OC)c4[nH]c(cc5nc(cc1[nH]2)C(C)=C5CC)c(C)c4C(=O)OC)[C@@H](CCC(=O)NCCCCCC(=O)NO)[C@@H]3C,4.055517327849832,1
C=Cc1c(C)c2cc3nc(c(C(=O)OC)c4[nH]c(cc5nc(cc1[nH]2)C(C)=C5CC)c(C)c4C(=O)OC)[C@@H](CCC(=O)NCCCCCC(=O)Nc1ccccc1N)[C@@H]3C,4.045757490560675,1
C=Cc1c(C)c2cc3nc(c(C(=O)OC)c4[nH]c(cc5nc(cc1[nH]2)C(C)=C5CC)c(C)c4C(=O)OC)[C@@H](CCC(=O)NO)[C@@H]3C,4.102372908709558,1
C=Cc1c(C)c2cc3nc(c(C(=O)OC)c4[nH]c(cc5nc(cc1[nH]2)C(C)=C5CC)c(C)c4C(=O)OC)[C@@H](CCC(=O)Nc1ccc(C(=O)NO)cc1)[C@@H]3C,4.958607314841775,1
C=Cc1c(C)c2cc3nc(c(C(=O)OC)c4[nH]c(cc5nc(cc1[nH]2)C(C)=C5CC)c(C)c4C(=O)OC)[C@@H](CCC(=O)Nc1ccc(C(=O)Nc2ccccc2N)cc1)[C@@H]3C,4.568636235841013,1
C=Cc1c(C)c2cc3nc(c(C(=O)OC)c4[nH]c(cc5nc(cc1[nH]2)C(C)=C5CC)c(C)c4C(=O)OC)[C@@H](CCC(=O)Nc1ccccc1N)[C@@H]3C,3.649751981665837,1
C=Cc1c(C)c2cc3nc(c(C(=O)OC)c4nc(cc5[nH]c(cc1[nH]2)c(C)c5CC)C(C)=C4C(=O)OC)[C@@H](CCC(=O)N/C=C/c1ccc(C(=O)NO)cc1)[C@@H]3C,4.376750709602099,1
C=Cc1c(C)c2cc3nc(c(C(=O)OC)c4nc(cc5[nH]c(cc1[nH]2)c(C)c5CC)C(C)=C4C(=O)OC)[C@@H](CCC(=O)N/C=C/c1ccc(C(=O)Nc2ccccc2N)cc1)[C@@H]3C,4.522878745280337,1
C=Cc1c(C)c2cc3nc(c(C(=O)OC)c4nc(cc5[nH]c(cc1[nH]2)c(C)c5CC)C(C)=C4C(=O)OC)[C@@H](CCC(=O)N/C=C/c1cccc(C(=O)NO)c1)[C@@H]3C,4.180456064458132,1
C=Cc1c(C)c2cc3nc(c(C(=O)OC)c4nc(cc5[nH]c(cc1[nH]2)c(C)c5CC)C(C)=C4C(=O)OC)[C@@H](CCC(=O)N/C=C/c1cccc(C(=O)Nc2ccccc2N)c1)[C@@H]3C,4.522878745280337,1
C=Cc1c(C)c2cc3nc(c(C(=O)OC)c4nc(cc5[nH]c(cc1[nH]2)c(C)c5CC)C(C)=C4C(=O)OC)[C@@H](CCC(=O)NCCCC(=O)NO)[C@@H]3C,4.3979400086720375,1
C=Cc1c(C)c2cc3nc(c(C(=O)OC)c4nc(cc5[nH]c(cc1[nH]2)c(C)c5CC)C(C)=C4C(=O)OC)[C@@H](CCC(=O)NCCCCC(=O)NO)[C@@H]3C,4.309803919971486,1
C=Cc1c(C)c2cc3nc(c(C(=O)OC)c4nc(cc5[nH]c(cc1[nH]2)c(C)c5CC)C(C)=C4C(=O)OC)[C@@H](CCC(=O)NCCCCC(=O)Nc1ccccc1N)[C@@H]3C,4.0915149811213505,1
C=Cc1c(C)c2cc3nc(c(C(=O)OC)c4nc(cc5[nH]c(cc1[nH]2)c(C)c5CC)C(C)=C4C(=O)OC)[C@@H](CCC(=O)NCCCCCC(=O)NO)[C@@H]3C,4.055517327849832,1
C=Cc1c(C)c2cc3nc(c(C(=O)OC)c4nc(cc5[nH]c(cc1[nH]2)c(C)c5CC)C(C)=C4C(=O)OC)[C@@H](CCC(=O)NCCCCCC(=O)Nc1ccccc1N)[C@@H]3C,4.045757490560675,1
C=Cc1c(C)c2cc3nc(c(C(=O)OC)c4nc(cc5[nH]c(cc1[nH]2)c(C)c5CC)C(C)=C4C(=O)OC)[C@@H](CCC(=O)NO)[C@@H]3C,4.102372908709558,1
C=Cc1c(C)c2cc3nc(c(C(=O)OC)c4nc(cc5[nH]c(cc1[nH]2)c(C)c5CC)C(C)=C4C(=O)OC)[C@@H](CCC(=O)Nc1ccc(C(=O)NO)cc1)[C@@H]3C,4.958607314841775,1
C=Cc1c(C)c2cc3nc(c(C(=O)OC)c4nc(cc5[nH]c(cc1[nH]2)c(C)c5CC)C(C)=C4C(=O)OC)[C@@H](CCC(=O)Nc1ccc(C(=O)Nc2ccccc2N)cc1)[C@@H]3C,4.568636235841013,1
C=Cc1c(C)c2cc3nc(c(C(=O)OC)c4nc(cc5[nH]c(cc1[nH]2)c(C)c5CC)C(C)=C4C(=O)OC)[C@@H](CCC(=O)Nc1ccccc1N)[C@@H]3C,3.649751981665837,1
C=Cc1c(C)c2cc3nc(cc4[nH]c(cc5nc(cc1[nH]2)C(C)=C5CC)c(C)c4C(=O)OC)[C@@H](CCC(=O)N/C=C/c1ccc(C(=O)NO)cc1)[C@@H]3C,4.508638306165727,1
C=Cc1c(C)c2cc3nc(cc4[nH]c(cc5nc(cc1[nH]2)C(C)=C5CC)c(C)c4C(=O)OC)[C@@H](CCC(=O)Nc1ccc(C(=O)NO)cc1)[C@@H]3C,4.552841968657781,1
C=Cc1c(C)c2cc3nc(cc4nc(cc5[nH]c(cc1[nH]2)c(C)c5CC)C(C)=C4C(=O)OC)[C@@H](CCC(=O)N/C=C/c1ccc(C(=O)NO)cc1)[C@@H]3C,4.508638306165727,1
C=Cc1c(C)c2cc3nc(cc4nc(cc5[nH]c(cc1[nH]2)c(C)c5CC)C(C)=C4C(=O)OC)[C@@H](CCC(=O)Nc1ccc(C(=O)NO)cc1)[C@@H]3C,4.552841968657781,1
C=Cc1ccc(N)c(NC(=O)C2CCCCC2)c1,4.755722879198157,1
C=Cc1ccc(N)c(NC(=O)N2CCCC2)c1,5.515700160653214,1
C=Cc1sc(-c2nccs2)nc1C(=O)NCCCCC(=O)NO,6.88478335388726,4
C=Cc1sc(-c2nccs2)nc1C(=O)NCCCNC(=O)CS,5.738023808602188,1
CC(/C=C/C(=O)NCCCC(=O)NO)=C\c1ccccc1,4.641113795594131,1
CC(/C=C/C(=O)NCCS(=O)(=O)O)=C\[C@@H](C)C(=O)c1ccc(N(C)C)cc1,4.130768280269024,1
CC(/C=C/C(=O)NO)=C\C(C)C(=O)c1ccc(C2([C@H]3CC(=O)O[C@@H]3CO[Si](C)(C)C(C)(C)C)SCCCS2)cc1,5.920818753952375,2
CC(/C=C/C(=O)NO)=C\C(C)C(=O)c1ccc(N(C)C)cc1,8.744727494896694,1
CC(/C=C/C(=O)NO)=C\C(C)Sc1ccc(N(C)C)cc1,5.275724130399211,1
CC(/C=C/C(=O)NO)=C\[C@@H](C)C(=O)c1ccc(N(C)C)cc1,8.061587297135949,204
CC(/C=C/C(=O)NO)=C\[C@H](C)C(=O)c1ccc(N(C)C)cc1,7.958607314841775,2
CC(/C=C/C(=O)NO)=C\c1ccc(Cl)cc1,6.51999305704285,1
CC(/C=C/C(=O)NO)=C\c1ccc(N(C)C)cc1,6.103473782510445,1
CC(/C=C/C(=O)NO)=C\c1ccc(NS(=O)(=O)c2ccc(Cl)cc2)cc1,7.309803919971486,1
CC(/C=C/C(=O)NO)=C\c1ccc(NS(=O)(=O)c2ccc(N(CCCl)CCCl)cc2)cc1,4.853871964321762,2
CC(/C=C/C(=O)NO)=C\c1ccc(NS(=O)(=O)c2ccccc2)cc1,6.764471553092451,1
CC(/C=C/C(=O)NO[C@@H]1O[C@H](CO)[C@@H](O)[C@H](O)[C@H]1O)=C\[C@@H](C)C(=O)c1ccc(N(C)C)cc1,4.626536278367631,1
CC(/C=C/C(=O)N[C@@H](CCC(=O)O)C(=O)O)=C\[C@@H](C)C(=O)c1ccc(N(C)C)cc1,4.318758762624412,1
CC(/C=C/C(=O)N[C@](C)(CO)C(=O)O)=C\[C@@H](C)C(=O)c1ccc(N(C)C)cc1,4.2441251443275085,1
CC(/C=C/C(=O)Nc1ccc(C(=O)N[C@@H](CCC(N)=O)C(=O)O)cc1)=C\[C@@H](C)C(=O)c1ccc(N(C)C)cc1,4.699839463048647,1
CC(/C=C/C(=O)O)=C\[C@@H](C)C(=O)c1ccc(N(C)C)cc1,4.079179821566397,2
CC(/C=C/c1ccccc1)=C\C(=O)NCCCCCC(=O)NO,8.03379068182776,4
CC(/C=C/c1ccccc1)N1CCN(c2ncc(C(=O)NO)cn2)CC1,8.769551078621726,1
CC(/C=C/c1ccccc1)n1cc(/C=C/C(=O)NO)nn1,7.207608310501746,1
CC(=CC(C)C=CC(=O)NO)C(=O)c1ccc(N(C)C)cc1,8.06951630943087,41
CC(=CC(C)C=CC(=O)O)C(=O)c1ccc(N(C)C)cc1,4.136677139879544,1
CC(=O)C1CN(CNC(=O)Nc2cc(-c3cccs3)ccc2N)C1,5.515700160653214,1
CC(=O)CCCCC[C@@H]1NC(=O)[C@H]2CCCN2C(=O)[C@H](Cc2ccccc2)NC(=O)C(C)(C)NC1=O,5.96657624451305,1
CC(=O)CCCCC[C@H](NC(=O)C1CCCCN1C)C(=O)NCCc1c(-c2ccccc2)[nH]c2ccccc12,6.045757490560675,6
CC(=O)CCCCC[C@H](NC(=O)C1CCCCN1C)C(=O)Nc1cccc(-c2ccccc2)c1,7.102372908709558,2
CC(=O)CCCCC[C@H](NC(=O)C1CCCCN1C)C(=O)Nc1nc(-c2ccccc2)cs1,7.259637310505756,6
CC(=O)CCCCC[C@H](NC(=O)C1CCCCN1C)c1nc(-c2ccccc2)c[nH]1,6.1487416512809245,1
CC(=O)CCCCC[C@H](NC(=O)C1CCCCN1C)c1ncc(-c2ccccc2)[nH]1,6.1487416512809245,1
CC(=O)CCCCC[C@H](NC(=O)C1CCCN(C)C1)C(=O)NCCc1c(-c2ccccc2)[nH]c2ccccc12,6.365636671002686,6
CC(=O)CCCCC[C@H](NC(=O)C1CCCN(C)C1)c1nc(-c2ccccc2)c[nH]1,6.657577319177793,1
CC(=O)CCCCC[C@H](NC(=O)C1CCCN(C)C1)c1ncc(-c2ccccc2)[nH]1,6.657577319177793,1
CC(=O)CCCCC[C@H](NC(=O)C1CCN(C)C1)C(=O)NCCc1c(-c2ccccc2)[nH]c2ccccc12,6.3380415475638685,6
CC(=O)CCCCC[C@H](NC(=O)C1CCN(C)C1)c1nc(-c2ccccc2)c[nH]1,6.552841968657781,1
CC(=O)CCCCC[C@H](NC(=O)C1CCN(C)C1)c1ncc(-c2ccccc2)[nH]1,6.552841968657781,1
CC(=O)CCCCC[C@H](NC(=O)C1CCN(C)CC1)c1nc(-c2ccc(-c3ccccc3)cc2)c[nH]1,7.301029995663981,1
CC(=O)CCCCC[C@H](NC(=O)C1CCN(C)CC1)c1nc(-c2ccc(Br)cc2)c[nH]1,7.0,1
CC(=O)CCCCC[C@H](NC(=O)C1CCN(C)CC1)c1nc(-c2ccc(C#N)cc2)c[nH]1,6.920818753952375,1
CC(=O)CCCCC[C@H](NC(=O)C1CCN(C)CC1)c1nc(-c2ccc(Cl)cc2)c[nH]1,7.1249387366083,1
CC(=O)CCCCC[C@H](NC(=O)C1CCN(C)CC1)c1nc(-c2ccc(F)cc2)c[nH]1,6.42021640338319,1
CC(=O)CCCCC[C@H](NC(=O)C1CCN(C)CC1)c1nc(-c2ccc3ccccc3c2)c[nH]1,7.958607314841775,2
CC(=O)CCCCC[C@H](NC(=O)C1CCN(C)CC1)c1nc(-c2cccc(C#N)c2)c[nH]1,6.318758762624412,1
CC(=O)CCCCC[C@H](NC(=O)C1CCN(C)CC1)c1nc(-c2cccc(Cl)c2)c[nH]1,7.045757490560675,1
CC(=O)CCCCC[C@H](NC(=O)C1CCN(C)CC1)c1nc(-c2ccccc2)c[nH]1,6.6020599913279625,1
CC(=O)CCCCC[C@H](NC(=O)C1CCN(C)CC1)c1nc(-c2ccccc2Cl)c[nH]1,6.7447274948966935,1
CC(=O)CCCCC[C@H](NC(=O)C1CCN(C)CC1)c1nc(-c2ccsc2)c[nH]1,6.619788758288394,1
CC(=O)CCCCC[C@H](NC(=O)C1CCN(C)CC1)c1nc(-c2csc3ccccc23)c[nH]1,6.7447274948966935,1
CC(=O)CCCCC[C@H](NC(=O)C1CCN(C)CC1)c1ncc(-c2ccc(-c3ccccc3)cc2)[nH]1,7.301029995663981,1
CC(=O)CCCCC[C@H](NC(=O)C1CCN(C)CC1)c1ncc(-c2ccc(Br)cc2)[nH]1,7.0,1
CC(=O)CCCCC[C@H](NC(=O)C1CCN(C)CC1)c1ncc(-c2ccc(C#N)cc2)[nH]1,6.920818753952375,1
CC(=O)CCCCC[C@H](NC(=O)C1CCN(C)CC1)c1ncc(-c2ccc(Cl)cc2)[nH]1,7.1249387366083,1
CC(=O)CCCCC[C@H](NC(=O)C1CCN(C)CC1)c1ncc(-c2ccc(F)cc2)[nH]1,6.42021640338319,1
CC(=O)CCCCC[C@H](NC(=O)C1CCN(C)CC1)c1ncc(-c2ccc3ccccc3c2)[nH]1,7.958607314841775,2
CC(=O)CCCCC[C@H](NC(=O)C1CCN(C)CC1)c1ncc(-c2cccc(C#N)c2)[nH]1,6.318758762624412,1
CC(=O)CCCCC[C@H](NC(=O)C1CCN(C)CC1)c1ncc(-c2cccc(Cl)c2)[nH]1,7.045757490560675,1
CC(=O)CCCCC[C@H](NC(=O)C1CCN(C)CC1)c1ncc(-c2ccccc2)[nH]1,6.6020599913279625,1
CC(=O)CCCCC[C@H](NC(=O)C1CCN(C)CC1)c1ncc(-c2ccccc2Cl)[nH]1,6.7447274948966935,1
CC(=O)CCCCC[C@H](NC(=O)C1CCN(C)CC1)c1ncc(-c2ccsc2)[nH]1,6.619788758288394,1
CC(=O)CCCCC[C@H](NC(=O)C1CCN(C)CC1)c1ncc(-c2csc3ccccc23)[nH]1,6.7447274948966935,1
CC(=O)CCCCC[C@H](NC(=O)CCN1CC2CCC1C2)c1nc(-c2ccccc2)c[nH]1,6.657577319177793,1
CC(=O)CCCCC[C@H](NC(=O)CCN1CC2CCC1C2)c1ncc(-c2ccccc2)[nH]1,6.657577319177793,1
CC(=O)CCCCC[C@H](NC(=O)CCN1CCCCC1)C(=O)NCCc1c(-c2ccccc2)[nH]c2ccccc12,6.721246399047171,2
CC(=O)CCCCC[C@H](NC(=O)CCN1CCCCC1)C(=O)Nc1cnc2ccccc2c1,6.853871964321762,1
CC(=O)CCCCC[C@H](NC(=O)CCN1CCCCC1)C(=O)Nc1cnc2ccccc2c1.Cl.Cl,6.853871964321762,1
CC(=O)CCCCC[C@H](NC(=O)CCN1CCCCC1)c1nc(-c2ccccc2)c[nH]1,6.721246399047171,1
CC(=O)CCCCC[C@H](NC(=O)CCN1CCCCC1)c1ncc(-c2ccccc2)[nH]1,6.721246399047171,1
CC(=O)CCCCC[C@H](NC(=O)CN1CCCCC1)C(=O)NCCc1c(-c2ccccc2)[nH]c2ccccc12,6.721246399047171,2
CC(=O)CCCCC[C@H](NC(=O)CN1CCN(C)CC1)c1nc(-c2ccccc2)c[nH]1,6.301029995663981,1
CC(=O)CCCCC[C@H](NC(=O)CN1CCN(C)CC1)c1ncc(-c2ccccc2)[nH]1,6.301029995663981,1
CC(=O)CCCCC[C@H](NC(=O)c1ccc2c(c1)OCCO2)c1nc(-c2ccccc2)c[nH]1,6.522878745280337,1
CC(=O)CCCCC[C@H](NC(=O)c1ccc2c(c1)OCCO2)c1ncc(-c2ccccc2)[nH]1,6.522878745280337,1
CC(=O)CCCCC[C@H](NC(=O)c1cccc(C#N)c1)c1nc(-c2ccccc2)c[nH]1,6.795880017344075,1
CC(=O)CCCCC[C@H](NC(=O)c1cccc(C#N)c1)c1ncc(-c2ccccc2)[nH]1,6.795880017344075,1
CC(=O)CCCCC[C@H](NC(=O)c1cncs1)C(=O)NCCc1c(-c2ccccc2)[nH]c2ccccc12,5.993724907332016,6
CC(=O)CCCCC[C@H](NC(=O)c1cncs1)C(=O)Nc1cccc(-c2ccccc2)c1,7.259637310505756,2
CC(=O)CCCCC[C@H](NC(=O)c1cncs1)c1nc(-c2ccccc2)c[nH]1,6.853871964321762,1
CC(=O)CCCCC[C@H](NC(=O)c1cncs1)c1ncc(-c2ccccc2)[nH]1,6.853871964321762,1
CC(=O)CCCCC[C@H](NC(=O)c1cnns1)C(=O)NCCc1c(-c2ccccc2)[nH]c2ccccc12,5.893639922791079,4
CC(=O)CCCCC[C@H](NC(=O)c1snnc1C)C(=O)NCCc1c(-c2ccccc2)[nH]c2ccccc12,6.318758762624412,2
CC(=O)CCCCC[C@H](NC(=O)c1snnc1C)C(=O)Nc1cccc(Cl)c1,7.0,2
CC(=O)CCCCC[C@H](NC(C)=O)C(=O)NCCc1c(-c2ccccc2)[nH]c2ccccc12,5.727406836870446,6
CC(=O)CCCCC[C@H](NC1CCCCN1C)C(=O)Nc1cccc(-c2ccccc2)c1,6.70170145218677,4
CC(=O)CCCCC[C@H](NC1CCCCN1C)C(=O)Nc1nc(-c2ccccc2)cs1,6.961935388477308,6
CC(=O)CCCCC[C@H](NS(=O)(=O)c1ccc(C#N)cc1)c1nc(-c2ccccc2)c[nH]1,6.7447274948966935,1
CC(=O)CCCCC[C@H](NS(=O)(=O)c1ccc(C#N)cc1)c1ncc(-c2ccccc2)[nH]1,6.7447274948966935,1
CC(=O)CCCCC[C@H](NS(=O)(=O)c1ccc([N+](=O)[O-])c(F)c1)c1nc(-c2ccccc2)c[nH]1,6.886056647693163,1
CC(=O)CCCCC[C@H](NS(=O)(=O)c1ccc([N+](=O)[O-])c(F)c1)c1ncc(-c2ccccc2)[nH]1,6.886056647693163,1
CC(=O)CCCCC[C@H](NS(=O)(=O)c1cccc(C#N)c1)c1nc(-c2ccccc2)c[nH]1,6.958607314841775,1
CC(=O)CCCCC[C@H](NS(=O)(=O)c1cccc(C#N)c1)c1ncc(-c2ccccc2)[nH]1,6.958607314841775,1
CC(=O)CCCCC[C@H](NS(=O)(=O)c1cccc([N+](=O)[O-])c1)c1nc(-c2ccccc2)c[nH]1,7.259637310505756,1
CC(=O)CCCCC[C@H](NS(=O)(=O)c1cccc([N+](=O)[O-])c1)c1ncc(-c2ccccc2)[nH]1,7.259637310505756,1
CC(=O)CCCCC[C@H](NS(=O)(=O)c1ccccc1C#N)c1nc(-c2ccccc2)c[nH]1,6.568636235841012,1
CC(=O)CCCCC[C@H](NS(=O)(=O)c1ccccc1C#N)c1ncc(-c2ccccc2)[nH]1,6.568636235841012,1
CC(=O)CCCCC[C@H](Nc1cncs1)C(=O)Nc1cccc(-c2ccccc2)c1,6.7011524070372435,4
CC(=O)N(CC1CCN(c2ncc(C(=O)NO)cn2)CC1)C1(C(=O)NC(C)(C)C)CCNC1,6.853871964321762,2
CC(=O)N(CC1CCN(c2ncc(C(=O)NO)cn2)CC1)C1(C(=O)NCCc2c[nH]c3ccccc23)CCNC1,6.958607314841775,2
CC(=O)N(CC1CCN(c2ncc(C(=O)NO)cn2)CC1)C1(C(=O)NCc2ccccc2)CCNC1,7.187086643357144,2
CC(=O)N(CC1CCN(c2ncc(C(=O)NO)cn2)CC1)C1(C(=O)NCc2ccccc2)CCOC1,6.721246399047171,2
CC(=O)N(Cc1ccc(C(=O)Nc2cc(-c3cccs3)ccc2N)cc1)Cc1cn(C)nn1,8.022276394711152,1
CC(=O)N(O)CCCCCN1C(=O)c2cccc3cccc(c23)C1=O,3.7644715530924513,1
CC(=O)N(O)CCCCCNC(=O)CCC(=O)N(O)CCCCCN1C(=O)c2cccc3cccc(c23)C1=O,3.5030703519267847,1
CC(=O)N(O)CCCCCNC(=O)CCC(=O)N(O)CCCCCNC(=O)CCC(=O)N(O)CCCCCN1C(=O)c2cccc3cccc(c23)C1=O,3.58838029403677,1
CC(=O)N1CC(C(=O)Nc2cc(-c3cccs3)ccc2N)C1,6.255707016877324,1
CC(=O)N1CC(CC(=O)Nc2cc(-c3cccs3)ccc2N)C1,5.515700160653214,1
CC(=O)N1CC(CN(C)C(=O)Nc2cc(-c3cccs3)ccc2N)C1,6.255707016877324,1
CC(=O)N1CC(CNC(=O)Nc2cc(-c3ccc(F)cc3)ccc2N)C1,5.515700160653214,1
CC(=O)N1CC(COC(=O)Nc2cc(-c3ccc(F)cc3)ccc2N)C1,5.515700160653214,1
CC(=O)N1CC(COC(=O)Nc2cc(-c3cccs3)ccc2N)C1,5.515700160653214,1
CC(=O)N1CC2(C1)CN(C(=O)Nc1cc(-c3ccc(F)cc3)ccc1N)C2,7.301029995663981,1
CC(=O)N1CC2(CC(=O)c3cc(/C=C/C(=O)NO)ccc3O2)C1,6.314258261397736,1
CC(=O)N1CC2(CCN(c3ccc(C(=O)Nc4cc(-c5cccs5)ccc4N)cn3)CC2)C1,7.638272163982407,2
CC(=O)N1CC2C(C1)C2C(=O)Nc1cc(-c2cccs2)ccc1N,7.301029995663981,1
CC(=O)N1CCC(C(=O)Nc2cc(-c3ccc(F)cc3)ccc2N)CC1,7.301029995663981,1
CC(=O)N1CCC(C(=O)Nc2cc(-c3cccs3)ccc2N)CC1,7.739414875115844,3
CC(=O)N1CCC(C(=O)Nc2cc(C3=CCCC3)ccc2N)CC1,5.515700160653214,1
CC(=O)N1CCC(C(=O)Nc2cc(C3=CCCCC3)ccc2N)CC1,4.755722879198157,1
CC(=O)N1CCC(CC(=O)Nc2cc(-c3cccs3)ccc2N)CC1,4.755722879198157,1
CC(=O)N1CCC(CNC(=O)Nc2cc(-c3cccs3)ccc2N)CC1,7.301029995663981,1
CC(=O)N1CCC(COC(=O)Nc2cc(-c3ccc(Cl)s3)ccc2N)CC1,5.515700160653214,1
CC(=O)N1CCC(COC(=O)Nc2cc(-c3ccc(F)cc3)ccc2N)CC1,6.255707016877324,1
CC(=O)N1CCC(COC(=O)Nc2cc(-c3cccs3)ccc2N)CC1,7.301029995663981,1
CC(=O)N1CCC(Nc2ncc(C(=O)NO)cn2)(C(C)C)CC1,5.738023808602188,1
CC(=O)N1CCC(Nc2ncc(C(=O)NO)cn2)(c2ccccc2)CC1,6.460923901207224,1
CC(=O)N1CCC2(CC(=O)c3cc(/C=C/C(=O)NO)ccc3O2)C1,6.019996628416253,1
CC(=O)N1CCC2(CC1)C(=O)N(Cc1ccc(C(=O)NO)cc1)CN2c1ccccc1,5.975514332300833,2
CC(=O)N1CCC2(CC1)CC(=O)c1cc(/C=C/C(=O)NO)ccc1O2,6.193141970481182,1
CC(=O)N1CCC2(CC1)CC(=O)c1ccc(/C=C/C(=O)NO)cc1O2,5.982966660701219,1
CC(=O)N1CCC2(CC1)CN(Cc1ccc(C(=O)NO)cc1)c1ccccc12,5.137272471682025,2
CC(=O)N1CCC2(CCCN(c3ccc(C(=O)Nc4cc(-c5cccs5)ccc4N)cn3)C2)C1,8.096910013008056,2
CC(=O)N1CCC2(CCN(c3ccc(C(=O)Nc4cc(-c5cccs5)ccc4N)cn3)C2)C1,7.920818753952375,2
CC(=O)N1CCC2(CCN(c3ccc(C(=O)Nc4cc(-c5cccs5)ccc4N)cn3)CC2)C1,8.045757490560675,2
CC(=O)N1CCCC(COC(=O)Nc2cc(-c3cccs3)ccc2N)C1,7.301029995663981,1
CC(=O)N1CCCC12CCN(c1ccc(C(=O)Nc3cc(-c4cccs4)ccc3N)cn1)CC2,7.638272163982407,2
CC(=O)N1CCCC2(CC(=O)c3cc(/C=C/C(=O)NO)ccc3O2)C1,6.684029654543082,1
CC(=O)N1CCCC2(CC1)CC(=O)c1cc(/C=C/C(=O)NO)ccc1O2,6.490797477668897,1
CC(=O)N1CCCCC1COC(=O)Nc1cc(-c2cccs2)ccc1N,4.755722879198157,1
CC(=O)N1CCN(C(=O)Nc2cc(-c3cc(C)cs3)ccc2N)CC1,5.515700160653214,1
CC(=O)N1CCN(C(=O)Nc2cc(-c3cccs3)ccc2N)CC1,7.301029995663981,1
CC(=O)N1CCN(C(=O)Nc2cc(C3=CCCC3)ccc2N)CC1,5.515700160653214,1
CC(=O)N1CCN(CC(=O)N(Cc2ccc(-c3noc(C(F)(F)F)n3)cc2)c2cccc(C(F)(F)F)c2)CC1,5.886056647693163,1
CC(=O)N1CCN(CCN(C)S(=O)(=O)N(Cc2ccc(-c3nnc(C(F)F)o3)cc2)c2ccccc2)CC1,6.151810883008601,1
CC(=O)N1CCN(S(=O)(=O)N(Cc2ccc(-c3nnc(C(F)(F)F)o3)cc2F)c2cccc(F)c2)CC1,7.075720713938118,1
CC(=O)N1CCN(S(=O)(=O)N(Cc2ccc(-c3nnc(C(F)(F)F)o3)cc2F)c2ccccc2)CC1,7.1487416512809245,1
CC(=O)N1CCN(S(=O)(=O)N(Cc2ccc(-c3nnc(C(F)(F)F)o3)cc2F)c2cccnc2)CC1,7.180456064458131,1
CC(=O)N1CCN(S(=O)(=O)N(Cc2ccc(-c3nnc(C(F)F)o3)cc2F)c2cccc(F)c2)CC1,7.522878745280337,1
CC(=O)N1CCN(S(=O)(=O)N(Cc2ccc(-c3nnc(C(F)F)o3)cc2F)c2ccccc2)CC1,7.494850021680094,1
CC(=O)N1CCN(S(=O)(=O)N(Cc2ccc(-c3nnc(C(F)F)o3)cc2F)c2cccnc2)CC1,7.366531544420414,1
CC(=O)N1CCN(c2ncc(C(=O)NO)s2)CC1,5.552841968657781,1
CC(=O)N1CCc2c(n(CCCCCCC(=O)NO)c3ccccc23)C1,8.346787486224656,2
CC(=O)N1CCc2c(n(CCCCCCCC(=O)NO)c3ccccc23)C1,8.0,2
CC(=O)N1[C@H](C)CN(S(=O)(=O)N(Cc2ccc(-c3nnc(C(F)F)o3)cc2)c2ccccc2)C[C@@H]1C,7.481486060122112,1
CC(=O)N1[C@H](C)CN(S(=O)(=O)N(Cc2ccc(-c3nnc(C(F)F)o3)cc2)c2cccnc2)C[C@@H]1C,7.200659450546418,1
CC(=O)N1[C@H](C)CN(S(=O)(=O)N(Cc2ccc(-c3nnc(C(F)F)o3)cn2)c2ccccc2)C[C@@H]1C,7.585026652029182,1
CC(=O)N1c2ccc(-c3ccc(NC(=O)CCCCCCC(=O)NO)cc3)cc2[C@H](NC(=O)OC(C)C)C[C@@H]1C,6.865151063885784,7
CC(=O)N1c2ccc(-c3ccccc3)cc2[C@H](NC(=O)CCCCCCC(=O)NO)C[C@@H]1C,7.301029995663981,1
CC(=O)N1c2ccc(NC(=O)CCCCCCC(=O)NO)cc2[C@H](NC(=O)OC(C)C)C[C@@H]1C,6.6020599913279625,1
CC(=O)N1c2ccc(NC(=O)CCCCCCC(=O)NO)cc2[C@H](Nc2ccccc2)C[C@@H]1C,6.045757490560675,1
CC(=O)NC(Cc1ccc(-c2noc(C(F)(F)F)n2)cn1)c1cccc(C(F)(F)F)c1,6.275724130399211,1
CC(=O)NC1C2CN(C(=O)Nc3cc(-c4cccs4)ccc3N)CC21,7.301029995663981,1
CC(=O)NC1C2CN(C(=O)Nc3cc(C4=CCCCC4)ccc3N)CC21,6.255707016877324,1
CC(=O)NC1CC2(CCN(Cc3ccccc3)CC2)Oc2ccc(/C=C/C(=O)NO)cc21,5.288192770958808,1
CC(=O)NC1CCN(C(=O)Nc2cc(-c3cccs3)ccc2N)CC1,7.301029995663981,1
CC(=O)NC1CN(C(=O)Nc2cc(-c3cccs3)ccc2N)C1,7.301029995663981,1
CC(=O)NC1CN(C(=O)Nc2cc(C3=CCCCC3)ccc2N)C1,5.515700160653214,1
CC(=O)NC1CN(C(=O)Nc2cc(C3CCCC3)ccc2N)C1,6.255707016877324,1
CC(=O)NCC1CN(C(=O)Nc2cc(-c3cccs3)ccc2N)C1,7.301029995663981,1
CC(=O)NCC1CN(C(=O)Nc2cc(C3=CCCCC3)ccc2N)C1,5.515700160653214,1
CC(=O)NCCC(=O)N(Cc1ccc(-c2noc(C(F)(F)F)n2)cc1)c1cccc(C(F)(F)F)c1,6.050609993355087,1
CC(=O)NCCCCC[C@@H]1NC(=O)C[C@H](CC(C)C)NC(=O)[C@H](Cc2cccc3ccccc23)NC(=O)[C@H](CCCCCC(=O)O)NC1=O,7.987790368212612,3
CC(=O)NCCCC[C@@H]1NC(=O)C[C@H](CC(C)C)NC(=O)[C@H](Cc2cccc3ccccc23)NC(=O)[C@H](CCCCCC(=O)O)NC1=O,7.251811972993799,2
CC(=O)NCCCC[C@@H]1NC(=O)C[C@H](Cc2ccc(O)cc2)NC(=O)[C@H](Cc2cccc3ccccc23)NC(=O)[C@H](CCCCCC(=O)O)NC1=O,6.5406075122407685,2
CC(=O)NCCCc1nc2ccccc2n1Cc1ccc(C(=O)NO)cc1,4.832682665251824,1
CC(=O)NCc1ccc(C(=O)NO)cc1,4.769551078621726,2
CC(=O)NCc1ccc(C(=O)Nc2cc(-c3ccccc3)ccc2N)cc1,7.744727494896693,1
CC(=O)NCc1ccc(C(=O)Nc2cc(-c3cccs3)ccc2N)cc1,7.958607314841775,1
CC(=O)NO,3.204119982655925,4
CC(=O)N[C@@H](CCCNC(=N)N)C(=O)N[C@@H](CC(C)C)C(=O)N[C@@H](CC(C)C)C(=O)N[C@@H](CCCNC(=N)N)C(=O)N[C@@H](CC(C)C)C(=O)N[C@H]1CC[S+](C)Cc2cccc(c2)C[S+](C)CC[C@@H](C(=O)N[C@@H](CC(C)C)C(=O)N[C@@H](CC(C)C)C(=O)N[C@@H](CCCNC(=N)N)C(=O)N[C@@H](CC(C)C)C(=O)NCCCCCC(=O)NO)NC(=O)[C@H](CCCNC(=N)N)NC(=O)[C@H](CC(C)C)NC(=O)[C@H](CCCNC(=N)N)NC1=O,6.508638306165727,1
CC(=O)N[C@@H](CS)C(=O)O,2.5003129173815966,1
CC(=O)N[C@@H](CSC(=S)NC1CCC(NC(=S)SC[C@H](NC(C)=O)C(=O)O)CC1)C(=O)O,2.42712839779952,1
CC(=O)N[C@@H](CSC(=S)NC1CCCCC1NC(=S)SC[C@H](NC(C)=O)C(=O)O)C(=O)O,2.779891911959945,1
CC(=O)N[C@@H](CSC(=S)NCC1CCCC(CNC(=S)SC[C@H](NC(C)=O)C(=O)O)C1)C(=O)O,2.5718652059712115,1
CC(=O)N[C@@H](CSC(=S)NCCCC(C)CNC(=S)SC[C@H](NC(C)=O)C(=O)O)C(=O)O,2.6595558851598815,1
CC(=O)N[C@@H](CSC(=S)NCCCCNC(=S)SC[C@H](NC(C)=O)C(=O)O)C(=O)O,2.632644078973981,1
CC(=O)N[C@@H](CSC(=S)NCCCNC(=S)SC[C@H](NC(C)=O)C(=O)O)C(=O)O,2.2247537402597635,1
CC(=O)N[C@@H](CSC(=S)NCCCOCCOCCOCCCNC(=S)SC[C@H](NC(C)=O)C(=O)O)C(=O)O,2.3705904008972807,1
CC(=O)N[C@@H](CSC(=S)NCCOCCOCCNC(=S)SC[C@H](NC(C)=O)C(=O)O)C(=O)O,2.359518563029578,1
CC(=O)N[C@@H](CSC(=S)NCCc1ccccc1)C(=O)O,2.4621809049267256,1
CC(=O)N[C@@H](CSC(=S)NCc1ccccc1)C(=O)O,2.46344155742847,1
CC(=O)N[C@@H](CSC(=S)Nc1ccc(C)c(NC(=S)SC[C@H](NC(C)=O)C(=O)O)c1)C(=O)O,3.346787486224656,1
CC(=O)N[C@@H](CSC(=S)Nc1ccc(NC(=S)SC[C@H](NC(C)=O)C(=O)O)cc1)C(=O)O,3.5376020021010435,1
CC(=O)N[C@@H](CSC(=S)Nc1cccc(NC(=S)SC[C@H](NC(C)=O)C(=O)O)c1)C(=O)O,3.013228265733755,1
CC(=O)N[C@@H]1CCN(C(=O)Nc2cc(-c3cccs3)ccc2N)C1,7.301029995663981,1
CC(=O)N[C@H]1CCN(C(=O)Nc2cc(-c3cccs3)ccc2N)C1,7.301029995663981,1
CC(=O)N[C@H]1CCN(C(=O)Nc2cc(C3=CCCCC3)ccc2N)C1,5.515700160653214,1
CC(=O)Nc1cc(-c2ccccc2)ccc1N,5.515700160653214,1
CC(=O)Nc1cc(-c2ccccc2)ccc1O,5.318758762624412,2
CC(=O)Nc1cc(-c2cccs2)ccc1N,6.255707016877324,1
CC(=O)Nc1ccc(-c2cc(C(=O)NCCCCCCC(=O)NO)no2)cc1,7.1904402853647325,2
CC(=O)Nc1ccc(-c2ccnc(NCc3ccc(OCCCCCC(=O)NO)cc3)n2)cc1,6.514278573518419,2
CC(=O)Nc1ccc(-c2ccnc(Nc3ccc(NC(=O)CCCCC(=O)NO)cc3)n2)cc1,5.474955192963154,1
CC(=O)Nc1ccc(-c2ccnc(Nc3ccc(NC(=O)CCCCC(=O)NO)cc3)n2)cc1.O=C(O)C(F)(F)F,5.474955192963154,1
CC(=O)Nc1ccc(-c2ccnc(Nc3ccc(NC(=O)CCCCCCC(=O)NO)cc3)n2)cc1,6.111259039317107,1
CC(=O)Nc1ccc(-c2ccnc(Nc3ccc(NC(=O)CCCCCCC(=O)NO)cc3)n2)cc1.Cl,6.111259039317107,1
CC(=O)Nc1ccc(-c2ccnc(Nc3ccc(OCCCCCC(=O)NO)cc3)n2)cc1,7.050609993355087,1
CC(=O)Nc1ccc(-c2ccnc(Nc3ccc(OCCCCCC(=O)NO)cc3)n2)cc1.Cl,7.050609993355087,1
CC(=O)Nc1ccc(-c2ccnc(Nc3ccc(OCCCCCCC(=O)NO)cc3)n2)cc1,6.838631997765026,1
CC(=O)Nc1ccc(-c2ccnc(Nc3ccc(OCCCCCCC(=O)NO)cc3)n2)cc1.Cl,6.838631997765026,1
CC(=O)Nc1ccc(-c2ccnc(Nc3ccc(OCCCCCCCC(=O)NO)cc3)n2)cc1,5.769295686387431,1
CC(=O)Nc1ccc(-c2ccnc(Nc3ccc(OCCCCCCCC(=O)NO)cc3)n2)cc1.Cl,5.769295686387431,1
CC(=O)Nc1ccc(-c2ccnc(Nc3cccc(NC(=O)CCCCC(=O)NO)c3)n2)cc1,6.415668775632469,1
CC(=O)Nc1ccc(-c2ccnc(Nc3cccc(NC(=O)CCCCC(=O)NO)c3)n2)cc1.O=C(O)C(F)(F)F,6.415668775632469,1
CC(=O)Nc1ccc(-c2ccnc(Nc3cccc(NC(=O)CCCCCCC(=O)NO)c3)n2)cc1,7.494850021680094,1
CC(=O)Nc1ccc(-c2ccnc(Nc3cccc(NC(=O)CCCCCCC(=O)NO)c3)n2)cc1.Cl,7.489454989793388,1
CC(=O)Nc1ccc(-c2ccnc(Nc3cccc(OCCCCCC(=O)NO)c3)n2)cc1,6.195860567664649,2
CC(=O)Nc1ccc(-c2ccnc(Nc3cccc(OCCCCCCC(=O)NO)c3)n2)cc1,7.080921907623926,2
CC(=O)Nc1ccc(-c2ccnc(Nc3cccc(OCCCCCCCC(=O)NO)c3)n2)cc1,5.981715691573469,1
CC(=O)Nc1ccc(-c2ccnc(Nc3cccc(OCCCCCCCC(=O)NO)c3)n2)cc1.Cl,5.981715691573469,1
CC(=O)Nc1ccc(-c2nc(Nc3ccc(OCCCCCC(=O)NO)cc3)ncc2C)cc1,6.585026652029182,2
CC(=O)Nc1ccc(-c2nc(Nc3cccc(OCCCCCCC(=O)NO)c3)ncc2C)cc1,6.809668301829708,2
CC(=O)Nc1ccc(-c2nc(Nc3cccc(OCCCCCCCC(=O)NO)c3)ncc2C)cc1,5.3390397082239165,2
CC(=O)Nc1ccc(C(=O)CSc2nc(C)cc(=O)[nH]2)cc1,4.785156151952302,4
CC(=O)Nc1ccc(C(=O)NO)cc1,5.718058066559175,2
CC(=O)Nc1ccc(C(=O)NO)cc1F,5.493359694433497,2
CC(=O)Nc1ccc(C(=O)Nc2c(N)cccc2F)cc1,5.661543506395395,1
CC(=O)Nc1ccc(C(=O)Nc2cc(-c3ccccc3)ccc2N)cc1,7.552841968657781,2
CC(=O)Nc1ccc(C(=O)Nc2cc(-c3ccccc3)ccc2O)cc1,7.7447274948966935,2
CC(=O)Nc1ccc(C(=O)Nc2cc(-c3cccs3)ccc2N)cc1,7.9203024814511656,23
CC(=O)Nc1ccc(C(=O)Nc2cc(-c3ccncc3)ccc2N)cc1,8.698970004336019,3
CC(=O)Nc1ccc(C(=O)Nc2cc(-c3ccsc3)ccc2N)cc1,8.154901959985743,2
CC(=O)Nc1ccc(C(=O)Nc2cc(Br)ccc2N)cc1,5.761953896871205,1
CC(=O)Nc1ccc(C(=O)Nc2cc(C)ccc2N)cc1,5.061980902523789,1
CC(=O)Nc1ccc(C(=O)Nc2cc(F)ccc2N)cc1,6.815308569182401,2
CC(=O)Nc1ccc(C(=O)Nc2ccc(Cl)cc2N)cc1,5.341035157335565,2
CC(=O)Nc1ccc(C(=O)Nc2ccc(F)cc2N)c(F)c1,5.860120913598763,1
CC(=O)Nc1ccc(C(=O)Nc2ccc(F)cc2N)cc1,5.930787748607143,14
CC(=O)Nc1ccc(C(=O)Nc2cccc(F)c2N)cc1,5.673664139071249,1
CC(=O)Nc1ccc(C(=O)Nc2ccccc2N)c(F)c1,7.045757490560675,1
CC(=O)Nc1ccc(C(=O)Nc2ccccc2N)cc1,6.206630718666358,38
CC(=O)Nc1ccc(CN2CCC=C(CCC(=O)NO)C2=O)cc1,6.086186147616283,1
CC(=O)Nc1ccc(N)cc1-c1ccc(C2(C(=O)Nc3ccc(C(=O)NO)cc3)CCCCC2)cc1,8.0,2
CC(=O)Nc1ccc2c(c1)CN(C(=O)[C@H](N)Cc1ccc(Cl)cc1Cl)C2,5.055517327849831,1
CC(=O)Nc1ccc2c(c1)CN(C(=O)[C@H](N)Cc1ccc(Cl)cc1Cl)C2.Cl,5.055517327849831,1
CC(=O)Nc1cccc(-c2ccc(C3(C(=O)Nc4ccc(C(=O)NO)cc4)CCCC3)cc2)c1,8.301029995663981,2
CC(=O)Nc1cccc(-c2csc(NC(=O)CCCCCC(=O)Nc3ccccc3N)n2)c1,5.494850021680094,2
CC(=O)Nc1cccc(-c2nc(N3CCOCC3)c3ncn(CCCCCCC(=O)NO)c3n2)c1,9.10790539730952,2
CC(=O)Nc1ccccc1-c1ccc(C2(C(=O)Nc3ccc(C(=O)NO)cc3)CCCC2)cc1,9.0268721464003,2
CC(=O)O.O=C(CCCCCN1C(=O)[C@@H]2CCCN2Cc2ccccc21)NO,6.359518563029578,1
CC(=O)O.O=C(NO)c1ccc(CN2C(=O)[C@@H]3CCCN3Cc3ccccc32)cc1,6.056505484093897,1
CC(=O)O[C@H](C)C(=O)CCCCCCC(=O)Nc1ccccc1,4.195179321278838,1
CC(=O)SCC(=O)CCCCCCC(=O)Nc1ccccc1,7.0915149811213505,1
CC(=O)SCC(=O)NCCCCCC(=O)Nc1ccccc1,4.670652860311699,3
CC(=O)SCC(=O)c1ccc(NS(=O)(=O)c2ccc(OCCCN(C)C)cc2)nc1,7.346787486224656,1
CC(=O)SCC/C=C/[C@@H]1CC(=O)NCc2ccc(cc2)C2=N[C@@](C)(CS2)C(=O)N[C@@H](C(C)C)C(=O)O1,5.458420756053419,2
CC(=O)SCC/C=C/[C@@H]1CC(=O)N[C@H](C(C)C)C(=O)N[C@H](C)C(=O)N[C@H](C(C)C)[C@@H](O)CC(=O)O1,7.6649434805609085,1
CC(=O)SCC/C=C/[C@@H]1CC(=O)N[C@H](C(C)C)C(=O)N[C@H](Cc2ccccc2)C(=O)N[C@H](C(C)C)c2cn(nn2)CC(=O)O1,5.978810700930062,2
CC(=O)SCC/C=C/[C@@H]1CC(=O)N[C@H](C(C)C)C(=O)N[C@H](Cc2cn(C)cn2)C(=O)N[C@H](C(C)C)c2cn(nn2)CC(=O)O1,5.982966660701219,2
CC(=O)SCC/C=C/[C@@H]1CC(=O)N[C@H](C)C(=O)N[C@H](C)C(=O)N[C@H](C(C)C)C(=O)NCC(=O)O1,6.616184634019569,1
CC(=O)SCC/C=C/[C@@H]1CC(=O)N[C@H](C)C(=O)N[C@H](Cc2ccccc2)C(=O)N[C@H](C(C)C)C(=O)NCC(=O)O1,6.899629454882437,1
CC(=O)SCCCCCC(NC(=O)OCc1ccccc1)C(=O)Nc1cccc2cccnc12,7.327902142064282,2
CC(=O)SCCCCCCC(=O)Nc1ccccc1,5.1487416512809245,3
CC(=O)SCCCCCCNC(=O)c1cc(-c2ccc(F)cc2)nn1C,7.6777807052660805,2
CC(=O)SCCCCC[C@@H]1NC(=O)[C@H]2CCCN2C(=O)[C@H](CCCCCSC(C)=O)NC(=O)C(C)(C)NC1=O,6.284318117920506,4
CC(=O)SCCCCC[C@@H]1NC(=O)[C@H]2CCCN2C(=O)[C@H](CCOCCSC(C)=O)NC(=O)C(C)(C)NC1=O,6.02726570743409,4
CC(=O)SCCCCC[C@@H]1NC(=O)[C@H]2CCCN2C(=O)[C@H](Cc2ccccc2)NC(=O)[C@@H](CCOCCSC(C)=O)NC1=O,6.170517578667782,4
CC(=O)SCCCCC[C@H](NC(=O)OCc1ccccc1)C(=O)Nc1cccc2cccnc12,7.327902142064282,1
CC(=O)SCCCCC[C@H](NC(=O)[C@@H]1CC(=O)N1)C(=O)Nc1ccccc1,7.404834150914854,2
CC(=O)SCCCCC[C@H](NC(=O)[C@@H]1CCCC(=O)N1)C(=O)Nc1ccccc1,7.0,2
CC(=O)SCCCCC[C@H](NC(=O)[C@H]1CCC(=O)N1)C(=O)Nc1ccccc1,7.5,2
CC(=O)c1c(-c2ccc([N+](=O)[O-])cc2)cn(CCCCCC(=O)NO)c1C,7.2839966563652006,2
CC(=O)c1c(C)c2cnc(Nc3ccc(N(C)CCCCCCC(=O)NO)cn3)nc2n(C2CCCC2)c1=O,8.1249387366083,1
CC(=O)c1c(C)c2cnc(Nc3ccc(N(C)CCN(C)c4ccc(C(=O)NO)cn4)cn3)nc2n(C2CCCC2)c1=O,7.204119982655925,1
CC(=O)c1c(C)c2cnc(Nc3ccc(N(C)CCN(C)c4ncc(C(=O)NO)cn4)cn3)nc2n(C2CCCC2)c1=O,8.1249387366083,1
CC(=O)c1c(C)c2cnc(Nc3ccc(N(C)Cc4ccc(/C=C/C(=O)NO)cc4)cn3)nc2n(C2CCCC2)c1=O,7.522878745280337,1
CC(=O)c1ccccc1C(=O)NCCCCCC(=O)Nc1ccccc1N,5.577738549186398,1
CC(C(=O)N(Cc1ccc(-c2noc(C(F)(F)F)n2)cc1)c1cccc(C(F)(F)F)c1)c1ncccn1,5.920818753952375,1
CC(C(=O)N(Cc1ccc(-c2noc(C(F)(F)F)n2)cc1)c1cccc(C(F)(F)F)c1)n1cncn1,6.142667503568731,1
CC(C(=O)N(Cc1ccc(-c2noc(C(F)(F)F)n2)cn1)c1cccc(F)c1)c1ccn(C)n1,6.657577319177793,1
CC(C(=O)N(Cc1ccc(-c2noc(C(F)(F)F)n2)cn1)c1cccc(F)c1)n1cccn1,6.522878745280337,1
CC(C(=O)NO)(c1ccccc1)c1ccccc1,4.795880017344075,1
CC(C(=O)NOCc1ccc(/C=C/C(=O)NO)cc1)(c1ccccc1)c1ccccc1,5.397054228407302,2
CC(C(=O)N[C@@H](CCCCCC(=O)c1ccon1)c1ncc(-c2ccccc2F)[nH]1)N(C)C,9.602059991327964,1
CC(C(=O)Nc1ccccc1)(C(=O)Nc1ccccc1)c1ccc(C(=O)Nc2ccccc2N)cc1,6.703334809738469,2
CC(C)(C#N)C(=O)N(Cc1ccc(-c2noc(C(F)(F)F)n2)cc1)c1cccc(C(F)(F)F)c1,5.481486060122112,1
CC(C)(C(=O)N(Cc1ccc(-c2noc(C(F)(F)F)n2)cn1)c1cccc(F)c1)n1cccn1,5.853871964321762,1
CC(C)(C(=O)N(Cc1ccc(-c2noc(C(F)(F)F)n2)cn1)c1cccc(F)c1)n1cncn1,6.318758762624412,1
CC(C)(C(=O)NC1CCCCC1)N(CCCCCC(=O)NO)C(=O)c1ccccc1,4.429336175532319,4
CC(C)(C(=O)Nc1ccc(C(=O)NO)cc1)c1ccccc1,6.777286979032765,3
CC(C)(C)C(/C=C/c1ccccc1)n1cc(/C=C/C(=O)NO)nn1,7.7447274948966935,1
CC(C)(C)C(=O)N1CCC2(CC1)CN(Cc1ccc(C(=O)NO)cc1)c1ccccc12,5.349692476868063,2
CC(C)(C)C(=O)N1Cc2ccc(/C=C/C(=O)NO)cc2C1,6.376750709602099,2
CC(C)(C)C(=O)NCc1ccc(C(=O)Nc2cc(-c3ccccc3)ccc2N)cc1,7.602059991327962,1
CC(C)(C)C(=O)NCc1ccc(C(=O)Nc2cc(-c3cccs3)ccc2N)cc1,7.795880017344075,1
CC(C)(C)C(=O)N[C@@H](CCCCCS)C(=O)NC1CCCC1,5.844663962534938,2
CC(C)(C)C(=O)Nc1cc(-c2cccs2)ccc1N,5.515700160653214,1
CC(C)(C)C(CCCCC(=O)NO)CC(=O)Nc1ccccc1,5.9069759602915575,3
CC(C)(C)CC(=O)NC(Cc1ccc(-c2noc(C(F)(F)F)n2)cn1)c1cccc(C(F)(F)F)c1,5.958607314841775,1
CC(C)(C)CC(=O)Nc1cc(-c2cccs2)ccc1N,4.755722879198157,1
CC(C)(C)CC(C)(C)NC(=O)CN(Cc1ccc(C(=O)NO)cc1)C(=O)c1c[nH]c2ccccc12,6.2839966563652006,2
CC(C)(C)CC(C)(C)n1nnnc1CNCC1CCN(c2ncc(C(=O)NO)cn2)CC1,7.366531544420414,2
CC(C)(C)CNCc1c(-c2ccccc2)nc2cc(/C=C/C(=O)NO)ccn12,6.638272163982407,1
CC(C)(C)CNCc1c(C(C)(C)C)nc2cc(/C=C/C(=O)NO)ccn12,6.721246399047171,1
CC(C)(C)Cn1c(CCc2ccccc2)nc2cc(/C=C/C(=O)NO)ccc21,6.537602002101044,2
CC(C)(C)NC(=O)C(C)(C)N(CCCCCC(=O)NO)C(=O)c1ccccc1,3.9502201108343105,4
CC(C)(C)NC(=O)CN(C(=O)Cc1ccc(C(=O)NO)cc1)c1ccccc1,6.39040559077478,2
CC(C)(C)NC(=O)CN(CCCCCC(=O)NO)C(=O)c1ccccc1,5.142759972341398,4
CC(C)(C)NC(=O)CN(Cc1ccc(C(=O)NO)cc1)C(=O)c1c[nH]c2ccccc12,6.920818753952375,2
CC(C)(C)NC(=O)CN(Cc1ccc(C(=O)NO)cc1)C(=O)c1cc2ccccc2[nH]1,6.853871964321762,2
CC(C)(C)NC(=O)CN(Cc1ccc(C(=O)NO)cc1)C(=O)c1ccc2ccccc2n1,6.1249387366083,2
CC(C)(C)NC(=O)CN(Cc1ccc(C(=O)NO)cc1F)C(=O)c1ccccc1C(F)(F)F,5.632644078973981,2
CC(C)(C)NC(=O)CN(Cc1ccc(C(=O)NO)cc1F)C(=O)c1ccccc1Cl,5.459670525209127,2
CC(C)(C)NC(=O)CN(Cc1ccc(C(=O)NO)cc1F)C(=O)c1ccccc1F,5.928117992693874,2
CC(C)(C)NC(=O)N[C@@H](CCCCCS)C(=O)NC1CCCC1,6.337242168318426,2
CC(C)(C)NC(=O)Nc1ccc(Oc2ccnc(-c3cnn(CCCCCCC(=O)NO)c3)c2)cc1,8.337242168318426,2
CC(C)(C)NC(=O)[C@H](CCCCCS)NC(=O)OC(C)(C)C,5.522878745280337,2
CC(C)(C)NC(=O)[C@H](Cc1c[nH]c2ccccc12)NC(=O)/C=C/c1ccc(C(=O)NO)cc1,6.781202001888262,1
CC(C)(C)NC(=S)N[C@@H](CCCCCS)C(=O)NC1CCCC1,6.3979400086720375,2
CC(C)(C)NCc1c(-c2ccc(F)cc2)nc2cc(/C=C/C(=O)NO)ccn12,7.292429823902063,1
CC(C)(C)NCc1c(-c2ccccc2)nc2cc(/C=C/C(=O)NO)ccn12,7.346787486224656,3
CC(C)(C)NCc1c(C(C)(C)C)nc2cc(/C=C/C(=O)NO)ccn12,6.886056647693163,1
CC(C)(C)NS(=O)(=O)c1cccc(Nc2nc(Nc3ccc(C(=O)Nc4ccccc4N)cc3)ncc2Cl)c1,6.060480747381382,2
CC(C)(C)OC(=O)C1COCC(=O)N1c1ccc(-c2noc(C(F)(F)F)n2)c(F)c1,6.026872146400301,1
CC(C)(C)OC(=O)CC(O)/C=C/CCSSCC/C=C/C(O)CC(=O)OC(C)(C)C,5.060480747381382,2
CC(C)(C)OC(=O)CC[C@@H]1N=C(c2ccccc2)c2ccccc2N(CCCCC(=O)NO)C1=O,5.34008379993015,2
CC(C)(C)OC(=O)C[C@@H]1N=C(c2ccccc2)c2ccccc2N(CCCCC(=O)NO)C1=O,4.804100347590766,2
CC(C)(C)OC(=O)N(Cc1ccc(-c2noc(C(F)(F)F)n2)cn1)c1cccc(F)c1,5.886056647693163,1
CC(C)(C)OC(=O)N1C(=NCc2ccc(C(=O)Nc3ccccc3N)cc2)NC(=O)C1Cc1c[nH]c2ccccc12,6.301029995663981,1
CC(C)(C)OC(=O)N1C2CCC1CN(c1ccc(C(=O)Nc3ccccc3N)cn1)C2,6.777283528852417,2
CC(C)(C)OC(=O)N1CC(=O)N(Cc2ccc(C(=O)NO)cc2)c2ccccc21,5.319724592487393,2
CC(C)(C)OC(=O)N1CC(=O)N(c2ccc(-c3noc(C(F)(F)F)n3)cc2)[C@H](c2ccccc2)C1,5.769551078621726,1
CC(C)(C)OC(=O)N1CC(C(=O)N[C@@H](CCCCCC(=O)c2ncco2)c2[nH]c(-c3ccc(F)cc3)nc2Cl)C1,8.823908740944319,1
CC(C)(C)OC(=O)N1CC2CC1CN2c1ccc(C(=O)Nc2ccccc2N)cn1,6.723538195826755,2
CC(C)(C)OC(=O)N1CC2CCC1CN2c1ccc(C(=O)Nc2ccccc2N)cn1,6.174573882232177,2
CC(C)(C)OC(=O)N1CCC(COc2ccc(-c3cc(C(=O)NCc4ccc(C(=O)NO)cc4)ccn3)cc2)CC1,8.194499673647474,2
CC(C)(C)OC(=O)N1CCC(Nc2nc(SCc3ccc(C(=O)Nc4ccc(F)cc4N)cc3)nn3cccc23)CC1,5.346787486224656,2
CC(C)(C)OC(=O)N1CCC(Nc2nc(SCc3ccc(C(=O)Nc4ccccc4N)cc3)nn3cccc23)CC1,6.059981844992336,2
CC(C)(C)OC(=O)N1CCC2(CC1)C(=O)N(Cc1ccc(C(=O)NO)cc1)CN2c1ccccc1,5.6067758836387025,2
CC(C)(C)OC(=O)N1CCC2(CC1)CN(Cc1ccc(C(=O)NO)cc1)c1ccccc12,5.3979400086720375,4
CC(C)(C)OC(=O)N1CCC2(CC1)CN(Cc1ccc(C(=O)NO)s1)c1ccccc12,4.963770455913705,2
CC(C)(C)OC(=O)N1CCC2(CC1)c1ccccc1N(Cc1ccc(C(=O)NO)cc1)C2c1cccnc1,5.09151498112135,2
CC(C)(C)OC(=O)N1CCN(CC2CCc3c(c4cc(F)ccc4n3Cc3ccc(C(=O)NO)cc3)C2=O)CC1,5.075720713938118,2
CC(C)(C)OC(=O)N1CCN(CC2CCc3c(c4ccccc4n3Cc3ccc(C(=O)NO)cc3)C2=O)CC1,5.229884705212898,2
CC(C)(C)OC(=O)N1CCN(c2ccc(C(=O)Nc3ccccc3N)cn2)C[C@@H]1Cc1ccccc1,6.453457336521868,2
CC(C)(C)OC(=O)N1CCc2c(c3ccccc3n2Cc2ccc(C(=O)NO)cc2)C1,5.064492734175287,2
CC(C)(C)OC(=O)N1C[C@@H](c2cc(F)cc(F)c2)N(c2ccc(-c3noc(C(F)(F)F)n3)cn2)C(=O)C1C1CCOCC1,5.136677139879544,1
CC(C)(C)OC(=O)N1Cc2ccc(/C=C/C(=O)NO)cc2C1,6.2839966563652006,2
CC(C)(C)OC(=O)NC(CCCCCB(O)O)C(=O)Nc1cccc(-c2ccccc2)c1,4.920818753952375,1
CC(C)(C)OC(=O)NC(CCCCCB(O)O)C(=O)Nc1cnc2ccccc2c1,4.795880017344075,1
CC(C)(C)OC(=O)NC(CCCCCB(O)O)C(=O)Nc1nc2ccccc2s1,4.638272163982407,1
CC(C)(C)OC(=O)NC1CCN(C(=O)Nc2cc(-c3cccs3)ccc2N)C1,7.301029995663981,1
CC(C)(C)OC(=O)NCC(=O)N[C@H](COc1ccc(/C=C/C(=O)NO)cc1)Cc1c[nH]c2ccccc12,7.015022873584506,1
CC(C)(C)OC(=O)NCC(=O)N[C@H](COc1cccc(/C=C/C(=O)NO)c1)Cc1c[nH]c2ccccc12,6.0523702526156455,1
CC(C)(C)OC(=O)NCCCC[C@@H]1N=C(c2ccccc2)c2ccccc2N(CCCCC(=O)NO)C1=O,5.334419008982047,2
CC(C)(C)OC(=O)NCCCC[C@H](NC(=O)OC(C)(C)C)C(=O)N1CC2(C[C@H]1C(=O)NCCCCCC(=O)NO)SCCS2,6.008773924307505,2
CC(C)(C)OC(=O)NCCC[C@@H]1NC(=O)[C@]2(C)CSC(=N2)c2csc(n2)CNC(=O)C[C@@H](/C=C/CCS)OC1=O,9.017728766960431,2
CC(C)(C)OC(=O)NCC[C@@H]1NC(=O)[C@]2(C)CSC(=N2)c2csc(n2)CNC(=O)C[C@@H](/C=C/CCS)OC1=O,8.638272163982407,2
CC(C)(C)OC(=O)NCc1ccc(C(=O)Nc2cc(-c3ccccc3)ccc2O)cc1,7.154901959985743,1
CC(C)(C)OC(=O)NCc1ccc(OCc2ccc(C(=O)Nc3ccccc3N)cc2)cc1,5.767257937279263,2
CC(C)(C)OC(=O)NCc1nc(-c2nc(C(=O)NCCCCC(=O)NO)cs2)cs1,6.047207556955907,1
CC(C)(C)OC(=O)NCc1nc(-c2nc(C(=O)NCCCCCC(=O)NO)cs2)cs1,6.917214629683549,1
CC(C)(C)OC(=O)NCc1nc(-c2nc(C(=O)NCCCCCCC(=O)NO)cs2)cs1,5.773657912836369,1
CC(C)(C)OC(=O)N[C@@H](CCCCCC(=O)NO)C(=O)NC1CCCC1,5.745078967936932,4
CC(C)(C)OC(=O)N[C@@H](CCCCCS)C(=O)NC12CC3CC(CC(C3)C1)C2,5.42021640338319,2
CC(C)(C)OC(=O)N[C@@H](CCCCCS)C(=O)NC1CCCC1,5.865377397163901,6
CC(C)(C)OC(=O)N[C@@H](CCCCCS)C(=O)NC1CCCCC1,5.896196279044043,4
CC(C)(C)OC(=O)N[C@@H](CCCCCS)C(=O)NC1CCCCCC1,6.045757490560675,4
CC(C)(C)OC(=O)N[C@@H](CCCCCS)C(=O)Nc1cccc(-c2ccccc2)c1,7.207608310501746,2
CC(C)(C)OC(=O)N[C@@H](CCCCCS)C(=O)Nc1cnc2ccccc2c1,7.292429823902063,2
CC(C)(C)OC(=O)N[C@@H](Cc1c[nH]c2ccccc12)C(=O)N1CC2(C[C@H]1C(=O)NCCCCCC(=O)NO)SCCS2,6.1249387366083,2
CC(C)(C)OC(=O)N[C@@H](Cc1ccc(O)cc1)C(=O)N1CC2(C[C@H]1C(=O)NCCCCCC(=O)NO)SCCS2,6.346787486224656,2
CC(C)(C)OC(=O)N[C@@H](Cc1ccccc1)C(=O)N1CC2(C[C@H]1C(=O)NCCCCCC(=O)NO)SCCS2,6.008773924307505,2
CC(C)(C)OC(=O)N[C@H](CO)C(=O)N[C@H](COc1ccc(/C=C/C(=O)NO)cc1)Cc1c[nH]c2ccccc12,7.010550182333308,1
CC(C)(C)OC(=O)N[C@H](COc1ccc(/C=C/C(=O)NO)cc1)Cc1c[nH]c2ccccc12,6.275150912370615,1
CC(C)(C)OC(=O)N[C@H](COc1cccc(/C=C/C(=O)NO)c1)Cc1c[nH]c2ccccc12,6.037441264204036,1
CC(C)(C)OC(=O)Nc1ccc(-c2cc(C(=O)NCC(=O)Nc3ccc(-c4cc(C(=O)NO)no4)cc3)no2)cc1,6.036212172654444,2
CC(C)(C)OC(=O)Nc1ccc(-c2cc(C(=O)NCCCCC(=O)NO)no2)cc1,6.202040356262804,2
CC(C)(C)OC(=O)Nc1ccc(-c2cc(C(=O)NCCCCCCC(=O)NO)no2)cc1,6.882478356838267,13
CC(C)(C)OC(=O)Nc1ccc(-c2cc(C(=O)NCCc3cc(C(=O)NO)no3)no2)cc1,4.772113295386326,2
CC(C)(C)OC(=O)Nc1ccc(-c2cc(C(=O)NCc3ccc(C(=O)NO)cc3)no2)cc1,6.360513510731414,2
CC(C)(C)OC(=O)Nc1ccc(-c2cc(NC(=O)CCCCCCC(=O)NO)no2)cc1,6.567030709125595,2
CC(C)(C)OC(=O)Nc1ccc(-c2ncc(C(=O)NCCCCCCC(=O)NO)s2)cc1,5.532923392464361,3
CC(C)(C)OC(=O)Nc1ccc(CNC(=O)Nc2ccc(C(=O)Nc3ccccc3N)cc2)cn1,5.481486060122112,2
CC(C)(C)OC(=O)Nc1cccc(-c2cc(C(=O)NCCCCC(=O)NO)no2)c1,6.083019952679617,2
CC(C)(C)OC(=O)Nc1cccc(-c2cc(C(=O)NCCCCCCC(=O)NO)no2)c1,7.881325062099085,5
CC(C)(C)OC(=O)Nc1cccc(-c2csc(NC(=O)CCCCCC(=O)NO)n2)c1,8.3767507096021,2
CC(C)(C)OC(=O)Nc1cccc(-c2csc(NC(=O)CCCCCC(=O)Nc3ccccc3N)n2)c1,5.376750709602099,2
CC(C)(C)OC(=O)Nc1cccc(-c2csc(NC(=O)CCCCCCC(=O)NO)n2)c1,8.397940008672037,1
CC(C)(C)OC(=O)Nc1cccc(C(=O)/C=C/c2ccc(/C=C/C(=O)NO)cc2)c1,5.537602002101044,4
CC(C)(C)OC(=O)ON(C(=O)CCCCCCC(=O)N(OC(=O)OC(C)(C)C)C(=O)OC(C)(C)C)C(=O)OC(C)(C)C,4.514846650096348,2
CC(C)(C)OC(=O)[C@@H]1CCC(=O)N1c1cc(F)c(-c2noc(C(F)(F)F)n2)cc1F,6.167491087293763,1
CC(C)(C)OC(=O)[C@@H]1CCC(=O)N1c1ccc(-c2noc(C(F)(F)F)n2)c(F)c1,5.309803919971486,1
CC(C)(C)OC(=O)[C@@H]1CCC(=O)N1c1ccc(-c2noc(C(F)(F)F)n2)c(F)c1F,5.886056647693163,1
CC(C)(C)OC(=O)[C@@H]1CCC(=O)N1c1ccc(-c2noc(C(F)(F)F)n2)cc1F,6.366531544420413,1
CC(C)(C)OC(=O)[C@@H]1COCC(=O)N1c1ccc(-c2noc(C(F)(F)F)n2)c(F)c1,6.060480747381382,1
CC(C)(C)OC(=O)n1cnc(C[C@@H]2NC(=O)[C@]3(C)CSC(=N3)c3csc(n3)CNC(=O)C[C@@H](/C=C/CCS)OC2=O)c1,9.207608310501746,2
CC(C)(C)OC[C@@H]1N=C(c2ccccc2)c2ccccc2N(CCCCC(=O)NO)C1=O,5.045757490560675,2
CC(C)(C)Oc1ccc(C[C@@H]2N=C(c3ccccc3)c3ccccc3N(CCCCC(=O)NO)C2=O)cc1,5.209011524911184,2
CC(C)(C)SC(=S)SCC(=O)c1ccc(Cl)c(Cl)c1,6.900008766455315,1
CC(C)(C)SC[C@H]1N=C(c2ccccc2)c2ccccc2N(CCCCC(=O)NO)C1=O,5.097453220686009,2
CC(C)(C)c1[nH]c2ccccc2c1C1CCCN(Cc2ccc(/C=C/C(=O)NO)cc2)C1,8.522878745280337,4
CC(C)(C)c1[nH]c2ccccc2c1C1CCCN(Cc2ccc(/C=C/C(=O)NO)cc2Cl)C1,7.721246399047171,2
CC(C)(C)c1[nH]c2ccccc2c1C1CCCN(Cc2ccc(/C=C/C(=O)NO)cc2F)C1,8.0,2
CC(C)(C)c1[nH]c2ccccc2c1CCNCc1ccc(/C=C/C(=O)NO)cc1,8.698970004336019,2
CC(C)(C)c1[nH]c2ccccc2c1[C@@H]1CCCN(Cc2ccc(/C=C/C(=O)NO)cc2F)C1,7.823908740944319,2
CC(C)(C)c1[nH]c2ccccc2c1[C@H]1CCCN(Cc2ccc(/C=C/C(=O)NO)cc2F)C1,8.1249387366083,2
CC(C)(C)c1[nH]c2ncccc2c1CCNCc1ccc(/C=C/C(=O)NO)cc1,8.823908740944319,1
CC(C)(C)c1[nH]c2ncccc2c1CCNCc1ccc(C=CC(=O)NO)cc1,8.823908740944319,1
CC(C)(C)c1cc(C(=O)NOCCCCCC(=O)NO)cc(C(C)(C)C)c1,5.958786849569614,2
CC(C)(C)c1cc(NC(=O)Nc2ccc(Oc3ccnc(-c4cnn(CCCC(=O)NO)c4)c3)cc2)no1,5.312649430441972,2
CC(C)(C)c1cc(NC(=O)Nc2ccc(Oc3ccnc(-c4cnn(CCCCC(=O)NO)c4)c3)cc2)no1,6.602494720684277,2
CC(C)(C)c1cc(NC(=O)Nc2ccc(Oc3ccnc(-c4cnn(CCCCCC(=O)NO)c4)c3)cc2)no1,7.108742189254302,2
CC(C)(C)c1cc(NC(=O)Nc2ccc(Oc3ccnc(-c4cnn(CCCCCCC(=O)NO)c4)c3)cc2)no1,7.510043794832641,2
CC(C)(C)c1cc(NC(=O)Nc2ccc(Oc3ccnc(-c4cnn(CCCCCCC(=O)NO)c4)c3)cc2)on1,7.622520206139145,2
CC(C)(C)c1cc(NC(=O)Nc2ccc(Oc3ccnc(-c4cnn(CCCCCCCC(=O)NO)c4)c3)cc2)no1,6.462180904926726,2
CC(C)(C)c1cc(NC(=O)Nc2ccc(Oc3ccnc(-c4cnn(CCCCCCCCC(=O)NO)c4)c3)cc2)no1,6.139212981263076,2
CC(C)(C)c1cc(NC(=O)Nc2ccc(Oc3ccnc(-c4cnn(CCCCCCCCCC(=O)NO)c4)c3)cc2)no1,5.621783850250122,2
CC(C)(C)c1cc(NC(=O)Nc2ccc(Oc3ccnc(-c4cnn(CCCCCCCCCCC(=O)NO)c4)c3)cc2)no1,5.462306805632609,2
CC(C)(C)c1cc(Nc2nc(SCc3ccc(C(=O)Nc4ccc(F)cc4N)cc3)nn3cccc23)n[nH]1,5.8124792791635365,2
CC(C)(C)c1cc(Nc2nc(SCc3ccc(C(=O)Nc4ccccc4N)cc3)nn3cccc23)n[nH]1,6.623423042943488,2
CC(C)(C)c1ccc(-c2nc3cc(C(=O)NO)ccc3o2)cc1,5.958607314841775,1
CC(C)(C)c1ccc(-c2nc3cc(C(=O)NO)ccc3s2)cc1,5.7447274948966935,1
CC(C)(C)c1ccc(-c2noc(-c3ccc(C(=O)C(F)(F)F)s3)n2)cc1,4.779891911959945,2
CC(C)(C)c1ccc(C(=O)NC(=O)NCCCCCC(=O)NO)cc1,6.6243604480083285,4
CC(C)(C)c1ccc(C(=O)NCCCCCC(=O)Nc2ccccc2N)cc1,6.221848749616356,1
CC(C)(C)c1ccc(C(=O)NO)cc1,6.145693958198919,2
CC(C)(C)c1ccc(C(=O)Nc2ccc(C(=O)NO)cc2)cc1,6.2182446253475305,2
CC(C)(C)c1ccc(C2c3ccccc3CCN2CCC(=O)NO)cc1,4.7447274948966935,2
CC(C)(C)c1ccc(CCCn2cccc(/C=C/C(=O)NO)c2=O)cc1,6.42021640338319,1
CC(C)(C)c1ccc(CCn2cccc(/C=C/C(=O)NO)c2=O)cc1,6.958607314841775,1
CC(C)(C)c1ccc(CN2Cc3ccc(/C=C/C(=O)NO)cc3C2=O)cc1,6.638272163982407,2
CC(C)(C)c1ccc(CNCCCCNCCCNC(=O)CCCCCCC(=O)NCc2ccc(C(=O)Nc3ccccc3N)cc2)cc1,5.309803919971486,2
CC(C)(C)c1ccc(COc2cccc3ccc(C(=O)NCCCCCC(=O)NO)nc23)cc1,6.7281583934635005,1
CC(C)(C)c1ccc(Cn2c(SCc3ccc(/C=C/C(=O)NO)cc3)nc3ccccc32)cc1,6.42021640338319,1
CC(C)(C)c1ccc(Cn2c(SCc3ccc(C(=O)NO)cc3)nc3ccccc32)cc1,5.638272163982407,1
CC(C)(C)c1ccc(Cn2cc(CCCCC(=O)NO)nn2)cc1,6.221125527997261,2
CC(C)(C)c1ccc(Cn2ccc(CCCCC(=O)NO)n2)cc1,5.882728704344236,2
CC(C)(C)c1ccc(Cn2cccc(/C=C/C(=O)NO)c2=O)cc1,7.045757490560675,1
CC(C)(C)c1ccc(NC(=O)NOCCCCCC(=O)NO)cc1,5.8651034780693845,2
CC(C)(C)c1ccc(NC(=O)Nc2ccc(Oc3ccnc(-c4cnn(CCCCCCC(=O)NO)c4)c3)cc2)cc1,6.703883854887994,2
CC(C)(C)c1ccc(S(=O)(=O)N2CCN(Cc3nc4cc(F)ccc4o3)CC2)cc1,5.948847477552619,1
CC(C)(C)c1ccc(S(=O)(=O)Nc2ccc(/C=C/C(=O)NO)cc2)cc1,6.939794000867204,5
CC(C)(C)c1ccc(S(=O)(=O)Nc2ccc(/C=C/C(=O)Nc3ccccc3N)cc2)cc1,5.907082133015724,3
CC(C)(C)c1cccc(Nc2ncnc3cc(NC(=O)CCCCCCC(=O)NO)sc23)c1,6.912769767341296,2
CC(C)(C)c1cnc(CSc2cnc(NC(=O)C3CCN(CCCCC(=O)NO)CC3)s2)o1,6.0,1
CC(C)(C)c1cnc(CSc2cnc(NC(=O)C3CCN(CCCCCC(=O)NO)CC3)s2)o1,6.0,1
CC(C)(C)c1cnc(CSc2cnc(NC(=O)C3CCN(CCCCCCC(=O)NO)CC3)s2)o1,7.0,1
CC(C)(C)c1cnc(CSc2cnc(NC(=O)CCCC(=O)NO)s2)o1,7.0,1
CC(C)(C)c1cnc(CSc2cnc(NC(=O)CCCCC(=O)NO)s2)o1,7.0,1
CC(C)(C)c1cnc(CSc2cnc(NC(=O)CCCCCCC(=O)NO)s2)o1,7.0,1
CC(C)(C)c1cnc(CSc2cnc(NC(=O)Cc3ccc(OCCCC(=O)NO)cc3)s2)o1,7.0,1
CC(C)(C)c1cnc(CSc2cnc(NC(=O)Cc3ccc(OCCCCC(=O)NO)cc3)s2)o1,7.0,1
CC(C)(C)c1csc(NC(=O)Nc2ccc(Oc3ccnc(-c4cnn(CCCCCCC(=O)NO)c4)c3)cc2)n1,6.955657371596106,2
CC(C)(C)c1csc(NC(=O)[C@H](CCCCNS(N)(=O)=O)NC(=O)OCc2ccccc2)n1,5.30945120204811,3
CC(C)(C)c1nc(-c2cccc(NS(=O)(=O)c3c(F)cccc3F)c2F)c(-c2ccnc(NCCCCCCC(=O)NO)n2)s1,7.055660435524551,4
CC(C)(C)n1nnnc1CNCC1CCN(c2ncc(C(=O)NO)cn2)CC1,7.00436480540245,2
CC(C)(C)n1nnnc1CNCc1ccc(C(=O)NO)cc1,5.084072788302884,2
CC(C)(CCc1ccccc1)C(=O)Nc1ccc(C(=O)NO)cc1,7.6020599913279625,1
CC(C)(CNC(=O)c1cccc(-c2noc(C(F)(F)F)n2)c1)c1coc(-c2ccccc2)n1,4.346787486224656,2
CC(C)(F)CN1CCc2cc(O)ccc2C1c1ccc(OCCCCCCC(=O)NO)cc1,6.234927824522565,2
CC(C)(N)C(=O)Nc1cc(-c2cccs2)ccc1N,5.515700160653214,1
CC(C)(NC(=O)c1nc(-c2nccs2)sc1C1CC1)c1ccc(C(=O)NO)cc1,6.787280171699822,2
CC(C)(Nc1ncc(C(=O)NO)cn1)c1cc(C(F)(F)F)cc(C(F)(F)F)c1,5.866780543267506,1
CC(C)(Nc1ncc(C(=O)NO)cn1)c1ccc(C(F)(F)F)cc1,6.051098239029786,1
CC(C)(Nc1ncc(C(=O)NO)cn1)c1ccc(C(F)(F)F)cc1F,6.103473782510445,1
CC(C)(Nc1ncc(C(=O)NO)cn1)c1ccc(Cl)c(Cl)c1,7.070581074285707,1
CC(C)(Nc1ncc(C(=O)NO)cn1)c1ccc(Cl)cc1F,6.349692476868063,1
CC(C)(Nc1ncc(C(=O)NO)cn1)c1ccc(F)c(F)c1,6.204815410317575,1
CC(C)(Nc1ncc(C(=O)NO)cn1)c1ccc(F)cc1,6.118615343229427,1
CC(C)(Nc1ncc(C(=O)NO)cn1)c1ccc(F)cc1F,6.1904402853647325,1
CC(C)(Nc1ncc(C(=O)NO)cn1)c1cccc(F)c1,5.942333896090171,1
CC(C)(Nc1ncc(C(=O)NO)cn1)c1ccccc1,5.933301449577005,1
CC(C)(Nc1ncc(C(=O)NO)cn1)c1ccccc1F,6.301029995663981,1
CC(C)(O)C(=O)Nc1cc(-c2cccs2)ccc1N,5.515700160653214,1
CC(C)(O)COc1ccc(-c2cnc(N3CCC(NCc4ccc(/C=C(/F)C(=O)NO)cc4)CC3)c(C#N)c2-c2ccc(C#N)c(F)c2)cc1O,8.314258261397736,1
CC(C)(O)COc1ccc(-c2cnc(N3CCC(NCc4ccc(/C=C/C(=O)NO)c(C#N)c4)CC3)c(C#N)c2-c2ccc(C#N)c(F)c2)cc1O,7.872895201635192,1
CC(C)(O)COc1ccc(-c2cnc(N3CCC(NCc4ccc(/C=C/C(=O)NO)cc4)CC3)c(C#N)c2-c2ccc(C#N)c(F)c2)cc1O,8.903089986991944,1
CC(C)(O)COc1ccc(-c2cnc(N3CCC(NCc4ccc(/C=C/C(=O)NO)cc4)CC3)c(CC#N)c2-c2ccc(C#N)c(F)c2)cc1O,8.752026733638193,1
CC(C)(O)COc1ccc(-c2cnc(N3CCC(NCc4ccc(/C=C/C(=O)NO)cn4)CC3)c(C#N)c2-c2ccc(C#N)c(F)c2)cc1O,8.511449283499555,1
CC(C)(O)COc1ccc(-c2cnc(N3CCC(NCc4ccc(/C=C/C(=O)NO)nc4)CC3)c(C#N)c2-c2ccc(C#N)c(F)c2)cc1O,8.71669877129645,1
CC(C)(O)COc1ccc(-c2cnc(N3CCC(NCc4ccc(CCC(=O)NO)cc4)CC3)c(C#N)c2-c2ccc(C#N)c(F)c2)cc1O,8.51427857351842,1
CC(C)(O)COc1ccc(-c2cnc(N3CCC(NCc4ccc(OCC(=O)NO)cc4)CC3)c(C#N)c2-c2ccc(C#N)c(F)c2)cc1O,8.826813731587727,1
CC(C)(O)COc1ccc(-c2cnc(N3CCC(NCc4cnc(/C=C/C(=O)NO)nc4)CC3)c(C#N)c2-c2ccc(C#N)c(F)c2)cc1O,8.703334809738468,1
CC(C)(O)Cc1sc(-c2nccs2)nc1C(=O)NCCCCC(=O)NO,5.803731989052829,3
CC(C)(O)c1ccc(-c2ccnc(NCc3ccc(C(=O)Nc4ccccc4N)cc3)n2)cn1,6.638272163982407,2
CC(C)(O)c1ccc(C(=O)NCCCCCC(=O)Nc2ccccc2N)cc1,6.39577394691553,1
CC(C)(c1ccccc1)c1cc(=O)[nH]c(SCCCCCC(=O)NO)n1,6.917214629683549,1
CC(C)/C=C/c1sc(-c2nccs2)nc1C(=O)NCCCCC(=O)NO,7.9620188825643865,3
CC(C)/C=C/c1sc(-c2nccs2)nc1C(=O)NCCCNC(=O)CS,6.0195421077239,1
CC(C)=C(c1ccccc1)c1ccc(/C=C/C(=O)NO)cc1,5.593543321678572,2
CC(C)=CCC/C(C)=C/CC/C(C)=C/CSc1ccccc1C(=O)NCCCCC(=O)NO,7.236572006437063,1
CC(C)=CCC/C(C)=C\CC/C(C)=C\CSc1ccccc1C(=O)NCCCCC(=O)NO,9.236572006437065,2
CC(C)=CCN(CC=C(C)C)c1ccc(-c2nc(N3CCOCC3)c3nc(CN(C)c4ncc(C(=O)NO)cn4)n(C)c3n2)cc1,8.0,1
CC(C)=CCc1c2c(c3occ(-c4ccc(O)c(O)c4)c(=O)c3c1O)C=CC(C)(C)O2,5.978810700930062,1
CC(C)=CCc1c2c(c3occ(-c4ccc(O)cc4)c(=O)c3c1O)C=CC(C)(C)O2,5.185086818724926,1
CC(C)=Cc1sc(-c2nccs2)nc1C(=O)NCCCCC(=O)NO,6.769551078621726,1
CC(C)C(/C=C/c1ccccc1)n1cc(/C=C/C(=O)NO)nn1,7.657577319177793,1
CC(C)C(=O)N1CCC(C(=O)N(Cc2ccc(-c3noc(C(F)(F)F)n3)cc2)c2cccc(C(F)(F)F)c2)CC1,5.853871964321762,1
CC(C)C(=O)N1CCN(S(=O)(=O)N(Cc2ccc(-c3nnc(C(F)(F)F)o3)cc2F)c2ccccc2)CC1,6.804100347590767,1
CC(C)C(=O)N1CCN(S(=O)(=O)N(Cc2ccc(-c3nnc(C(F)F)o3)cc2F)c2ccccc2)CC1,7.2839966563652,1
CC(C)C(=O)NC(Cc1ccc(-c2noc(C(F)(F)F)n2)cn1)c1cccc(C(F)(F)F)c1,6.167491087293763,1
CC(C)C(=O)NCc1ccc(C(=O)Nc2cc(-c3ccccc3)ccc2N)cc1,8.0,1
CC(C)C(=O)NCc1ccc(C(=O)Nc2cc(-c3cccs3)ccc2N)cc1,7.795880017344075,1
CC(C)C(=O)Nc1cc(-c2cccs2)ccc1N,7.301029995663981,1
CC(C)C(C(=O)N(C)c1ccc(C(=O)NO)cc1)c1ccccc1,6.357535479757878,2
CC(C)C(C(=O)Nc1ccc(/C=C/C(=O)NO)nc1)c1ccccc1,7.091514981121351,2
CC(C)C(C(=O)Nc1ccc(/C=C/C(=O)Nc2ccccc2N)nc1)c1ccccc1,6.821023052706831,2
CC(C)C(C(=O)Nc1ccc(C(=O)NO)c(Cl)c1)c1ccccc1,5.0614802748235075,2
CC(C)C(C(=O)Nc1ccc(C(=O)NO)cc1)c1ccccc1,7.575666242645421,3
CC(C)C(C(=O)Nc1ccc(C(=O)NO)cc1Cl)c1ccccc1,5.972650392225244,2
CC(C)C(C(=O)Nc1ccc(C(=O)NO)cn1)c1ccccc1,7.657577319177793,2
CC(C)C(C(=O)Nc1ccc(C(=O)NO)nc1)c1ccccc1,5.995678626217357,2
CC(C)C(C(=O)Nc1ccc(C(=O)Nc2ccccc2N)cc1)c1ccccc1,6.636388020107855,2
CC(C)C(C(=O)Nc1ccc(C(=O)Nc2ccccc2N)nc1)c1ccccc1,6.481486060122112,2
CC(C)C(NC(=O)CCCNC(=O)CS)C(=O)Nc1cnc2ccccc2c1,5.51999305704285,1
CC(C)C(NC(=O)CCNC(=O)CS)C(=O)Nc1cnc2ccccc2c1,4.600326278518962,1
CC(C)C(NC(=O)c1ccc(C(=O)NO)cc1)c1ccccc1,5.674484336636851,2
CC(C)C(c1ccc(C(=O)NO)cc1)C(C)C,4.623423042943488,1
CC(C)C(c1nc2ccccc2o1)n1cc(/C=C/C(=O)NO)nn1,7.638272163982407,1
CC(C)C(c1nc2ccccc2s1)n1cc(/C=C/C(=O)NO)nn1,8.301029995663981,1
CC(C)C1(Nc2ncc(C(=O)NO)cn2)CCN(C(=O)OCc2ccccc2)CC1,6.924453038607469,1
CC(C)C1(Nc2ncc(C(=O)Nc3cc(-c4cccs4)ccc3N)cn2)CCN(C(=O)N2CCN(C)CC2)CC1,8.154901959985743,1
CC(C)C1CC1c1sc(-c2nccs2)nc1C(=O)NCCCCC(=O)NO,6.201119752451881,3
CC(C)CC(/C=C/c1ccccc1)n1cc(/C=C/C(=O)NO)nn1,6.076755981369724,1
CC(C)CC(=O)NCc1ccc(C(=O)Nc2cc(-c3ccccc3)ccc2N)cc1,7.853871964321762,1
CC(C)CC(=O)NCc1ccc(C(=O)Nc2cc(-c3cccs3)ccc2N)cc1,7.823908740944319,1
CC(C)CC(c1nc2ccccc2o1)n1cc(/C=C/C(=O)NO)nn1,7.721246399047171,1
CC(C)CCN(C)Cc1c(C(C)(C)C)nc2cc(/C=C/C(=O)NO)ccn12,6.455931955649724,1
CC(C)CCN(CCCCCC(=O)NO)c1ncc(C(=O)NCCCn2ccnc2)s1,7.221848749616356,2
CC(C)CCN(CCCCCCC(=O)NO)c1ncc(C(=O)NCCCn2ccnc2)s1,8.698970004336019,2
CC(C)CCN(CCCCCCC(=O)NO)c1ncc(C(=O)NCc2cccnc2)s1,7.443697499232712,2
CC(C)CCNCc1ccc(C(=O)Nc2cc(-c3ccccc3)ccc2O)cc1,7.0,1
CC(C)CCNNC(=O)c1ccc(CN(CC(=O)NCc2ccccc2)C(=O)c2ccc(N(C)C)cc2)cc1,6.614393726401688,2
CC(C)CCc1c(OCCCCC(=O)NO)ccc(CCC(=O)NO)c1O,6.370284667352868,1
CC(C)CCc1c(OCCCCC(=O)NO)ccc2c1OC(=O)CC2,6.147764060588113,1
CC(C)CCc1c(OCCCCC(=O)NO)ccc2ccc(=O)oc12,6.281332264683789,1
CC(C)CCc1c(OCCCCCC(=O)NO)ccc(CCC(=O)NO)c1O,6.677987561417599,1
CC(C)CCc1c(OCCCCCC(=O)NO)ccc2c1OC(=O)CC2,6.371100435579393,1
CC(C)CCc1c(OCCCCCC(=O)NO)ccc2ccc(=O)oc12,6.892111974817201,1
CC(C)CCc1c(OCCCCCCC(=O)NO)ccc(CCC(=O)NO)c1O,7.447915155436266,3
CC(C)CCc1c(OCCCCCCC(=O)NO)ccc2c1OC(=O)CC2,7.3937120371089895,3
CC(C)CCc1c(OCCCCCCC(=O)NO)ccc2ccc(=O)oc12,7.5453496982471835,3
CC(C)CCc1c(OCCCCCCCC(=O)NO)ccc(CCC(=O)NO)c1O,7.434614520575923,3
CC(C)CCc1c(OCCCCCCCC(=O)NO)ccc2c1OC(=O)CC2,6.951946826884392,1
CC(C)CCc1c(OCCCCCCCC(=O)NO)ccc2ccc(=O)oc12,7.4089353929735005,1
CC(C)CCc1c(OCCCCOc2ccc(/C=C/C(=O)NO)cc2)ccc2c1OC(=O)CC2,6.690678741899337,2
CC(C)CCc1c(OCCCOc2cccc(/C=C/C(=O)NO)c2)ccc2c1OC(=O)CC2,7.188091181344221,4
CC(C)CCc1c(OCCOc2ccc(/C=C/C(=O)NO)cc2)ccc2c1OC(=O)CC2,7.080347098083498,4
CC(C)CCc1c(OCCOc2cccc(/C=C/C(=O)NO)c2)ccc2c1OC(=O)CC2,7.17447686808774,4
CC(C)CCc1nc2cc(/C=C/C(=O)NO)ccn2c1CNC(C)(C)C,7.698970004336019,1
CC(C)CCn1ccc2ccc(NC(=O)CCCCCCC(=O)NO)cc2c1=O,7.180390272231919,2
CC(C)CN(Cc1ccc(C(=O)NO)cc1)C(=O)Nc1ccccc1,5.212539525481585,2
CC(C)CN(Cc1ccccc1)Cc1ccc(/C=C/C(=O)NO)o1,4.956787805295751,3
CC(C)CN1CCN(c2ccc(C(=O)NO)cc2)C1=O,6.6020599913279625,2
CC(C)CN1c2ccc(/C=C/C(=O)NO)cc2NC1CCc1ccccc1,6.537602002101044,1
CC(C)CNC(=O)C(Cc1c[nH]c2ccccc12)NC(=O)c1ccc(/C=C/C(=O)NO)cc1,6.823908740944319,1
CC(C)CNC(=O)[C@H](Cc1c[nH]c2ccccc12)NC(=O)/C=C/c1ccc(C(=O)NO)cc1,6.505984625242856,1
CC(C)CNCc1ccc(C(=O)Nc2cc(-c3ccccc3)ccc2N)cc1,7.455931955649724,1
CC(C)CNCc1ccc(C(=O)Nc2cc(-c3ccccc3)ccc2O)cc1,6.953390423167137,3
CC(C)COC(=O)NCc1ccc(C(=O)Nc2cc(-c3ccccc3)ccc2N)cc1,7.346787486224656,1
CC(C)COC(=O)NCc1ccc(C(=O)Nc2cc(-c3cccs3)ccc2N)cc1,7.508638306165727,1
CC(C)COC(=O)Nc1cc(-c2cccs2)ccc1N,5.515700160653214,1
CC(C)COC(=O)Nc1cc(C2=CCCC2)ccc1N,4.755722879198157,1
CC(C)C[C@@H](C(=O)N1CCC(Nc2ncc(C(=O)NO)cn2)(c2ccccc2)CC1)c1ccccc1,7.638272163982407,1
CC(C)C[C@@H](NC(=O)[C@H](Cc1ccccc1)NC(=O)c1cnc(C(=O)Nc2ccccc2N)cn1)B1OC2CC3CC(C3(C)C)[C@@]2(C)O1,7.627087997029894,1
CC(C)C[C@@H]1CC(=O)N(CC(=O)NCCCCCC(=O)NO)C1=O,5.301029995663981,2
CC(C)C[C@@H]1CC(=O)N([C@@H](CC2CCCCC2)C(=O)NCCCCCC(=O)NO)C1=O,6.1938200260161125,2
CC(C)C[C@@H]1CC(=O)N([C@@H](Cc2ccccc2)C(=O)NCCCCCC(=O)NO)C1=O,7.00436480540245,2
CC(C)C[C@@H]1N=C(c2ccccc2)c2ccccc2N(CCCCC(=O)NO)C1=O,5.229147988357855,2
CC(C)C[C@@H]1NC(=O)C(C)(C)NC(=O)[C@H](CCCCCSSc2ccccn2)NC(=O)[C@H]2CCCN2C1=O,7.236572006437063,2
CC(C)C[C@@H]1NC(=O)[C@H]2CSSCC/C=C/[C@H](CC(=O)N[C@H](C(C)C)C(=O)N2)OC(=O)CNC1=O,7.950851231752651,2
CC(C)C[C@@]1(C(N)=O)NC(=O)C[C@]1(C)O,5.431798275933005,2
CC(C)C[C@H](C(=O)N1CCC(Nc2ncc(C(=O)NO)cn2)(c2ccccc2)CC1)c1ccccc1,6.991399828238082,1
CC(C)C[C@H](NC(=O)CNC(=O)c1ccc(/C=C/C(=O)NO)cc1)B1O[C@@H]2[C@@H]3C[C@H](C[C@]2(C)O1)C3(C)C,7.039053804266168,1
CC(C)C[C@H](NC(=O)CNC(=O)c1ccc(C(=O)Nc2ccccc2N)cc1)B1O[C@@H]2[C@@H]3C[C@H](C[C@]2(C)O1)C3(C)C,5.087246696328677,1
CC(C)C[C@H](NC(=O)CNC(=O)c1cccc(/C=C/C(=O)NO)c1)B1O[C@@H]2[C@@H]3C[C@H](C[C@]2(C)O1)C3(C)C,7.331319463934254,4
CC(C)C[C@H](NC(=O)OC(C)(C)C)C(=O)N1CC2(C[C@H]1C(=O)NCCCCCC(=O)NO)SCCS2,6.167491087293763,2
CC(C)C[C@H](NC(=O)[C@@H](O)[C@H](N)Cc1ccccc1)C(=O)NCc1ccc(C(=O)NO)cc1,5.991399828238082,1
CC(C)C[C@H](NC(=O)[C@@H](O)[C@H](N)Cc1ccccc1)C(=O)NCc1ccc(C(=O)NO)cc1.Cl,5.991399828238082,1
CC(C)C[C@H](NC(=O)[C@@H](O)[C@H](N)Cc1ccccc1)C(=O)NCc1ccc(C(=O)Nc2ccccc2N)cc1,7.045757490560675,2
CC(C)C[C@H](NC(=O)[C@H](Cc1c[nH]c2ccccc12)NC(=O)c1ccc(/C=C/C(=O)NO)cc1)B1O[C@@H]2[C@@H]3C[C@H](C[C@]2(C)O1)C3(C)C,7.735182176990463,1
CC(C)C[C@H](NC(=O)[C@H](Cc1c[nH]c2ccccc12)NC(=O)c1ccc(C(=O)NO)cc1)B1O[C@@H]2[C@@H]3C[C@H](C[C@]2(C)O1)C3(C)C,6.058488567365597,1
CC(C)C[C@H](NC(=O)[C@H](Cc1c[nH]c2ccccc12)NC(=O)c1ccc(C(=O)Nc2ccccc2N)cc1)B1O[C@@H]2[C@@H]3C[C@H](C[C@]2(C)O1)C3(C)C,5.007446482167865,1
CC(C)C[C@H](NC(=O)[C@H](Cc1c[nH]c2ccccc12)NC(=O)c1cccc(/C=C/C(=O)NO)c1)B1O[C@@H]2[C@@H]3C[C@H](C[C@]2(C)O1)C3(C)C,7.966576244513051,1
CC(C)C[C@H](NC(=O)[C@H](Cc1c[nH]c2ccccc12)NC(=O)c1cccc(C(=O)NO)c1)B1O[C@@H]2[C@@H]3C[C@H](C[C@]2(C)O1)C3(C)C,5.844663962534938,1
CC(C)C[C@H](NC(=O)[C@H](Cc1ccccc1)NC(=O)c1ccc(C(=O)NO)cc1)B1O[C@@H]2[C@@H]3C[C@H](C[C@]2(C)O1)C3(C)C,5.481486060122112,1
CC(C)C[C@H](NC(=O)[C@H](Cc1ccccc1)NC(=O)c1ccc(C(=O)Nc2ccccc2N)cc1)B1O[C@@H]2[C@@H]3C[C@H](C[C@]2(C)O1)C3(C)C,6.022339234480459,4
CC(C)C[C@H](NC(=O)[C@H](Cc1ccccc1)NC(=O)c1cnccn1)B(O)O,6.207608310501746,2
CC(C)C[C@H]1C(=O)N([C@@H](Cc2ccccc2)C(=O)NCCCCCC(=O)NO)C(=O)C12CCCC2,7.180456064458131,1
CC(C)C[C@H]1C(=O)N2C[C@@H]1CCCCCOc1ccc(cc1)C[C@H]2C(=O)NCCCCCC(=O)NO,7.42021640338319,1
CC(C)C[C@H]1CC(=O)NC(C)(C)C(=O)N[C@@H](CCCCCC(=O)O)C(=O)N[C@@H](Cc2cccc3ccccc23)C(=O)N1,6.677984059641182,3
CC(C)C[C@H]1CC(=O)N[C@@H](C)C(=O)N[C@@H](CCCCCC(=O)NO)C(=O)N[C@@H](Cc2c[nH]c3ccccc23)C(=O)N1,8.673814110185207,7
CC(C)C[C@H]1CC(=O)N[C@@H](C)C(=O)N[C@@H](CCCCCC(=O)O)C(=O)N[C@@H](Cc2c[nH]c3ccccc23)C(=O)N1,6.73380599496512,6
CC(C)C[C@H]1CC(=O)N[C@@H](C)C(=O)N[C@@H](CCCCCC(=O)O)C(=O)N[C@@H](Cc2cccc3ccccc23)C(=O)N1,6.663215601844321,8
CC(C)C[C@H]1CC(=O)N[C@@H](C)C(=O)N[C@@H](CCCCCC(=O)O)C(=O)N[C@@H](Cc2ccccc2)C(=O)N1,6.266802734893431,1
CC(C)C[C@H]1CC(=O)N[C@@H](C)C(=O)N[C@@H](CCCCCC(N)=O)C(=O)N[C@@H](Cc2c[nH]c3ccccc23)C(=O)N1,5.568636235841012,2
CC(C)C[C@H]1CC(=O)N[C@@H](C)C(=O)N[C@@H](CSCCC(=O)O)C(=O)N[C@@H](Cc2c[nH]c3ccccc23)C(=O)N1,5.315154638355588,2
CC(C)C[C@H]1CC(=O)N[C@@H](CCCN=C(N)N)C(=O)N[C@@H](CCCCCC(=O)O)C(=O)N[C@@H](Cc2cccc3ccccc23)C(=O)N1,6.7495799976911055,1
CC(C)C[C@H]1CC(=O)N[C@@H](Cc2ccccc2)C(=O)N[C@@H](CCCCCC(=O)NO)C(=O)N[C@@H](Cc2c[nH]c3ccccc23)C(=O)N1,8.096910013008056,2
CC(C)C[C@H]1CC(=O)N[C@@H](Cc2ccccc2)C(=O)N[C@@H](CCCCCC(=O)O)C(=O)N[C@@H](Cc2cccc3ccccc23)C(=O)N1,6.7653644370331705,4
CC(C)C[C@H]1CN[C@H](C(=O)NCCCCCC(=O)NO)Cc2ccc(cc2)OCCCCC[C@H]1C(=O)OC(C)(C)C,8.67778070526608,1
CC(C)C[C@H]1NC(=O)[C@H]2CSSCC/C=C/[C@H](CC(=O)N[C@H](C(C)C)C(=O)N2)OC(=O)CNC1=O,9.017728766960431,2
CC(C)Cc1c(OCCOc2cccc(/C=C/C(=O)NO)c2)ccc2c1OC(=O)CC2,7.174899681691312,2
CC(C)Cc1ccc(C(C)C(=O)N[C@H](COc2ccc(/C=C/C(=O)NO)cc2)Cc2c[nH]c3ccccc23)cc1,5.981674054597079,1
CC(C)Cc1nc2cc(/C=C/C(=O)NO)ccc2n1CC(C)(C)CN(C)C,6.756961951313706,2
CC(C)Cc1nc2cc(/C=C/C(=O)NO)ccc2n1CCCO,7.116292015609668,5
CC(C)Cc1nc2cc(/C=C/C(=O)NO)ccc2n1CCc1ccccc1,5.8794260687941495,3
CC(C)Cc1nc2cc(/C=C/C(=O)NO)ccc2n1CCc1ccccn1,5.877456475931244,3
CC(C)Cc1nc2cc(/C=C/C(=O)NO)ccc2n1Cc1ccccc1,5.835647144215563,3
CC(C)Cc1nc2cc(/C=C/C(=O)NO)ccn2c1CNC(C)(C)C,7.301029995663981,1
CC(C)Cc1nc2cc(CCC(=O)NO)ccc2n1CCCO,4.309272456129633,3
CC(C)Cc1sc(-c2cscn2)nc1C(=O)NCCCCC(=O)NO,5.957818405484234,1
CC(C)Cc1sc(-c2nccs2)nc1C(=O)NCCCCC(=O)C(F)(F)F,7.012602351902547,2
CC(C)Cc1sc(-c2nccs2)nc1C(=O)NCCCCC(=O)NO,7.12129559801898,5
CC(C)Cc1sc(-c2nccs2)nc1C(=O)NCCCCC(=O)Nc1ccccc1N,5.228339040651113,1
CC(C)Cc1sc(-c2nccs2)nc1C(=O)NCCCCCC(=O)NO,7.455931955649724,1
CC(C)Cc1sc(-c2nccs2)nc1C(=O)NCCCCCC(=O)Nc1ccccc1N,6.007004901568658,1
CC(C)Cc1sc(-c2nccs2)nc1C(=O)NCCCCCCC(=O)NO,6.7495799976911055,1
CC(C)Cc1sc(-c2nccs2)nc1C(=O)NCCCCCCC(=O)Nc1ccccc1N,4.814089714959286,1
CC(C)Cc1sc(-c2nccs2)nc1C(=O)NCCCCCCCC(=O)NO,7.67778070526608,1
CC(C)Cc1sc(-c2nccs2)nc1C(=O)NCCCCCCNC(=O)CS,5.97798426018228,1
CC(C)Cc1sc(-c2nccs2)nc1C(=O)NCCCCCCS,4.685332391882487,1
CC(C)Cc1sc(-c2nccs2)nc1C(=O)NCCCCCNC(=O)CS,6.580044251510242,1
CC(C)Cc1sc(-c2nccs2)nc1C(=O)NCCCCNC(=O)CS,5.346112441929023,1
CC(C)Cc1sc(-c2nccs2)nc1C(=O)NCCCNC(=O)CS,6.742321425130816,1
CC(C)Cc1sc(-c2nccs2)nc1C(=O)Nc1ccc(/C=C/C(=O)NO)cc1,6.180456064458131,2
CC(C)Cc1sc(-c2nccs2)nc1C(=O)Nc1ccc(C(=O)NO)cc1,5.991399828238083,3
CC(C)Cc1sc(-c2nccs2)nc1C(=O)Nc1cccc(/C=C/C(=O)NO)c1,6.18243463044022,1
CC(C)Cn1c2c(c3ccccc31)CCN(C(=O)CCCCCCC(=O)NO)C2,8.619788758288394,2
CC(C)Cn1cnc2c(NCCCCCCC(=O)NO)nc(Cl)nc21,7.568636235841012,1
CC(C)Cn1cnc2c(NCCCCCCC(=O)NO)nc(NCc3ccccc3)nc21,7.086186147616283,1
CC(C)N(C(=O)/C=C/c1ccccc1)c1cccc(CN2CCc3nc(C(=O)NO)sc3C2)c1,4.9396799713117145,2
CC(C)N(CCc1c(-c2ccccc2)nn2ccccc12)Cc1ccc(/C=C/C(=O)NO)cc1,8.522878745280337,2
CC(C)N(CCc1c(C(C)(C)O)[nH]c2ccccc12)Cc1ccc(/C=C/C(=O)NO)cc1,8.397940008672037,2
CC(C)N(CCc1c[nH]c2ccccc12)Cc1ccc(/C=C/C(=O)NO)cc1,7.638272163982407,3
CC(C)N(CCn1c(-c2cccc(/C=C/C(=O)NO)c2)nc2ccccc21)C(C)C,7.3979400086720375,2
CC(C)N(Cc1ccc(-c2ccccc2)cc1)Cc1ccc(/C=C/C(=O)NO)o1,5.79317412396815,1
CC(C)N(Cc1ccc(C(=O)NO)cc1)C(C)C,4.623423042943488,1
CC(C)N(Cc1ccccc1)Cc1ccc(/C=C/C(=O)NO)o1,5.998410267625495,3
CC(C)N1CCC(NCc2ccc(-c3noc(C(F)(F)F)n3)cn2)C1=O,5.356547323513812,1
CC(C)N1CCCC(C(=O)N(Cc2ccc(-c3noc(C(F)(F)F)n3)cn2)c2cccc(F)c2)C1,6.585026652029182,1
CC(C)N1CCN(CC2CCc3c(c4cc(F)ccc4n3Cc3ccc(C(=O)NO)cc3)C2=O)CC1,5.645891560852599,2
CC(C)N1CCN(Cc2cnc(-c3ccc(C(=O)Nc4ccccc4N)cc3)c(C#N)c2)CC1,7.990026659160579,2
CC(C)N1CCN(Cc2cnc(-c3ccc(C(=O)Nc4ccccc4N)cc3)c(Cl)c2)CC1,7.883070618717586,2
CC(C)N1CCN(Cc2cnc(-c3ccc(C(=O)Nc4ccccc4N)cc3)c(F)c2)CC1,7.480763439685022,2
CC(C)N1CCN(S(=O)(=O)N(Cc2ccc(-c3nnc(C(F)(F)F)o3)cc2F)c2ccccc2)CC1,6.935542010773082,1
CC(C)N1CCN(S(=O)(=O)N(Cc2ccc(-c3nnc(C(F)F)o3)cc2)c2ccc(F)c(Cl)c2)CC1,6.317854923626168,1
CC(C)N1CCN(S(=O)(=O)N(Cc2ccc(-c3nnc(C(F)F)o3)cc2)c2ccccc2)CC1,7.130768280269024,1
CC(C)N1CCN(S(=O)(=O)N(Cc2ccc(-c3nnc(C(F)F)o3)cc2F)c2ccccc2)CC1,7.337242168318426,1
CC(C)N1CCN(S(=O)(=O)N(Cc2ccc(-c3nnc(C(F)F)o3)cn2)c2ccc(F)c(Cl)c2)CC1,7.67778070526608,1
CC(C)N1CCN(c2nccc3ccc(NC(=O)CCCCCCC(=O)NO)cc23)CC1,7.37867214935766,2
CC(C)N1CCc2c(c3ccccc3n2Cc2ccc(C(=O)NO)cc2)C1,4.804100347590766,2
CC(C)NC(=O)N1CCC(C)(Nc2ncc(C(=O)Nc3cc(-c4cccs4)ccc3N)cn2)CC1,8.187086643357144,1
CC(C)NC(=O)Nc1cc(-c2cccs2)ccc1N,4.755722879198157,1
CC(C)NC(=O)OCc1ccc(-c2noc(C(F)(F)F)n2)cn1,6.180456064458131,1
CC(C)NC(=O)c1ccccc1NCc1ccc(-c2noc(C(F)(F)F)n2)cn1,5.920818753952375,1
CC(C)NCCNCc1ccc(C(=O)Nc2cc(-c3ccccc3)ccc2O)cc1,7.356547323513812,1
CC(C)Nc1c(C(C)C)nc2ccc(/C=C/C(=O)NO)cn12,5.568636235841012,1
CC(C)Nc1nc2c(s1)Cc1cc(/C=C/C(=O)NO)ccc1-2,6.669586226650809,1
CC(C)OC(=O)N(CCc1ccccc1)Cc1ccc(C(=O)NO)cc1,5.241088107602026,2
CC(C)OC(=O)NCc1ccc(C(=O)Nc2cc(-c3cccs3)ccc2N)cc1,7.721246399047171,1
CC(C)OC(=O)Nc1cc(-c2cccs2)ccc1N,4.755722879198157,1
CC(C)OCCCNCc1ccc(C(=O)Nc2cc(-c3ccccc3)ccc2O)cc1,7.022276394711152,1
CC(C)OCCCn1c(CCc2ccccc2)nc2cc(/C=C/C(=O)NO)ccc21,5.772113295386326,3
CC(C)Oc1ccc(-c2nc3ccc(C(=O)NO)cc3[nH]2)cc1,5.2441251443275085,1
CC(C)Oc1ccc(C(=O)NO)cc1NC(=O)c1ccccc1,5.443697499232712,2
CC(C)Oc1ccc(C(C)(C)O)cc1-c1cn(C)c(=O)c2[nH]c(C(=O)NCCCCCCC(=O)NO)cc12,7.716722334558472,2
CC(C)Oc1ccc(C(C)(C)O)cc1-c1cn(C)c(=O)c2[nH]c(C(=O)NCc3ccc(C(=O)NO)cc3)cc12,7.443697499232712,2
CC(C)Oc1ccc(C(C)(C)O)cc1-c1cn(C)c(=O)c2[nH]c(C(=O)NCc3ccc(C(=O)Nc4ccccc4N)cc3)cc12,7.222937209243494,2
CC(C)Oc1ccc2c(c1)c1[nH]c(=O)c3ccccc3c1n2CCCCC(=O)NO,6.698970004336019,2
CC(C)Oc1ccccc1-c1cn(C)c(=O)c2[nH]c(C(=O)NCc3ccc(C(=O)Nc4ccccc4N)cc3)cc12,6.935167941359385,2
CC(C)P(=O)(Cc1ccc(C(=O)Nc2cc(-c3cccs3)ccc2N)cc1)C(C)C,7.958607314841775,2
CC(C)S(=O)(=O)c1ccccc1Nc1nc(Nc2ccc(C(=O)NCCCCCCC(=O)NO)cc2)ncc1Cl,7.920818753952375,2
CC(C)S(=O)(=O)c1ccccc1Nc1nc(Nc2ccc(C(=O)Nc3ccccc3N)cc2)ncc1Cl,5.838631997765026,2
CC(C)S(=O)(=O)c1ccccc1Nc1nc(Nc2ccc(NC(=O)CCCCCCC(=O)NO)cc2)ncc1Cl,8.102372908709558,2
CC(C)SC(=S)SCC(=O)c1ccc(Cl)c(Cl)c1,7.0,1
CC(C)[C@@H](C(=O)N1CCC(Nc2ncc(C(=O)NO)cn2)(c2ccccc2)CC1)c1ccccc1,7.698970004336019,1
CC(C)[C@@H](C(=O)Nc1ccc(C(=O)NO)cc1)c1ccccc1,7.075720713938118,1
CC(C)[C@@H](C(=O)Nc1ccc(C(=O)Nc2ccc(F)cc2N)cc1)c1ccccc1,5.920818753952375,2
CC(C)[C@@H](C(=O)Nc1ccc(C(=O)Nc2ccc(F)cc2N)nc1)c1ccccc1,6.2839966563652006,2
CC(C)[C@@H](c1nc2ccccc2o1)n1cc(/C=C/C(=O)NO)nn1,8.154901959985743,1
CC(C)[C@@H]1C(=O)N(c2ccccc2)C(=O)N1Cc1ccc(C(=O)NO)cc1,4.928117992693875,2
CC(C)[C@@H]1N=C(c2ccccc2)c2ccccc2N(CCCCC(=O)NO)C1=O,5.278189384787453,2
CC(C)[C@@H]1NC(=O)Cn2cc(nn2)-c2csc(n2)CNC(=O)C[C@@H](/C=C/CCS)OC1=O,5.628932137728263,2
CC(C)[C@@H]1NC(=O)Cn2nnc(n2)-c2csc(n2)CNC(=O)C[C@@H](/C=C/CCS)OC1=O,7.0,2
CC(C)[C@@H]1NC(=O)Cn2nnnc2-c2csc(n2)CNC(=O)C[C@@H](/C=C/CCS)OC1=O,5.777283528852417,2
CC(C)[C@@H]1NC(=O)[C@@H]2CCCCCSSCCCCC[C@H](NC(=O)[C@H]3CCCN3C1=O)C(=O)N2,7.855428582033833,2
CC(C)[C@@H]1NC(=O)[C@@H]2CCCN2C(=O)[C@H]2CCCN2C(=O)C[C@@H](C(=O)NCCCC(=O)NO)NC1=O,4.600326278518962,2
CC(C)[C@@H]1NC(=O)[C@H]2CCCCCSSCCCCC[C@H](NC(=O)[C@H]3CCCN3C1=O)C(=O)N2,8.09151498112135,2
CC(C)[C@@H]1NC(=O)[C@H]2Cc3ccccc3CN2C(=O)[C@@H]2CCCCCSSCCCCC[C@@H](NC1=O)C(=O)N2,7.568636235841012,2
CC(C)[C@@H]1NC(=O)[C@]2(C)CSC(=N2)c2cccc(n2)CNC(=O)C[C@@H](/C=C/CCS)NC1=O,7.376750709602099,2
CC(C)[C@@H]1NC(=O)[C@]2(C)CSC(=N2)c2cccc(n2)CNC(=O)C[C@@H](/C=C/CCS)OC1=O,8.570250720906111,2
CC(C)[C@@H]1NC(=O)[C@]2(C)CSC(=N2)c2ccnc(c2)CNC(=O)C[C@@H](/C=C/CCS)NC1=O,7.882741358243656,2
CC(C)[C@@H]1NC(=O)[C@]2(C)CSC(=N2)c2ccnc(c2)CNC(=O)C[C@@H](/C=C/CCS)OC1=O,8.657577319177793,2
CC(C)[C@@H]1NC(=O)[C@]2(C)CSC(=N2)c2coc(n2)CNC(=O)C[C@@H](/C=C/CCS)OC1=O,8.356547323513812,1
CC(C)[C@@H]1NC(=O)[C@]2(C)CSC(=N2)c2coc(n2)CNC(=O)C[C@@H](/C=C/CCSSCC/C=C/[C@@H]2CC(=O)NCc3nc(co3)C3=N[C@@](C)(CS3)C(=O)N[C@@H](C(C)C)C(=O)O2)OC1=O,6.823908740944319,1
CC(C)[C@@H]1NC(=O)[C@]2(C)CSC(=N2)c2csc(n2)CNC(=O)C(F)(F)[C@@H](/C=C/CCS)NC1=O,8.200315045651141,2
CC(C)[C@@H]1NC(=O)[C@]2(C)CSC(=N2)c2csc(n2)CNC(=O)C[C@@H](/C(F)=C/CCS)NC1=O,8.537602002101044,2
CC(C)[C@@H]1NC(=O)[C@]2(C)CSC(=N2)c2csc(n2)CNC(=O)C[C@@H](/C(F)=C/CCS)OC1=O,8.356547323513812,2
CC(C)[C@@H]1NC(=O)[C@]2(C)CSC(=N2)c2csc(n2)CNC(=O)C[C@@H](/C=C(\F)CCS)OC1=O,9.337242168318426,2
CC(C)[C@@H]1NC(=O)[C@]2(C)CSC(=N2)c2csc(n2)CNC(=O)C[C@@H](/C=C/C(F)(F)CS)OC1=O,7.922271249274079,2
CC(C)[C@@H]1NC(=O)[C@]2(C)CSC(=N2)c2csc(n2)CNC(=O)C[C@@H](/C=C/CCC(=O)NO)OC1=O,7.585026652029182,2
CC(C)[C@@H]1NC(=O)[C@]2(C)CSC(=N2)c2csc(n2)CNC(=O)C[C@@H](/C=C/CCC(=O)Nc2ccccc2N)OC1=O,6.568636235841012,2
CC(C)[C@@H]1NC(=O)[C@]2(C)CSC(=N2)c2csc(n2)CNC(=O)C[C@@H](/C=C/CCNC(=O)CS)OC1=O,6.0,2
CC(C)[C@@H]1NC(=O)[C@]2(C)CSC(=N2)c2csc(n2)CNC(=O)C[C@@H](/C=C/CCS)NC1=O,8.70446769648675,2
CC(C)[C@@H]1NC(=O)[C@]2(C)CSC(=N2)c2csc(n2)CNC(=O)C[C@@H](/C=C/CCS)OC1=O,8.970592329219297,7
CC(C)[C@@H]1NC(=O)[C@]2(C)CSC(=N2)c2csc(n2)CNC(=O)C[C@@H](/C=C/CCSCCS)OC1=O,7.3979400086720375,2
CC(C)[C@@H]1NC(=O)[C@]2(C)CSC(=N2)c2csc(n2)CNC(=O)C[C@@H](/C=C/CCSSCC/C=C/[C@@H]2CC(=O)NCc3nc(cs3)C3=N[C@@](C)(CS3)C(=O)N[C@@H](C(C)C)C(=O)O2)OC1=O,9.522878745280337,2
CC(C)[C@@H]1NC(=O)[C@]2(C)CSC(=N2)c2csc(n2)CNC(=O)C[C@@H](/C=C/CCSSC[C@H](NC(=O)OC(C)(C)C)C(=O)OC(C)(C)C)OC1=O,9.397940008672037,2
CC(C)[C@@H]1NC(=O)[C@]2(C)CSC(=N2)c2csc(n2)CNC(=O)C[C@H](/C(F)=C/CCS)OC1=O,7.103751625982152,2
CC(C)[C@@H]1NC(=O)c2csc(n2)-c2csc(n2)CNC(=O)C[C@@H](/C=C/CCS)OC1=O,7.113509274827518,2
CC(C)[C@H](C(=O)N1CCC(Nc2ncc(C(=O)NO)cn2)(c2ccccc2)CC1)c1ccccc1,6.686132779630847,1
CC(C)[C@H](C(=O)Nc1ccc(C(=O)NO)cc1)c1ccccc1,7.4291746928241125,4
CC(C)[C@H](C(=O)Nc1ccc(C(=O)Nc2ccc(F)cc2N)nc1)c1ccccc1,5.823908740944319,2
CC(C)[C@H](N)C(=O)SCC/C=C/[C@@H]1CC(=O)NCc2nc(cs2)C(=O)NC(C)(C)C(=O)N[C@@H](C(C)C)C(=O)O1.O=S(=O)(O)c1ccccc1,8.920818753952375,1
CC(C)[C@H](N)C(=O)SCCC1=C[C@@H]2CC(=O)N1Cc1nc(cs1)C(=O)NC(C)(C)C(=O)N[C@@H](C(C)C)C(=O)O2,8.920818753952375,1
CC(C)[C@H](NC(=O)[C@H](CCCCN)NC(=O)[C@H](CCCN=C(N)N)NC(=O)[C@H](CCCCN)NC(=O)[C@H](CCCCN)CC(=O)[C@H](CCCCN)NC(=O)[C@@H]1CCCN1C(=O)CNC(=O)CNC(=O)CCCc1cn(-c2ccc(-c3cn(CCCCCC(=O)NO)nn3)cc2)nn1)C(=O)NCC(=O)NCC(N)=O,7.443697499232712,1
CC(C)[C@H](NC(=O)[C@H](CCCCN)NC(=O)[C@H](CCCN=C(N)N)NC(=O)[C@H](CCCCN)NC(=O)[C@H](CCCCN)CC(=O)[C@H](CCCCN)NC(=O)[C@@H]1CCCN1C(=O)CNC(=O)CNC(=O)CCCc1cn(-c2ccc(-c3cn(CCCCCCC(=O)NO)nn3)cc2)nn1)C(=O)NCC(=O)NCC(N)=O,7.853871964321762,1
CC(C)[C@H](NC(=O)[C@H](CCCCN)NC(=O)[C@H](CCCN=C(N)N)NC(=O)[C@H](CCCCN)NC(=O)[C@H](CCCCN)CC(=O)[C@H](CCCCN)NC(=O)[C@@H]1CCCN1C(=O)CNC(=O)CNC(=O)CCCc1cn(-c2ccc(-c3cn(CCCCCCCC(=O)NO)nn3)cc2)nn1)C(=O)NCC(=O)NCC(N)=O,7.6020599913279625,1
CC(C)[C@H](NC(=O)[C@]1(C)CSC(c2cscn2)=N1)C(=O)OC/C=C/CCS,4.774174008538107,2
CC(C)[C@H](NC(=O)c1csc(-c2cscn2)n1)C(=O)NCCC(=O)NO,5.015132667142832,3
CC(C)[C@H](NC(=O)c1csc(-c2cscn2)n1)C(=O)NCCCC(=O)NO,5.586868014373651,3
CC(C)[C@H](NC(=O)c1csc(-c2cscn2)n1)C(=O)OC/C=C/CCS,7.050665242834245,3
CC(C)[C@H](NC(=O)c1nc(-c2nccs2)sc1C1CC1)c1ccc(C(=O)NO)cc1,7.4187924819467765,2
CC(C)[C@H](c1nc2ccccc2o1)n1cc(/C=C/C(=O)NO)nn1,7.508638306165727,1
CC(C)[C@H]1CN(c2ccc(C(=O)Nc3ccccc3N)cn2)CCN1,6.517126416391246,2
CC(C)[C@H]1CN(c2ccc(C(=O)Nc3ccccc3N)cn2)CCN1C(=O)OCc1ccccc1,6.486782399932061,2
CC(C)[C@H]1NC(=O)C[C@H]2/C=C/CCSSC[C@@H](NC1=O)C(=O)NCC(=O)NCC(=O)O2,7.0352701007171685,2
CC(C)[C@H]1NC(=O)C[C@H]2/C=C/CCSSC[C@@H](NC1=O)C(=O)N[C@@H](C)C(=O)NCC(=O)O2,6.735182176990463,2
CC(C)[C@H]1NC(=O)C[C@H]2/C=C/CCSSC[C@@H](NC1=O)C(=O)N[C@@H](Cc1ccccc1)C(=O)NCC(=O)O2,7.388277990095192,2
CC(C)[C@H]1NC(=O)C[C@H]2/C=C/CCSSC[C@@H](NC1=O)C(=O)N[C@H](C(C)C)C(=O)NCC(=O)O2,8.578142512752294,3
CC(C)[C@H]1NC(=O)C[C@H]2/C=C/CCSSC[C@@H](NC1=O)C(=O)N[C@H](C)C(=O)NCC(=O)O2,8.67778070526608,2
CC(C)[C@H]1NC(=O)C[C@H]2/C=C/CCSSC[C@@H](NC1=O)C(=O)N[C@H](Cc1cccc3ccccc13)C(=O)NCC(=O)O2,9.193820026016112,2
CC(C)[C@H]1NC(=O)C[C@H]2/C=C/CCSSC[C@@H](NC1=O)C(=O)N[C@H](Cc1ccccc1)C(=O)NCC(=O)O2,8.934833115752497,4
CC(C)[C@H]1NC(=O)[C@@H](C)NC(=O)[C@@H](C(C)C)NC(=O)C[C@@H](/C=C/CCS)OC(=O)C[C@@H]1O,8.356547323513812,1
CC(C)[C@H]1NC(=O)[C@@H](C)NC(=O)[C@@H](C)NC(=O)C[C@@H](/C=C/CCS)OC(=O)CNC1=O,7.955931955649724,2
CC(C)[C@H]1NC(=O)[C@@H](C)NC(=O)[C@@H](C)NC(=O)C[C@H](/C=C/CCS)OC(=O)CNC1=O,7.756961951313706,1
CC(C)[C@H]1NC(=O)[C@@H](C)[C@@H](C/C=C\CCC(=O)O)NC(=O)[C@@H](Cc2ccc(O)cc2)NC(=O)[C@@H](C)NC1=O,5.931814138253838,1
CC(C)[C@H]1NC(=O)[C@@H](C)[C@@H](C/C=C\CCC(=O)O)NC(=O)[C@@H](Cc2ccccc2)NC(=O)[C@@H](C)NC1=O,6.607335082494616,2
CC(C)[C@H]1NC(=O)[C@@H](C)[C@@H](C/C=C\CCC(N)=O)NC(=O)[C@@H](Cc2ccc(O)cc2)NC(=O)[C@@H](C)NC1=O,5.73754891026957,1
CC(C)[C@H]1NC(=O)[C@@H](C)[C@@H](C/C=C\CCC(N)=O)NC(=O)[C@@H](Cc2ccccc2)NC(=O)[C@@H](C)NC1=O,7.346787486224656,1
CC(C)[C@H]1NC(=O)[C@@H](C)[C@@H](CC=CCCC(=O)O)NC(=O)[C@@H](Cc2ccc(O)cc2)NC(=O)[C@@H](C)NC1=O,5.931814138253838,1
CC(C)[C@H]1NC(=O)[C@@H](C)[C@@H](CC=CCCC(=O)O)NC(=O)[C@@H](Cc2ccccc2)NC(=O)[C@@H](C)NC1=O,6.607335082494616,2
CC(C)[C@H]1NC(=O)[C@@H](C)[C@@H](CC=CCCC(N)=O)NC(=O)[C@@H](Cc2ccc(O)cc2)NC(=O)[C@@H](C)NC1=O,5.73754891026957,1
CC(C)[C@H]1NC(=O)[C@@H](Cc2ccccc2)NC(=O)[C@@H](C)NC(=O)C[C@@H](/C=C/CCS)OC(=O)CNC1=O,7.327902142064282,1
CC(C)[C@H]1NC(=O)[C@H]2CSSCC/C=C/[C@H](CC(=O)N[C@H](C(C)C)C(=O)N2)OC(=O)C[C@@H]1O,9.1249387366083,2
CC(C)[C@H]1NC(=O)[C@H]2CSSCC/C=C/[C@H](CC(=O)N[C@H](C)C(=O)N2)OC(=O)CNC1=O,8.47188959187749,3
CC(C)[C@H]1NC(=O)[C@H]2CSSCC/C=C/[C@H](CC(=O)N[C@H](C)C(=O)N2)OC(=O)C[C@@H]1O,8.481486060122112,2
CC(C)[C@H]1NC(=O)[C@]2(C)CSC(=N2)c2csc(n2)CNC(=O)C[C@@H](/C=C/CCS)OC1=O,9.23889959043215,6
CC(C)c1[nH]c2ccccc2c1C1CCCN(Cc2ccc(/C=C/C(=O)NO)cc2)C1,8.221848749616356,2
CC(C)c1c(C(=O)Nc2ccccc2)c(-c2ccccc2)c(-c2ccc(F)cc2)n1CC[C@@H](O)C[C@@H](O)CC(=O)NO,6.916835046355463,3
CC(C)c1c(C(=O)Nc2ccccc2)c(-c2ccccc2)c(-c2ccc(F)cc2)n1CC[C@@H](O)C[C@@H](O)CC(=O)O,4.940821845515747,3
CC(C)c1cc(-c2n[nH]c(=O)n2-c2ccc(C(=O)NCCCCCCCC(=O)NO)cc2)c(O)cc1O,5.522878745280337,1
CC(C)c1cc(-n2nnc(C(=O)NCCCCCCC(=O)NO)c2-c2ccc(CN3CCOCC3)cc2)c(O)cc1O,5.508638306165727,2
CC(C)c1cc(C(=O)N(C)Cc2ccc(C(=O)NO)cc2)c(O)cc1O,6.183924524560721,4
CC(C)c1cc(C(=O)N(C)c2ccc(NC(=O)CCCCCC(=O)NO)cc2)c(O)cc1O,3.407379178678018,1
CC(C)c1cc(C(=O)N(C)c2ccc(NC(=O)CCCCCCC(=O)NO)cc2)c(O)cc1O,5.158808724516237,3
CC(C)c1cc(C(=O)N(C)c2ccc(NC(=O)CCCCCCCC(=O)NO)cc2)c(O)cc1O,4.625921383163747,3
CC(C)c1cc(C(=O)N(C)c2ccc(NC(=O)CCCCCCCCC(=O)NO)cc2)c(O)cc1O,3.1727406070088575,1
CC(C)c1cc(C(=O)N(C)c2cccc(NC(=O)CCCCCCC(=O)NO)c2)c(O)cc1O,3.6750388469626456,1
CC(C)c1cc(C(=O)N2CCc3cc(NC(=O)CCCC(=O)NO)ccc32)c(O)cc1O,5.704232384787325,3
CC(C)c1cc(C(=O)N2CCc3cc(NC(=O)CCCCC(=O)NO)ccc32)c(O)cc1O,5.351639989019068,2
CC(C)c1cc(C(=O)N2CCc3cc(NC(=O)CCCCCC(=O)NO)ccc32)c(O)cc1O,6.591358290192986,3
CC(C)c1cc(C(=O)N2CCc3cc(NC(=O)CCCCCCC(=O)NO)ccc32)c(O)cc1O,6.951495033725419,5
CC(C)c1cc(C(=O)N2CCc3cc(NC(=O)CCCCCCCC(=O)NO)ccc32)c(O)cc1O,6.059461432226139,3
CC(C)c1cc(C(=O)N2CCc3cc(NC(=O)CCCCCCCCC(=O)NO)ccc32)c(O)cc1O,6.1216870808315775,3
CC(C)c1cc(C(=O)N2CCc3onc(C(=O)NCCCCCCC(=O)NO)c3C2)c(O)cc1O,5.692503962086787,2
CC(C)c1cc(C(=O)N2Cc3ccc(/C=C/C(=O)NO)cc3C2)c(O)cc1O,5.501689446210399,2
CC(C)c1cc(C(=O)N2Cc3ccc(NC(=O)CCCC(=O)NO)cc3C2)c(O)cc1O,5.128952738694501,2
CC(C)c1cc(C(=O)N2Cc3ccc(NC(=O)CCCCC(=O)NO)cc3C2)c(O)cc1O,5.162096055407058,2
CC(C)c1cc(C(=O)N2Cc3ccc(NC(=O)CCCCCC(=O)NO)cc3C2)c(O)cc1O,5.706689198582573,3
CC(C)c1cc(C(=O)N2Cc3ccc(NC(=O)CCCCCCC(=O)NO)cc3C2)c(O)cc1O,6.095632118189106,3
CC(C)c1cc(C(=O)N2Cc3ccc(NC(=O)CCCCCCCC(=O)NO)cc3C2)c(O)cc1O,6.212849429457438,3
CC(C)c1cc(C(=O)N2Cc3ccc(NC(=O)CCCCCCCCC(=O)NO)cc3C2)c(O)cc1O,5.954294189295193,3
CC(C)c1cc(C(=O)Nc2ccc(NC(=O)CCCCCCC(=O)NO)cc2)c(O)cc1O,3.381878654974379,1
CC(C)c1cc(C(=O)Nc2cccc(NC(=O)CCCCCCC(=O)NO)c2)c(O)cc1O,3.9768710539895045,1
CC(C)c1cc(C(C)C)c(S(=O)(=O)Nc2ccc(/C=C/C(=O)NO)cc2)c(C(C)C)c1,6.259637310505756,1
CC(C)c1cc(C(C)C)c(S(=O)(=O)Nc2ccc(/C=C/C(=O)NO)cc2)cc1C(C)C,6.221848749616356,2
CC(C)c1cc(NC(=O)Nc2ccc(Oc3ccnc(-c4cnn(CCCCCCC(=O)NO)c4)c3)cc2)on1,7.954694646085796,2
CC(C)c1ccc(-c2cc3cc(C(=O)NO)ccc3s2)cc1,4.0,1
CC(C)c1ccc(-c2cc3cc(C(=O)NO)cnc3o2)cc1,6.301029995663981,1
CC(C)c1ccc(-c2cc3ccc(C(=O)NO)cc3s2)cc1,4.585026652029182,1
CC(C)c1ccc(-c2csc(NC(=O)[C@H](CCCCNS(N)(=O)=O)NC(=O)OCc3ccccc3)n2)cc1,6.020947778136832,3
CC(C)c1ccc(-c2nc3cc(C(=O)NO)ccc3n2C)cc1,5.795880017344075,1
CC(C)c1ccc(-c2nc3cc(C(=O)NO)ccc3o2)cc1,5.3979400086720375,1
CC(C)c1ccc(-c2nc3cc(C(=O)NO)ccc3s2)cc1,6.045757490560675,1
CC(C)c1ccc(-c2nc3ccc(C(=O)NO)cc3[nH]2)cc1,5.481486060122112,1
CC(C)c1ccc(-n2nc(N)c(C(=O)NCc3ccc(C(=O)NO)cc3)n2)cc1,8.537602002101044,2
CC(C)c1ccc(-n2nc(N)c(C(=O)NCc3ccc(C(=O)Nc4ccccc4N)cc3)n2)cc1,6.777283528852417,2
CC(C)c1ccc(/C=C2\CC(=O)N(CCCCCCC(=O)NO)C2=O)cc1,7.543633966870956,1
CC(C)c1ccc(C(=O)/C=C/c2ccc(/C=C/C(=O)NO)o2)cc1,4.617982957425132,2
CC(C)c1ccc(C(=O)N(CC(=O)NC23CC4CC(CC(C4)C2)C3)Cc2ccc(C(=O)NO)cc2)cc1,6.522878745280337,2
CC(C)c1ccc(C(=O)N(CC(=O)NC2CCCCC2)CC2CCN(c3ncc(C(=O)NO)cn3)CC2)cc1,8.0,2
CC(C)c1ccc(C(=O)N(CC(=O)NC2CCCCC2)Cc2ccc(C(=O)NO)cc2)cc1,7.0655015487564325,2
CC(C)c1ccc(C(=O)N(CC(=O)NCc2ccccc2)CC2CCN(c3ncc(C(=O)NO)cn3)CC2)cc1,7.769551078621726,2
CC(C)c1ccc(C(=O)N(Cc2ccc(C(=O)NO)cc2)C(C)(C)C(=O)NC2CCCCC2)cc1,6.013228265733755,2
CC(C)c1ccc(C(=O)N(Cc2ccc(C(=O)NO)cc2)C(C)(C)C(=O)NCc2ccccc2)cc1,6.552841968657781,2
CC(C)c1ccc(C(=O)N(Cc2ccc(C(=O)NO)cc2)Cc2nnnn2Cc2ccccc2)cc1,5.7495799976911055,2
CC(C)c1ccc(C(=O)NOCCCCCC(=O)NO)cc1,6.261439372640169,2
CC(C)c1ccc(C(C)c2nnc(NC(=O)CCC(=O)NO)s2)cc1,6.698970004336019,1
CC(C)c1ccc(C/C(=N\O)C(=O)NCCSSCCNC(=O)/C(Cc2ccc(C(C)C)cc2)=N/O)cc1,6.6777807052660805,1
CC(C)c1ccc(C=C2CC(=O)N(CCCCCCC(=O)NO)C2=O)cc1,7.537602002101044,1
CC(C)c1ccc(CC(=O)N(CC(=O)NC2CCCCC2)Cc2ccc(C(=O)NO)cc2)cc1,5.692503962086787,2
CC(C)c1ccc(CC(=O)N(CC(=O)NCc2ccccc2)Cc2ccc(C(=O)NO)cc2)cc1,6.107905397309519,2
CC(C)c1ccc(NC(=O)NOCCCCCC(=O)NO)cc1,5.615940052907601,2
CC(C)c1ccc(Nc2nc3cc(C(=O)NO)ccc3o2)cc1,5.292429823902063,1
CC(C)c1ccc(Nc2ncnc3cc(NC(=O)CCCCCCC(=O)NO)sc23)cc1,6.844284665947755,2
CC(C)c1ccc(S(=O)(=O)N2CCC(CCCC(=O)NO)CC2)cc1,6.270025714300445,1
CC(C)c1cccc(Nc2ncnc3cc(NC(=O)CCCCCCC(=O)NO)sc23)c1,7.000195520514291,2
CC(C)c1ccccc1C(=O)N(CC(=O)NC(C)(C)C)Cc1ccc(C(=O)NO)cc1F,5.096367483915762,2
CC(C)c1cn(CCCCCCNC(=O)CS)c2cc(Cl)c(Cl)cc12,4.542118103266008,2
CC(C)c1nc(N(C)S(C)(=O)=O)nc(-c2ccc(F)cc2)c1/C=C/[C@@H](O)C[C@@H](O)CC(=O)NO,6.902627109747708,3
CC(C)c1nc2cc(/C=C/C(=O)NO)ccc2c(=O)n1CCc1ccccc1,6.410050398674292,1
CC(C)c1nc2cc(/C=C/C(=O)NO)ccc2n1CC(C)(C)CN(C)C,6.511449283499555,2
CC(C)c1nc2cc(/C=C/C(=O)NO)ccc2n1CCCO,5.77419054876014,5
CC(C)c1nc2ccccc2n1Cc1ccc(C(=O)NO)cc1,4.557520230935552,1
CC(C)c1ncc(C(=O)N(Cc2ccc(-c3noc(C(F)(F)F)n3)cn2)c2cccc(F)c2)cn1,6.769551078621726,1
CC(C)c1ncncc1C(=O)N(Cc1ccc(-c2noc(C(F)(F)F)n2)cn1)c1cccc(F)c1,6.031517051446064,1
CC(C)c1sc(-c2nccs2)nc1C(=O)NCCCCC(=O)NO,6.468095928974331,3
CC(C)n1c(-c2cccc(/C=C/C(=O)NO)c2)nc2ccccc21,7.102372908709558,2
CC(C)n1c(CN(C)c2ncc(C(=O)NO)cn2)nc2c(N3CCOCC3)nc(-c3ccc(N)cc3)nc21,6.782516055786093,2
CC(C)n1c(CN(C)c2ncc(C(=O)NO)cn2)nc2c(N3CCOCC3)nc(-c3cnc(N)nc3)nc21,6.619788758288394,2
CC(C)n1cc(C(=O)c2ccccc2)cc1/C=C/C(=O)NO,4.275724130399211,1
CC(C)n1cc([C@@H]2C[C@H]2NCC2CCN(CCCc3ccc(C(=O)Nc4ccccc4N)cc3)CC2)cn1,5.982966660701219,1
CC(C)n1cc([C@H]2C[C@@H]2NCC2CCN(CCCc3ccc(C(=O)Nc4ccccc4N)cc3)CC2)cn1,5.539102157243452,1
CC(C)n1ccc(COc2cc(-c3noc(C(F)(F)F)n3)ccn2)n1,5.619788758288394,1
CC(C)n1ccc2cc(-c3cnc([C@@H](N)CCCCCC(=O)c4ncco4)[nH]3)ccc2c1=O,8.67778070526608,1
CC(C)n1cnc2c(-c3ccc(COCC(=O)NO)cc3)nc(N3CCOCC3)nc21,6.555955204081924,1
CC(C)n1cnc2c(-c3ccc(COCCCCC(=O)NO)cc3)nc(N3CCOCC3)nc21,6.555955204081924,1
CC(C)n1cnc2c(-c3ccc(COCCCCCC(=O)NO)cc3)nc(N3CCOCC3)nc21,6.555955204081924,1
CC(C)n1cnc2c(-c3ccc(COCCCCCCC(=O)NO)cc3)nc(N3CCOCC3)nc21,6.555955204081924,1
CC(C)n1cnc2c(-c3ccc(COCCCCCCCC(=O)NO)cc3)nc(N3CCOCC3)nc21,6.555955204081924,1
CC(C)n1cnc2c(-c3ccc(OCC(=O)NO)cc3)nc(N3CCOCC3)nc21,6.555955204081924,1
CC(C)n1cnc2c(-c3ccc(OCCCCC(=O)NO)cc3)nc(N3CCOCC3)nc21,6.555955204081924,1
CC(C)n1cnc2c(-c3ccc(OCCCCCC(=O)NO)cc3)nc(N3CCOCC3)nc21,6.555955204081924,1
CC(C)n1cnc2c(-c3ccc(OCCCCCCC(=O)NO)cc3)nc(N3CCOCC3)nc21,6.555955204081924,1
CC(C)n1cnc2c(-c3ccc(OCCCCCCCC(=O)NO)cc3)nc(N3CCOCC3)nc21,6.555955204081924,1
CC(C)n1cnc2c(-c3cccc(COCC(=O)NO)c3)nc(N3CCOCC3)nc21,7.455931955649724,1
CC(C)n1cnc2c(-c3cccc(COCCCCC(=O)NO)c3)nc(N3CCOCC3)nc21,7.455931955649724,1
CC(C)n1cnc2c(-c3cccc(COCCCCCC(=O)NO)c3)nc(N3CCOCC3)nc21,7.455931955649724,1
CC(C)n1cnc2c(-c3cccc(COCCCCCCC(=O)NO)c3)nc(N3CCOCC3)nc21,7.455931955649724,1
CC(C)n1cnc2c(-c3cccc(COCCCCCCCC(=O)NO)c3)nc(N3CCOCC3)nc21,7.455931955649724,1
CC(C)n1cnc2c(-c3cccc(OCC(=O)NO)c3)nc(N3CCOCC3)nc21,7.455931955649724,1
CC(C)n1cnc2c(-c3cccc(OCCCC(=O)NO)c3)nc(N3CCOCC3)nc21,7.160135309222971,5
CC(C)n1cnc2c(-c3cccc(OCCCCC(=O)NO)c3)nc(N3CCOCC3)nc21,7.455931955649724,1
CC(C)n1cnc2c(-c3cccc(OCCCCCC(=O)NO)c3)nc(N3CCOCC3)nc21,7.455931955649724,1
CC(C)n1cnc2c(-c3cccc(OCCCCCCC(=O)NO)c3)nc(N3CCOCC3)nc21,7.455931955649724,1
CC(C)n1cnc2c(-c3cccc(OCCCCCCCC(=O)NO)c3)nc(N3CCOCC3)nc21,7.455931955649724,1
CC(C)n1cnc2c(NCCCCCC(=O)NO)nc(N)nc21,7.119186407719209,1
CC(C)n1cnc2c(NCCCCCCC(=O)NO)nc(N)nc21,7.522878745280337,1
CC(C)n1cnc2c(NCc3cccc(/C=C/C(=O)NO)c3)nc(N3CCOCC3)nc21,8.154901959985743,2
CC(C=CC(=O)NCCS(=O)(=O)O)=C[C@@H](C)C(=O)c1ccc(N(C)C)cc1,4.130768280269024,1
CC(C=CC(=O)N[C@@H](CCC(=O)O)C(=O)O)=C[C@@H](C)C(=O)c1ccc(N(C)C)cc1,4.318758762624412,1
CC(C=CC(=O)N[C@](C)(CO)C(=O)O)=C[C@@H](C)C(=O)c1ccc(N(C)C)cc1,4.2441251443275085,1
CC(CCC(=O)NO)Cc1ccc(NS(=O)(=O)c2ccc(Cl)cc2)cc1,5.931814138253838,1
CC(CCCC(=O)Nc1ccccc1)CCC(=O)NO,5.481486060122112,1
CC(CCCCC(=O)NO)CC(=O)Nc1ccccc1,6.45717457304082,1
CC(CCCCC(=O)Nc1ccccc1)CC(=O)NO,6.455931955649724,1
CC(CCCCCC(=O)NO)n1cc(-c2ncnc3[nH]ccc23)cn1,8.221848749616356,2
CC(CCCCCC(=O)Nc1ccccc1)C(=O)NO,3.8728952016351927,1
CC(CCCCCC(=O)c1ccc2ccccc2c1)C(=O)NO,6.221848749616356,4
CC(CN(C)C)NC(=O)c1ccc(-c2noc(C(F)(F)F)n2)nc1,5.769551078621726,1
CC(CNC(=O)c1ccc(-c2noc(C(F)(F)F)n2)cc1F)N(C)C,5.045757490560675,1
CC(Cc1c[nH]c2ccccc12)=Nc1ccc(OCCCCCCC(=O)NO)cc1,8.207608310501746,1
CC(Cc1c[nH]c2ccccc12)NCc1ccc(/C=C/C(=O)NO)cc1,7.619788758288394,1
CC(Cc1ccc(C(=O)Nc2ccccc2N)cc1)(C(=O)Nc1ccccc1)C(=O)Nc1ccccc1,6.698970004336019,2
CC(Cc1ccc(NS(=O)(=O)c2ccccc2)cc1)C(=O)NO,4.769551078621726,5
CC(Cc1nc2cc(/C=C/C(=O)NO)ccc2n1CC(C)(C)CN(C)C)CC(C)(C)C,7.431798275933005,2
CC(Cc1nc2cc(/C=C/C(=O)NO)ccc2n1CCCO)c1ccccc1,7.2142218995444605,5
CC(Cc1nc2cc(/C=C/C(=O)NO)ccc2n1CCc1cccnc1)c1ccccc1,6.709965388637482,3
CC(Cn1cncn1)C(=O)N(Cc1ccc(-c2noc(C(F)(F)F)n2)cc1)c1cccc(C(F)(F)F)c1,5.886056647693163,1
CC(F)(F)COC(=O)Nc1cc(-c2cccs2)ccc1N,4.755722879198157,1
CC(NC(=O)OC(C)(C)C)C(=O)N[C@H](COc1cccc(/C=C/C(=O)NO)c1)Cc1c[nH]c2ccccc12,6.064744718215953,1
CC(NC(=O)c1ccc(C(=O)C(F)(F)F)s1)c1cccc2ccccc12,6.080921907623926,2
CC(NC(=O)c1ccc(C(=O)C(F)(F)F)s1)c1ccncc1,5.795880017344075,2
CC(NC(=O)c1nc(-c2nccs2)sc1C1CC1)c1ccc(C(=O)NO)cc1,7.091568604344479,2
CC(NCCc1c[nH]c2ccccc12)c1ccc(/C=C/C(=O)NO)cc1,7.638272163982407,1
CC(NCc1ccc(C(=O)Nc2cc(-c3ccccc3)ccc2O)cc1)c1ccncc1,7.886056647693163,2
CC(Nc1ccc(-c2noc(C(F)(F)F)n2)cn1)c1ccccc1,5.207608310501746,1
CC(Nc1ccccc1)c1ccc(C(=O)Nc2ccccc2N)cc1,5.638272163982407,2
CC(Nc1ncc(-c2noc(C(F)(F)F)n2)cc1Cl)c1ccncc1,6.065501548756432,1
CC(Nc1ncc(-c2noc(C(F)(F)F)n2)cn1)c1ccncc1,5.3872161432802645,1
CC(Nc1ncc(C(=O)NO)cn1)(c1ccc(F)cc1)c1ccc(F)cc1,5.630598586303376,1
CC(Nc1ncc(C(=O)NO)cn1)(c1ccccc1)c1ccccc1,5.896880746454286,1
CC(Nc1ncc(C(=O)NO)cn1)c1ccccc1,7.271286153526757,2
CC(Nc1ncc(C(=O)NO)cn1)c1ccncc1,7.173925197299173,1
CC(O)COC[C@H]1O[C@@H]2O[C@H]3[C@@H](O)[C@H](O)[C@@H](O[C@H]4[C@@H](O)[C@H](O)[C@@H](O[C@H]5[C@@H](O)[C@H](O)[C@@H](O[C@H]6[C@@H](O)[C@H](O)[C@@H](O[C@H]7[C@@H](O)[C@H](O)[C@@H](O[C@H]8[C@@H](O)[C@H](O)[C@@H](O[C@H]1[C@@H](O)[C@@H]2O)O[C@@H]8COCC(C)O)O[C@@H]7COCC(C)O)O[C@@H]6COCC(C)O)O[C@@H]5COCC(C)O)O[C@@H]4COCC(C)O)O[C@@H]3COCC(C)O,8.062983892535186,1
CC(O)[C@@H](NC(=O)OC(C)(C)C)C(=O)N[C@H](COc1ccc(/C=C/C(=O)NO)cc1)Cc1c[nH]c2ccccc12,7.074172425375258,1
CC(Oc1cc(-c2noc(C(F)(F)F)n2)ccn1)c1nc2ccccc2[nH]1,6.886056647693163,1
CC(Oc1nccc(-c2noc(C(F)(F)F)n2)c1Cl)c1cccnc1,5.481486060122112,1
CC(c1ccc(C(=O)NO)cc1)N1CCCc2cc(Cl)ccc21,5.969258292479338,3
CC(c1ccc(C(=O)Nc2ccc(F)cc2N)cc1)n1nc(-c2ccc(CN(C)C)cc2)ccc1=O,7.093307740128537,3
CC(c1ccc(C(=O)Nc2ccccc2N)cc1)n1nc(-c2ccc(CN(C)C)cc2)ccc1=O,7.417939618481982,3
CC(c1ccc(C(=O)Nc2ccccc2N)cc1)n1nc(-c2cccc(Cl)c2)ccc1=O,7.086716098239582,1
CC(c1ccc(NC(=O)/C=C/c2ccccc2)nc1)N1CCc2nc(C(=O)NO)sc2C1,5.167491087293763,2
CC(c1ccc(NC(=O)c2ccc(-c3ccccc3)s2)nc1)N1CCc2nc(C(=O)NO)sc2C1,5.528708288941061,2
CC(c1ccccc1)N1CCN(Cc2ccc(C(=O)NO)cc2)CC1,5.173925197299173,2
CC(c1ccccc1)c1cc(=O)[nH]c(SCCCCCC(=O)NO)n1,6.917214629683549,1
CC(c1nc2c(cnn2C2CCCC2)c(=O)[nH]1)C1CC(Cc2ccc(C(=O)NO)cc2)C1,6.226945306635738,2
CC(c1nc2c(cnn2C2CCCC2)c(=O)[nH]1)N1CC(Cc2ccc(C(=O)Nc3ccccc3N)cc2)C1,7.00436480540245,2
CC(c1nc2ccccc2o1)n1cc(/C=C/C(=O)NO)nn1,7.0655015487564325,1
CC/C(=C(\c1ccccc1)c1ccc(OCCN(C)Cc2ccc(-c3cn(CCCCCC(=O)NO)nn3)cc2)cc1)c1ccccc1,6.280668713016274,2
CC/C(=C(\c1ccccc1)c1ccc(OCCN(C)Cc2ccc(NC(=O)CCCCCCC(=O)NO)cc2)cc1)c1ccccc1,5.568636235841012,6
CC/C=C\CCc1nc2cc(/C=C/C(=O)NO)ccc2n1CC(C)(C)CN(C)C,7.275724130399211,2
CC/C=C\CCc1nc2cc(/C=C/C(=O)NO)ccc2n1CCNCC,7.6777807052660805,2
CC1(C(=O)NC(Cc2ccc(-c3noc(C(F)(F)F)n3)cn2)c2cccc(C(F)(F)F)c2)COC1,6.102372908709558,1
CC1(C)C(=O)C(C#N)=C[C@]2(C)[C@H]3C(=O)C=C4[C@@H]5C[C@@](C)(C(=O)N6CCN(c7ccc(NC(=O)CCCCCCC(=O)NO)cc7)CC6)CC[C@]5(C)CC[C@@]4(C)[C@]3(C)CC[C@@H]12,5.599980364934842,2
CC1(C)C(=O)N(c2ccc(C#N)c(C(F)(F)F)c2)C(=O)N1Cc1ccc(-c2cn(CCCCCCC(=O)NO)nn2)cc1,6.161150909262744,1
CC1(C)C(=O)N(c2ccc(C#N)c(C(F)(F)F)c2)C(=S)N1CCCC(=O)NO,4.347753658996677,2
CC1(C)C(=O)N(c2ccc(C#N)c(C(F)(F)F)c2)C(=S)N1CCCCC(=O)NO,5.510041520575165,2
CC1(C)C(=O)N(c2ccc(C#N)c(C(F)(F)F)c2)C(=S)N1CCCCCC(=O)NO,5.876148359032914,2
CC1(C)C(=O)N(c2ccc(C#N)c(C(F)(F)F)c2)C(=S)N1CCCCCCC(=O)NO,6.004364805402449,2
CC1(C)C(=O)N(c2ccc(C#N)c(C(F)(F)F)c2)C(=S)N1Cc1ccc(C(=O)Nc2ccccc2N)cc1,5.982966660701219,2
CC1(C)C(=O)N(c2ccc(C#N)c(C(F)(F)F)c2)C(=S)N1c1ccc(C(=O)NCCCCCC(=O)NO)c(F)c1,5.539102157243452,2
CC1(C)C(=O)N(c2ccc(C#N)c(C(F)(F)F)c2)C(=S)N1c1ccc(C(=O)NCCOCCC(=O)NO)c(F)c1,4.235823867609669,2
CC1(C)C(=O)N(c2ccc(C#N)c(C(F)(F)F)c2)C(=S)N1c1ccc(C(=O)Nc2cc(-c3ccccc3)ccc2N)cc1,5.224753740259764,2
CC1(C)C(=O)N(c2ccc(C#N)c(C(F)(F)F)c2)C(=S)N1c1ccc(C(=O)Nc2cc(-c3ccccc3)ccc2N)cn1,5.621602099051863,2
CC1(C)C(=O)N(c2ccc(C#N)c(C(F)(F)F)c2)C(=S)N1c1ccc(C(=O)Nc2cc(-c3cccs3)ccc2N)cn1,4.954677021213342,2
CC1(C)C(=O)N(c2ccc(C#N)c(C(F)(F)F)c2)C(=S)N1c1ccc(C(=O)Nc2cc(-c3cccs3)ccc2N)nc1,5.435333935747911,2
CC1(C)C(=O)N(c2ccc(C#N)c(C(F)(F)F)c2)C(=S)N1c1ccc(C(=O)Nc2ccccc2N)c(F)c1,5.375971658925419,4
CC1(C)C(=O)N(c2ccc(C#N)c(C(F)(F)F)c2)C(=S)N1c1ccc(C(=O)Nc2ccccc2N)cc1,5.876148359032914,2
CC1(C)C(=O)N(c2ccc(C#N)c(C(F)(F)F)c2)C(=S)N1c1ccc(C(=O)Nc2ccccc2N)cn1,5.186419011431807,2
CC1(C)C(=O)N(c2ccc(C#N)c(C(F)(F)F)c2)C(=S)N1c1ccc(C(=O)Nc2ccccc2N)nc1,5.253365801062421,2
CC1(C)C(=O)N(c2ccc(C#N)c(C(F)(F)F)c2)C(=S)N1c1ccc(C(=O)OCCCCCC(=O)NO)c(F)c1,5.501689446210399,2
CC1(C)C(=O)NCCN1C(=O)[C@@H]1CCC(=O)N1c1ccc(-c2noc(C(F)(F)F)n2)c(F)c1,4.366531544420414,1
CC1(C)CC(=O)N(Cc2ccc(C(=O)NO)cc2)c2ccc(Cl)cc21,5.187086643357144,1
CC1(C)CC(=O)Nc2ccc(C(=O)NCC3CCC(/C=C/C(=O)NO)CC3)cc21,7.988457181124893,3
CC1(C)CC(=O)Nc2ccc(C(=O)NCC3CCC(CCC(=O)NO)CC3)cc21,7.421574049464994,2
CC1(C)CC(=O)Nc2ccc(C(=O)NCCCCCCC(=O)NO)cc21,7.522878745280337,2
CC1(C)CC(=O)Nc2ccc(C(=O)NC[C@H]3CC[C@@H](/C=C/C(=O)NO)CC3)cc21,6.721246399047171,1
CC1(C)CC(=O)Nc2ccc(C(=O)NC[C@H]3CC[C@@H](CCC(=O)NO)CC3)cc21,7.387216143280264,1
CC1(C)CC(=O)Nc2ccc(C(=O)NC[C@H]3CC[C@H](/C=C/C(=O)NO)CC3)cc21,8.42021640338319,1
CC1(C)CC(=O)Nc2ccc(C(=O)NC[C@H]3CC[C@H](CCC(=O)NO)CC3)cc21,7.455931955649724,1
CC1(C)CC(=O)Nc2ccc(C(=O)NCc3ccc(/C=C/C(=O)NO)cc3)cc21,7.180456064458131,2
CC1(C)CC(=O)Nc2ccc(C(=O)NCc3cccc(/C=C/C(=O)NO)c3)cc21,6.173925197299173,2
CC1(C)CC(=O)Nc2ccc(NC(=O)CCCCCCC(=O)NO)cc21,8.040958607678906,2
CC1(C)CC(=O)c2c(C(F)(F)F)nn(Cc3ccc(C(=O)NO)cc3)c2C1,5.407823242604133,2
CC1(C)CC(=O)c2c(n(Cc3ccc(C(=O)NO)cc3)c3ccc(Br)cc23)C1,5.261219441515631,2
CC1(C)CC(=O)c2c(n(Cc3ccc(C(=O)NO)cc3)c3ccccc23)C1,5.3829996588791005,2
CC1(C)CC(C(=O)N(Cc2ccc(-c3noc(C(F)(F)F)n3)cn2)c2cccc(F)c2)CCO1,6.585026652029182,1
CC1(C)CC(c2ccccc2)N(c2ccc(-c3noc(C(F)(F)F)n3)cc2F)C1=O,5.853871964321762,1
CC1(C)CCC(CN2CCN(c3ccc(C(=O)NS(=O)(=O)c4ccc(NCCCCCC(=O)NO)c([N+](=O)[O-])c4)c(Oc4cnc5[nH]ccc5c4)c3)CC2)=C(c2ccc(Cl)cc2)C1,6.072116589669293,2
CC1(C)CCC(CN2CCN(c3ccc(C(=O)NS(=O)(=O)c4ccc(NCCCCCCC(=O)NO)c([N+](=O)[O-])c4)c(Oc4cnc5[nH]ccc5c4)c3)CC2)=C(c2ccc(Cl)cc2)C1,6.1771783546968955,2
CC1(C)CCC(CN2CCN(c3ccc(C(=O)NS(=O)(=O)c4ccc(NCCCCCCCC(=O)NO)c([N+](=O)[O-])c4)c(Oc4cnc5[nH]ccc5c4)c3)CC2)=C(c2ccc(Cl)cc2)C1,6.55129368009492,2
CC1(C)CCCCN1C(=O)[C@@H]1CCC(=O)N1c1ccc(-c2noc(C(F)(F)F)n2)c(F)c1,4.619788758288394,1
CC1(C)CCCN1C(=O)[C@@H]1CCC(=O)N1c1cc(F)c(-c2noc(C(F)(F)F)n2)cc1F,4.886056647693163,1
CC1(C)CCCN1C(=O)[C@@H]1CCC(=O)N1c1ccc(-c2noc(C(F)(F)F)n2)c(F)c1,4.346787486224656,1
CC1(C)CCN(Cc2ccc(C(=O)NO)cc2)c2ccc(Cl)cc21,6.517563330727815,3
CC1(C)CCN(Cc2ccc(C(=O)NO)cc2)c2ccc(F)cc21,6.456109496349668,3
CC1(C)CCc2cc(Cl)ccc2N1Cc1ccc(C(=O)NO)cc1,5.8923685169482525,3
CC1(C)CCc2cc(F)ccc2N1Cc1ccc(C(=O)NO)cc1,6.145709711760307,3
CC1(C)CN(c2ccc(C(=O)Nc3ccccc3N)cn2)CCN1,6.276544327964814,2
CC1(C)CN(c2ccc(C(=O)Nc3ccccc3N)cn2)CCN1C(=O)CCc1ccccc1,7.113509274827518,2
CC1(C)CN(c2ccc(C(=O)Nc3ccccc3N)cn2)CCN1C(=O)OCc1ccccc1,6.772113295386326,2
CC1(C)CN(c2ccc(C(=O)Nc3ccccc3N)cn2)CCN1S(=O)(=O)c1ccccc1,6.826813731587726,2
CC1(C)COCCN1C(=O)[C@@H]1CCC(=O)N1c1ccc(-c2noc(C(F)(F)F)n2)c(F)c1,4.346787486224656,1
CC1(C)Cc2c(c3cc(F)ccc3n2Cc2ccc(C(=O)NO)cc2)C(=O)C1CN1CCOCC1,5.739928612014925,2
CC1(C)Cc2c(c3ccccc3n2Cc2ccc(C(=O)NO)cc2)C(=O)C1CN1CCOCC1,5.202732459169283,2
CC1(C)NC(=O)C[C@H](Cc2c[nH]c3ccccc23)NC(=O)[C@H](Cc2cccc3ccccc23)NC(=O)[C@H](CCCCCC(=O)O)NC1=O,6.056216766919441,4
CC1(C)NC(=O)[C@H](CCCCCC(=O)CBr)NC(=O)[C@H]2CCCN2C(=O)[C@H](Cc2ccccc2)NC1=O,7.208309350979882,1
CC1(C)NC(=O)[C@H](CCCCCC(=O)CO)NC(=O)[C@H]2CCCN2C(=O)[C@H](Cc2ccccc2)NC1=O,6.651695136951839,1
CC1(C)NC(=O)[C@H](CCCCCC(=O)NO)NC(=O)[C@H]2CCCN2C(=O)[C@H](Cc2ccccc2)NC1=O,8.824553574203385,3
CC1(C)NC(=O)[C@H](CCCCCC(=O)[C@@H]2CO2)NC(=O)[C@H]2CCCN2C(=O)[C@H](Cc2ccccc2)NC1=O,6.91370779020929,3
CC1(C)NC(=O)[C@H](CCCCCC(=O)[C@H](O)CO)NC(=O)[C@H]2CCCN2C(=O)[C@H](Cc2ccccc2)NC1=O,8.823908740944319,1
CC1(C)NC(=O)[C@H](CCCCCC2CO2)NC(=O)[C@H]2CCCN2C(=O)[C@H](Cc2ccccc2)NC1=O,5.328827157284916,1
CC1(C)NC(=O)[C@H](CCCCCC=O)NC(=O)[C@H]2CCCN2C(=O)[C@H](Cc2ccccc2)NC1=O,5.363512103646634,1
CC1(C)NC(=O)[C@H](CCCCCSSc2ccccn2)NC(=O)[C@H]2CCCN2C(=O)[C@H](CCCc2ccccc2)NC1=O,8.275724130399212,2
CC1(C)NC(=O)[C@H](CCCCCSSc2ccccn2)NC(=O)[C@H]2CCCN2C(=O)[C@H](CCc2ccccc2)NC1=O,8.207608310501746,2
CC1(C)NC(=O)[C@H](CCCCCSSc2ccccn2)NC(=O)[C@H]2CCCN2C(=O)[C@H](CO)NC1=O,8.193820026016112,2
CC1(C)NC(=O)[C@H](CCCCCSSc2ccccn2)NC(=O)[C@H]2CCCN2C(=O)[C@H](COCc2ccccc2)NC1=O,8.494850021680094,2
CC1(C)NC(=O)[C@H](CCCCCSSc2ccccn2)NC(=O)[C@H]2CCCN2C(=O)[C@H](Cc2ccccc2)NC1=O,7.9089353929735005,4
CC1(C)NC(=O)[C@H](CCCCCSSc2ccccn2)NC(=O)[C@H]2CCCN2C(=O)[C@H](c2ccccc2)NC1=O,7.055517327849831,2
CC1(C)NC[C@H](CCCCCC(=O)C2CO2)NC(=O)[C@H]2CCCN2C(=O)[C@H](Cc2ccccc2)NC1=O,9.823908740944319,2
CC1(C)c2ccccc2N(Cc2ccc(C(=O)NO)cc2)C1c1ccccc1,4.728623128105926,2
CC1(C)c2ccccc2N(Cc2ccc(C(=O)NO)cc2)C1c1cccnc1,5.270822058222087,6
CC1(C)c2ccccc2N(Cc2ccc(C(=O)NO)cc2)C1c1ccncc1,4.966978555317089,2
CC1(C)c2ccccc2N(Cc2ccc(C(=O)NO)cc2)[C@@H]1c1cccnc1,5.471083299722345,2
CC1(C)c2ccccc2N(Cc2ccc(C(=O)NO)cc2)[C@H]1c1cccnc1,4.790753151246626,2
CC1(C)c2ccccc2N(Cc2ccc(C(=O)NO)s2)C1c1cccnc1,5.199282921717614,2
CC1(C)c2ccccc2N(Cc2ccc(OCCCC(=O)NO)cc2)C1c1cccnc1,5.787812395596042,2
CC1(Cc2ccc(-c3noc(C(F)(F)F)n3)cc2)C(=O)Nc2ccc(F)cc21,5.770303756120384,2
CC1(N)CCN(c2ncc(-c3ccc(/C=C/C(=O)NO)c(O)c3)c(-c3ccc(C#N)c(F)c3)c2C#N)CC1,8.041914151478915,1
CC1(NC(=O)CC(=O)NCc2ccc(/C=C/C(=O)NO)cc2)CCN(c2cnc(-c3cccc(Cl)c3Cl)c(N)n2)CC1,7.026410376572743,1
CC1(NC(=O)CC(=O)NCc2cccc(/C=C/C(=O)NO)c2)CCN(c2cnc(-c3cccc(Cl)c3Cl)c(N)n2)CC1,6.346690987061521,1
CC1(NC(=O)CCCC(=O)NO)CCN(c2cnc(-c3cccc(Cl)c3Cl)c(N)n2)CC1,7.444905551421681,1
CC1(NC(=O)CCCCCC(=O)NO)CCN(c2cnc(-c3cccc(Cl)c3Cl)c(N)n2)CC1,6.352812702104011,1
CC1(NC(=O)CCCCCCC(=O)NO)CCN(c2cnc(-c3cccc(Cl)c3Cl)c(N)n2)CC1,6.440213031799443,1
CC1(NC(=O)CNC(=O)c2ccc(C(=O)NO)cc2)CCN(c2cnc(-c3cccc(Cl)c3Cl)c(N)n2)CC1,6.036637233896264,1
CC1(NC(=O)c2ccc(C(=O)NO)cc2)CCN(c2cnc(-c3cccc(Cl)c3Cl)c(N)n2)CC1,6.493224463393357,1
CC1(NCC(=O)NCc2ccc(/C=C/C(=O)NO)cc2)CCN(c2cnc(-c3cccc(Cl)c3Cl)c(N)n2)CC1,7.214339023940056,3
CC1(NCC(=O)Nc2ccc(/C=C/C(=O)NO)cc2)CCN(c2cnc(-c3cccc(Cl)c3Cl)c(N)n2)CC1,7.0695604052333,1
CC1(NCc2ccc(/C=C/C(=O)NO)cc2)CCN(c2cnc(-c3cccc(Cl)c3Cl)c(N)n2)CC1,6.5465287662770635,1
CC1(NCc2ccc(C(=O)NCc3ccc(/C=C/C(=O)NO)cc3)cc2)CCN(c2cnc(-c3cccc(Cl)c3Cl)c(N)n2)CC1,7.56407887389235,3
CC1(NCc2ccc(C(=O)Nc3ccc(/C=C/C(=O)NO)cc3)cc2)CCN(c2cnc(-c3cccc(Cl)c3Cl)c(N)n2)CC1,6.6439741428068775,1
CC1(NCc2ccc(C(=O)Nc3ccccc3N)cc2)CCN(c2cnc(-c3cccc(Cl)c3Cl)c(N)n2)CC1,4.718171533439482,1
CC1(Nc2ccc(C(=O)NO)cc2)CCN(c2ccc(Cl)cc2)C1=O,4.950781977329818,2
CC1(Nc2ccc(C(=O)NO)cc2)CCN(c2ccc3ncccc3c2)C1=O,5.220403508742176,2
CC1(Nc2ccc(C(=O)Nc3cc(-c4ccccc4)ccc3N)cc2C2CC2)CCN(C(=O)N2CCOCC2)CC1,6.364516253185088,1
CC1(Nc2ccc(C(=O)Nc3cc(-c4cccnc4)ccc3N)cc2)CCN(C(=O)N2CCOCC2)CC1,7.040958607678906,1
CC1(Nc2ccc(C(=O)Nc3cc(-c4cccs4)ccc3N)cc2)CCN(C(=O)N2CCCC2)CC1,8.397940008672037,1
CC1(Nc2ccc(C(=O)Nc3cc(-c4cccs4)ccc3N)cc2)CCN(C(=O)N2CCNCC2)CC1,8.494850021680094,1
CC1(Nc2ccc(C(=O)Nc3cc(-c4cccs4)ccc3N)cc2)CCN(C(=O)N2CCOCC2)CC1,8.698970004336019,1
CC1(Nc2ccc(C(=O)Nc3cc(-c4ccncc4)ccc3N)cc2)CCN(C(=O)N2CCCC2)CC1,8.148741651280925,1
CC1(Nc2ccc(C(=O)Nc3cc(-c4ccncc4)ccc3N)cc2)CCN(C(=O)N2CCOCC2)CC1,7.920818753952375,1
CC1(Nc2ncc(C(=O)NO)cn2)CCCCC1,5.851089006890644,1
CC1(Nc2ncc(C(=O)Nc3cc(-c4ccccc4)ccc3N)cn2)CCNCC1,7.853871964321762,1
CC1(Nc2ncc(C(=O)Nc3cc(-c4cccs4)ccc3N)cn2)CCN(C(=O)N2CCC(F)(F)CC2)CC1,7.721246399047171,1
CC1(Nc2ncc(C(=O)Nc3cc(-c4cccs4)ccc3N)cn2)CCN(C(=O)N2CCC(O)CC2)CC1,7.200659450546418,1
CC1(Nc2ncc(C(=O)Nc3cc(-c4cccs4)ccc3N)cn2)CCN(C(=O)N2CCNCC2)CC1,8.136677139879545,1
CC1(Nc2ncc(C(=O)Nc3cc(-c4cccs4)ccc3N)cn2)CCN(C(=O)N2CCOCC2)CC1,8.045757490560675,1
CC1(Nc2ncc(C(=O)Nc3cc(-c4cccs4)ccc3N)cn2)CCN(C(=O)Oc2ccccc2)CC1,6.928117992693874,1
CC12CC3CC(C)(C1)CC(NC(=O)/C=C/c1ccc(C(=O)NO)cc1)(C3)C2,5.573488738635424,2
CC12CC3CC(C)(C1)CC(NC(=O)CCCCCC(=O)NO)(C3)C2,4.79317412396815,2
CC12CC3CC(C)(C1)CC(NC(=O)CCCCCCC(=O)NO)(C3)C2,5.3535962737769305,2
CC12CC3CC(C)(C1)CC(NC(=O)CCCCCCCC(=O)NO)(C3)C2,5.552841968657781,2
CC12CC3CC(C)(C1)CC(NC(=O)CCCCCCCCC(=O)NO)(C3)C2,5.280668713016274,2
CC12CC3CC(C)(C1)CC(NC(=O)Nc1ccc(C(=O)NCCCCCC(=O)NO)cc1)(C3)C2,6.554395796726403,2
CC12CC3CC(C)(C1)CC(NC(=O)Nc1ccc(C(=O)NCCCCCCC(=O)NO)cc1)(C3)C2,6.5638373529592435,2
CC12CC3CC(C)(C1)CC(NCc1ccc(/C=C/C(=O)NO)cc1)(C3)C2,5.876148359032914,2
CC12CC3CC(C)(C1)CC(NCc1ccc(NC(=O)CCCCCCC(=O)NO)cc1)(C3)C2,6.459670525209127,2
CC12CC3CC(C)(C1)CC(NCc1ccc(NCc4ccc(C(=O)NO)cc4)cc1)(C3)C2,4.958607314841775,2
CC12CC3CC(C)(C1)CC(NCc1cccc(NC(=O)CCCCCCC(=O)NO)c1)(C3)C2,6.168130225719498,2
CC12CC3CC(C)(C1)CC(NS(=O)(=O)c1ccc(/C=C/C(=O)NO)cc1)(C3)C2,6.022276394711152,2
CC12CC3CC(C)(C1)CC(NS(=O)(=O)c1cccc(/C=C/C(=O)NO)c1)(C3)C2,5.7594507517174005,2
CC1=C(C)C(=O)C(CONC(=O)CCCCCCC(=O)Nc2ccccc2)=C(C)C1=O,6.430626090384954,2
CC1=C(C)C2C(c3ccc(Cl)cc3)=N[C@@H](CC(=O)Nc3ccc(C(=O)NO)cc3)c3nnc(C)n3C2S1,7.6777807052660805,2
CC1CCCC2(C1)NC(=O)[C@H](CCCCCC(=O)NO)NC(=O)[C@H]1CCCN1C(=O)[C@H](Cc1ccccc1)NC2=O,7.823908740944319,2
CC1CCCCC12NC(=O)[C@H](CCCCCC(=O)NO)NC(=O)[C@H]1CCCN1C(=O)[C@H](Cc1ccccc1)NC2=O,8.0,2
CC1CCN(Cc2ccc(C(=O)Nc3cc(-c4ccccc4)ccc3O)cc2)CC1,6.657577319177793,1
CC1CN(CC2CCc3c(c4ccccc4n3Cc3ccc(C(=O)NO)cc3)C2=O)CC(C)O1,6.060480747381382,2
CC1CN(Cc2c(-c3ccccc3)nc3cc(/C=C/C(=O)NO)ccn23)CC(C)O1,5.619788758288394,1
CC1Nc2cc(/C=C/C(=O)NO)ccc2N1C,5.732828271596986,1
CC1Sc2ccc(C(=O)NO)cc2NC1=O,4.560667306169737,2
CC1c2ccccc2CC1C(=O)NCCCCCCC(=O)NO,6.135488918941608,2
CCC(/C=C/c1ccccc1)n1cc(/C=C/C(=O)NO)nn1,7.259637310505756,1
CCC(=O)C(=O)CCCC[C@@H]1NC(=O)[C@H]2CCCCN2CC(=O)[C@H]([C@@H](C)CC)NC(=O)[C@H](Cc2cn(OC)c3ccccc23)NC1=O,7.7447274948966935,1
CCC(=O)C(F)CCCC[C@@H]1NC(=O)[C@H]2CCCCN2C(=O)[C@H]([C@@H](C)CC)NC(=O)[C@H](Cc2cn(OC)c3ccccc23)NC1=O,6.958607314841775,1
CCC(=O)C(F)CCCC[C@@H]1NC(=O)[C@H]2CCCCN2CC(=O)[C@H]([C@@H](C)CC)NC(=O)[C@H](Cc2cn(OC)c3ccccc23)NC1=O,6.958607314841775,1
CCC(=O)C(O)CCCC[C@@H]1NC(=O)[C@H]2CCCCN2CC(=O)[C@H]([C@@H](C)CC)NC(=O)[C@H](Cc2cn(OC)c3ccccc23)NC1=O,7.4089353929735005,1
CCC(=O)C1OC1CCC[C@@H]1NC(=O)[C@H]2CCCCN2CC(=O)[C@H]([C@@H](C)CC)NC(=O)[C@H](Cc2cn(OC)c3ccccc23)NC1=O,8.301029995663981,1
CCC(=O)CCCCCC(NC(=O)c1cncs1)c1[nH]c(-c2ccccc2)nc1C(=O)N1CCOCC1,7.360513510731414,1
CCC(=O)CCCCCC(NC(=O)c1cncs1)c1[nH]c(-c2ccccc2)nc1C(=O)NC,7.559090917934782,1
CCC(=O)CCCCCC(NC(=O)c1cncs1)c1[nH]c(-c2ccccc2)nc1C(=O)NCCN(C)C,7.8696662315049934,1
CCC(=O)CCCCCC(NC(=O)c1cncs1)c1[nH]c(-c2ccccc2)nc1C(N)=O,8.142667503568731,1
CCC(=O)CCCCCC(Oc1ccc2ccccc2c1)c1ncc(Cc2ccccc2)[nH]1,5.356547323513812,2
CCC(=O)CCCCCC(Oc1ccc2ccccc2c1)c1ncc(Cc2ccncc2)[nH]1,5.619788758288394,2
CCC(=O)CCCCC[C@@H]1NC(=O)C2CCCCN2C(=O)[C@H](C(C)CC)NC(=O)[C@H](Cc2cn(OC)c3ccccc23)NC1=O,8.040958607678906,2
CCC(=O)CCCCC[C@@H]1NC(=O)C2CCN2CCCCCCOc2ccccc2-c2cnc1[nH]2,6.29004759560649,4
CCC(=O)CCCCC[C@@H]1NC(=O)C2CCN2CCCCCCc2ccccc2-c2cnc1[nH]2,5.761182413927108,4
CCC(=O)CCCCC[C@@H]1NC(=O)C2CCN2CCCCCOc2ccccc2-c2cnc1[nH]2,5.860801247032461,4
CCC(=O)CCCCC[C@@H]1NC(=O)CN(C)CCCCOCCCCn2ccc3cc(ccc3c2=O)-c2cnc1[nH]2,7.552841968657781,2
CCC(=O)CCCCC[C@@H]1NC(=O)CNC(=O)C[C@H]([C@@H](C)CC)N(C)C(=O)[C@H](Cc2cc3ccccc3[nH]2)NC1=O,5.698970004336019,1
CCC(=O)CCCCC[C@@H]1NC(=O)CNC(=O)C[C@H]([C@@H](C)CC)NC(=O)[C@H](Cc2cc3ccccc3[nH]2)NC1=O,7.721246399047171,1
CCC(=O)CCCCC[C@@H]1NC(=O)C[C@H](CC(C)C)NC(=O)[C@H](Cc2c[nH]c3ccccc23)NC(=O)[C@H](CCCCCC(=O)CC)NC1=O,6.823908740944319,2
CCC(=O)CCCCC[C@@H]1NC(=O)[C@@H](C)NC(=O)C[C@H](CC(C)C)NC(=O)[C@H](Cc2c[nH]c3ccccc23)NC1=O,5.187086643357144,2
CCC(=O)CCCCC[C@@H]1NC(=O)[C@@H](C)n2cc(nn2)[C@H]([C@@H](C)CC)NC(=O)[C@H](Cc2c[nH]c3ccccc23)NC1=O,7.6020599913279625,3
CCC(=O)CCCCC[C@@H]1NC(=O)[C@@H](C)n2nncc2[C@H](CC(C)C)NC(=O)[C@H](Cc2c[nH]c3ccccc23)NC1=O,8.154901959985743,4
CCC(=O)CCCCC[C@@H]1NC(=O)[C@@H]2CCCN2C(=O)C[C@H](CC(C)C)NC(=O)[C@H](Cc2c[nH]c3ccccc23)NC1=O,7.920818753952375,4
CCC(=O)CCCCC[C@@H]1NC(=O)[C@H](C)N(C)C(=O)CCN(CC(C)C)C(=O)CN(CCc2c[nH]c3ccccc23)C1=O,6.178404160118021,3
CCC(=O)CCCCC[C@@H]1NC(=O)[C@H](C)N(C)C(=O)CCN(CC(C)C)C(=O)CN(Cc2cccc3ccccc23)C1=O,4.7447274948966935,1
CCC(=O)CCCCC[C@@H]1NC(=O)[C@H](C)N(C)C(=O)C[C@H](CC(C)C)NC(=O)[C@H](Cc2c[nH]c3ccccc23)NC1=O,7.409151498112135,5
CCC(=O)CCCCC[C@@H]1NC(=O)[C@H](C)NC(=O)C[C@H](CC(C)C)NC(=O)[C@H](Cc2c[nH]c3ccccc23)NC1=O,7.5219890135749345,6
CCC(=O)CCCCC[C@@H]1NC(=O)[C@H](C)NC(=O)C[C@H](CC(C)C)NC(=O)[C@H](Cc2cccc3ccccc23)NC1=O,7.704879593322829,6
CCC(=O)CCCCC[C@@H]1NC(=O)[C@H](C)NC(=O)C[C@H]([C@@H](C)CC)NC(=O)[C@H](Cc2cc3ccccc3[nH]2)NC1=O,7.3979400086720375,1
CCC(=O)CCCCC[C@@H]1NC(=O)[C@H](CCCCCNC(C)=O)NC(=O)C[C@H](CC(C)C)NC(=O)[C@H](Cc2c[nH]c3ccccc23)NC1=O,7.376750709602099,2
CCC(=O)CCCCC[C@@H]1NC(=O)[C@H](CCCCNC(C)=O)NC(=O)CCN(CC(C)C)C(=O)CN(CCc2c[nH]c3ccccc23)C1=O,6.691906904646039,3
CCC(=O)CCCCC[C@@H]1NC(=O)[C@H](CCCCNC(C)=O)NC(=O)C[C@H](CC(C)C)NC(=O)[C@H](Cc2c[nH]c3ccccc23)NC1=O,7.376750709602099,2
CCC(=O)CCCCC[C@@H]1NC(=O)[C@H](CCCN=C(N)N)NC(=O)CCN(CC(C)C)C(=O)CN(CCc2c[nH]c3ccccc23)C1=O,6.903767913136581,3
CCC(=O)CCCCC[C@@H]1NC(=O)[C@H](CCCN=C(N)N)NC(=O)CCN(CC=C(C)C)C(=O)CN(CCc2c[nH]c3ccccc23)C1=O,6.3039546370998165,3
CCC(=O)CCCCC[C@@H]1NC(=O)[C@H](Cc2ccccc2)NC(=O)C[C@H](CC(C)C)NC(=O)[C@H](Cc2c[nH]c3ccccc23)NC1=O,7.327902142064282,2
CCC(=O)CCCCC[C@@H]1NC(=O)[C@H]2CC23CCN(C/C=C/CN2C4CCC2c2cc(ccc24)-c2cnc1[nH]2)CC3,8.568636235841012,2
CCC(=O)CCCCC[C@@H]1NC(=O)[C@H]2CC23CCN(CCCCCCCCn2ccc4cc(c(OC)cc4c2=O)-c2cnc1[nH]2)CC3,9.958607314841775,2
CCC(=O)CCCCC[C@@H]1NC(=O)[C@H]2CC23CCN(CCCCCCCCn2ccc4cc(ccc4c2=O)-c2cnc1[nH]2)CC3,9.698970004336019,2
CCC(=O)CCCCC[C@@H]1NC(=O)[C@H]2CC23CCN(CCCCCOc2ccc4cc(ccc4n2)-c2cnc1o2)CC3,7.619788758288394,2
CCC(=O)CCCCC[C@@H]1NC(=O)[C@H]2CC23CCN(CCCCCn2c(=O)ccc4cc(ccc42)-c2cnc1o2)CC3,7.795880017344075,2
CCC(=O)CCCCC[C@@H]1NC(=O)[C@H]2CC23CCN(CCCCN2C4CCC2c2c(cccc24)-c2cnc1[nH]2)CC3,7.346787486224656,2
CCC(=O)CCCCC[C@@H]1NC(=O)[C@H]2CC23CCN(CCCCN2C4CCC2c2cc(ccc24)-c2cnc1[nH]2)CC3,7.721246399047171,2
CCC(=O)CCCCC[C@@H]1NC(=O)[C@H]2CC23CCN(CCCOCCCn2ccc4cc(ccc4c2=O)-c2cnc1[nH]2)CC3,9.481486060122112,2
CCC(=O)CCCCC[C@@H]1NC(=O)[C@H]2CC23CCN(CCCOCCn2ccc4cc(ccc4c2=O)-c2cnc1[nH]2)CC3,9.958607314841775,2
CCC(=O)CCCCC[C@@H]1NC(=O)[C@H]2CC23CCN(CCOCCn2ccc4cc(ccc4c2=O)-c2cnc1[nH]2)CC3,9.214670164989233,2
CCC(=O)CCCCC[C@@H]1NC(=O)[C@H]2CCCCN2C(=O)[C@H](C(C)CC)NC(=O)[C@H](Cc2cn(OC)c3ccccc23)NC1=O,7.497409743748109,2
CCC(=O)CCCCC[C@@H]1NC(=O)[C@H]2CCCCN2C(=O)[C@H]([C@@H](C)CC)NC(=O)[C@@H](C(=O)Cc2ccccc2)NC1=O,6.590066876668706,1
CCC(=O)CCCCC[C@@H]1NC(=O)[C@H]2CCCCN2C(=O)[C@H]([C@@H](C)CC)NC(=O)[C@@H](c2cnc3ccccc3c2Cl)NC1=O,7.173925197299173,1
CCC(=O)CCCCC[C@@H]1NC(=O)[C@H]2CCCCN2C(=O)[C@H]([C@@H](C)CC)NC(=O)[C@@H](c2cnc3ccccc3c2N2CCCCC2)NC1=O,7.886056647693163,1
CCC(=O)CCCCC[C@@H]1NC(=O)[C@H]2CCCCN2C(=O)[C@H]([C@@H](C)CC)NC(=O)[C@H](CC(=O)C(C)(C)C)NC1=O,6.35261702988538,1
CCC(=O)CCCCC[C@@H]1NC(=O)[C@H]2CCCCN2C(=O)[C@H]([C@@H](C)CC)NC(=O)[C@H](CC(=O)Cc2ccccc2)NC1=O,6.377785977033705,1
CCC(=O)CCCCC[C@@H]1NC(=O)[C@H]2CCCCN2C(=O)[C@H]([C@@H](C)CC)NC(=O)[C@H](CC(=O)c2ccccc2[N+](=O)[O-])NC1=O,7.040958607678906,1
CCC(=O)CCCCC[C@@H]1NC(=O)[C@H]2CCCCN2C(=O)[C@H]([C@@H](C)CC)NC(=O)[C@H](CCOc2ccccc2)NC1=O,7.468521082957745,1
CCC(=O)CCCCC[C@@H]1NC(=O)[C@H]2CCCCN2C(=O)[C@H]([C@@H](C)CC)NC(=O)[C@H](Cc2c(-c3cc(OC)cc(OC)c3)[nH]c3ccccc23)NC1=O,9.698970004336019,1
CCC(=O)CCCCC[C@@H]1NC(=O)[C@H]2CCCCN2C(=O)[C@H]([C@@H](C)CC)NC(=O)[C@H](Cc2c(-c3ccccc3)[nH]c3ccccc23)NC1=O,8.397940008672037,1
CCC(=O)CCCCC[C@@H]1NC(=O)[C@H]2CCCCN2C(=O)[C@H]([C@@H](C)CC)NC(=O)[C@H](Cc2c[nH]c3ccccc23)NC1=O,8.698970004336019,1
CCC(=O)CCCCC[C@@H]1NC(=O)[C@H]2CCCCN2C(=O)[C@H]([C@@H](C)CC)NC(=O)[C@H](Cc2cc3ccccc3n2OC)CC1=O,9.0,1
CCC(=O)CCCCC[C@@H]1NC(=O)[C@H]2CCCCN2C(=O)[C@H]([C@@H](C)CC)NC(=O)[C@H](Cc2cn(CCN)c3ccccc23)NC1=O,8.886056647693163,1
CCC(=O)CCCCC[C@@H]1NC(=O)[C@H]2CCCCN2C(=O)[C@H]([C@@H](C)CC)NC(=O)[C@H](Cc2cn(CN3CCCC3)c3ccccc23)NC1=O,9.698970004336019,1
CCC(=O)CCCCC[C@@H]1NC(=O)[C@H]2CCCCN2C(=O)[C@H]([C@@H](C)CC)NC(=O)[C@H](Cc2cn(OC)c3ccccc23)NC1=O,7.847254828672376,29
CCC(=O)CCCCC[C@@H]1NC(=O)[C@H]2CCCCN2C(=O)[C@H]([C@@H](C)CC)NC(=O)[C@H](c2cn(CC)c3ccccc3c2=O)NC1=O,6.481486060122112,2
CCC(=O)CCCCC[C@@H]1NC(=O)[C@H]2CCCCN2C(=O)[C@H]([C@@H](C)CC)NC(=O)[C@H](c2cn(OC)c3ccccc3c2=O)NC1=O,7.0655015487564325,2
CCC(=O)CCCCC[C@@H]1NC(=O)[C@H]2CCCCN2C(=O)[C@H]([C@H](C)CC)NC(=O)[C@H](Cc2cn(CC(=O)NCCCCCCNC(=O)CCSSCCNC(=O)C(CCCCNC(=O)CCCCC3SCC4NC(=O)NC43)NC(=O)c3ccc(N=[N+]=[N-])cc3)c3ccccc23)NC1=O,7.698970004336019,1
CCC(=O)CCCCC[C@@H]1NC(=O)[C@H]2CCCCN2C(=O)[C@H]([C@H](C)CC)NC(=O)[C@H](Cc2cn(OC)c3ccccc23)NC1=O,8.958607314841775,2
CCC(=O)CCCCC[C@@H]1NC(=O)[C@H]2CCCCN2C(=O)[C@H]([C@H](C)CC)NC(=O)[C@H](c2cn(C)c3ccccc3c2=O)NC1=O,6.669586226650809,1
CCC(=O)CCCCC[C@@H]1NC(=O)[C@H]2CCCCN2CC(=O)[C@H]([C@@H](C)CC)NC(=O)[C@H](Cc2cn(OC)c3ccccc23)NC1=O,9.0,1
CCC(=O)CCCCC[C@@H]1NC(=O)[C@H]2CCCCN2CC(=O)[C@H]([C@@H](C)CC)NC(=S)[C@H](Cc2cn(OC)c3ccccc23)NC1=O,7.070581074285707,1
CCC(=O)CCCCC[C@@H]1NC(=O)[C@H]2CCCCN2CC(=O)[C@H]([C@@H](C)CC)NC(=S)[C@H](Cc2cn(OC)c3ccccc23)NC1=S,7.070581074285707,1
CCC(=O)CCCCC[C@@H]1NC(=O)[C@H]2CCCN2C(=O)[C@H](Cc2ccc(OCc3cn(CCCCNC(=O)Oc4cccc5c4C(=O)N(C4CCC(=O)NC4=O)C5=O)nn3)cc2)CC[C@H](Cc2ccccc2)NC1=O,7.1132274483882805,2
CCC(=O)CCCCC[C@@H]1NC(=S)[C@H]2CCCCN2CC(=O)[C@H]([C@@H](C)CC)NC(=S)[C@H](Cc2cn(OC)c3ccccc23)NC1=O,7.070581074285707,1
CCC(=O)CCCCC[C@H](NC(=O)C(=O)N1CCOCC1)c1ncc(-c2cc3ccccc3nc2OC)o1,7.5121692334094705,2
CCC(=O)CCCCC[C@H](NC(=O)C(C)(C)N(C)C)c1ncc(-c2cc3ccccc3nc2OC)o1,8.455931955649724,2
CCC(=O)CCCCC[C@H](NC(=O)C1(F)CN(C)C1)c1ncc(-c2cc3ccccc3nc2OC)o1,7.769551078621726,2
CCC(=O)CCCCC[C@H](NC(=O)C12CCN(CC1)CC2)c1[nH]c(-c2ccc(F)cc2)nc1C#N,8.207608310501746,1
CCC(=O)CCCCC[C@H](NC(=O)C12CCN(CC1)CC2)c1ncc(-c2cc3ccccc3nc2OC)o1,8.795880017344075,2
CCC(=O)CCCCC[C@H](NC(=O)C12CCN(CC1)CC2)c1ncc(-c2ccc3ccccc3c2)[nH]1,8.853871964321762,2
CCC(=O)CCCCC[C@H](NC(=O)C1=NOC2(CCN(C)CC2)C1)c1ncc(-c2cc3ccccc3nc2OC)[nH]1,9.036212172654444,2
CCC(=O)CCCCC[C@H](NC(=O)C1CC2(C1)CN(C)C2)c1ncc(-c2cc3ccccc3nc2OC)[nH]1,9.0,2
CCC(=O)CCCCC[C@H](NC(=O)C1CCN(C)CC1)c1nc(-c2ccc3ccccc3c2)c[nH]1,7.920818753952375,2
CCC(=O)CCCCC[C@H](NC(=O)C1CCN(C)CC1)c1nc(-c2ccc3ccccc3n2)c[nH]1,7.657577319177793,1
CCC(=O)CCCCC[C@H](NC(=O)C1CCN(C)CC1)c1ncc(-c2cc(OC)c3ccccc3n2)[nH]1,7.522878745280337,2
CCC(=O)CCCCC[C@H](NC(=O)C1CCN(C)CC1)c1ncc(-c2cc3ccccc3cn2)[nH]1,8.096910013008056,2
CCC(=O)CCCCC[C@H](NC(=O)C1CCN(C)CC1)c1ncc(-c2ccc3ccccc3c2)[nH]1,7.920818753952375,2
CCC(=O)CCCCC[C@H](NC(=O)C1CCN(C)CC1)c1ncc(-c2ccc3ccccc3n2)[nH]1,7.657577319177793,1
CCC(=O)CCCCC[C@H](NC(=O)C1CCN(C)CC1)c1ncc(-c2ccc3ncccc3c2)[nH]1,8.698970004336019,2
CCC(=O)CCCCC[C@H](NC(=O)C1CCN(C)CC1)c1ncc(-c2cnc3ccccc3c2)[nH]1,8.397940008672037,2
CCC(=O)CCCCC[C@H](NC(=O)C1CCOCC1)c1[nH]c(-c2ccc(F)cc2)nc1C(N)=O,7.910094888560602,1
CCC(=O)CCCCC[C@H](NC(=O)C1CN(C)C1)c1[nH]c(-c2ccc(F)cc2)nc1C#N,7.586700235918748,1
CCC(=O)CCCCC[C@H](NC(=O)C1CN(C)C1)c1[nH]c(-c2ccc(F)cc2)nc1C(N)=O,8.455931955649724,1
CCC(=O)CCCCC[C@H](NC(=O)C1CN(C)C1)c1[nH]c(-c2ccccc2)nc1C(N)=O,8.721246399047171,3
CCC(=O)CCCCC[C@H](NC(=O)C1CN(C)C1)c1ncc(-c2cc(OC)c3ccccc3n2)[nH]1,6.790484985457369,2
CCC(=O)CCCCC[C@H](NC(=O)C1CN(C)C1)c1ncc(-c2cc3ccccc3[nH]c2=O)o1,8.67778070526608,2
CCC(=O)CCCCC[C@H](NC(=O)C1CN(C)C1)c1ncc(-c2cc3ccccc3nc2F)[nH]1,8.096910013008056,2
CCC(=O)CCCCC[C@H](NC(=O)C1CN(C)C1)c1ncc(-c2cc3ccccc3nc2OC)[nH]1,7.240384324208247,9
CCC(=O)CCCCC[C@H](NC(=O)C1CN(C)C1)c1ncc(-c2cc3ccccc3nc2OC)o1,8.769551078621726,2
CCC(=O)CCCCC[C@H](NC(=O)C1CN(C)C1)c1ncc(-c2ccc3ccccc3c2)[nH]1,8.823908740944319,2
CCC(=O)CCCCC[C@H](NC(=O)C1CN(C)C1)c1ncc(-c2ccc3ccccc3c2)o1,7.917229461638813,2
CCC(=O)CCCCC[C@H](NC(=O)C1CN(C)C1)c1ncc(-c2ccc3nccnc3c2)[nH]1,7.4089353929735005,2
CCC(=O)CCCCC[C@H](NC(=O)C1CN(C)C1)c1ncc(-c2ccccc2)[nH]1,7.431798275933005,2
CCC(=O)CCCCC[C@H](NC(=O)C1CN(C)C1)c1ncc(-c2cnc3ccccc3n2)[nH]1,8.096910013008056,2
CCC(=O)CCCCC[C@H](NC(=O)C1CNC(=O)C1)c1ncc(-c2cc3ccccc3nc2OC)o1,8.494850021680094,2
CCC(=O)CCCCC[C@H](NC(=O)CC1CC2(C1)CN(C)C2)c1ncc(-c2cc3ccccc3nc2OC)[nH]1,9.0,2
CCC(=O)CCCCC[C@H](NC(=O)CCN(C)C)c1ncc(-c2cc(OC)c3ccccc3n2)[nH]1,7.292429823902063,2
CCC(=O)CCCCC[C@H](NC(=O)CCN1CCN(C)CC1)c1ncc(-c2cc(OC)c3ccccc3n2)[nH]1,7.769551078621726,2
CCC(=O)CCCCC[C@H](NC(=O)CN(C)C)c1[nH]c(-c2ccc(F)cc2)nc1C#N,7.319664486585436,1
CCC(=O)CCCCC[C@H](NC(=O)Cc1c(C)[nH]c2ccc(OC)cc12)c1nc(-c2ccc3ccccc3c2)c[nH]1,8.031743128760553,2
CCC(=O)CCCCC[C@H](NC(=O)Cc1c(C)[nH]c2ccc(OC)cc12)c1nc(-c2ccccc2)c[nH]1,7.585026652029182,1
CCC(=O)CCCCC[C@H](NC(=O)Cc1c(C)[nH]c2ccc(OC)cc12)c1ncc(-c2ccc3ccccc3c2)[nH]1,8.031743128760553,2
CCC(=O)CCCCC[C@H](NC(=O)Cc1c(C)[nH]c2ccc(OC)cc12)c1ncc(-c2ccc3ccccc3c2)o1,7.703356966489771,2
CCC(=O)CCCCC[C@H](NC(=O)Cc1c(C)[nH]c2ccc(OC)cc12)c1ncc(-c2ccccc2)[nH]1,7.585026652029182,1
CCC(=O)CCCCC[C@H](NC(=O)Cn1ccnn1)c1ncc(-c2cc3ccccc3nc2OC)o1,8.522878745280337,2
CCC(=O)CCCCC[C@H](NC(=O)[C@@H]1CC12CCC(N(C)C)CC2)c1ncc(-c2cc3ccccc3nc2OC)[nH]1,8.148741651280925,2
CCC(=O)CCCCC[C@H](NC(=O)[C@@H]1CC12CCCN(C)C2)c1ncc(-c2cc3ccccc3nc2OC)[nH]1,8.267606240177031,2
CCC(=O)CCCCC[C@H](NC(=O)[C@@H]1CC12CCN(C)CC2)c1ncc(-c2cc3ccccc3nc2OC)[nH]1,8.214670164989233,2
CCC(=O)CCCCC[C@H](NC(=O)[C@@H]1CC12CCOCC2)c1ncc(-c2cc3ccccc3nc2OC)[nH]1,7.673683465958444,2
CCC(=O)CCCCC[C@H](NC(=O)[C@@H]1CC12CN(C)C2)c1ncc(-c2cc3ccccc3nc2OC)[nH]1,9.142667503568731,2
CCC(=O)CCCCC[C@H](NC(=O)[C@@H]1CCC12CCN(CC)CC2)c1ncc(-c2cc3ccccc3nc2OC)[nH]1,8.698970004336019,2
CCC(=O)CCCCC[C@H](NC(=O)[C@@H]1C[C@@]12CCN(C)C2)c1ncc(-c2cc3ccccc3nc2OC)[nH]1,8.080921907623926,2
CCC(=O)CCCCC[C@H](NC(=O)[C@@H]1C[C@]12CCN(C)C2)c1ncc(-c2cc3ccccc3nc2OC)[nH]1,8.318758762624412,2
CCC(=O)CCCCC[C@H](NC(=O)[C@H]1CC12CCC(N(C)C)CC2)c1ncc(-c2cc3ccccc3nc2OC)[nH]1,9.619788758288394,2
CCC(=O)CCCCC[C@H](NC(=O)[C@H]1CC12CCCN(C)C2)c1ncc(-c2cc3ccccc3nc2OC)[nH]1,8.431798275933005,2
CCC(=O)CCCCC[C@H](NC(=O)[C@H]1CC12CCN(C(C)=O)CC2)c1ncc(-c2cc3ccccc3nc2OC)[nH]1,7.678817209577513,2
CCC(=O)CCCCC[C@H](NC(=O)[C@H]1CC12CCN(C(C)C)CC2)c1ncc(-c2cc3ccccc3nc2OC)[nH]1,9.958607314841775,2
CCC(=O)CCCCC[C@H](NC(=O)[C@H]1CC12CCN(C(C)C)CC2)c1ncc(-c2cc3ccccc3nc2OC)o1,8.455931955649724,2
CCC(=O)CCCCC[C@H](NC(=O)[C@H]1CC12CCN(C)CC2)c1[nH]c(-c2cc3ccccc3nc2OC)nc1C#N,7.009217308196862,1
CCC(=O)CCCCC[C@H](NC(=O)[C@H]1CC12CCN(C)CC2)c1[nH]c(-c2ccc(-c3cccnc3)cc2)nc1C#N,9.698970004336019,1
CCC(=O)CCCCC[C@H](NC(=O)[C@H]1CC12CCN(C)CC2)c1[nH]c(-c2ccc(C(F)(F)F)cc2)nc1C#N,8.431798275933005,1
CCC(=O)CCCCC[C@H](NC(=O)[C@H]1CC12CCN(C)CC2)c1[nH]c(-c2ccc(F)cc2)nc1C#N,8.42021640338319,1
CCC(=O)CCCCC[C@H](NC(=O)[C@H]1CC12CCN(C)CC2)c1[nH]c(-c2ccc(F)cc2)nc1C(N)=O,9.221848749616356,1
CCC(=O)CCCCC[C@H](NC(=O)[C@H]1CC12CCN(C)CC2)c1[nH]c(-c2ccc(F)cc2F)nc1C#N,7.453457336521869,1
CCC(=O)CCCCC[C@H](NC(=O)[C@H]1CC12CCN(C)CC2)c1[nH]c(-c2ccc3nc(C)ccc3c2)nc1C#N,9.522878745280337,1
CCC(=O)CCCCC[C@H](NC(=O)[C@H]1CC12CCN(C)CC2)c1[nH]c(-c2ccc3nn(C)cc3c2)nc1C#N,9.397940008672037,1
CCC(=O)CCCCC[C@H](NC(=O)[C@H]1CC12CCN(C)CC2)c1[nH]c(-c2ccccc2F)nc1C#N,7.769551078621726,1
CCC(=O)CCCCC[C@H](NC(=O)[C@H]1CC12CCN(C)CC2)c1[nH]c(-c2cccnc2OC)nc1C#N,7.229884705212898,1
CCC(=O)CCCCC[C@H](NC(=O)[C@H]1CC12CCN(C)CC2)c1nc(-c2cc3ccccc3nc2OC)n[nH]1,7.585026652029182,1
CCC(=O)CCCCC[C@H](NC(=O)[C@H]1CC12CCN(C)CC2)c1ncc(-c2cc3ccc(C)nc3cc2Cl)[nH]1,8.823908740944319,2
CCC(=O)CCCCC[C@H](NC(=O)[C@H]1CC12CCN(C)CC2)c1ncc(-c2cc3ccc(C)nc3cc2F)o1,8.886056647693163,2
CCC(=O)CCCCC[C@H](NC(=O)[C@H]1CC12CCN(C)CC2)c1ncc(-c2cc3ccc(C)nc3cc2OC)o1,9.455931955649724,2
CCC(=O)CCCCC[C@H](NC(=O)[C@H]1CC12CCN(C)CC2)c1ncc(-c2cc3ccc(C4CC4)nc3cc2F)o1,8.744727494896694,2
CCC(=O)CCCCC[C@H](NC(=O)[C@H]1CC12CCN(C)CC2)c1ncc(-c2cc3ccc(N4CCCC4)nc3cc2OC)[nH]1,9.494850021680094,2
CCC(=O)CCCCC[C@H](NC(=O)[C@H]1CC12CCN(C)CC2)c1ncc(-c2cc3ccccc3nc2OC)[nH]1,9.721246399047171,2
CCC(=O)CCCCC[C@H](NC(=O)[C@H]1CC12CCN(C)CC2)c1ncc(-c2cc3ccccc3nc2OC)o1,8.823908740944319,2
CCC(=O)CCCCC[C@H](NC(=O)[C@H]1CC12CCN(C)CC2)c1ncc(-c2cc3cccnc3cc2OC)o1,8.821032576499773,2
CCC(=O)CCCCC[C@H](NC(=O)[C@H]1CC12CCN(C)CC2)c1ncc(-c2ccc(-c3cccnc3)cc2)[nH]1,9.508638306165729,2
CCC(=O)CCCCC[C@H](NC(=O)[C@H]1CC12CCN(C)CC2)c1ncc(-c2ccc(-c3cccnc3)cc2)o1,8.481486060122112,2
CCC(=O)CCCCC[C@H](NC(=O)[C@H]1CC12CCN(C)CC2)c1ncc(-c2ccc(-c3cccnc3)nc2)[nH]1,8.386056647693163,4
CCC(=O)CCCCC[C@H](NC(=O)[C@H]1CC12CCN(C)CC2)c1ncc(-c2ccc(-c3ccncc3)cc2)[nH]1,9.55284196865778,2
CCC(=O)CCCCC[C@H](NC(=O)[C@H]1CC12CCN(C)CC2)c1ncc(-c2ccc(-c3cnccn3)cc2)[nH]1,9.259637310505756,2
CCC(=O)CCCCC[C@H](NC(=O)[C@H]1CC12CCN(C)CC2)c1ncc(-c2ccc(-n3nc(C)cc3C)cc2)[nH]1,7.887345359137068,4
CCC(=O)CCCCC[C@H](NC(=O)[C@H]1CC12CCN(C)CC2)c1ncc(-c2ccc(C(=O)NC3CCOC3)cc2)[nH]1,7.99978296126034,4
CCC(=O)CCCCC[C@H](NC(=O)[C@H]1CC12CCN(C)CC2)c1ncc(-c2ccc(C)nc2OC)[nH]1,8.46332414880655,4
CCC(=O)CCCCC[C@H](NC(=O)[C@H]1CC12CCN(C)CC2)c1ncc(-c2ccc3[nH]c4ccccc4c3c2)[nH]1,9.698970004336019,2
CCC(=O)CCCCC[C@H](NC(=O)[C@H]1CC12CCN(C)CC2)c1ncc(-c2ccc3c(c2)C2CCC3C2)[nH]1,8.086186147616283,2
CCC(=O)CCCCC[C@H](NC(=O)[C@H]1CC12CCN(C)CC2)c1ncc(-c2ccc3c(ccc(=O)n3C)c2)[nH]1,8.886056647693163,2
CCC(=O)CCCCC[C@H](NC(=O)[C@H]1CC12CCN(C)CC2)c1ncc(-c2ccc3nc(-c4ncco4)ccc3c2)[nH]1,9.301029995663981,2
CCC(=O)CCCCC[C@H](NC(=O)[C@H]1CC12CCN(C)CC2)c1ncc(-c2ccc3nc(-n4cccn4)ccc3c2)[nH]1,9.045757490560675,2
CCC(=O)CCCCC[C@H](NC(=O)[C@H]1CC12CCN(C)CC2)c1ncc(-c2ccc3nc(CC)ccc3c2)[nH]1,9.494850021680094,2
CCC(=O)CCCCC[C@H](NC(=O)[C@H]1CC12CCN(C)CC2)c1ncc(-c2ccc3nc(N4CCCC4)ccc3c2)[nH]1,9.522878745280337,2
CCC(=O)CCCCC[C@H](NC(=O)[C@H]1CC12CCN(C)CC2)c1ncc(-c2ccc3nc(OC)ccc3c2)[nH]1,9.397940008672037,2
CCC(=O)CCCCC[C@H](NC(=O)[C@H]1CC12CCN(C)CC2)c1ncc(-c2ccc3ncccc3c2)[nH]1,9.275724130399212,2
CCC(=O)CCCCC[C@H](NC(=O)[C@H]1CC12CCN(C)CC2)c1ncc(-c2ccc3nccnc3c2)[nH]1,8.102372908709558,2
CCC(=O)CCCCC[C@H](NC(=O)[C@H]1CC12CCN(C)CC2)c1ncc(-c2ccc3nn(C)cc3c2)[nH]1,9.42021640338319,2
CCC(=O)CCCCC[C@H](NC(=O)[C@H]1CC12CCN(C)CC2)c1ncc(-c2ccc3nnccc3c2)[nH]1,7.920818753952375,2
CCC(=O)CCCCC[C@H](NC(=O)[C@H]1CC12CCN(C)CC2)c1ncc(-c2ccn3ncnc3c2)[nH]1,7.255724641749778,4
CCC(=O)CCCCC[C@H](NC(=O)[C@H]1CC12CCN(C)CC2)c1ncc(-c2ccnc(N3CCOCC3)c2F)[nH]1,7.550637409205253,4
CCC(=O)CCCCC[C@H](NC(=O)[C@H]1CC12CCN(C)CC2)c1ncc(-c2cn(C)c3ccccc23)[nH]1,9.301029995663981,2
CCC(=O)CCCCC[C@H](NC(=O)[C@H]1CC12CCN(C)CC2)c1ncc(-c2cn(C)c3ccccc3c2=O)[nH]1,8.075720713938118,2
CCC(=O)CCCCC[C@H](NC(=O)[C@H]1CC12CCN(C)CC2)c1ncc(-c2cnc(-n3cc(C)cn3)nc2)[nH]1,6.991399828238082,2
CCC(=O)CCCCC[C@H](NC(=O)[C@H]1CC12CCN(C)CC2)c1ncc(-c2cnc3ccccc3c2)[nH]1,9.15082380784674,6
CCC(=O)CCCCC[C@H](NC(=O)[C@H]1CC12CCN(C)CC2)c1ncc(-c2cnc3cccnc3c2)[nH]1,7.703356966489771,4
CCC(=O)CCCCC[C@H](NC(=O)[C@H]1CC12CCN(C)CC2)c1ncc(-c2cnc3ncccc3c2)[nH]1,8.443697499232712,2
CCC(=O)CCCCC[C@H](NC(=O)[C@H]1CC12CCN(C)CC2)c1ncc(C2=CC(=O)N(C)CC2)[nH]1,6.49234946850004,4
CCC(=O)CCCCC[C@H](NC(=O)[C@H]1CC12CCN(C)CC2)c1ncc(C2=CC3OC=NC3C=C2)[nH]1,8.443697499232712,2
CCC(=O)CCCCC[C@H](NC(=O)[C@H]1CC12CCN(C)CC2)c1ncc(C2=CC3SC=NC3C=C2)[nH]1,8.481486060122112,2
CCC(=O)CCCCC[C@H](NC(=O)[C@H]1CC12CCN(C)CC2)c1nnc(-c2cc3ccccc3nc2OC)[nH]1,7.585026652029182,1
CCC(=O)CCCCC[C@H](NC(=O)[C@H]1CC12CCN(C)CC2)c1nnc(-c2cc3ccccc3nc2OC)o1,7.889423339022647,2
CCC(=O)CCCCC[C@H](NC(=O)[C@H]1CC12CCN(CC(F)(F)F)CC2)c1ncc(-c2cc3ccccc3nc2OC)[nH]1,8.468521082957745,2
CCC(=O)CCCCC[C@H](NC(=O)[C@H]1CC12CCN(CC)CC2)c1[nH]c(-c2ccc(F)cc2)nc1C#N,8.55284196865778,1
CCC(=O)CCCCC[C@H](NC(=O)[C@H]1CC12CCN(CC)CC2)c1[nH]c(-c2ccc(F)cc2)nc1C(N)=O,9.397940008672037,3
CCC(=O)CCCCC[C@H](NC(=O)[C@H]1CC12CCN(CC)CC2)c1[nH]c2nc1C(=O)NCCC/C=C/c1cccc-2c1,7.6777807052660805,2
CCC(=O)CCCCC[C@H](NC(=O)[C@H]1CC12CCN(CC)CC2)c1[nH]c2nc1C(=O)NCCC/C=C\c1cccc-2c1,6.876148359032914,2
CCC(=O)CCCCC[C@H](NC(=O)[C@H]1CC12CCN(CC)CC2)c1[nH]c2nc1C(=O)NCCCCCc1cccc-2c1,6.962573502059376,2
CCC(=O)CCCCC[C@H](NC(=O)[C@H]1CC12CCN(CC)CC2)c1nc(-c2cc3ccccc3nc2OC)n[nH]1,7.576754126063192,1
CCC(=O)CCCCC[C@H](NC(=O)[C@H]1CC12CCN(CC)CC2)c1ncc(-c2c(F)cc(C(=O)Nc3cc(C(F)(F)F)ccn3)cc2OC)[nH]1,7.657577319177793,2
CCC(=O)CCCCC[C@H](NC(=O)[C@H]1CC12CCN(CC)CC2)c1ncc(-c2c(F)cccc2OC)[nH]1,7.142667503568731,2
CCC(=O)CCCCC[C@H](NC(=O)[C@H]1CC12CCN(CC)CC2)c1ncc(-c2c(OC)ccc(F)c2F)[nH]1,6.215382707367125,2
CCC(=O)CCCCC[C@H](NC(=O)[C@H]1CC12CCN(CC)CC2)c1ncc(-c2cc(C#N)ccc2OC)[nH]1,7.920818753952375,2
CCC(=O)CCCCC[C@H](NC(=O)[C@H]1CC12CCN(CC)CC2)c1ncc(-c2cc(C(=O)OC)c(F)cc2OC)[nH]1,7.508638306165727,2
CCC(=O)CCCCC[C@H](NC(=O)[C@H]1CC12CCN(CC)CC2)c1ncc(-c2cc(C(C)C)c(F)cc2OC)[nH]1,7.200659450546418,2
CCC(=O)CCCCC[C@H](NC(=O)[C@H]1CC12CCN(CC)CC2)c1ncc(-c2cc(C(C)C)ccc2OC)[nH]1,7.795880017344075,2
CCC(=O)CCCCC[C@H](NC(=O)[C@H]1CC12CCN(CC)CC2)c1ncc(-c2cc(C(F)(F)F)ccc2OC)[nH]1,8.744727494896694,2
CCC(=O)CCCCC[C@H](NC(=O)[C@H]1CC12CCN(CC)CC2)c1ncc(-c2cc(C)ccc2OC)[nH]1,9.0,2
CCC(=O)CCCCC[C@H](NC(=O)[C@H]1CC12CCN(CC)CC2)c1ncc(-c2cc(Cl)ccc2OC)[nH]1,9.045757490560675,2
CCC(=O)CCCCC[C@H](NC(=O)[C@H]1CC12CCN(CC)CC2)c1ncc(-c2cc(F)c(F)cc2OC)[nH]1,8.366531544420413,2
CCC(=O)CCCCC[C@H](NC(=O)[C@H]1CC12CCN(CC)CC2)c1ncc(-c2cc(F)cc(F)c2OC)[nH]1,8.301029995663981,2
CCC(=O)CCCCC[C@H](NC(=O)[C@H]1CC12CCN(CC)CC2)c1ncc(-c2cc(F)ccc2OC)[nH]1,8.698970004336019,2
CCC(=O)CCCCC[C@H](NC(=O)[C@H]1CC12CCN(CC)CC2)c1ncc(-c2cc([N+](=O)[O-])ccc2OC)[nH]1,8.10790539730952,2
CCC(=O)CCCCC[C@H](NC(=O)[C@H]1CC12CCN(CC)CC2)c1ncc(-c2cc3ccc(=O)n(C)c3cc2OC)o1,9.309803919971486,2
CCC(=O)CCCCC[C@H](NC(=O)[C@H]1CC12CCN(CC)CC2)c1ncc(-c2cc3ccccc3nc2OC)[nH]1,8.719939533630175,6
CCC(=O)CCCCC[C@H](NC(=O)[C@H]1CC12CCN(CC)CC2)c1ncc(-c2cc3ccccc3nc2OC)o1,9.045757490560675,2
CCC(=O)CCCCC[C@H](NC(=O)[C@H]1CC12CCN(CC)CC2)c1ncc(-c2cc3ccncc3nc2OC)o1,9.346787486224656,2
CCC(=O)CCCCC[C@H](NC(=O)[C@H]1CC12CCN(CC)CC2)c1ncc(-c2cc3cn(C)nc3cc2OC)[nH]1,7.920818753952375,2
CCC(=O)CCCCC[C@H](NC(=O)[C@H]1CC12CCN(CC)CC2)c1ncc(-c2cc3cn(C)nc3cc2OC)o1,8.136677139879545,2
CCC(=O)CCCCC[C@H](NC(=O)[C@H]1CC12CCN(CC)CC2)c1ncc(-c2cc3nccnc3cc2OC)[nH]1,8.346787486224656,2
CCC(=O)CCCCC[C@H](NC(=O)[C@H]1CC12CCN(CC)CC2)c1ncc(-c2ccc(-c3ccccc3)[nH]c2=O)[nH]1,9.318758762624412,2
CCC(=O)CCCCC[C@H](NC(=O)[C@H]1CC12CCN(CC)CC2)c1ncc(-c2ccc(C(=O)Nc3cc(C(F)(F)F)ccn3)cc2OC)[nH]1,6.924453038607469,2
CCC(=O)CCCCC[C@H](NC(=O)[C@H]1CC12CCN(CC)CC2)c1ncc(-c2ccc(Cl)cc2OC)[nH]1,7.853871964321762,2
CCC(=O)CCCCC[C@H](NC(=O)[C@H]1CC12CCN(CC)CC2)c1ncc(-c2ccc(OC)nc2OC)[nH]1,8.431798275933005,2
CCC(=O)CCCCC[C@H](NC(=O)[C@H]1CC12CCN(CC)CC2)c1ncc(-c2ccc3ccncc3c2)[nH]1,8.387216143280265,2
CCC(=O)CCCCC[C@H](NC(=O)[C@H]1CC12CCN(CC)CC2)c1ncc(-c2cccc(C(F)(F)F)c2OC)[nH]1,7.886056647693163,2
CCC(=O)CCCCC[C@H](NC(=O)[C@H]1CC12CCN(CC)CC2)c1ncc(-c2cccc(Cl)c2OC)[nH]1,8.187086643357144,2
CCC(=O)CCCCC[C@H](NC(=O)[C@H]1CC12CCN(CC)CC2)c1ncc(-c2cccc(F)c2OC)[nH]1,8.229147988357855,2
CCC(=O)CCCCC[C@H](NC(=O)[C@H]1CC12CCN(CC)CC2)c1ncc(-c2cccnc2OC)[nH]1,8.086186147616283,2
CCC(=O)CCCCC[C@H](NC(=O)[C@H]1CC12CCN(CC)CC2)c1ncc(C2=CCC(C)N=C2OC)[nH]1,7.853871964321762,2
CCC(=O)CCCCC[C@H](NC(=O)[C@H]1CC12CCN(CC)CC2)c1nnc(-c2cc3ccccc3nc2OC)[nH]1,7.568636235841012,1
CCC(=O)CCCCC[C@H](NC(=O)[C@H]1CC12CCN(CC1CC1)CC2)c1ncc(-c2cc3ccc(C)nc3cc2OC)o1,9.769551078621726,2
CCC(=O)CCCCC[C@H](NC(=O)[C@H]1CC12CCN(CC1CC1)CC2)c1ncc(-c2cc3ccccc3nc2OC)[nH]1,10.070581074285707,2
CCC(=O)CCCCC[C@H](NC(=O)[C@H]1CC12CCN(CC1CC1)CC2)c1ncc(-c2cc3cccnc3cc2OC)[nH]1,10.301029995663981,2
CCC(=O)CCCCC[C@H](NC(=O)[C@H]1CC12CCN(CCC(F)(F)F)CC2)c1ncc(-c2cc3ccccc3nc2OC)[nH]1,8.568636235841012,2
CCC(=O)CCCCC[C@H](NC(=O)[C@H]1CC12CCN(Cc1ccc(OC)cc1)CC2)c1ncc(-c2cc3ccccc3nc2OC)[nH]1,8.193820026016112,2
CCC(=O)CCCCC[C@H](NC(=O)[C@H]1CC12CCN(Cc1ccccc1)CC2)c1ncc(-c2cc3ccccc3nc2OC)[nH]1,8.698970004336019,2
CCC(=O)CCCCC[C@H](NC(=O)[C@H]1CC12CCN(Cc1cccnc1)CC2)c1ncc(-c2cc3ccccc3nc2OC)[nH]1,9.337242168318426,2
CCC(=O)CCCCC[C@H](NC(=O)[C@H]1CC12CCOCC2)c1ncc(-c2cc3ccccc3nc2OC)[nH]1,8.102372908709558,2
CCC(=O)CCCCC[C@H](NC(=O)[C@H]1CC12CN(C)C2)c1ncc(-c2cc3ccccc3nc2OC)[nH]1,8.795880017344075,2
CCC(=O)CCCCC[C@H](NC(=O)[C@H]1CCC12CCN(CC)CC2)c1ncc(-c2cc3ccccc3nc2OC)[nH]1,9.537602002101044,2
CCC(=O)CCCCC[C@H](NC(=O)[C@H]1C[C@@]12CCN(C)C2)c1ncc(-c2cc3ccccc3nc2OC)[nH]1,8.920818753952375,2
CCC(=O)CCCCC[C@H](NC(=O)[C@H]1C[C@]12CCN(C)C2)c1ncc(-c2cc3ccccc3nc2OC)[nH]1,9.096910013008056,2
CCC(=O)CCCCC[C@H](NC(=O)c1ccon1)c1[nH]c(-c2ccc(F)cc2)nc1C#N,7.448550002027125,1
CCC(=O)CCCCC[C@H](NC(=O)c1cncs1)c1[nH]c(-c2ccc(F)cc2)nc1C#N,7.97469413473523,1
CCC(=O)CCCCC[C@H]1NC(=O)[C@H]2CCCCN2C(=O)[C@H]([C@@H](C)CC)NC(=O)[C@@H](Cc2cn(OC)c3ccccc23)NC1=O,7.283514596497452,5
CCC(=O)CCCC[C@@H]1NC(=O)[C@H]2CCCCN2C(=O)C([C@@H](C)CC)NC(=O)C(Cc2c[nH]c3ccccc23)NC1=O,9.522878745280337,1
CCC(=O)CCCSC[C@@H]1NC(=O)[C@H](C)NC(=O)C[C@H](CC(C)C)NC(=O)[C@H](Cc2c[nH]c3ccccc23)NC1=O,7.555182082949689,6
CCC(=O)N(Cc1ccc(-c2noc(C(F)(F)F)n2)cc1)c1cccc(C(F)(F)F)c1,5.638272163982407,1
CCC(=O)N1CCN(S(=O)(=O)N(Cc2ccc(-c3nnc(C(F)(F)F)o3)cc2F)c2ccccc2)CC1,6.876148359032914,1
CCC(=O)N1CCN(S(=O)(=O)N(Cc2ccc(-c3nnc(C(F)F)o3)cc2F)c2ccccc2)CC1,7.508638306165727,1
CCC(=O)NCc1ccc(C(=O)Nc2cc(-c3ccccc3)ccc2N)cc1,7.942387769655431,4
CCC(=O)NCc1ccc(C(=O)Nc2cc(-c3cccs3)ccc2N)cc1,7.76164275048356,5
CCC(C(=O)Nc1ccc(/C=C/C(=O)NO)nc1)c1ccccc1,7.113509274827518,2
CCC(C(=O)Nc1ccc(/C=C/C(=O)Nc2ccccc2N)nc1)c1ccccc1,6.844663962534938,2
CCC(C(=O)Nc1ccc(C(=O)NO)cc1)c1ccccc1,7.267606240177031,1
CCC(C(=O)Nc1ccc(C(=O)NO)nc1)c1ccccc1,5.826813731587726,2
CCC(C(=O)Nc1ccc(C(=O)Nc2ccccc2N)nc1)c1ccccc1,6.493494967595128,2
CCC(C(=O)Nc1ccc2cc(C(=O)NO)sc2c1)c1ccccc1,7.3979400086720375,2
CCC(C)(C)C(=O)O[C@H]1C[C@@H](C)C=C2C=C[C@H](C)[C@H](CC[C@@H](O)C[C@@H](O)CC(=O)NO)[C@H]21,7.205127167196476,3
CCC(C)C(=O)OC1C[C@@H](C)C=C2C=C[C@H](C)[C@H](CC[C@@H](O)C[C@@H](O)CC(=O)NO)[C@H]21,7.221125527997261,1
CCC(C)C(c1nc2ccccc2o1)n1cc(/C=C/C(=O)NO)nn1,8.397940008672037,1
CCC(C)CN(CC)Cc1c(C(C)(C)C)nc2cc(/C=C/C(=O)NO)ccn12,6.585026652029182,1
CCC(C)Oc1ccc(CCC(=O)Nc2ccc(C(=O)NO)cc2)cc1OC,5.657577319177793,1
CCC(C)[C@@H]1NC(=O)[C@@H](Cc2ccc(OC)cc2)NC(=O)[C@H](CCCCCC(=O)C(F)(F)C(F)(F)F)NC(=O)[C@H]2CCCN2C1=O,6.070581074285707,1
CCC(C)[C@@H]1NC(=O)[C@@H](Cc2ccc(OC)cc2)NC(=O)[C@H](CCCCCC(=O)C(F)(F)F)NC(=O)[C@H]2CCCN2C1=O,6.136677139879544,1
CCC(C)[C@@H]1NC(=O)[C@@H](Cc2ccc(OC)cc2)NC(=O)[C@H](CCCCSCC(=O)C(F)(F)F)NC(=O)[C@H]2CCCN2C1=O,7.397940008672037,1
CCC(C)[C@H]1NC(=O)[C@H]2CSSCC/C=C/[C@H](CC(=O)N[C@H](C)C(=O)N2)OC(=O)C[C@@H]1O,8.657577319177793,1
CCC(CC)(C(=O)Nc1ccc(C(=O)NO)cc1)c1ccccc1,6.366531544420413,2
CCC(CC)(c1ccc(C(=O)NCCCCC(=O)NO)cc1)c1ccc(OCC(O)C(C)(C)C)c(C)n1,7.099469735076072,2
CCC(CC)(c1ccc(OCC(=O)NO)c(C)c1)c1ccc(OCC(O)C(C)(C)C)c(C)c1,4.844663962534939,2
CCC(CC)C(=O)N[C@H](COc1ccc(/C=C/C(=O)NO)cc1)Cc1c[nH]c2ccccc12,6.885055584287415,1
CCC(CC)CN(C)Cc1c(C(C)(C)C)nc2cc(/C=C/C(=O)NO)ccn12,6.3872161432802645,1
CCC(CC)CN(CC)Cc1c(C(C)(C)C)nc2cc(/C=C/C(=O)NO)ccn12,6.721246399047171,1
CCC(CC)CN(CC)Cc1c(C)nc2cc(/C=C/C(=O)NO)ccn12,10.0,3
CCC(CC)CNCc1c(C(C)(C)C)nc2cc(/C=C/C(=O)NO)ccn12,6.795880017344075,1
CCC(CC)NCc1c(-c2ccccc2)nc2cc(/C=C/C(=O)NO)ccn12,6.585026652029182,1
CCC(CCCC(=O)Nc1ccccc1)CCC(=O)NO,5.188988870449795,3
CCC(CCCCC(=O)Nc1ccccc1)CC(=O)NO,4.60333488667856,3
CCC(CCCCCC(=O)Nc1ccccc1)C(=O)NO,3.3477536589966768,1
CCC(CCCCC[C@@H]1NC(=O)[C@H]2CCCCN2CC(=O)[C@H]([C@@H](C)CC)NC(=O)[C@H](Cc2cn(OC)c3ccccc23)NC1=O)SC(C)=O,7.136677139879544,1
CCC(N)CCCCC[C@@H]1NC(=O)[C@H]2CCCCN2CC(=O)[C@H]([C@@H](C)CC)NC(=O)[C@H](Cc2cn(OC)c3ccccc23)NC1=O,6.84163750790475,1
CCC(Nc1ncc(-c2noc(C(F)(F)F)n2)cn1)c1ccncc1,5.585026652029182,1
CCC(c1ccc(/C=C/C(=O)NO)cc1)c1nc2ccccc2n1CC,7.017728766960431,1
CCC(c1ccc(C(=O)Nc2ccc(F)cc2N)cc1)n1nc(-c2ccc(CN(C)C)cc2)ccc1=O,6.7876792172778835,2
CCC1(Nc2ccc(C(=O)Nc3cc(-c4cccs4)ccc3N)cc2)CCN(C(=O)N2CCNCC2)CC1,8.4089353929735,1
CCC1(Nc2ccc(C(=O)Nc3cc(-c4cccs4)ccc3N)cc2)CCN(C(=O)N2CCOCC2)CC1,7.744727494896693,1
CCCC(/C=C/c1ccccc1)n1cc(/C=C/C(=O)NO)nn1,6.8794260687941495,1
CCCC(=O)CCCCC[C@@H]1NC(=O)[C@H]2CCCCN2C(=O)[C@H]([C@@H](C)CC)NC(=O)[C@H](Cc2cn(OC)c3ccccc23)NC1=O,8.522878745280337,1
CCCC(=O)CCCCC[C@@H]1NC(=O)[C@H]2CCCCN2CC(=O)[C@H]([C@@H](C)CC)NC(=O)[C@H](Cc2cn(OC)c3ccccc23)NC1=O,9.0,1
CCCC(=O)CCCCC[C@H](NC(=O)C1CCN(C)CC1)c1nc(-c2ccc3ccccc3c2)c[nH]1,7.795880017344075,1
CCCC(=O)CCCCC[C@H](NC(=O)C1CCN(C)CC1)c1ncc(-c2ccc3ccccc3c2)[nH]1,7.795880017344075,1
CCCC(=O)NC(Cc1ccc(-c2noc(C(F)(F)F)n2)cn1)c1cccc(C(F)(F)F)c1,6.214670164989233,1
CCCC(=O)NCc1ccc(C(=O)Nc2cc(-c3ccccc3)ccc2N)cc1,7.942387769655431,4
CCCC(=O)NCc1ccc(C(=O)Nc2cc(-c3cccs3)ccc2N)cc1,8.004111245024575,3
CCCC(=O)NCc1ccc(C(=O)Nc2ccccc2N)cc1,5.221848749616356,1
CCCC(=O)NO,5.154901959985743,2
CCCC(=O)Nc1ccc(C(=O)NO)cc1,5.823908740944319,1
CCCC(=O)Nc1ccc(CCC(=O)NO)cc1,5.795880017344075,1
CCCC(=O)O,4.159379381312206,4
CCCC(=O)[O-],4.795880017344075,1
CCCC(=O)[O-].[Na+],3.9001334897489137,4
CCCC(=S)SCC(=O)c1ccc(NC(C)=O)cc1,6.6235181210323955,4
CCCC(=S)SCC(=O)c1ccc(OC)cc1,6.281678901911189,4
CCCC(C)CN(CC)Cc1c(C(C)(C)C)nc2cc(/C=C/C(=O)NO)ccn12,6.327902142064282,1
CCCC(CCC)C(=O)N1Cc2cc(OCC(=O)NO)ccc2C[C@H]1C(=O)Nc1ccc(OC)cc1,7.424812155072339,1
CCCC(CCC)C(=O)NCCSS(C)(=O)=O,4.756961951313706,1
CCCC(CCC)C(=O)NO,3.2518119729937993,2
CCCC(CCC)C(=O)N[C@@H](Cc1ccccc1)C(=O)NNc1ccccc1,6.4089353929735005,2
CCCC(CCC)C(=O)N[C@@H](Cc1ccccc1)C(=O)NO,8.540617984486001,2
CCCC(CCC)C(=O)N[C@H](COc1ccc(/C=C/C(=O)NO)cc1)Cc1c[nH]c2ccccc12,6.0097499670721835,1
CCCC(CCC)C(=O)N[C@H](COc1ccc(/C=C/C(=O)NO)cc1OC)Cc1c[nH]c2ccccc12,6.454587598430163,5
CCCC(CCC)C(=O)Nc1ccc(C(=O)NO)cc1,6.131943638176958,2
CCCC(CCC)C(=O)Nc1ccc(CC(=O)Nc2ccccc2N)cc1,4.096910013008056,1
CCCC(CCC)C(=O)Nc1ccc(CCC(=O)NO)cc1,5.301029995663981,1
CCCC(CCC)C(=O)O,3.951078045876797,14
CCCC(CCC)C(=O)OCCSS(C)(=O)=O,5.017728766960431,1
CCCC(CCC)C(=O)Oc1ccc(-c2cc(=S)ss2)cc1,4.248720896016658,1
CCCC(CCCCCC(=O)Nc1ccccc1)C(=O)NO,3.8124792791635373,1
CCCC1=C(Nc2ccc(C(=O)NO)cc2)C2N=CC=CC2=N1,5.657577319177793,2
CCCCC(/C=C/c1ccccc1)n1cc(/C=C/C(=O)NO)nn1,6.863279432843593,1
CCCCC(=O)CCCCC[C@H](NC(=O)C1CCN(C)CC1)c1nc(-c2ccc3ccccc3c2)c[nH]1,7.130768280269024,1
CCCCC(=O)CCCCC[C@H](NC(=O)C1CCN(C)CC1)c1ncc(-c2ccc3ccccc3c2)[nH]1,7.130768280269024,1
CCCCC(=O)N(CCCC)Cc1ccc(C(=O)NO)cc1,5.508638306165727,2
CCCCC(=O)NCc1ccc(C(=O)NO)cc1,5.443697499232712,1
CCCCC(CC)CC(CCCCC(=O)NO)CC(=O)Nc1ccccc1,6.341035157335565,1
CCCCC(CCCC(=O)NO)CCC(=O)Nc1ccccc1,5.958607314841775,2
CCCCC(CCCC(=O)Nc1ccccc1)CCC(=O)NO,4.641180537429283,3
CCCCC(CCCCC(=O)Nc1ccccc1)CC(=O)NO,3.735182176990463,1
CCCCC(CCCCCC(=O)Nc1ccccc1)C(=O)NO,4.142667503568732,1
CCCCC(NCc1ccc(C(=O)NO)cc1)c1nnnn1Cc1ccccc1,5.696803942579511,2
CCCCCC(CCCCCC(=O)Nc1ccccc1)C(=O)NO,4.318758762624412,2
CCCCCCC(=O)N(O)C1CC(=O)C(c2ccc(Cl)cc2)C1=O,5.400116927926312,2
CCCCCCC(CCCC(=O)NO)CCC(=O)Nc1ccccc1,5.6777807052660805,2
CCCCCCC(CCCC(=O)Nc1ccccc1)CCC(=O)NO,4.377904220305268,3
CCCCCCC(CCCCCC(=O)Nc1ccccc1)C(=O)NO,3.7447274948966935,2
CCCCCCCC(=O)SCC/C=C(\F)[C@@H]1CC(=O)NCc2nc(cs2)C2=N[C@@](C)(CS2)C(=O)N[C@@H](C(C)C)C(=O)O1,6.414539270491499,2
CCCCCCCC(=O)SCC/C=C/COC(=O)[C@@H](NC(=O)c1csc(-c2csc(C)n2)n1)C(C)C,5.585026652029182,3
CCCCCCCC(=O)SCC/C=C/COC(=O)[C@@H](NC(=O)c1csc(-c2cscn2)n1)C(C)C,5.721398863334357,3
CCCCCCCC(=O)SCC/C=C/[C@@H]1CC(=O)NCc2cc(ccn2)C2=N[C@@](C)(CS2)C(=O)N[C@@H](C(C)C)C(=O)N1,6.087804523703978,2
CCCCCCCC(=O)SCC/C=C/[C@@H]1CC(=O)NCc2cc(ccn2)C2=N[C@@](C)(CS2)C(=O)N[C@@H](C(C)C)C(=O)O1,6.468521082957745,2
CCCCCCCC(=O)SCC/C=C/[C@@H]1CC(=O)NCc2cccc(n2)-c2cccc(n2)C(=O)N[C@@H](C(C)C)C(=O)O1,7.6777807052660805,2
CCCCCCCC(=O)SCC/C=C/[C@@H]1CC(=O)NCc2cccc(n2)C2=N[C@@](C)(CS2)C(=O)N[C@@H](C(C)C)C(=O)N1,6.468329566930968,2
CCCCCCCC(=O)SCC/C=C/[C@@H]1CC(=O)NCc2cccc(n2)C2=N[C@@](C)(CS2)C(=O)N[C@@H](C(C)C)C(=O)O1,6.69079602945469,2
CCCCCCCC(=O)SCC/C=C/[C@@H]1CC(=O)NCc2nc(co2)C2=N[C@@](C)(CS2)C(=O)N[C@@H](C(C)C)C(=O)O1,6.022276394711152,1
CCCCCCCC(=O)SCC/C=C/[C@@H]1CC(=O)NCc2nc(cs2)-c2cn(nn2)CC(=O)N[C@@H](C(C)C)C(=O)O1,4.7544873321858505,2
CCCCCCCC(=O)SCC/C=C/[C@@H]1CC(=O)NCc2nc(cs2)-c2nc(cs2)C(=O)N[C@@H](C(C)C)C(=O)O1,7.01343607320015,4
CCCCCCCC(=O)SCC/C=C/[C@@H]1CC(=O)NCc2nc(cs2)-c2nnn(n2)CC(=O)N[C@@H](C(C)C)C(=O)O1,5.1295960947209736,2
CCCCCCCC(=O)SCC/C=C/[C@@H]1CC(=O)NCc2nc(cs2)C2=N[C@@H](CS2)C(=O)N[C@@H](C(C)C)C(=O)O1,7.863279432843593,2
CCCCCCCC(=O)SCC/C=C/[C@@H]1CC(=O)NCc2nc(cs2)C2=N[C@@](C)(CS2)C(=O)C[C@@H](C(C)C)C(=O)C1,7.950851231752651,2
CCCCCCCC(=O)SCC/C=C/[C@@H]1CC(=O)NCc2nc(cs2)C2=N[C@@](C)(CS2)C(=O)N[C@@H](C(C)C)C(=O)N1,6.264361187197958,2
CCCCCCCC(=O)SCC/C=C/[C@@H]1CC(=O)NCc2nc(cs2)C2=N[C@@](C)(CS2)C(=O)N[C@@H](C(C)C)C(=O)O1,7.2158170934453905,19
CCCCCCCC(=O)SCC/C=C/[C@@H]1CC(=O)NCc2nc(cs2)C2=N[C@@](CC)(CS2)C(=O)N[C@@H](C(C)C)C(=O)O1,6.792365632611038,2
CCCCCCCC(=O)SCC/C=C/[C@@H]1CC(=O)NCc2nc(cs2)C2=N[C@@](Cc3ccccc3)(CS2)C(=O)N[C@@H](C(C)C)C(=O)O1,8.346787486224656,2
CCCCCCCC(=O)SCC/C=C/[C@@H]1CC(=O)N[C@H](C(C)C)C(=O)N[C@H](C)C(=O)N[C@H](C(C)C)C(=O)NCC(=O)O1,5.896196279044043,2
CCCCCCCCCCCCCCCCNNC(=O)c1cccs1,4.0338582672609675,2
CCCCCCCCCCCCOc1c(CC)cc(Cc2cnc(N)nc2N)cc1CC,5.068033885271827,1
CCCCCCCCN(Cc1ccccc1)Cc1ccc(/C=C/C(=O)NO)o1,5.5934598195660445,1
CCCCCCCCSSCC/C=C/[C@@H]1CC(=O)N[C@H](C(C)C)C(=O)N[C@H](C)C(=O)N[C@H](C(C)C)C(=O)NCC(=O)O1,6.086186147616283,2
CCCCCCCC[C@@H]1NC(=O)[C@H]2CCCCN2CC(=O)[C@H]([C@@H](C)CC)NC(=O)[C@H](Cc2cn(OC)c3ccccc23)NC1=O,7.214670164989233,1
CCCCCCCC[C@H](NC(=O)C1CN(C)C1)c1ncc(-c2cc3ccccc3nc2OC)[nH]1,4.7447274948966935,2
CCCCCCCCc1nc2cc(/C=C/C(=O)NO)ccc2n1CCCO,6.288139150614923,6
CCCCCCCCc1nc2cc(/C=C/C(=O)NO)ccc2n1CCN,7.657577319177793,2
CCCCCCCCc1nc2cc(/C=C/C(=O)NO)ccc2n1CCNC,7.823908740944319,2
CCCCCCCN(CC)Cc1c(C(C)(C)C)nc2cc(/C=C/C(=O)NO)ccn12,6.267606240177031,1
CCCCCCCNC(=O)Nc1cc(/C=C/C(=O)NO)ccc1OCCN(CC)CC,6.3872161432802645,1
CCCCCCN(CC)Cc1c(C(C)(C)C)nc2cc(/C=C/C(=O)NO)ccn12,6.619788758288394,1
CCCCCCN(CCC)NC(=O)/C=C/c1ccc(CNCCc2c(C)[nH]c3ccccc23)cc1.O=C(O)C(F)(F)F,5.5406075122407685,1
CCCCCCN(CCC)NC(=O)C=Cc1ccc(CNCCc2c(C)[nH]c3ccccc23)cc1,5.5406075122407685,1
CCCCCCN(Cc1ccccc1)Cc1ccc(/C=C/C(=O)NO)o1,5.576754126063192,1
CCCCCCNC(=O)Nc1cc(/C=C/C(=O)NO)ccc1OCCN(CC)CC,6.517126416391246,1
CCCCCCNC(=O)Nc1ccc(/C(N)=N/O)cc1,6.2225731776106885,1
CCCCCCNC(=S)Nc1cc(/C=C/C(=O)NO)ccc1OCCN(CC)CC,6.7281583934635005,1
CCCCCCNCC(=O)Nc1ccc(/C(N)=N/O)cc1,6.41907502432438,1
CCCCCCNCCC(=O)Nc1ccc(/C(N)=N/O)cc1,6.220403508742176,1
CCCCCCNNC(=O)c1ccc(-c2ccc(CNC(C)=O)cc2)cc1,5.7447274948966935,2
CCCCCCNNC(=O)c1ccc(Br)cc1,4.988429556402722,4
CCCCCCNNC(=O)c1ccc(C(C)(C)C)cc1,5.647817481888637,2
CCCCCCNNC(=O)c1ccc(CNC(=O)/C=C/c2ccccc2)cc1,7.090159878772487,3
CCCCCCNNC(=O)c1ccc(CNC(=O)CN2CCC(c3ccc(NC4CCC(=O)NC4=O)cc3)CC2)cc1,5.769551078621726,2
CCCCCCNNC(=O)c1ccc(CNC(C)=O)cc1,5.172815454512357,4
CCCCCCNNC(=O)c1cnc(N2CCN(CCc3c[nH]c4ccccc34)CC2)nc1,6.065501548756432,2
CCCCCCNNC(=O)c1cnc(N2CCN(CCc3cn(C)c4ccccc34)CC2)nc1,6.3979400086720375,2
CCCCCCNNC(=O)c1cnc(N2CCN(Cc3c[nH]c4ccccc34)CC2)nc1,6.769551078621726,2
CCCCCCNNC(=O)c1cnc(N2CCN(Cc3cn(C)c4ccccc34)CC2)nc1,6.769551078621726,2
CCCCCCNNC(=O)c1cnc(NCCc2ccccc2)nc1,5.657577319177793,2
CCCCCCNNC(=O)c1cnc(NCc2ccc(CNC(C)=O)cc2)nc1,6.017728766960431,2
CCCCCCNNC(=O)c1cnc(NCc2cccc3ccccc23)nc1,5.080921907623926,2
CCCCCCNNC(=O)c1cnc(NCc2ccccc2)nc1,6.251811972993799,2
CCCCCC[C@@H](CCCCCC(=O)Nc1ccccc1)C(=O)NO,3.481486060122113,2
CCCCCCc1nc2cc(/C=C/C(=O)NO)ccc2n1C1CCCNC1,6.978810700930062,2
CCCCCCc1nc2cc(/C=C/C(=O)NO)ccc2n1C1CCNC1,7.3872161432802645,2
CCCCCCc1nc2cc(/C=C/C(=O)NO)ccc2n1CCN(C)C,7.552841968657781,2
CCCCCCc1nc2cc(/C=C/C(=O)NO)ccc2n1CCN(CC)CC,7.346787486224656,2
CCCCCCc1nc2cc(/C=C/C(=O)NO)ccc2n1CCNC,7.537602002101044,2
CCCCCCc1nc2cc(/C=C/C(=O)NO)ccc2n1CCNC(C)C,7.443697499232712,2
CCCCCCc1nc2cc(/C=C/C(=O)NO)ccc2n1CCNCC,7.698970004336019,2
CCCCCCc1nc2cc(/C=C/C(=O)NO)ccn2c1NCCC(=O)N(C)C,6.055517327849831,1
CCCCCCc1nc2cc(/C=C/C(=O)NO)ccn2c1NCCC(=O)N(C)C(C)C,6.229147988357855,1
CCCCCCc1nc2cc(/C=C/C(=O)NO)ccn2c1NCCC(=O)N(C)CCN(C)C,6.619788758288394,1
CCCCCCc1nc2cc(/C=C/C(=O)NO)ccn2c1NCCC(=O)N(CCC)CCO,6.080921907623926,1
CCCCCCc1nc2cc(/C=C/C(=O)NO)ccn2c1NCCC(=O)N(CCOC)C(C)C,6.443697499232712,1
CCCCCCc1nc2cc(/C=C/C(=O)NO)ccn2c1NCCC(=O)NC,6.4089353929735005,1
CCCCCCc1nc2cc(/C=C/C(=O)NO)ccn2c1NCCC(=O)NC(C)(C)C,6.853871964321762,1
CCCCCCc1nc2cc(/C=C/C(=O)NO)ccn2c1NCCC(=O)NC(CO)C(C)C,6.7447274948966935,1
CCCCCCc1nc2cc(/C=C/C(=O)NO)ccn2c1NCCC(=O)NCC,6.42021640338319,1
CCCCCCc1nc2cc(/C=C/C(=O)NO)ccn2c1NCCC(=O)NCC(C)(C)CN(C)C,6.853871964321762,1
CCCCCCc1nc2cc(/C=C/C(=O)NO)ccn2c1NCCC(=O)NCC(F)(F)F,6.795880017344075,1
CCCCCCc1nc2cc(/C=C/C(=O)NO)ccn2c1NCCC(=O)NCCCC,6.886056647693163,1
CCCCCCc1nc2cc(/C=C/C(=O)NO)ccn2c1NCCC(=O)NCCN(C)C,7.00436480540245,1
CCCCCCc1nc2cc(/C=C/C(=O)NO)ccn2c1NCCC(=O)NCCN(CC)CC,6.958607314841775,1
CCCCCCc1nc2cc(/C=C/C(=O)NO)ccn2c1NCCC(=O)NCCOC,6.886056647693163,1
CCCCCCc1nc2cc(/C=C/C(=O)NO)ccn2c1NCCC(=O)NCCSC,7.136677139879544,1
CCCCCCc1nc2ccc(/C=C/C(=O)NO)cn2c1NCCC(=O)NCC,6.200659450546418,1
CCCCCCc1nc2ccc(/C=C/C(=O)NO)cn2c1NCCC(=O)NCCN(C)C,6.107905397309519,1
CCCCCN(CC)Cc1c(C(C)(C)C)nc2cc(/C=C/C(=O)NO)ccn12,6.886056647693163,1
CCCCCN(CCC)NC(=O)/C=C/c1ccc(CNCCc2c(C)[nH]c3ccccc23)cc1.O=C(O)C(F)(F)F,6.4185054577091005,1
CCCCCN(CCC)NC(=O)C=Cc1ccc(CNCCc2c(C)[nH]c3ccccc23)cc1,6.417936637088291,1
CCCCCN(CCc1ccc2c(c1)OCO2)Cc1ccc(/C=C/C(=O)NO)o1,5.45717457304082,1
CCCCCNC(=O)Nc1cc(/C=C/C(=O)NO)ccc1OCCN(CC)CC,6.730487055782083,1
CCCCCNC(=O)Nc1cc(/C=C/C(=O)NO)ccc1SCCN(CC)CC,6.686132779630847,1
CCCCCNC(=S)Nc1cc(/C=C/C(=O)NO)ccc1OCCN(CC)CC,6.665546248849069,1
CCCCCNC(=S)SC[C@H](NC(C)=O)C(=O)O,2.4948500216800937,1
CCCCCNNC(=O)c1ccc(-c2ccc(CNC(C)=O)cc2)cc1,6.180456064458131,2
CCCCCNNC(=O)c1ccc(Br)cc1,5.7281583934635005,2
CCCCCNNC(=O)c1ccc(CN(CC(=O)NCc2ccccc2)C(=O)c2ccc(N(C)C)cc2)cc1,7.187086643357144,2
CCCCCNNC(=O)c1ccc(CNC(=O)/C=C/c2ccccc2)cc1,7.325570702225111,3
CCCCCNNC(=O)c1ccc(CNC(=O)[C@H](Cc2c[nH]c3ccccc23)NC(=O)c2ccc(OC)cc2)cc1,7.5244770259320894,2
CCCCCNNC(=O)c1ccc(CNC(=O)c2ccccc2)cc1,7.694648630553377,1
CCCCCNc1nc(Cl)nc2c1ncn2CCCC(=O)NCc1ccc(C(=O)Nc2ccccc2N)cc1,5.464705879957229,1
CCCCCNc1nc(Cl)nc2c1ncn2Cc1ccc(C(=O)Nc2ccc(Br)cc2N)cc1,4.728623128105926,1
CCCCCNc1nc(Cl)nc2c1ncn2Cc1ccc(C(=O)Nc2ccc(C)cc2N)cc1,5.692503962086787,1
CCCCCNc1nc(Cl)nc2c1ncn2Cc1ccc(C(=O)Nc2ccc(F)cc2N)cc1,5.543633966870956,1
CCCCCOc1ccccc1C(=O)NC(=O)NC1CC2CCC(C1)N2C,7.455931955649724,1
CCCCC[C@@H]1NC(=O)[C@@H](CCCCC)NC(=O)[C@H](CCCCCC(=O)NO)NC(=O)[C@H]2CCCN2C1=O,7.6020599913279625,4
CCCCC[C@@H]1NC(=O)[C@H](CCCCCC(=O)NO)NC(=O)[C@H]2CCCN2C(=O)[C@H](CCCCC)NC1=O,7.431798275933005,2
CCCCC[C@@H]1NC(=O)[C@H]2CCCN2C(=O)[C@H](CCCCCC(=O)NO)NC(=O)[C@@H](CCCCC)NC1=O,7.366531544420414,2
CCCCC[C@H](NC(=O)C1CN(C)C1)c1ncc(-c2cc3ccccc3nc2OC)[nH]1,5.327902142064282,2
CCCCCc1nc2cc(/C=C/C(=O)NO)ccc2n1C1CCCN(C)C1,6.801342913045577,2
CCCCCc1nc2cc(/C=C/C(=O)NO)ccc2n1CCN(C)CC,7.3872161432802645,2
CCCCCc1nc2cc(/C=C/C(=O)NO)ccc2n1CCNC,7.3872161432802645,2
CCCCCc1nc2cc(/C=C/C(=O)NO)ccc2n1CCNC(C)C,7.522878745280337,2
CCCCCc1nc2cc(/C=C/C(=O)NO)ccc2n1CCNCC,7.568636235841012,2
CCCCCc1nc2cc(/C=C/C(=O)NO)ccn2c1CN(CC)CCC(C)(C)C,7.522878745280337,1
CCCCCc1nc2cc(/C=C/C(=O)NO)ccn2c1CN(CC)CCC(C)C,7.522878745280337,1
CCCCCc1nc2cc(/C=C/C(=O)NO)ccn2c1CN(CC)CCCC,7.397940008672037,1
CCCCCc1nc2cc(/C=C/C(=O)NO)ccn2c1CNC(C)(C)C,7.698970004336019,1
CCCCCc1nc2cc(/C=C/C(=O)NO)ccn2c1NCCOC,6.522878745280337,1
CCCCCc1nc2ccc(/C=C/C(=O)NO)cn2c1NCCOC,5.886056647693163,1
CCCCN(C(=O)NCc1ccc(C(=O)NO)cc1)c1ccccc1,5.090443970758826,6
CCCCN(C)C[C@@H](C)NC(=O)c1ccc(-c2noc(C(F)(F)F)n2)cc1,5.920818753952375,1
CCCCN(C)C[C@@H](C)NC(=O)c1ccc(-c2noc(C(F)(F)F)n2)cc1F,5.568636235841012,1
CCCCN(C)Cc1c(-c2ccccc2)nc2cc(/C=C/C(=O)NO)ccn12,6.770303756120384,2
CCCCN(C)Cc1c(C(C)(C)C)nc2cc(/C=C/C(=O)NO)ccn12,6.657577319177793,1
CCCCN(CC)Cc1c(-c2ccccc2)nc2cc(/C=C/C(=O)NO)ccn12,7.397940008672037,1
CCCCN(CC)Cc1c(C(C)(C)C)nc2cc(/C=C/C(=O)NO)ccn12,7.221848749616356,1
CCCCN(CC)Cc1c(C)nc2cc(/C=C/C(=O)NO)ccn12,7.522878745280337,1
CCCCN(CC)Cc1c(CC(C)C)nc2cc(/C=C/C(=O)NO)ccn12,7.397940008672037,1
CCCCN(CC)Cc1c(CC)nc2cc(/C=C/C(=O)NO)ccn12,7.301029995663981,1
CCCCN(CC)Cc1c(CCC(C)C)nc2cc(/C=C/C(=O)NO)ccn12,7.397940008672037,1
CCCCN(CC)Cc1c(CCC)nc2cc(/C=C/C(=O)NO)ccn12,7.397940008672037,1
CCCCN(CCC)NC(=O)/C=C/c1ccc(CNCCc2c(C)[nH]c3ccccc23)cc1.O=C(O)C(F)(F)F,6.678401569534657,1
CCCCN(CCC)NC(=O)C=Cc1ccc(CNCCc2c(C)[nH]c3ccccc23)cc1,6.6777807052660805,1
CCCCN(CCCC)Cc1c(C)nc2cc(/C=C/C(=O)NO)ccn12,7.096910013008056,1
CCCCN(CCc1c(C)[nH]c2ccccc12)Cc1ccc(/C=C/C(=O)NNCCC)cc1,6.510383640583275,14
CCCCN(Cc1ccc(C(=O)NNCC)cc1)C(=O)Nc1ccccc1,6.467245621007502,2
CCCCN(Cc1ccc(C(=O)NNCC)cc1)C(=O)c1ccccc1,5.896196279044043,2
CCCCN(Cc1ccc(C(=O)NO)cc1)C(=O)CCCCn1cc(COc2cccc(Cc3cnc(NC(=O)CSc4nc(C)cc(C)n4)s3)c2)nn1,5.657577319177793,4
CCCCN(Cc1ccc(C(=O)NO)cc1)C(=O)NCCN1CCCC1,4.841637507904751,2
CCCCN(Cc1ccc(C(=O)NO)cc1)C(=O)Nc1cc(C)ccn1,5.122628654130226,2
CCCCN(Cc1ccc(C(=O)NO)cc1)C(=O)Nc1ccc(CN)cc1,7.096910013008056,2
CCCCN(Cc1ccc(C(=O)NO)cc1)C(=O)Nc1ccc2cn[nH]c2c1,6.142064735280571,4
CCCCN(Cc1ccc(C(=O)NO)cc1)C(=O)Nc1cccc(N(C)C)c1,6.218963061378869,4
CCCCN(Cc1ccc(C(=O)NO)cc1)C(=O)Nc1ccccc1,6.097618262522618,30
CCCCN(Cc1ccc(C(=O)NO)cc1)C(=O)Nc1ccccc1OC,7.014573525916998,1
CCCCN(Cc1ccc(C(=O)NO)cc1)C(=O)Nc1ncccn1,5.562249437179612,4
CCCCN(Cc1ccc(C(=O)NO)cc1)C(=O)c1cc2c([nH]c3ccccc32)c(-c2cccc(OC)c2)n1,6.431798275933005,1
CCCCN(Cc1ccc(C(=O)NO)cc1)C(=O)c1cc2c([nH]c3ccccc32)c(-c2ccccc2OC)n1,6.468521082957745,1
CCCCN(Cc1ccc(C(=O)NO)cc1)C(=O)c1cc2c([nH]c3ccccc32)c(C)n1,6.031517051446064,1
CCCCN(Cc1ccc(C(=O)NO)cc1)C(=O)c1cc2c(cn1)[nH]c1ccccc12,5.570247719997592,1
CCCCN(Cc1ccc(C(=O)NO)cc1)C(=O)c1ccccc1,5.842241113953136,2
CCCCN(Cc1ccccc1)Cc1ccc(/C=C/C(=O)NO)o1,5.641753518248954,3
CCCCN(Cc1nc2cc(C(=O)NO)ccc2n1C)c1ccccc1,6.1979107421182675,2
CCCCN1CCN(CC2CCc3c(c4cc(F)ccc4n3Cc3ccc(C(=O)NO)cc3)C2=O)CC1,5.649751981665837,2
CCCCNC(=O)C(Cc1c[nH]c2ccccc12)NC(=O)c1ccc(/C=C/C(=O)NO)cc1,7.096910013008056,1
CCCCNC(=O)CN(C(=O)Cc1ccc(C(=O)NO)cc1)c1ccccc1,6.346787486224656,2
CCCCNC(=O)CN(CCCCCC(=O)NO)C(=O)c1ccc(N(C)C)cc1,6.051537602516275,4
CCCCNC(=O)CN(Cc1ccc(C(=O)NO)cc1)C(=O)c1ccc(N(C)C)cc1,7.3979400086720375,2
CCCCNC(=O)Nc1cc(/C=C/C(=O)NO)ccc1SCCN(CC)CC,6.764471553092451,1
CCCCNC(=O)Nc1ccc(/C(N)=N/O)cc1,6.228412519118745,1
CCCCNC(=O)[C@H](Cc1c[nH]c2ccccc12)NC(=O)/C=C/c1ccc(C(=O)NO)cc1,7.071604147743287,1
CCCCNC(=O)c1cc(CNC(=O)CCCCCC(=O)NO)nc2ccccc12,6.35261702988538,1
CCCCNC(=S)Nc1cc(/C=C/C(=O)NO)ccc1OCCN(CC)CC,6.886056647693163,1
CCCCNC(=S)SC[C@H](NC(C)=O)C(=O)O,2.4609239012072237,1
CCCCNCC(=O)Nc1ccc(/C(N)=N/O)cc1,6.549750891680639,1
CCCCNCCC(=O)Nc1ccc(/C(N)=N/O)cc1,6.277366077466188,1
CCCCNCCCC(=O)Nc1ccc(/C(N)=N/O)cc1,6.140861702705469,1
CCCCNCc1c(-c2ccc(F)cc2)nc2cc(/C=C/C(=O)NO)ccn12,7.200659450546418,1
CCCCNCc1c(-c2ccccc2)nc2cc(/C=C/C(=O)NO)ccn12,6.795880017344075,1
CCCCNCc1c(C(C)(C)C)nc2cc(/C=C/C(=O)NO)ccn12,6.795880017344075,1
CCCCNCc1c(C)nc2cc(/C=C/C(=O)NO)ccn12,6.795880017344075,1
CCCCNCc1c(CCCC)nc2cc(/C=C/C(=O)NO)ccn12,9.69897000433602,3
CCCCNNC(=O)CCCCCCC(=O)Nc1ccc(Nc2ncc(Cl)c(OC3CCCCC3)n2)cc1,5.823330067331851,2
CCCCNNC(=O)CCCCn1c2cc3c(cc2c2[nH]c(=O)c4ccccc4c21)OCO3,5.478861916295964,2
CCCCNNC(=O)c1ccc(-c2cc(C(=O)OCC)ccc2F)cc1,5.886056647693163,2
CCCCNNC(=O)c1ccc(-c2cc(C)cc(F)c2)cc1,6.119186407719209,2
CCCCNNC(=O)c1ccc(-c2ccc(CNC(C)=O)cc2)cc1,6.207608310501746,2
CCCCNNC(=O)c1ccc(-c2cccc(F)c2F)cc1,6.886056647693163,3
CCCCNNC(=O)c1ccc(-c2ccccc2)cc1,7.045757490560675,7
CCCCNNC(=O)c1ccc(-c2cncnc2)cc1,5.906578314837764,2
CCCCNNC(=O)c1ccc(Br)cc1,6.234529982153087,12
CCCCNNC(=O)c1ccc(C(C)(C)C)cc1,6.721246399047171,2
CCCCNNC(=O)c1ccc(CN(CC(=O)NCc2ccccc2)C(=O)c2ccc(N(C)C)cc2)cc1,7.45225871912518,10
CCCCNNC(=O)c1ccc(CN=[N+]=[N-])cc1,6.494850021680094,2
CCCCNNC(=O)c1ccc(CNC(=O)/C=C/c2ccccc2)cc1,7.2209574156222915,3
CCCCNNC(=O)c1ccc(CNC(=O)[C@H](Cc2c[nH]c3ccccc23)NC(=O)c2ccc(OC)cc2)cc1,7.268896866508047,2
CCCCNNC(=O)c1ccc(CNC(=O)c2ccccc2)cc1,7.723538195826756,1
CCCCNNC(=O)c1ccc(Cl)cc1,5.474423738776309,4
CCCCNNC(=O)c1ccc(Cn2cc(Nc3cc(-c4cccc(NCC5(C#N)CCOCC5)n4)c(Cl)cn3)cn2)cc1,6.25348257828543,2
CCCCNNC(=O)c1ccc(F)cc1,4.940880031089351,6
CCCCNNC(=O)c1ccc(N(C)C)cc1,6.638272163982407,4
CCCCNNC(=O)c1ccc(OC(F)(F)F)cc1,5.052566278112949,4
CCCCNNC(=O)c1ccc(OC)c(OC)c1,4.653647025549361,1
CCCCNNC(=O)c1ccc(OC)cc1,5.718966632752272,4
CCCCNNC(=O)c1ccc(OC)cc1OC,4.653647025549361,1
CCCCNNC(=O)c1ccc(OCC)c(OCC)c1,4.928117992693875,2
CCCCNNC(=O)c1ccc([N+](=O)[O-])cc1,4.671620396561262,2
CCCCNNC(=O)c1ccc2ccccc2c1,5.366531544420413,2
CCCCNNC(=O)c1cccc(C(F)(F)F)c1,4.452471423540218,2
CCCCNNC(=O)c1cccc(I)c1,4.503208684299958,2
CCCCNNC(=O)c1ccccc1F,4.14092177525303,2
CCCCNNC(=O)c1cccnc1,4.838332587562264,2
CCCCNNC(=O)c1ccncc1,5.368150537840182,2
CCCCNc1c(CCCC)nc2ccc(/C=C/C(=O)NO)cn12,6.142667503568731,1
CCCCNc1nc(Cl)nc2c1ncn2CCCC(=O)NCc1ccc(C(=O)Nc2ccccc2N)cc1,6.022276394711152,1
CCCCNc1nc(Cl)nc2c1ncn2Cc1ccc(C(=O)Nc2ccc(Br)cc2N)cc1,5.690369832574101,1
CCCCNc1nc(Cl)nc2c1ncn2Cc1ccc(C(=O)Nc2ccc(C)cc2N)cc1,5.995678626217357,1
CCCCNc1nc(Cl)nc2c1ncn2Cc1ccc(C(=O)Nc2ccc(F)cc2N)cc1,5.892790030352131,1
CCCCNc1nc(Cl)nc2c1ncn2Cc1ccc(C(=O)Nc2ccccc2N)cc1,7.3597176726079025,3
CCCCNc1nc(NCCCCCC(=O)NO)c2ncn(Cc3ccccc3)c2n1,7.0915149811213505,1
CCCCNc1nc(NCCCCCCC(=O)NO)c2ncn(Cc3ccccc3)c2n1,6.882728704344236,1
CCCCOc1c(CCC)cc(Cc2cnc(N)nc2N)cc1CCC,5.036212172654444,1
CCCCOc1ccc(C(=O)NOCc2ccc(/C=C/C(=O)NO)cc2)cc1,5.321032576499773,2
CCCCOc1ccc(CCC(=O)Nc2ccc(C(=O)NO)cc2)cc1OC,5.795880017344075,1
CCCCS(=O)(=O)N1Cc2ccc(/C=C/C(=O)NO)cc2C1,6.823908740944319,2
CCCC[C@@H]1NC(=O)C(C)(C)NC(=O)[C@H](CCCCCSSc2ccccn2)NC(=O)[C@H]2CCCN2C1=O,7.42021640338319,2
CCCC[C@H](NC(=O)C1CN(C)C1)c1ncc(-c2cc3ccccc3nc2OC)[nH]1,5.958411671979095,3
CCCC[C@H](NC(=O)Cc1c[nH]c2ccc(OC)cc12)c1ncc(-c2cc3ccccc3nc2OC)[nH]1,6.423207177137452,3
CCCC[C@H](NC(=O)Cc1c[nH]c2ccccc12)c1ncc(-c2cc3ccccc3nc2OC)[nH]1,5.541652852775691,3
CCCC[C@H](NC(=O)[C@H](C)c1c(C)[nH]c2ccc(O)cc12)c1ncc(-c2cc3ccccc3nc2OC)[nH]1,6.531203207420115,5
CCCC[C@H](NC(=O)[C@H](C)c1c(C)[nH]c2ccc(OC)cc12)c1ncc(-c2cc3ccccc3nc2OC)[nH]1,7.059561009802967,3
CCCC[C@H](NC(=O)[C@H](CN)c1c(C)[nH]c2ccc(O)cc12)c1ncc(-c2cc3ccccc3nc2OC)[nH]1,6.752310484571777,5
CCCC[C@H](NC(=O)[C@H](CN)c1c(C)[nH]c2ccc(OC)cc12)c1ncc(-c2cc3ccccc3nc2OC)[nH]1,6.520861657828959,5
CCCC[C@H]1NC(=O)C[C@@H](/C=C/CCS)OC(=O)C[C@H](O)[C@@H]([C@@H](C)CC)NC(=O)[C@@H](CS)NC1=O,8.187086643357144,1
CCCC[C@H]1NC(=O)C[C@H]2/C=C/CCSSC[C@@H](NC1=O)C(=O)N[C@H](C(C)C)[C@@H](O)CC(=O)O2,9.318758762624412,2
CCCC[C@H]1NC(=O)C[C@H]2/C=C/CCSSC[C@@H](NC1=O)C(=O)N[C@H](CC(C)C)[C@@H](O)CC(=O)O2,8.585026652029182,2
CCCC[C@H]1NC(=O)C[C@H]2/C=C/CCSSC[C@@H](NC1=O)C(=O)N[C@H]([C@@H](C)CC)[C@@H](O)CC(=O)O2,7.651715594244089,3
CCCCc1cc(-c2ccccc2)nn1Cc1ccc(C(=O)NO)cc1,5.628193541492584,2
CCCCc1cc(C(=O)Nc2ccccc2)nn1Cc1ccc(C(=O)NO)cc1,5.830031826003108,2
CCCCc1ccc(-c2nc3ccc(C(=O)NO)cc3[nH]2)cc1,5.113509274827518,1
CCCCc1ccc(CNC2[C@H]3CN(c4ncc(C(=O)NO)cn4)C[C@@H]23)cc1,7.657577319177793,1
CCCCc1nc2cc(/C=C/C(=O)NO)ccc2n1C1CCCNC1,6.721246399047171,2
CCCCc1nc2cc(/C=C/C(=O)NO)ccc2n1C1CCN(C)C1,6.903089986991944,2
CCCCc1nc2cc(/C=C/C(=O)NO)ccc2n1C1CCNC1,6.958607314841775,2
CCCCc1nc2cc(/C=C/C(=O)NO)ccc2n1C1CCNCC1,7.167491087293763,2
CCCCc1nc2cc(/C=C/C(=O)NO)ccc2n1CC(C)(C)CN(C)C,6.823908740944319,2
CCCCc1nc2cc(/C=C/C(=O)NO)ccc2n1CCC(C)C,5.603800652904264,2
CCCCc1nc2cc(/C=C/C(=O)NO)ccc2n1CCCNC(C)C,6.782516055786093,2
CCCCc1nc2cc(/C=C/C(=O)NO)ccc2n1CCN(C(C)C)C(C)C,6.474955192963154,2
CCCCc1nc2cc(/C=C/C(=O)NO)ccc2n1CCN(C)C,7.473139041061877,3
CCCCc1nc2cc(/C=C/C(=O)NO)ccc2n1CCN(C)C(C)C,7.346787486224656,2
CCCCc1nc2cc(/C=C/C(=O)NO)ccc2n1CCN(C)CC,6.962573502059376,2
CCCCc1nc2cc(/C=C/C(=O)NO)ccc2n1CCN(CC)CC,7.167229815403466,3
CCCCc1nc2cc(/C=C/C(=O)NO)ccc2n1CCN(CC)CC.Cl.Cl,7.113509274827518,1
CCCCc1nc2cc(/C=C/C(=O)NO)ccc2n1CCNC(C)C,7.376750709602099,2
CCCCc1nc2cc(/C=C/C(=O)NO)ccc2n1CCNCC,7.113509274827518,2
CCCCc1nc2cc(/C=C/C(=O)NO)ccn2c1CN(C)C,7.397940008672037,1
CCCCc1nc2cc(/C=C/C(=O)NO)ccn2c1CN(C)CCCC,7.154901959985743,1
CCCCc1nc2cc(/C=C/C(=O)NO)ccn2c1CN(CC)CC,6.7447274948966935,1
CCCCc1nc2cc(/C=C/C(=O)NO)ccn2c1CN(CC)CC(C)(C)C,6.795880017344075,1
CCCCc1nc2cc(/C=C/C(=O)NO)ccn2c1CN(CC)CC(C)C,7.045757490560675,1
CCCCc1nc2cc(/C=C/C(=O)NO)ccn2c1CN(CC)CC(C)CCC,7.159379381312206,2
CCCCc1nc2cc(/C=C/C(=O)NO)ccn2c1CN(CC)CC(CC)CC,6.823908740944319,1
CCCCc1nc2cc(/C=C/C(=O)NO)ccn2c1CN(CC)CCC(C)(C)C,7.522878745280337,1
CCCCc1nc2cc(/C=C/C(=O)NO)ccn2c1CN(CC)CCC(C)C,7.698970004336019,1
CCCCc1nc2cc(/C=C/C(=O)NO)ccn2c1CN(CC)CCC(C)CC(C)(C)C,6.698970004336019,1
CCCCc1nc2cc(/C=C/C(=O)NO)ccn2c1CN(CC)CCCC,9.221848749616356,3
CCCCc1nc2cc(/C=C/C(=O)NO)ccn2c1CN(CCC)CCC,6.698970004336019,1
CCCCc1nc2cc(/C=C/C(=O)NO)ccn2c1CN(CCC)CCCC,7.045757490560675,1
CCCCc1nc2cc(/C=C/C(=O)NO)ccn2c1CNC(C)(C)C,7.698970004336019,1
CCCCc1nc2cc(C(=O)NC(=O)NCCCCCC(=O)NO)ccc2n1CCN1CCCC1,6.0664745880550175,4
CCCCc1nc2cc(C=CC(=O)NO)ccc2n1CCN(CC)CC,7.113509274827518,1
CCCCc1sc(-c2nccs2)nc1C(=O)NCCCCC(=O)NO,7.5181319322421345,3
CCCCn1c2c(c3ccccc31)CCN(C(=O)CCCCCCC(=O)NO)C2,9.0268721464003,2
CCCCn1ccc2ccc(NC(=O)CCCCCCC(=O)NO)cc2c1=O,7.181214111299438,2
CCCCn1cnc2c(NCCCCCC(=O)NO)nc(Cl)nc21,7.050609993355087,1
CCCCn1cnc2c(NCCCCCC(=O)NO)nc(N3CCOCC3)nc21,6.886056647693163,1
CCCCn1cnc2c(NCc3ccc(C(=O)Nc4ccccc4N)cc3)nc(Cl)nc21,7.301029995663981,2
CCCCn1cnc2c(NCc3ccc(C(=O)Nc4ccccc4N)cc3)nc(N)nc21,6.522878745280337,2
CCCN(C)C(=O)Nc1cc(-c2cccs2)ccc1N,7.301029995663981,1
CCCN(C)C(=O)Nc1cc(C2=CCCC2)ccc1N,5.515700160653214,1
CCCN(C)C[C@@H](C)NC(=O)c1ccc(-c2noc(C(F)(F)F)n2)cc1,5.3979400086720375,1
CCCN(C)C[C@@H](C)NC(=O)c1ccc(-c2noc(C(F)(F)F)n2)cc1F,5.236572006437063,1
CCCN(C)Cc1c(C(C)(C)C)nc2cc(/C=C/C(=O)NO)ccn12,6.2839966563652006,1
CCCN(CC)C[C@@H](C)NC(=O)c1ccc(-c2noc(C(F)(F)F)n2)cc1,5.619788758288394,1
CCCN(CC)C[C@@H](C)NC(=O)c1ccc(-c2noc(C(F)(F)F)n2)cc1F,5.292429823902063,1
CCCN(CC)Cc1c(-c2ccccc2)nc2cc(/C=C/C(=O)NO)ccn12,6.619788758288394,1
CCCN(CC)Cc1c(C(C)(C)C)nc2cc(/C=C/C(=O)NO)ccn12,6.568636235841012,1
CCCN(CC)Cc1c(C)nc2cc(/C=C/C(=O)NO)ccn12,6.267606240177031,1
CCCN(CC)NC(=O)/C=C/c1ccc(CNCCc2c(C)[nH]c3ccccc23)cc1.O=C(O)C(F)(F)F,5.5338741295818,1
CCCN(CC)NC(=O)C=Cc1ccc(CNCCc2c(C)[nH]c3ccccc23)cc1,5.5338741295818,1
CCCN(CCC)C[C@@H](C)NC(=O)c1ccc(-c2noc(C(F)(F)F)n2)cc1,5.406038390922711,4
CCCN(CCC)C[C@@H](C)NC(=O)c1ccc(-c2noc(C(F)(F)F)n2)cc1F,5.376750709602099,1
CCCN(CCC)NC(=O)/C=C/c1ccc(CNCCc2c(C)[nH]c3ccccc23)cc1.O=C(O)C(F)(F)F,6.384260311380845,1
CCCN(CCC)NC(=O)C=Cc1ccc(CNCCc2c(C)[nH]c3ccccc23)cc1,6.384049948343598,1
CCCN(CCCCOCCOCCOCC(=O)N[C@H](C(=O)N1C[C@H](O)C[C@H]1C(=O)NCc1ccc(-c2scnc2C)cc1)C(C)(C)C)C[C@@H](C)NC(=O)c1ccc(-c2noc(C(F)(F)F)n2)cc1,5.366531544420413,1
CCCN(CCCCOCCOCCOCCOCC(=O)N[C@H](C(=O)N1C[C@H](O)C[C@H]1C(=O)NCc1ccc(-c2scnc2C)cc1)C(C)(C)C)C[C@@H](C)NC(=O)c1ccc(-c2noc(C(F)(F)F)n2)cc1,5.552841968657781,1
CCCN(CCO)Cc1c(-c2ccccc2)nc2cc(/C=C/C(=O)NO)ccn12,6.0,1
CCCN(CCc1c[nH]c2ccccc12)Cc1ccc(/C=C/C(=O)NO)cc1,7.920818753952375,2
CCCN(CCc1ccc2c(c1)OCO2)Cc1ccc(/C=C/C(=O)NO)o1,5.798602875679549,1
CCCN(Cc1c(-c2ccccc2)nc2cc(/C=C/C(=O)NO)ccn12)C(C)CC,6.0,1
CCCN(Cc1c(-c2ccccc2)nc2cc(/C=C/C(=O)NO)ccn12)CC1CC1,6.221848749616356,1
CCCN(Cc1c(C(C)(C)C)nc2cc(/C=C/C(=O)NO)ccn12)C(C)C,6.522878745280337,1
CCCN(Cc1c(C(C)(C)C)nc2cc(/C=C/C(=O)NO)ccn12)CC(C)(C)C,6.886056647693163,1
CCCN(Cc1ccc(C(=O)NO)cc1)C(=O)c1cc2c([nH]c3ccccc32)c(-c2ccc(OC)cc2)n1,6.585026652029182,1
CCCN(Cc1ccc(C(=O)NO)cc1)C(=O)c1cc2c([nH]c3ccccc32)c(-c2cccc(OC)c2)n1,6.638272163982407,1
CCCN(Cc1ccc(C(=O)NO)cc1)C(=O)c1cc2c([nH]c3ccccc32)c(-c2ccccc2OC)n1,6.585026652029182,1
CCCN(Cc1ccc(C(=O)NO)cc1)C(=O)c1cc2c([nH]c3ccccc32)c(C)n1,6.070581074285707,1
CCCN(Cc1ccc(C(=O)NO)cc1)C(=O)c1cc2c(cn1)[nH]c1ccccc12,5.549750891680639,1
CCCN(Cc1ccc(C(=O)NO)cc1)C(=O)c1ccccc1,6.1487416512809245,2
CCCN(Cc1ccccc1)Cc1ccc(/C=C/C(=O)NO)o1,5.7934468935848615,3
CCCN(N)C(=O)Nc1cc(-c2cccs2)ccc1N,7.301029995663981,1
CCCN1CC(=O)N2Cc3c(c4ccccc4n3Cc3ccc(C(=O)NO)cc3)CC2C1=O,5.073143291050307,2
CCCN1CC(=O)N2[C@H](Cc3c(n(Cc4ccc(C(=O)NO)cc4)c4ccccc34)[C@@H]2C)C1=O,5.976747540366288,2
CCCN1CCC2(CC1)C[C@@H]2C(=O)N[C@@H](CCCCCC(=O)CC)c1ncc(-c2cc3ccccc3nc2OC)[nH]1,8.657577319177793,2
CCCN1[C@H](C)CN(S(=O)(=O)N(Cc2ccc(-c3nnc(C(F)F)o3)cc2)c2ccccc2)C[C@@H]1C,6.458420756053419,1
CCCNC(=O)Nc1cc(-c2cccs2)ccc1N,7.301029995663981,1
CCCNC(=O)Nc1cc(/C=C/C(=O)NO)ccc1OCCN(CC)CC,6.630784142589857,1
CCCNC(=O)Nc1cc(/C=C/C(=O)NO)ccc1SCCN(CC)CC,6.703334809738469,1
CCCNC(=S)Nc1cc(/C=C/C(=O)NO)ccc1OCCN(CC)CC,6.6777807052660805,1
CCCNCc1cnc(-c2ccc(C(=O)Nc3ccccc3N)cc2)s1,7.556439016368438,2
CCCNNC(=O)/C=C/c1ccc(CN(CC)CCc2c(C)[nH]c3ccccc23)cc1,8.387216143280265,2
CCCNNC(=O)/C=C/c1ccc(CN(CCC)C(=O)c2cc3cc(Cl)ccc3[nH]2)cc1,7.061732319958284,2
CCCNNC(=O)/C=C/c1ccc(CN(CCC)C(=O)c2cc3ccccc3o2)cc1,7.520002580835792,2
CCCNNC(=O)/C=C/c1ccc(CN(CCC)C(=O)c2cc3ccccc3s2)cc1,6.9675838901307126,2
CCCNNC(=O)/C=C/c1ccc(CN(CCC)CCc2c(C)[nH]c3ccccc23)cc1,7.188763464360939,2
CCCNNC(=O)/C=C/c1ccc(CN(CCc2c(C)[nH]c3ccccc23)C(=O)OC(C)(C)C)cc1,6.742441429135502,2
CCCNNC(=O)/C=C/c1ccc(CN(CCc2c(C)[nH]c3ccccc23)C(=O)c2cc3ccccc3s2)cc1,5.927750102386485,2
CCCNNC(=O)/C=C/c1ccc(CN(CCc2c(C)[nH]c3ccccc23)CC2CCC2)cc1,7.3292926307490855,2
CCCNNC(=O)/C=C/c1ccc(CN(CCc2c(C)[nH]c3ccccc23)Cc2cc(Cl)ccc2O)cc1,5.9222688203476075,2
CCCNNC(=O)/C=C/c1ccc(CN(CCc2c(C)[nH]c3ccccc23)Cc2ccc(F)cc2)cc1,5.648977147415876,2
CCCNNC(=O)/C=C/c1ccc(CN(CCc2c(C)[nH]c3ccccc23)Cc2ccc3cc[nH]c3c2)cc1,6.237959484637939,2
CCCNNC(=O)/C=C/c1ccc(CN(CCc2c(C)[nH]c3ccccc23)Cc2ccc3ccccc3c2)cc1,7.013228265733755,2
CCCNNC(=O)/C=C/c1ccc(CN(CCc2c(C)[nH]c3ccccc23)Cc2cccc(Cl)c2F)cc1,6.55408469747412,2
CCCNNC(=O)/C=C/c1ccc(CN(CCc2c(C)[nH]c3ccccc23)Cc2ccccn2)cc1,7.586703473032976,2
CCCNNC(=O)/C=C/c1ccc(CN(Cc2ccccc2)C(=O)c2cc3ccccc3s2)cc1,6.294906397896494,2
CCCNNC(=O)/C=C/c1ccc(CNCCc2c(C)[nH]c3ccccc23)cc1,8.310310029790415,7
CCCNNC(=O)/C=C/c1ccc(CNCCc2c(C)[nH]c3ccccc23)cc1.O=C(O)C(F)(F)F,8.432657431593748,5
CCCNNC(=O)/C=C/c1ccc(OC[C@H](Cc2c[nH]c3ccccc23)NC(=O)c2ccc(OC)cc2)cc1,7.538502406601721,2
CCCNNC(=O)C=Cc1ccc(CNCCc2c(C)[nH]c3ccccc23)cc1,8.435836379851375,5
CCCNNC(=O)CCCCCCC(=O)Nc1ccccc1,7.05928125661449,16
CCCNNC(=O)CCCCCCCNC(=O)/C=C/c1cccnc1,6.617982957425132,3
CCCNNC(=O)CCCCCCCNC(=O)[C@H](Cc1c[nH]c2ccccc12)NC(=O)c1ccc(OC)cc1,7.276668518111043,2
CCCNNC(=O)CCCCCCCn1c2cc3c(cc2c2[nH]c(=O)c4ccccc4c21)OCO3,5.764471553092451,2
CCCNNC(=O)CCCCCCCn1cc(-c2cccnc2)nn1,7.242100453177187,3
CCCNNC(=O)CCCCCCNC(=O)/C=C/c1cccnc1,7.101275511358117,3
CCCNNC(=O)CCCCCCNC(=O)NCc1cccnc1,6.35261702988538,1
CCCNNC(=O)CCCCCCNC(=O)[C@H](CC(C)C)NC(=O)[C@@H](O)[C@H](N)Cc1ccccc1,6.6777807052660805,1
CCCNNC(=O)CCCCCCNC(=O)[C@H](CC(C)C)NC(=O)[C@@H](O)[C@H](N)Cc1ccccc1.Cl,6.6777807052660805,1
CCCNNC(=O)CCCCCCNC(=O)[C@H](Cc1c[nH]c2ccccc12)NC(=O)c1ccc(OC)cc1,7.03718205681806,2
CCCNNC(=O)CCCCCCNC(=O)c1cc2cnccc2[nH]1,7.600904182788629,3
CCCNNC(=O)CCCCCCNC(=O)c1cnc(-c2ccc(F)cc2F)s1,6.050609993355087,2
CCCNNC(=O)CCCCCCNC(=O)c1cnc(-c2ccc(NC(=O)OC(C)(C)C)cc2)s1,5.329754146925875,2
CCCNNC(=O)CCCCCCNC(=O)c1cnc(-c2ccc3[nH]ccc3c2)s1,5.804100347590767,2
CCCNNC(=O)CCCCCCNC(=O)c1cnc(-c2ccc3ccccc3c2)s1,5.486782399932061,2
CCCNNC(=O)CCCCCCn1c2cc3c(cc2c2ncc4ccccc4c21)OCO3,6.886056647693163,2
CCCNNC(=O)CCCCCCn1cc(Nc2ncc(Cl)c(-c3cnc4ccccn34)n2)cn1,6.459733112683534,2
CCCNNC(=O)CCCCCNC(=O)[C@H](CC(C)C)NC(=O)[C@@H](O)[C@H](N)Cc1ccccc1,6.721246399047171,1
CCCNNC(=O)CCCCCNC(=O)[C@H](CC(C)C)NC(=O)[C@@H](O)[C@H](N)Cc1ccccc1.Cl,6.721246399047171,1
CCCNNC(=O)CCCCCNC(=O)[C@H](Cc1c[nH]c2ccccc12)NC(=O)c1ccc(OC)cc1,7.0963948997659285,2
CCCNNC(=O)CCCCCNCc1ccc(-c2cccc(-c3ccccc3)c2C)nc1OC,6.2716462179787715,2
CCCNNC(=O)CCCCCn1c2cc3c(cc2c2[nH]c(=O)c4ccccc4c21)OCO3,6.301029995663981,2
CCCNNC(=O)CCCCCn1cc(Nc2ncc(Cl)c(-c3cnc4ccc(-c5ccccc5)cn34)n2)cn1,6.275069116636111,2
CCCNNC(=O)CCCCCn1cc(Nc2ncc(Cl)c(-c3cnc4ccccn34)n2)cn1,6.168130225719498,2
CCCNNC(=O)CCCCNC(=O)/C=C/c1cccnc1,6.161780778092375,3
CCCNNC(=O)CCCCNCc1ccc(-c2cccc(-c3ccccc3)c2C)nc1OC,6.338187314462739,2
CCCNNC(=O)CCCCn1c2cc3c(cc2c2[nH]c(=O)c4ccccc4c21)OCO3,6.1938200260161125,2
CCCNNC(=O)CCCNCc1ccc(-c2cccc(-c3ccccc3)c2C)nc1OC,5.651500429716162,2
CCCNNC(=O)c1ccc(-c2ccc(CNC(C)=O)cc2)cc1,5.795880017344075,2
CCCNNC(=O)c1ccc(-c2ccc(NC(=O)CCCCCCC(=O)N[C@H](C(=O)N3C[C@H](O)C[C@H]3C(=O)N[C@@H](C)c3ccc(-c4scnc4C)cc3)C(C)(C)C)cc2)cc1,6.187086643357144,1
CCCNNC(=O)c1ccc(Br)cc1,5.769551078621726,4
CCCNNC(=O)c1ccc(CN(CC(=O)NCc2ccccc2)C(=O)c2ccc(N(C)C)cc2)cc1,7.424868067745069,10
CCCNNC(=O)c1ccc(CN(CCC)C(=O)c2cc3ccccc3s2)cc1,7.7945270706561125,2
CCCNNC(=O)c1ccc(CN(CCC)CCC2c3ccccc3NC2C)cc1,6.771984843894292,2
CCCNNC(=O)c1ccc(CN(CCC2c3ccccc3NC2C)CC2CC2)cc1,6.557206887099143,2
CCCNNC(=O)c1ccc(CN(CCc2c(C)[nH]c3ccccc23)C(=O)OC(C)(C)C)cc1,7.538803373026827,2
CCCNNC(=O)c1ccc(CN(Cc2ccccc2)C(=O)OC(C)(C)C)cc1,6.664041182731043,2
CCCNNC(=O)c1ccc(CN(Cc2ccccc2)C(=O)c2cc3ccccc3s2)cc1,6.939680135792217,2
CCCNNC(=O)c1ccc(CNC(=O)/C=C/c2ccccc2)cc1,7.947236855952811,14
CCCNNC(=O)c1ccc(CNC(=O)/C=C/c2ccccn2)cc1,7.881636261760487,3
CCCNNC(=O)c1ccc(CNC(=O)/C=C/c2cccnc2)cc1,7.600904182788629,3
CCCNNC(=O)c1ccc(CNC(=O)/C=C/c2ccncc2)cc1,7.892816401927083,3
CCCNNC(=O)c1ccc(CNC(=O)CCCCCCCNC(=O)/C=C/c2cccnc2)cc1,7.747151487202635,3
CCCNNC(=O)c1ccc(CNC(=O)CCCCCCNC(=O)/C=C/c2cccnc2)cc1,6.300740755153572,3
CCCNNC(=O)c1ccc(CNC(=O)[C@H](CC(C)C)NC(=O)NCc2cccc3ccccc23)cc1,6.619788758288394,2
CCCNNC(=O)c1ccc(CNC(=O)[C@H](CC(C)C)NC(=O)Nc2c(C)cccc2C)cc1,6.468521082957745,2
CCCNNC(=O)c1ccc(CNC(=O)[C@H](CC(C)C)NC(=O)[C@@H](NC(=O)[C@@H](O)[C@H](N)Cc2ccccc2)[C@@H](C)CC)cc1,7.301029995663981,2
CCCNNC(=O)c1ccc(CNC(=O)[C@H](CC(C)C)NC(=O)[C@@H](O)[C@H](N)Cc2ccccc2)cc1,7.522878745280337,1
CCCNNC(=O)c1ccc(CNC(=O)[C@H](CC(C)C)NC(=O)[C@@H](O)[C@H](N)Cc2ccccc2)cc1.Cl,7.522878745280337,1
CCCNNC(=O)c1ccc(CNC(=O)[C@H](CC(C)C)NC(=O)[C@H](O)[C@@H](N)Cc2ccccc2)cc1,7.154901959985743,1
CCCNNC(=O)c1ccc(CNC(=O)[C@H](CC(C)C)NC(=O)[C@H](O)[C@@H](N)Cc2ccccc2)cc1.Cl,7.154901959985743,1
CCCNNC(=O)c1ccc(CNC(=O)[C@H](Cc2c[nH]c3ccccc23)NC(=O)c2ccc(OC)cc2)cc1,7.226444287617937,10
CCCNNC(=O)c1ccc(CNC(=O)[C@H]2CCCN2C(=O)[C@H](CC(C)C)NC(=O)[C@@H](O)[C@H](N)Cc2ccccc2)cc1,6.346787486224656,1
CCCNNC(=O)c1ccc(CNC(=O)[C@H]2CCCN2C(=O)[C@H](CC(C)C)NC(=O)[C@@H](O)[C@H](N)Cc2ccccc2)cc1.Cl,6.346787486224656,1
CCCNNC(=O)c1ccc(CNC(=O)c2cc3cc(Br)ccc3[nH]2)cc1,7.235414482508009,2
CCCNNC(=O)c1ccc(CNC(=O)c2cc3cc(Br)ccc3o2)cc1,8.103751625982152,2
CCCNNC(=O)c1ccc(CNC(=O)c2cc3cc(Cl)ccc3[nH]2)cc1,7.857626765211135,2
CCCNNC(=O)c1ccc(CNC(=O)c2cc3cc(Cl)ccc3o2)cc1,8.050366144659106,2
CCCNNC(=O)c1ccc(CNC(=O)c2cc3cc(F)ccc3[nH]2)cc1,7.8872290614063845,2
CCCNNC(=O)c1ccc(CNC(=O)c2cc3cc(F)ccc3o2)cc1,8.085657165038118,2
CCCNNC(=O)c1ccc(CNC(=O)c2cc3cc(O)ccc3o2)cc1,8.408379317788818,2
CCCNNC(=O)c1ccc(CNC(=O)c2cc3cc(OC)ccc3[nH]2)cc1,8.329758112687141,2
CCCNNC(=O)c1ccc(CNC(=O)c2cc3cc(OC)ccc3o2)cc1,8.130768280269024,2
CCCNNC(=O)c1ccc(CNC(=O)c2cc3ccccc3[nH]2)cc1,8.579282337181228,7
CCCNNC(=O)c1ccc(CNC(=O)c2cc3ccccc3cn2)cc1,8.05551732784983,2
CCCNNC(=O)c1ccc(CNC(=O)c2cc3ccccc3o2)cc1,8.495027009252848,5
CCCNNC(=O)c1ccc(CNC(=O)c2cc3ccccc3s2)cc1,8.420903035372433,5
CCCNNC(=O)c1ccc(CNC(=O)c2cc3ccncc3[nH]2)cc1,8.087247344850484,3
CCCNNC(=O)c1ccc(CNC(=O)c2cc3cnccc3[nH]2)cc1,8.118805698059354,3
CCCNNC(=O)c1ccc(CNC(=O)c2cc3cnccc3o2)cc1,8.168812465435446,3
CCCNNC(=O)c1ccc(CNC(=O)c2cc3cnccc3s2)cc1,7.997119084144905,3
CCCNNC(=O)c1ccc(CNC(=O)c2ccc3ccccc3c2)cc1,8.097453560828663,2
CCCNNC(=O)c1ccc(CNC(=O)c2ccc3ccccc3n2)cc1,7.964003796437912,2
CCCNNC(=O)c1ccc(CNC(=O)c2ccc3ccncc3c2)cc1,7.68027667804483,2
CCCNNC(=O)c1ccc(CNC(=O)c2ccc3cnccc3c2)cc1,7.768277484114786,2
CCCNNC(=O)c1ccc(CNC(=O)c2ccc3cnccc3n2)cc1,7.793853745338477,2
CCCNNC(=O)c1ccc(CNC(=O)c2ccccc2)cc1,7.883846454726825,3
CCCNNC(=O)c1ccc(CNC(=O)c2cnc(-c3ccc(F)cc3)[nH]2)cc1,6.017728766960431,2
CCCNNC(=O)c1ccc(CNC(=O)c2cnc(-c3ccc(OC)cc3)[nH]2)cc1,5.627087997029893,2
CCCNNC(=O)c1ccc(CNC(=O)c2cnc(-c3ccc4c(c3)OCCO4)[nH]2)cc1,5.407823242604133,2
CCCNNC(=O)c1ccc(CNC(=O)c2cnc(-c3ccc4ccccc4c3)[nH]2)cc1,5.7594507517174005,2
CCCNNC(=O)c1ccc(CNC(=O)c2cnc(-c3ccc4occc4c3)[nH]2)cc1,5.400116927926312,2
CCCNNC(=O)c1ccc(CNC(=O)c2cnc(-c3cccc4ccccc34)[nH]2)cc1,5.692503962086787,2
CCCNNC(=O)c1ccc(CNC(=O)c2cnc(-c3ccccc3)[nH]2)cc1,5.686132779630847,2
CCCNNC(=O)c1ccc(CNC(=O)c2cnc(-c3ccnc4ccccc34)[nH]2)cc1,5.489454989793388,2
CCCNNC(=O)c1ccc(CNC(=O)c2cnc3ccccc3c2)cc1,7.858575698582678,2
CCCNNC(=O)c1ccc(CNC(=O)c2nc3ccccc3[nH]2)cc1,7.953149107597225,2
CCCNNC(=O)c1ccc(CNC(=O)c2nc3ccccc3s2)cc1,8.0125577127327,2
CCCNNC(=O)c1ccc(CNC(=O)c2ncc(CNc3ccccc3)s2)cc1,6.136677139879544,2
CCCNNC(=O)c1ccc(CNC(C)=O)cc1,5.795880017344075,2
CCCNNC(=O)c1ccc(CNCCc2c(C)[nH]c3ccccc23)cc1,7.537602002101044,1
CCCNNC(=O)c1ccc(CNCCc2c(C)[nH]c3ccccc23)cc1.O=C(O)C(F)(F)F,7.531209737900389,1
CCCNNC(=O)c1ccc(CNCc2ccccc2)cc1,7.055517327849831,1
CCCNNC(=O)c1ccc(CNCc2ccccc2)cc1.O=C(O)C(F)(F)F,7.055616042359156,1
CCCNNC(=O)c1ccc(Cn2c3cc4c(cc3c3[nH]c(=O)c5ccccc5c32)OCO4)cc1,5.962573502059376,2
CCCNNC(=O)c1ccc(Cn2c3ccccc3c3c(-c4ccccn4)nc4ccccc4c32)cc1,5.167491087293763,2
CCCNNC(=O)c1ccc(Cn2cc(Nc3ncc(Cl)c(-c4cnc5ccc(-c6ccccc6)cn45)n3)cn2)cc1,6.965973893943865,2
CCCNNC(=O)c1ccc(Cn2cc(Nc3ncc(Cl)c(-c4cnc5ccccn45)n3)cn2)cc1,7.282332684690736,2
CCCNNC(=O)c1ccc(NC(=O)CCCCCCCNC(=O)/C=C/c2cccnc2)cc1,6.207608310501745,3
CCCNNC(=O)c1ccc(NC(=O)CCCCCCCn2cc(-c3cccnc3)nn2)cc1,7.7447274948966935,3
CCCNNC(=O)c1ccc(NC(=O)CCCCCCNC(=O)/C=C/c2cccnc2)cc1,7.268142903267851,3
CCCNNC(=O)c1ccc(NC(=O)Cc2ccccc2)cc1,6.603539187200245,2
CCCNNC(=O)c1ccc(NC(=O)[C@H](Cc2c[nH]c3ccccc23)NC(=O)c2ccc(OC)cc2)cc1,8.021364010003529,2
CCCNNC(=O)c1ccc(NC(=O)c2ccccc2)cc1,7.031400336989639,2
CCCNNC(=O)c1ccc(NC(=O)c2cnc(-c3cc4ccc5cccc6ccc(c3)c4c56)s2)cc1,5.866461091629782,2
CCCNNC(=O)c1ccc(NC(=O)c2cnc(-c3ccc(OC(F)(F)F)cc3)s2)cc1,5.804100347590767,2
CCCNNC(=O)c1ccc(NC(=O)c2cnc(-c3ccccc3C)s2)cc1,5.790484985457369,2
CCCNNC(=O)c1ccc(NCc2ccccc2)cc1,7.798611465194826,2
CCCNNC(=O)c1ccc(Nc2ccccc2)cc1,6.539478169875851,2
CCCNNC(=O)c1ccc(Nc2nc(Nc3ccc(OCCN4CCCC4)cc3)ncc2C)cc1,6.431798275933005,2
CCCNNC(=O)c1ccc(Nc2ncc(C)c(Nc3cccc(S(=O)(=O)NC(C)(C)C)c3)n2)cc1,6.920818753952375,2
CCCNNC(=O)c1ccc(Nc2ncc(Cl)c(Nc3cccc(S(=O)(=O)NC(C)(C)C)c3)n2)cc1,6.552841968657781,2
CCCNNC(=O)c1ccc(Nc2nccc(N(C)c3ccc4c(C)n(C)cc4c3)n2)cc1,9.3767507096021,2
CCCNNC(=O)c1ccc(Nc2nccc(N(C)c3ccc4c(C)n(C)nc4c3)n2)cc1,6.376750709602099,4
CCCNNC(=O)c1ccc(OCc2ccccc2)cc1,7.250574663429871,2
CCCNNC(=O)c1ccc(S(=O)(=O)n2ccc3cc(OC)ccc32)cc1,7.060480747381382,2
CCCNNC(=O)c1ccc(S(=O)(=O)n2ccc3cc(OCCCN4CCCCC4)ccc32)cc1,6.950781977329818,2
CCCNNC(=O)c1ccc2ccccc2c1,5.455931955649724,2
CCCNNC(=O)c1cccc(CN(CCc2c(C)[nH]c3ccccc23)C(=O)OC(C)(C)C)c1,5.597910649427903,2
CCCNNC(=O)c1cccc(CNCCc2c(C)[nH]c3ccccc23)c1,5.776244546342759,1
CCCNNC(=O)c1cccc(CNCCc2c(C)[nH]c3ccccc23)c1.O=C(O)C(F)(F)F,5.776244546342759,1
CCCNNC(=O)c1cnc(N2CCN(C)CC2)nc1,6.229147988357855,2
CCCNNC(=O)c1cnc(N2CCN(Cc3c[nH]c4ccccc34)CC2)nc1,7.136677139879544,2
CCCNNC(=O)c1cnc(NCCNCc2ccc(-c3cccc(-c4ccccc4)c3C)nc2OC)cn1,5.667157733005649,2
CCCNNC(=O)c1cnc(NCc2ccc(CNC(C)=O)cc2)nc1,6.537602002101044,2
CCCNNC(=O)c1cnc(NCc2ccc(OC)cc2)cn1,5.702677285794698,2
CCCNNC(=O)c1cnc(NCc2ccccc2)nc1,6.6020599913279625,2
CCCNc1ccc2c3c(cccc13)C(=O)N(CCCC(=O)NO)C2=O,5.022276394711152,2
CCCNc1ccc2c3c(cccc13)C(=O)N(CCCCCC(=O)NO)C2=O,6.229147988357855,4
CCCNc1nc(Cl)nc2c1ncn2CCCC(=O)NCc1ccc(C(=O)Nc2ccccc2N)cc1,5.899629454882437,1
CCCNc1nc(Cl)nc2c1ncn2Cc1ccc(C(=O)Nc2ccc(Br)cc2N)cc1,5.033389013318066,1
CCCNc1nc(Cl)nc2c1ncn2Cc1ccc(C(=O)Nc2ccc(C)cc2N)cc1,5.504455662453552,1
CCCNc1nc(Cl)nc2c1ncn2Cc1ccc(C(=O)Nc2ccc(F)cc2N)cc1,5.355561410532161,1
CCCNc1nc(Cl)nc2c1ncn2Cc1ccc(C(=O)Nc2ccccc2N)cc1,6.420390382917453,3
CCCNc1nc(Nc2cnn(CCCCCCC(=O)NO)c2)ncc1Cl,7.585026652029182,1
CCCOC(=O)NCc1ccc(C(=O)Nc2cc(-c3ccccc3)ccc2N)cc1,7.537602002101044,1
CCCOC(=O)NCc1ccc(C(=O)Nc2cc(-c3cccs3)ccc2N)cc1,7.721246399047171,1
CCCOC(=O)Nc1cc(-c2cccs2)ccc1N,6.255707016877324,1
CCCOC(=O)Nc1cc(C2=CCCC2)ccc1N,4.755722879198157,1
CCCOc1ccc(C(C)=O)cc1C(=O)Nc1cc(C(=O)NO)ccc1C,6.443697499232712,2
CCCOc1ccc(CCC(=O)Nc2ccc(C(=O)NO)cc2)cc1OC,5.769551078621726,1
CCCOc1ccc2c(OCCCCCCCC(=O)NO)cc(=O)oc2c1,9.318758762624412,2
CCCOc1ccc2cc(C(=O)NCc3ccc(C(=O)Nc4ccccc4N)cc3)c(=O)oc2c1,6.060480747381382,2
CCCOc1ccccc1C(=O)NCCCCCC(=O)Nc1ccccc1N,6.399027104313252,1
CCCS(=O)(=O)Cc1noc(-c2ccc(C(=O)C(F)(F)F)s2)n1,5.655612172363577,4
CCCSC(=S)SCC(=O)c1ccc(C(=O)N[C@H](C)c2ccccc2)s1,6.368625827034213,4
CCC[C@@H](O)Cc1c(Br)c(O)c2c(=O)c3c(O)cc(O)c4c5c(O)cc(O)c6c(=O)c7c(O)c(Br)c(C[C@H](C)O)c8c1c2c(c34)c(c65)c78,4.962573502059376,1
CCC[C@@H](O)Cc1c(Br)c(O)c2c(O)c3c(O)cc(=O)c4c5c(=O)cc(O)c6c(O)c7c(O)c(Br)c(C[C@H](C)O)c8c1c2c(c34)c(c78)c65,4.962573502059376,1
CCC[C@@H]1NC(=O)[C@H](C)NC(=O)C[C@H](CC(C)C)NC(=O)[C@H](Cc2c[nH]c3ccccc23)NC1=O,6.006569364854977,4
CCC[C@@H]1NC(=O)[C@H](C)NC(=O)C[C@H](CC(C)C)NC(=O)[C@H](Cc2cn(CN(C)C)c3ccccc23)NC1=O,6.167491087293763,4
CCC[C@H](NC(=O)C1CN(C)C1)c1ncc(-c2cc3ccccc3nc2OC)[nH]1,5.925492700262925,3
CCC[C@H]1C(=O)N([C@@H](Cc2ccc(OC)cc2)C(=O)NCCCCCC(=O)NO)C(=O)[C@@H]1CC(C)C,7.42021640338319,2
CCC[C@H]1C(=O)N([C@@H](Cc2ccccc2)C(=O)NCCCCCC(=O)NO)C(=O)[C@@H]1CC(C)C,7.292429823902063,2
CCCc1cc(-c2ccc(F)cc2)n(Cc2ccc(C(=O)NO)cc2)n1,5.417141537775501,1
CCCc1cc(-c2ccc(F)cc2)nn1Cc1ccc(C(=O)NO)cc1,6.285332839022122,3
CCCc1cc(C(=O)Nc2cccc(F)c2)nn1Cc1ccc(C(=O)NO)cc1,5.722161666997953,2
CCCc1cc(C(=O)Nc2ccccc2)nn1Cc1ccc(C(=O)NO)cc1,5.906578314837764,2
CCCc1cc(C(=O)Nc2ccccc2F)nn1Cc1ccc(C(=O)NO)cc1,5.631341287607773,2
CCCc1cc(C(=O)Nc2ccccn2)nn1Cc1ccc(C(=O)NO)cc1,5.69637202361611,2
CCCc1cc(C(=O)Nc2cccnc2)nn1Cc1ccc(C(=O)NO)cc1,5.593971055036385,2
CCCc1cc(NC(=O)Nc2ccc(Oc3ccnc(-c4cnn(CCCCCCC(=O)NO)c4)c3)cc2)on1,7.886056647693163,2
CCCc1ccc(-c2nc(N3CCOCC3)c3nc(CN(C)c4ncc(C(=O)NO)cn4)n(C)c3n2)cc1,8.209366597363164,2
CCCc1ccc2c(c1)CCC(=O)N2Cc1ccc(C(=O)NO)cc1,6.514278573518419,2
CCCc1nc(C)c2c(=O)[nH]c(-c3cc(-c4ccc(C(=O)NO)cc4)ccc3OCC)nn12,5.3872161432802645,2
CCCc1nc(C)c2c(=O)[nH]c(-c3cc(CC4CC(C(=O)NO)C4)ccc3OCC)nn12,6.612785315954097,4
CCCc1nc(C)c2c(=O)[nH]c(-c3cc(Cc4ccc(C(=O)NO)cc4)ccc3OCC)nn12,5.73754891026957,2
CCCc1nc(C)c2c(=O)[nH]c(-c3cc(Cc4ccc(C(=O)NO)s4)ccc3OCC)nn12,6.100726812682396,2
CCCc1nc2cc(/C=C/C(=O)NO)ccc2n1CCN(CC)CC,6.809668301829708,2
CCCc1nc2cc(/C=C/C(=O)NO)ccn2c1CN(CC)CCC(C)(C)C,7.698970004336019,1
CCCc1nc2cc(/C=C/C(=O)NO)ccn2c1CN(CC)CCC(C)C,7.522878745280337,1
CCCc1nc2cc(/C=C/C(=O)NO)ccn2c1CNC(C)(C)C,7.397940008672037,1
CCCc1nn(C)c2c(=O)[nH]c(-c3cc(-c4ccc(C(=O)NO)cc4)ccc3OCC)nc12,6.486782399932061,2
CCCc1nn(C)c2c(=O)[nH]c(-c3cc(-c4ccc(C(=O)NO)s4)ccc3OCC)nc12,6.412289034981089,2
CCCc1nn(C)c2c(=O)[nH]c(-c3cc(C(=O)c4ccc(C(=O)NO)s4)ccc3OCC)nc12,6.559090917934782,2
CCCc1nn(C)c2c(=O)[nH]c(-c3cc(C(O)c4ccc(C(=O)NO)cc4)ccc3OCC)nc12,6.474955192963154,2
CCCc1nn(C)c2c(=O)[nH]c(-c3cc(C(OC)c4ccc(C(=O)NO)cc4)ccc3OCC)nc12,6.447331783887806,2
CCCc1nn(C)c2c(=O)[nH]c(-c3cc(C4=CCC(C(=O)NO)CC4)ccc3OCC)nc12,5.5406075122407685,2
CCCc1nn(C)c2c(=O)[nH]c(-c3cc(C4=CCC(CC(=O)NO)CC4)ccc3OCC)nc12,5.742321425130816,2
CCCc1nn(C)c2c(=O)[nH]c(-c3cc(C4CCC(C(=O)NO)CC4)ccc3OCC)nc12,5.293293050022438,4
CCCc1nn(C)c2c(=O)[nH]c(-c3cc(CC4CC(C(=O)NO)C4)ccc3OCC)nc12,6.509339913370447,4
CCCc1nn(C)c2c(=O)[nH]c(-c3cc(Cc4ccc(C(=O)NO)c(F)c4)ccc3OCC)nc12,5.954677021213342,2
CCCc1nn(C)c2c(=O)[nH]c(-c3cc(Cc4ccc(C(=O)NO)cc4)ccc3OCC)nc12,6.171984935776023,2
CCCc1nn(C)c2c(=O)[nH]c(-c3cc(Cc4ccc(C(=O)NO)cc4F)ccc3OCC)nc12,5.692503962086787,2
CCCc1nn(C)c2c(=O)[nH]c(-c3cc(Cc4ccc(C(=O)NO)o4)ccc3OCC)nc12,5.651695136951839,2
CCCc1nn(C)c2c(=O)[nH]c(-c3cc(Cc4ccc(C(=O)NO)s4)ccc3OCC)nc12,6.268692454564407,4
CCCc1nn(C)c2c(=O)[nH]c(-c3cc(Cc4ccc(C(=O)Nc5ccccc5N)cc4)ccc3OCC)nc12,6.362899122149581,6
CCCc1nn(C)c2c(=O)[nH]c(-c3cc(N(C)C4CCN(c5ncc(C(=O)NO)cn5)CC4)ccc3OCC)nc12,7.6020599913279625,2
CCCc1nn(C)c2c(=O)[nH]c(-c3cc(N4CCC(C(=O)NO)CC4)ccc3OCC)nc12,5.142667503568731,2
CCCc1nn(C)c2c(=O)[nH]c(-c3cc(N4CCC(CC(=O)NO)CC4)ccc3OCC)nc12,5.232102383981909,2
CCCc1nn(C)c2c(=O)[nH]c(-c3cc(N4CCC(CCC(=O)NO)CC4)ccc3OCC)nc12,6.219682687859849,2
CCCc1nn(C)c2c(=O)[nH]c(-c3cc(N4CCC5(CCC(C(=O)NO)C5)CC4)ccc3OCC)nc12,4.889410289700751,2
CCCc1nn(C)c2c(=O)[nH]c(-c3cc(N4CCC5(CCN(c6ncc(C(=O)NO)cn6)CC5)C4)ccc3OCC)nc12,6.3535962737769305,2
CCCc1nn(C)c2c(=O)[nH]c(-c3cc(N4CCCC5(CCC(C(=O)NO)CC5)C4)ccc3OCC)nc12,5.032920265855503,2
CCCc1nn(C)c2c(=O)[nH]c(-c3cc(NC4CCC(C(=O)NO)CC4)ccc3OCC)nc12,5.223298816011589,2
CCCc1nn(C)c2c(=O)[nH]c(-c3cc(NC4CCN(c5ccc(C(=O)NO)cc5)CC4)ccc3OCC)nc12,5.1073489661227,2
CCCc1nn(C)c2c(=O)[nH]c(-c3cc(NC4CCN(c5ncc(C(=O)NO)cn5)CC4)ccc3OCC)nc12,7.167491087293763,2
CCCc1nn(C)c2c(=O)[nH]c(-c3cc(NCC4CCN(c5ncc(C(=O)NO)cn5)CC4)ccc3OCC)nc12,6.928117992693874,2
CCCc1nn(C)c2c(=O)[nH]c(-c3cc(NCCC(=O)NO)ccc3OCC)nc12,5.149966742310231,2
CCCc1nn(C)c2c(=O)[nH]c(-c3cc(Nc4ccc(C(=O)NO)cc4)ccc3OCC)nc12,6.309803919971486,2
CCCc1nn(C)c2c(=O)[nH]c(-c3cc(OCc4ccc(C(=O)NO)cc4)ccc3OCC)nc12,5.96657624451305,2
CCCc1nn(C)c2c(=O)[nH]c(-c3cc(S(=O)(=O)N4CCC(CCC(=O)NO)CC4)ccc3OCC)nc12,6.391473966422806,2
CCCc1nn(C)c2c(=O)[nH]c(-c3cc(S(=O)(=O)N4CCN(CCC(=O)NO)CC4)ccc3OCC)nc12,4.978810700930062,2
CCCc1nn(C)c2c(=O)[nH]c(-c3cc(S(=O)(=O)N4CCN(CCCC(=O)NO)CC4)ccc3OCC)nc12,5.958607314841775,2
CCCc1nn(C)c2c(=O)[nH]c(-c3cc(S(=O)(=O)N4CCN(Cc5ccc(/C=C/C(=O)NO)cc5)CC4)ccc3OCC)nc12,5.872895201635192,2
CCCc1nn(C)c2c(=O)[nH]c(-c3cc(S(=O)(=O)N4CCN(c5ncc(C(=O)NO)cn5)CC4)ccc3OCC)nc12,8.096910013008056,2
CCCc1nn(C)c2c(=O)[nH]c(-c3cc(S(=O)(=O)NC4CCN(c5ncc(C(=O)NO)cn5)CC4)ccc3OCC)nc12,7.244125144327508,2
CCCc1nn(C)c2c(=O)[nH]c(-c3cc(S(=O)(=O)Nc4ccc(/C=C/C(=O)NO)cc4)ccc3OCC)nc12,6.448550002027124,2
CCCc1nn(C)c2c(=O)[nH]c(-c3cc([C@H]4CC[C@@H](C(=O)NO)CC4)ccc3OCC)nc12,6.028260409112222,1
CCCc1nn(C)c2c(=O)[nH]c(-c3cc([C@H]4CC[C@H](C(=O)NO)CC4)ccc3OCC)nc12,4.991399828238082,1
CCCn1c(CCc2ccccc2)nc2cc(/C=C/C(=O)NO)ccc21,6.694204917132817,5
CCCn1c2c(c3ccccc31)CCN(C(=O)CCCCCCC(=O)NO)C2,7.769551078621726,2
CCCn1cc(-c2nc(Nc3ccc(NC(=O)CCCCCCC(=O)NO)cc3)nc3[nH]ccc23)cn1,7.356547323513812,2
CCCn1cc(C(=O)[C@H]2NC(=O)[C@H](CCCCCC(=O)CC)NC(=O)[C@H]3CCCCN3C(=O)[C@H]([C@@H](C)CC)NC2=O)c2ccccc21,7.823908740944319,1
CCCn1cc([C@@H]2NC(=O)[C@H](CCCCCC(=O)CC)NC(=O)[C@H]3CCCCN3C(=O)[C@H]([C@H](C)CC)NC2=O)c(=O)c2ccccc21,6.638272163982407,1
CCCn1cnc2cc(/C=C/C(=O)NO)ccc21,6.047207556955907,3
CCN(C(=O)NCc1ccc(C(=O)NO)cc1)c1ccccc1,5.866461091629781,6
CCN(C(=O)c1cc(C(C)C)c(O)cc1O)c1ccc(NC(=O)CCCCCCC(=O)NO)cc1,3.335640125448859,1
CCN(C(=O)c1cc(C(C)C)c(O)cc1O)c1cccc(NC(=O)CCCCCCC(=O)NO)c1,3.899594988434111,1
CCN(C)Cc1ccc(C(=O)Nc2cc(-c3ccccc3)ccc2O)cc1,7.508638306165727,1
CCN(CC)C(=S)SSCCCCCC(=O)Nc1ccccc1,6.943128765540865,3
CCN(CC)CC(=O)N[C@@H](CCCCCC(=O)c1ncco1)c1ncc(-c2cc3ccccc3nc2OC)[nH]1,9.00436480540245,1
CCN(CC)CCCNC(=O)c1ccc(NC(=O)CCCCCCC(=O)NO)cc1,6.795880017344075,1
CCN(CC)CCN(Cc1ccc(C(=O)NO)cc1)C(=O)c1cc2c([nH]c3ccccc32)c(-c2ccc(OC)cc2)n1,6.920818753952375,2
CCN(CC)CCNC(=O)c1ccc(-c2cn(CCCCCC(=O)NO)nn2)cn1,7.0,2
CCN(CC)CCNC(=O)c1ccc(-c2cn(CCCCCCC(=O)NO)nn2)cc1,8.42021640338319,2
CCN(CC)CCNC(=O)c1ccc(-c2cn(CCCCCCC(=O)NO)nn2)cn1,7.769551078621726,2
CCN(CC)CCNC(=O)c1ccc(-c2cn(CCCCCCCC(=O)NO)nn2)cc1,7.920818753952375,2
CCN(CC)CCNC(=O)c1ccc(-c2noc(C(F)(F)F)n2)cc1,5.90625853517661,11
CCN(CC)CCNC(=O)c1ccc(NC(=O)CCCCCCC(=O)NO)cc1,7.177217556529281,3
CCN(CC)CCNCc1c(-c2ccccc2)nc2cc(/C=C/C(=O)NO)ccn12,6.187086643357144,1
CCN(CC)CCNCc1c(C(C)(C)C)nc2cc(/C=C/C(=O)NO)ccn12,5.698970004336019,1
CCN(CC)CCNc1ccc(C(=O)NC(=O)NCCCCCC(=O)NO)cc1[N+](=O)[O-],6.734260541478872,4
CCN(CC)CCc1nc2cc(/C=C/C(=O)NO)ccc2n1CCC(C)C,6.2403321553103694,2
CCN(CC)CCn1c(-c2cccc(/C=C/C(=O)NO)c2)nc2ccccc21,7.508638306165727,2
CCN(CC)CCn1c(C)c(CCNS(=O)(=O)c2ccc(/C=C/C(=O)NO)cc2)c2ccccc21,8.136677139879545,1
CCN(CC)CCn1c(C2CC2c2ccccc2)nc2cc(/C=C/C(=O)NO)ccc21,6.772113295386326,2
CCN(CC)CCn1c(CC(C)(C)C)nc2cc(/C=C/C(=O)NO)ccc21,6.8696662315049934,2
CCN(CC)CCn1c(CC(C)C)nc2cc(/C=C/C(=O)NO)ccc21,7.036212172654444,2
CCN(CC)CCn1c(CC2CC3CCC2C3)nc2cc(/C=C/C(=O)NO)ccc21,7.494850021680094,2
CCN(CC)CCn1c(CCc2ccccc2)nc2cc(/C=C/C(=O)NO)ccc21,7.223427019452428,7
CCN(CC)CCn1ccc2ccc(NC(=O)CCCCCCC(=O)NO)cc2c1=O,7.161213859615686,2
CCN(CC)CCn1cnc2cc(C(=O)NC(=O)NCCCCCC(=O)NO)ccc21,6.485105264584072,4
CCN(CC)C[C@@H](C)NC(=O)c1ccc(-c2noc(C(F)(F)F)n2)cc1,5.036212172654444,1
CCN(CC)Cc1c(-c2ccccc2)nc2cc(/C=C/C(=O)NO)ccn12,6.698970004336019,1
CCN(CC)Cc1c(C(C)(C)C)nc2cc(/C=C/C(=O)NO)ccn12,5.920818753952375,1
CCN(CC)Cc1cc2ccc(C(=O)NO)cc2o1,4.721246399047171,1
CCN(CC)Cc1ccc(-c2ccc(=O)n(Cc3ccc(C(=O)Nc4ccccc4N)cc3)n2)cc1,6.638744737054563,2
CCN(CC)Cc1ccc(Cn2c(=O)c(OCc3ccc(C(=O)NO)cc3)c(-c3ccccc3)c3ccccc32)cc1,6.492144128304169,4
CCN(CC)Cc1ccc(Cn2c(=O)c(OCc3ccc(C(=O)NO)cc3)c(-c3cccnc3)c3ccccc32)cc1,6.496209316942819,4
CCN(CC)Cc1ccc(Cn2c3c(c4ccccc42)CN(C(=O)NCc2ccc(C(=O)NO)cc2)CC3)cc1,5.6317131150978685,2
CCN(CC)Cc1ccc2cc(CN3CCN(c4ccc(C(=O)NO)cc4)C3=O)ccc2c1,8.568636235841012,2
CCN(CC)Cc1ccc2cc(COC(=O)Nc3c(F)cc(C(=O)NO)cc3F)ccc2c1,6.1438755557577,2
CCN(CC)Cc1ccc2cc(COC(=O)Nc3ccc(C(=O)NO)cc3)ccc2c1,7.162327424889461,6
CCN(CC)c1ccc(NC(=O)CCCCCCC(=O)NO)cc1,6.6777807052660805,1
CCN(CC)c1ccc(Nc2ncnc3sc(NC(=O)CCCCCCC(=O)NO)cc23)cc1,7.482343178020244,2
CCN(CC)c1ccc(Nc2ncnc3sc(NC(=O)CCCCCCC(=O)NO)cc23)cc1F,8.338662984124287,2
CCN(CC)c1nc(Cl)nc2c1ncn2CCCC(=O)NCc1ccc(C(=O)Nc2ccccc2N)cc1,5.407823242604133,1
CCN(CC)c1nc(Cl)nc2c1ncn2Cc1ccc(C(=O)Nc2ccc(Br)cc2N)cc1,5.507239610973162,1
CCN(CC)c1nc(Cl)nc2c1ncn2Cc1ccc(C(=O)Nc2ccc(C)cc2N)cc1,5.363512103646634,1
CCN(CC)c1nc(Cl)nc2c1ncn2Cc1ccc(C(=O)Nc2ccc(F)cc2N)cc1,5.372634143407268,1
CCN(CCC(C)(C)C)Cc1c(-c2ccccc2)nc2cc(/C=C/C(=O)NO)ccn12,7.301029995663981,1
CCN(CCC(C)(C)C)Cc1c(C(C)(C)C)nc2cc(/C=C/C(=O)NO)ccn12,7.154901959985743,1
CCN(CCC(C)(C)C)Cc1c(C)nc2cc(/C=C/C(=O)NO)ccn12,7.301029995663981,1
CCN(CCC(C)(C)C)Cc1c(CC(C)C)nc2cc(/C=C/C(=O)NO)ccn12,7.522878745280337,1
CCN(CCC(C)(C)C)Cc1c(CCC(C)C)nc2cc(/C=C/C(=O)NO)ccn12,7.397940008672037,1
CCN(CCC(C)C)Cc1c(-c2ccccc2)nc2cc(/C=C/C(=O)NO)ccn12,7.522878745280337,1
CCN(CCC(C)C)Cc1c(C(C)(C)C)nc2cc(/C=C/C(=O)NO)ccn12,7.221848749616356,1
CCN(CCC(C)C)Cc1c(C)nc2cc(/C=C/C(=O)NO)ccn12,7.698970004336019,1
CCN(CCC(C)C)Cc1c(CC(C)C)nc2cc(/C=C/C(=O)NO)ccn12,7.698970004336019,1
CCN(CCC(C)C)Cc1c(CCC(C)C)nc2cc(/C=C/C(=O)NO)ccn12,7.522878745280337,1
CCN(CCCSC)Cc1c(C(C)(C)C)nc2cc(/C=C/C(=O)NO)ccn12,7.045757490560675,1
CCN(CCN(C)C)Cc1c(-c2ccccc2)nc2cc(/C=C/C(=O)NO)ccn12,5.537602002101044,1
CCN(CCNC(=O)c1ccc(N)cc1)C(=O)CCCCC(=O)NO,6.0,1
CCN(CCOC)Cc1c(-c2ccccc2)nc2cc(/C=C/C(=O)NO)ccn12,5.795880017344075,1
CCN(CCOc1cc(-c2ccc(OC)nc2)cc2c(C)ncnc12)c1ncc(C(=O)NO)cn1,8.67778070526608,2
CCN(CCOc1cc(-c2cnc(OC)c(F)c2)cc2c(C)ncnc12)c1ncc(C(=O)NO)cn1,8.585026652029182,2
CCN(CCc1c(C)[nH]c2ccccc12)S(=O)(=O)c1ccc(/C=C/C(=O)NO)cc1,7.528708288941061,1
CCN(CCc1c[nH]c2ccccc12)Cc1ccc(/C=C/C(=O)NO)cc1,7.657577319177793,2
CCN(CCc1ccc(C(=O)NO)cc1)c1nc(N)n2nc(-c3ccco3)nc2n1,6.757583260009254,2
CCN(CCc1ccc2c(c1)OCO2)Cc1ccc(/C=C/C(=O)NO)o1,5.281111861709582,3
CCN(Cc1c(-c2ccccc2)nc2cc(/C=C/C(=O)NO)ccn12)CC(F)(F)F,5.130768280269024,1
CCN(Cc1c(C(C)(C)C)nc2cc(/C=C/C(=O)NO)ccn12)CC(C)(C)C,7.301029995663981,1
CCN(Cc1c(C(C)(C)C)nc2cc(/C=C/C(=O)NO)ccn12)CC(C)C,6.2441251443275085,1
CCN(Cc1c(C(C)(C)C)nc2cc(/C=C/C(=O)NO)ccn12)CC1CC1,6.481486060122112,1
CCN(Cc1c(C(C)(C)C)nc2cc(/C=C/C(=O)NO)ccn12)CC1CCCCC1,6.721246399047171,1
CCN(Cc1c(C(C)(C)C)nc2cc(/C=C/C(=O)NO)ccn12)CC1CCOC1,6.431798275933005,1
CCN(Cc1ccc(-c2ccccc2)cc1)Cc1ccc(/C=C/C(=O)NO)o1,5.611679258293225,3
CCN(Cc1ccc(C(=O)NO)cc1)C(=O)c1cc2c([nH]c3ccccc32)c(-c2ccccc2OC)n1,6.080921907623926,1
CCN(Cc1ccc(C(=O)NO)cc1)C(=O)c1cc2c([nH]c3ccccc32)c(C)n1,5.756961951313706,1
CCN(Cc1ccc(C(=O)NO)cc1)C(=O)c1cc2c(cn1)[nH]c1ccccc12,5.320572103387882,1
CCN(Cc1ccc(C(=O)NO)cc1)C(=O)c1ccccc1,6.580044251510242,2
CCN(Cc1ccccc1)Cc1ccc(/C=C/C(=O)NO)o1,5.588732209780089,5
CCN(Cc1ccncc1)C(=S)SCc1ccc(C(=O)Nc2ccccc2N)cc1,5.8216564406980735,3
CCN(c1cc(-c2ccc(N3CCN(CCCCCCCCC(=O)NO)CC3)nc2)cc(C(=O)NCc2c(C)cc(C)[nH]c2=O)c1C)C1CCOCC1,5.39577394691553,2
CCN(c1cc(-c2ccc(N3CCN(c4ncc(C(=O)NO)cn4)CC3)nc2)cc(C(=O)NCc2c(C)cc(C)[nH]c2=O)c1C)C1CCOCC1,6.267606240177031,2
CCN1CCC(CNCc2ccc(C(=O)Nc3cc(-c4ccccc4)ccc3O)cc2)CC1,7.187086643357144,1
CCN1CCC2(CC1)C[C@@H]2C(=O)NC(C)(CCCCCC(=O)c1ccon1)c1ncc(-c2ccccc2F)[nH]1,9.2518119729938,1
CCN1CCC2(CC1)C[C@@H]2C(=O)N[C@@H](CCCCCC(=O)C1NC=CO1)C1NC(c2ccc(F)cc2)=NC1Cl,10.309803919971486,1
CCN1CCC2(CC1)C[C@@H]2C(=O)N[C@@H](CCCCCC(=O)c1ccon1)c1cc(-c2ccc3nn(C)cc3c2)on1,8.67778070526608,1
CCN1CCC2(CC1)C[C@@H]2C(=O)N[C@@H](CCCCCC(=O)c1ccon1)c1cc(-c2ccccc2F)on1,9.853871964321762,1
CCN1CCC2(CC1)C[C@@H]2C(=O)N[C@@H](CCCCCC(=O)c1ccon1)c1cc(C2C=c3ccc(C)nc3=CC2OC)on1,8.468521082957745,1
CCN1CCC2(CC1)C[C@@H]2C(=O)N[C@@H](CCCCCC(=O)c1ncco1)c1ccn(-c2ccc3nn(C)cc3c2)n1,9.045757490560677,1
CCN1CCC2(CC1)C[C@@H]2C(=O)N[C@@H](CCCCCC(=O)c1ncco1)c1ncc(-c2cc(OC)ncc2F)[nH]1,8.638272163982407,1
CCN1CCC2(CC1)C[C@@H]2C(=O)N[C@@H](CCCCCC(=O)c1ncco1)c1ncc(-c2cc(OC3CCC3)ccc2F)[nH]1,8.698970004336019,1
CCN1CCCC(C(=O)N(Cc2ccc(-c3noc(C(F)(F)F)n3)cn2)c2cccc(F)c2)C1,6.619788758288394,1
CCN1CCCC(n2c(-c3cccc(/C=C/C(=O)NO)c3)nc3ccccc32)C1,7.698970004336019,2
CCN1CCC[C@@H](n2c(-c3cccc(/C=C/C(=O)NO)c3)nc(-c3ccccc3)c2C)C1,8.200659450546418,2
CCN1CCC[C@@H](n2c(-c3cccc(/C=C/C(=O)NO)c3)nc(C)c2-c2ccccc2)C1,8.102372908709558,2
CCN1CCC[C@@H](n2c(-c3cccc(/C=C/C(=O)NO)c3)nc(C)c2C)C1,7.920818753952375,2
CCN1CCC[C@@H](n2c(-c3cccc(/C=C/C(=O)NO)c3)nc(Cc3ccccc3)c2C)C1,8.0,2
CCN1CCC[C@@H](n2c(-c3cccc(/C=C/C(=O)NO)c3)nc3ccccc32)C1,8.0,2
CCN1CCC[C@@H](n2c(-c3ccccc3)nc(C)c2-c2cccc(/C=C/C(=O)NO)c2)C1,6.200659450546418,2
CCN1CCC[C@@H](n2c(C)nc(C)c2-c2cccc(/C=C/C(=O)NO)c2)C1,6.301029995663981,2
CCN1CCC[C@@H](n2c(Cc3ccccc3)nc(C)c2-c2cccc(/C=C/C(=O)NO)c2)C1,6.920818753952375,2
CCN1CCC[C@H](n2c(-c3cccc(/C=C/C(=O)NO)c3)nc3ccccc32)C1,7.508638306165727,2
CCN1CCN(C(=O)NCc2ccc(C(=O)Nc3cc(-c4cccs4)ccc3N)cc2)C(=O)C1=O,7.301029995663981,4
CCN1CCN(C(c2cccnc2)c2cc(Cl)c3cccnc3c2O)CC1,4.393618634889395,1
CCN1CCN(CC2CCc3c(c4cc(F)ccc4n3Cc3ccc(C(=O)NO)cc3)C2=O)CC1,5.653647025549361,2
CCN1CCN(CC2CCc3c(c4ccccc4n3Cc3ccc(C(=O)NO)cc3)C2=O)CC1,5.336299074610352,2
CCN1CCN(Cc2c(-c3ccccc3)nc3cc(/C=C/C(=O)NO)ccn23)CC1,5.337242168318426,1
CCN1CCN(Cc2cc(Nc3ncc(C(=O)Nc4ccccc4N)s3)nc(C)n2)CC1,6.823908740944319,2
CCN1CCN(Cc2cnc(-c3ccc(C(=O)Nc4ccccc4N)cc3)c(C#N)c2)CC1,8.0050082708493,2
CCN1CCN(Cc2cnc(-c3ccc(C(=O)Nc4ccccc4N)cc3)c(C)c2)CC1,7.725633361200924,2
CCN1CCN(Cc2cnc(-c3ccc(C(=O)Nc4ccccc4N)cc3)c(Cl)c2)CC1,7.792914583734468,2
CCN1CCN(Cc2cnc(-c3ccc(C(=O)Nc4ccccc4N)cc3)c(F)c2)CC1,7.420102145426883,2
CCN1CCN(S(=O)(=O)N(Cc2ccc(-c3nnc(C(F)(F)F)o3)cc2F)c2ccccc2)CC1,7.0655015487564325,1
CCN1CCN(S(=O)(=O)N(Cc2ccc(-c3nnc(C(F)F)o3)cc2F)c2ccccc2)CC1,7.376750709602099,1
CCN1CCN(c2cc(Nc3ncc(C(=O)Nc4ccc(F)cc4N)s3)nc(C)n2)CC1,6.09151498112135,2
CCN1CCN(c2cc(Nc3ncc(C(=O)Nc4ccc(F)cc4N)s3)ncn2)CC1,6.09151498112135,3
CCN1CCN(c2cc(Nc3ncc(C(=O)Nc4ccccc4N)s3)nc(C)n2)CC1,6.823908740944319,2
CCN1CCN(c2cc(Nc3ncc(C(=O)Nc4ccccc4N)s3)ncn2)CC1,6.157242074277652,3
CCN1CCN(c2ccc(C(=O)Nc3cc(-c4ccc(C(=O)Nc5ccccc5N)cc4)[nH]n3)cc2)CC1,6.049635145623877,2
CCN1CCc2c(c3ccccc3n2Cc2ccc(C(=O)NO)cc2)C1,4.991399828238082,2
CCN1[C@H](C)CN(S(=O)(=O)N(Cc2ccc(-c3nnc(C(F)F)o3)cc2)c2ccccc2)C[C@@H]1C,6.978810700930062,1
CCN1[C@H](C)CN(S(=O)(=O)N(Cc2ccc(-c3nnc(C(F)F)o3)cn2)c2ccccc2)C[C@@H]1C,7.214670164989233,1
CCN1\C(=C/C=C/C=C/C2=[N+](CCCCC(=O)N(CCc3c(C)[nH]c4ccccc34)Cc3ccc(/C=C/C(=O)NO)cc3)c3ccc4c(S(=O)(=O)O)cc(S(=O)(=O)O)cc4c3C2(C)C)C(C)(C)c2c1ccc1c(S(=O)(=O)[O-])cc(S(=O)(=O)O)cc21,8.017728766960431,1
CCNC(=O)C(=O)CCCCCCOc1ccc(-c2ccccc2)cc1,6.309803919971486,3
CCNC(=O)CCCCC[C@H](NC(=O)Cc1c(C)[nH]c2ccc(OC)cc12)c1nc(-c2ccc3ccccc3c2)c[nH]1,7.180456064458131,1
CCNC(=O)CCCCC[C@H](NC(=O)Cc1c(C)[nH]c2ccc(OC)cc12)c1ncc(-c2ccc3ccccc3c2)[nH]1,7.180456064458131,1
CCNC(=O)C[C@@H]1N=C(c2ccc(Cl)cc2)c2cc(OC)ccc2-n2c(C)nnc21,6.42021640338319,2
CCNC(=O)N(Cc1ccc(-c2noc(C(F)(F)F)n2)cc1)c1cccc(C(F)(F)F)c1,5.958607314841775,1
CCNC(=O)N1CCC2(CC1)C(=O)N(Cc1ccc(C(=O)NO)cc1F)CN2c1ccccc1,6.38621101843103,2
CCNC(=O)N1CCC2(CCN(c3ccc(C(=O)Nc4cc(-c5cccs5)ccc4N)cn3)CC2)C1,7.853871964321762,2
CCNC(=O)NC(Cc1ccc(-c2noc(C(F)(F)F)n2)cn1)c1cccc(C(F)(F)F)c1,6.468521082957745,1
CCNC(=O)NOCc1ccc(/C=C/C(=O)NO)cc1,5.006010542062259,2
CCNC(=O)SCC(=O)c1ccc(OC)cc1,6.32629485057873,4
CCNC(=O)[C@H](Cc1c[nH]c2ccccc12)NC(=O)/C=C/c1ccc(C(=O)NO)cc1,6.9503943874050265,1
CCNC(=O)c1cc(Oc2ccc(NC(=O)c3ccc(Cl)c(C(F)(F)F)c3)cc2)ccc1N,5.790484985457369,2
CCNC(=O)c1cc2c(-c3cccc(OCCCCCCOc4ccc(Nc5nc(-c6cnn(CCCCCCC(=O)NO)c6)c6cc[nH]c6n5)cc4)c3)nc(N)nc2s1,5.607303046740334,2
CCNC(=O)c1ccc(C(=O)C(F)(F)F)s1,5.1487416512809245,4
CCNC(=O)c1ccc(CN2CCC(c3ccc(C(=O)Nc4ccccc4N)cc3)CC2)cc1,7.457989056996664,2
CCNC(=O)c1cccc(CN(C(=O)CCCCCC(=O)NO)c2ccc(OC)cc2)c1,8.657577319177793,1
CCNC(=O)c1noc(-c2cc(Cl)c(O)cc2O)c1-c1ccc(OCCCC(=O)NO)cc1,6.0,1
CCNC(=O)c1noc(-c2cc(Cl)c(O)cc2O)c1-c1ccc(OCCCCC(=O)NO)cc1,7.0,1
CCNC(=O)c1noc(-c2cc(Cl)c(O)cc2O)c1-c1ccc(OCCCCCC(=O)NO)cc1,7.0,1
CCNC(=O)c1noc(-c2cc(Cl)c(O)cc2O)c1-c1ccc(OCCCCCCC(=O)NO)cc1,7.0,1
CCNC(=S)SCC(=O)c1ccc(NC(C)=O)cc1,6.669803974604839,4
CCNC(=S)SCC(=O)c1ccc(OC)cc1,6.681696156268757,3
CCNC1CN(C)S(=O)(=O)c2sc(S(N)(=O)=O)cc21,8.638272163982407,1
CCNCCn1c(CC(C)CC(C)(C)C)nc2cc(/C=C/C(=O)NO)ccc21,7.638272163982407,2
CCNCc1c(C(C)(C)C)nc2cc(/C=C/C(=O)NO)ccn12,7.221848749616356,1
CCNCc1cnc(-c2ccc(C(=O)Nc3ccccc3N)cc2)s1,7.420102145426883,2
CCNNC(=O)CCCCn1c2cc3c(cc2c2[nH]c(=O)c4ccccc4c21)OCO3,5.782516055786093,2
CCNNC(=O)c1ccc(CN(CC(=O)NCc2ccccc2)C(=O)c2ccc(N(C)C)cc2)cc1,6.500244954450703,10
CCNNC(=O)c1ccc(CN2c3ccccc3C=Cc3ccc(C)cc32)cc1,5.6439741428068775,2
CCNNC(=O)c1ccc(CN2c3ccccc3C=Cc3ccc(F)cc32)cc1,5.598599459218455,2
CCNNC(=O)c1ccc(CN2c3ccccc3C=Cc3ccccc32)cc1,5.638272163982407,2
CCNNC(=O)c1ccc(CN2c3ccccc3C=Cc3ccncc32)c(F)c1,5.058488567365597,2
CCNNC(=O)c1ccc(CN2c3ccccc3C=Cc3ccncc32)cc1,5.815308569182401,2
CCNNC(=O)c1ccc(CN2c3ccccc3C=Cc3nc(C)nc(C)c32)cc1,5.645891560852599,2
CCNNC(=O)c1ccc(CN2c3ccccc3CC(=O)c3ccccc32)cc1,5.406713932979542,2
CCNNC(=O)c1ccc(CN2c3ccccc3Cc3ccccc32)cc1,5.496209316942819,2
CCNNC(=O)c1ccc(CN2c3ccccc3Sc3cccnc32)cc1,5.399027104313252,2
CCNNC(=O)c1ccc(CNC(=O)/C=C/c2ccccc2)cc1,7.532701737857027,3
CCNNC(=O)c1ccc(CNC(=O)Nc2cccc3cccnc23)cc1,8.522878745280337,2
CCNNC(=O)c1ccc(CNC(=O)[C@H](Cc2c[nH]c3ccccc23)NC(=O)c2ccc(OC)cc2)cc1,7.021227482340464,2
CCNNC(=O)c1ccc(CNC(=O)c2ccc(NC(=O)CCCCCCC(=O)N[C@H](C(=O)N3C[C@H](O)C[C@H]3C(=O)NCc3ccc(-c4scnc4C)cc3)C(C)(C)C)cc2)cc1,5.84163750790475,2
CCNNC(=O)c1ccc(CNC(=O)c2ccc(NC(=O)CCCCCCCNc3cc4c(cc3F)C(=O)N(C3CCC(=O)NC3=O)C4=O)cc2)cc1,6.125518182300533,2
CCNNC(=O)c1ccc(CNC(=O)c2ccc(NC(=O)COCCOCC(=O)N[C@H](C(=O)N3C[C@H](O)C[C@H]3C(=O)NCc3ccc(-c4scnc4C)cc3)C(C)(C)C)cc2)cc1,5.467245621007502,2
CCNNC(=O)c1ccc(CNC(=O)c2ccc(NC(=O)COCCOCCNc3cc4c(cc3F)C(=O)N(C3CCC(=O)NC3=O)C4=O)cc2)cc1,6.056011124926228,2
CCNNC(=O)c1ccc(CNC(=O)c2ccc(OCc3cn(CCCCCC(=O)N[C@H](C(=O)N4C[C@H](O)C[C@H]4C(=O)NCc4ccc(-c5scnc5C)cc4)C(C)(C)C)nn3)cc2)cc1,5.636388020107855,2
CCNNC(=O)c1ccc(CNC(=O)c2ccc(OCc3cn(CCCCCCNc4cc5c(cc4F)C(=O)N(C4CCC(=O)N(C)C4=O)C5=O)nn3)cc2)cc1,5.630784142589857,2
CCNNC(=O)c1ccc(CNC(=O)c2ccc(OCc3cn(CCCCCCNc4cc5c(cc4F)C(=O)N(C4CCC(=O)NC4=O)C5=O)nn3)cc2)cc1,5.657577319177793,2
CCNNC(=O)c1ccc(CNC(=O)c2ccc(OCc3cn(CCOCCC(=O)N[C@H](C(=O)N4C[C@H](O)C[C@H]4C(=O)NCc4ccc(-c5scnc5C)cc4)C(C)(C)C)nn3)cc2)cc1,5.779891911959945,2
CCNNC(=O)c1ccc(CNC(=O)c2ccc(OCc3cn(CCOCCNc4cc5c(cc4F)C(=O)N(C4CCC(=O)NC4=O)C5=O)nn3)cc2)cc1,5.896196279044043,2
CCNNC(=O)c1ccc(CNC(=O)c2ccccc2)cc1,6.399027104313252,2
CCNNC(=O)c1ccc(CNc2cccc3cccnc23)cc1,6.18111458540599,2
CCNNC(=O)c1ccc(Cn2c(=O)n(CCc3ccccc3)c(=O)c3ccccc32)cc1,5.772113295386326,2
CCNNC(=O)c1ccc(Cn2c3cc4c(cc3c3[nH]c(=O)c5ccccc5c32)OCO4)cc1,6.065501548756432,2
CCNNC(=O)c1ccc(Cn2c3ccccc3c3cccnc32)cc1,5.543633966870956,2
CCNNC(=O)c1ccc(Cn2ccc3cc(C(=O)c4ccc(OC)cc4)ccc32)cc1,6.265200170411153,2
CCNNC(=O)c1ccc(Cn2nnnc2-c2cccs2)cc1,7.096910013008056,2
CCNNC(=O)c1ccc(NC(=O)Nc2cccc3cccnc23)cc1,5.844663962534938,2
CCN[C@@H](CCCCCC(=O)C1NC=CO1)C1NC=C(C2C=c3ccc(C)nc3=CC2)N1,8.795880017344075,1
CCN[C@@H](CCCCCC(=O)c1ncco1)c1ncc(-c2cc3ccc(=O)n(C)c3cc2OC)[nH]1,8.886056647693163,1
CCNc1ccc(-c2nc(N3CCOCC3)c3nc(CN(C)c4ncc(C(=O)NO)cn4)n(C)c3n2)cc1,8.958607314841775,2
CCNc1ccc(C(=O)NCCCCCC(=O)Nc2ccccc2N)cc1,6.39469495385889,1
CCNc1ccc2cc(-c3nnn(Cc4cc(F)c(-c5nnc(C(F)F)o5)cc4F)n3)ccc2n1,3.000000434294699,1
CCNc1ccc2cc(-c3nnn(Cc4ccc(-c5nnc(C(F)F)o5)c(F)c4)n3)ccc2n1,3.000000434294699,1
CCNc1nc(Cl)nc2c1ncn2CCCC(=O)NCc1ccc(C(=O)Nc2ccccc2N)cc1,5.636388020107855,1
CCNc1nc(Cl)nc2c1ncn2Cc1ccc(C(=O)Nc2ccc(Br)cc2N)cc1,4.985899678480379,1
CCNc1nc(Cl)nc2c1ncn2Cc1ccc(C(=O)Nc2ccc(C)cc2N)cc1,5.2541448048262716,1
CCNc1nc(Cl)nc2c1ncn2Cc1ccc(C(=O)Nc2ccc(F)cc2N)cc1,5.238824186844269,1
CCNc1nc(Cl)nc2c1ncn2Cc1ccc(C(=O)Nc2ccccc2N)cc1,6.613738895826695,3
CCNc1nc2ccc(-c3cn(Cc4ccc(-c5nnc(C(F)F)o5)cc4)nn3)cc2[nH]1,4.483200295918375,1
CCNc1ncc2cc(-c3cn(Cc4cc(F)c(-c5nnc(C(F)F)o5)cc4F)nn3)ccc2n1,3.000000434294699,1
CCNc1ncc2cc(-c3cn(Cc4ccc(-c5nnc(C(F)F)o5)c(F)c4)nn3)ccc2n1,3.000000434294699,1
CCOC(=O)C1CC1c1ccc(OC)c(-c2cnc([C@H](CCCCCC(=O)CC)NC(=O)[C@H]3CC34CCN(CC)CC4)[nH]2)c1,8.161150909262744,2
CCOC(=O)C1CNc2c(cc(Cc3cnc(N)nc3N)cc2OC)C1,5.7935220593134655,2
CCOC(=O)CC(=O)CSc1nc(C)cc(=O)[nH]1,4.112382699664264,2
CCOC(=O)N1CC2(CC(=O)c3cc(/C=C/C(=O)NO)ccc3O2)C1,6.543633966870956,1
CCOC(=O)N1CCC2(CC(=O)c3cc(/C=C/C(=O)NO)ccc3O2)C1,6.823908740944319,1
CCOC(=O)N1CCC2(CC1)CC(=O)c1cc(/C=C/C(=O)NO)ccc1O2,6.853871964321762,1
CCOC(=O)N1CCC2(CC1)CC(=O)c1ccc(/C=C/C(=O)NO)cc1O2,6.3893398369101195,1
CCOC(=O)N1CCC2(CC1)Oc1ccc(/C=C/C(=O)NO)cc1C2=O,5.52432881167557,1
CCOC(=O)N1CCCC2(CC(=O)c3cc(/C=C/C(=O)NO)ccc3O2)C1,6.634512015109101,1
CCOC(=O)N1CCCC2(CC1)CC(=O)c1cc(/C=C/C(=O)NO)ccc1O2,6.522878745280337,1
CCOC(=O)NCCCC(=O)NCCc1ccccc1,5.301029995663981,2
CCOC(=O)NCCSSCCNC(=O)/C(Cc1ccc(O)c(Br)c1)=N/O,7.102372908709558,1
CCOC(=O)NCc1ccc(C(=O)Nc2cc(-c3ccccc3)ccc2N)cc1,7.863512490105891,4
CCOC(=O)NCc1ccc(C(=O)Nc2cc(-c3cccs3)ccc2N)cc1,8.076874224641287,3
CCOC(=O)N[C@@H](CCCCNS(N)(=O)=O)C(=O)Nc1nc(-c2ccccc2)cs1,5.324557020425884,3
CCOC(=O)Nc1cc(-c2cccs2)ccc1N,5.515700160653214,1
CCOC(=O)Nc1cccc(-c2csc(NC(=O)CCCCCC(=O)NO)n2)c1,8.602059991327963,2
CCOC(=O)Nc1cccc(-c2csc(NC(=O)CCCCCC(=O)Nc3ccccc3N)n2)c1,4.605548319173784,2
CCOC(=O)Nc1cccc(-c2csc(NC(=O)CCCCCCC(=O)NO)n2)c1,8.301029995663981,1
CCOC(=O)Nc1cccc(C(=O)CSC(=S)SCC)c1,6.699991797446187,1
CCOC(=O)SCC(=O)c1ccc(OC)cc1,4.97695981660857,4
CCOC(=O)c1cc2cc(OC)c(-c3cnc([C@H](CCCCCC(=O)CC)NC(=O)[C@H]4CC45CCN(CC)CC5)[nH]3)cc2o1,8.958607314841775,2
CCOC(=O)c1ccc(C(=O)C(F)(F)F)s1,5.2441251443275085,2
CCOC(=S)SCC(=O)c1ccc(NC(C)=O)cc1,5.88419545615574,4
CCOC(=S)SCC(=O)c1ccc(OC)cc1,5.78431974358807,4
CCOCc1cn2cc(/C=C/C(=O)Nc3ccccc3N)sc2n1,5.522878745280337,2
CCON1CCC(Nc2ncc(C(=O)NO)cn2)(C(C)C)CC1,6.15676722190199,1
CCON1CCC(Nc2ncc(C(=O)NO)cn2)(c2ccccc2)CC1,6.560667306169737,1
CCOP(=O)(CC)Cc1ccc(C(=O)Nc2cc(-c3cccs3)ccc2N)cc1,8.187086643357144,2
CCOP(=O)(CNCc1ccc(C(=O)Nc2cc(-c3cccs3)ccc2N)cc1)OCC,8.113509274827518,2
CCOP(=O)(Cc1ccc(C(=O)Nc2cc(-c3cccs3)ccc2N)cc1)OCC,7.886056647693163,2
CCOP(=O)(Cc1cccc(C(=O)Nc2cc(-c3cccs3)ccc2N)c1)OCC,7.638272163982407,2
CCOP(=O)(O)Cc1ccc(C(=O)Nc2cc(-c3cccs3)ccc2N)cc1,7.42021640338319,2
CCOP(=O)(O)c1ccc(C(=O)Nc2cc(-c3cccs3)ccc2N)cc1,7.376750709602099,2
CCOP(=O)(OCC)c1ccc(C(=O)Nc2cc(-c3cccs3)ccc2N)cc1,7.657577319177793,2
CCOP(=O)(c1ccccc1)c1ccc(C(=O)Nc2cc(-c3cccs3)ccc2N)cc1,7.6777807052660805,2
CCOP(C)(=O)Cc1ccc(C(=O)Nc2cc(-c3cccs3)ccc2N)cc1,7.795880017344075,2
CCOP(C)(=O)c1ccc(C(=O)Nc2cc(-c3cccs3)ccc2N)cc1,7.853871964321762,2
CCOc1cc(/C=C2/C(=O)NCC(=O)N2C)ccc1/C=C/C(=O)NO,6.034699511219652,2
CCOc1cc(C(=O)Nc2cccc(F)c2)nn1Cc1ccc(C(=O)NO)cc1,5.872247484167026,2
CCOc1cc(C(=O)Nc2ccccc2)nn1Cc1ccc(C(=O)NO)cc1,6.006123085058789,2
CCOc1cc(C(=O)Nc2ccccc2F)nn1Cc1ccc(C(=O)NO)cc1,5.70421305974839,2
CCOc1cc(C(C)(C)C)ccc1C1=NC(c2ccc(Cl)cc2)C(c2ccc(Cl)cc2)N1C(=O)N1CCC(C(=O)NO)CC1,5.012333735073725,2
CCOc1cc(C(C)(C)C)ccc1C1=NC(c2ccc(Cl)cc2)C(c2ccc(Cl)cc2)N1C(=O)N1CCC(C(=O)Nc2ccc(/C=C/C(=O)NO)cc2)CC1,6.013228265733755,2
CCOc1cc(C(C)(C)C)ccc1C1=NC(c2ccc(Cl)cc2)C(c2ccc(Cl)cc2)N1C(=O)N1CCC(Nc2ncc(C(=O)NO)cn2)CC1,5.995678626217357,2
CCOc1cc(C(C)(C)C)ccc1C1=NC(c2ccc(Cl)cc2)C(c2ccc(Cl)cc2)N1C(=O)N1CCN(CC(=O)NO)CC1,5.376750709602099,2
CCOc1cc(C(C)(C)C)ccc1C1=NC(c2ccc(Cl)cc2)C(c2ccc(Cl)cc2)N1C(=O)N1CCN(CCCCC(=O)NO)CC1,6.008773924307505,2
CCOc1cc(C(C)(C)C)ccc1C1=NC(c2ccc(Cl)cc2)C(c2ccc(Cl)cc2)N1C(=O)N1CCN(CCCCCC(=O)NO)CC1,6.013228265733755,2
CCOc1cc(C(C)(C)C)ccc1C1=NC(c2ccc(Cl)cc2)C(c2ccc(Cl)cc2)N1C(=O)N1CCN(CCCCCCC(=O)NO)CC1,6.086186147616283,2
CCOc1cc(C(C)(C)C)ccc1C1=NC(c2ccc(Cl)cc2)C(c2ccc(Cl)cc2)N1C(=O)N1CCN(CCCCCCCC(=O)NO)CC1,6.3872161432802645,2
CCOc1cc(C(C)(C)C)ccc1C1=NC(c2ccc(Cl)cc2)C(c2ccc(Cl)cc2)N1C(=O)N1CCN(Cc2ccc(C(=O)NO)cc2)CC1,5.454692883534176,2
CCOc1cc(C(C)(C)C)ccc1C1=NC(c2ccc(Cl)cc2)C(c2ccc(Cl)cc2)N1C(=O)N1CCN(c2ncc(C(=O)NO)cn2)CC1,6.508638306165727,2
CCOc1cc(C(C)(C)C)ccc1C1=NC(c2ccc(Cl)cc2)C(c2ccc(Cl)cc2)N1C(=O)NCCCCC(=O)NO,5.534617148551582,2
CCOc1cc(C(C)(C)C)ccc1C1=NC(c2ccc(Cl)cc2)C(c2ccc(Cl)cc2)N1C(=O)NCCCCCC(=O)NO,5.94692155651658,2
CCOc1cc(C(C)(C)C)ccc1C1=NC(c2ccc(Cl)cc2)C(c2ccc(Cl)cc2)N1C(=O)NCCCCCCC(=O)NO,6.050609993355087,2
CCOc1cc(C(C)(C)C)ccc1C1=NC(c2ccc(Cl)cc2)C(c2ccc(Cl)cc2)N1C(=O)NCCCCCCC(=O)Nc1ccccc1N,5.216811308924743,2
CCOc1cc(C(C)(C)C)ccc1C1=NC(c2ccc(Cl)cc2)C(c2ccc(Cl)cc2)N1C(=O)NCCCCCCCC(=O)NO,6.568636235841012,2
CCOc1cc(C(C)(C)C)ccc1C1=NC(c2ccc(Cl)cc2)C(c2ccc(Cl)cc2)N1C(=O)NCCCCCCCC(=O)Nc1ccccc1N,5.44490555142168,2
CCOc1cc(C(C)(C)C)ccc1C1=NC(c2ccc(Cl)cc2)C(c2ccc(Cl)cc2)N1C(=O)NCc1ccc(C(=O)NO)cc1,5.431798275933005,2
CCOc1cc(C(C)(C)C)ccc1C1=N[C@@H](c2ccc(Cl)cc2)[C@@H](c2ccc(Cl)cc2)N1C(=O)N1CCN(CCCCCCC(=O)NO)CC1,6.050609993355087,2
CCOc1cc(C(C)(C)C)ccc1C1=N[C@H](c2ccc(Cl)cc2)[C@H](c2ccc(Cl)cc2)N1C(=O)N1CCN(CCCCCCC(=O)NO)CC1,6.040958607678906,2
CCOc1cc(NC(=O)CCCCCC(=O)Nc2cc(-c3ccc(C)s3)ccc2N)cc2c1OCC([N+](=O)[O-])=C2,6.436518914605589,2
CCOc1cc(NC(=O)CCCCCC(=O)Nc2cc(-c3ccccc3)ccc2N)cc2c1OCC([N+](=O)[O-])=C2,6.892790030352131,2
CCOc1cc(NC(=O)CCCCCC(=O)Nc2ccccc2N)cc2c1OCC([N+](=O)[O-])=C2,6.5406075122407685,2
CCOc1cc(NC(=O)CCCCCCC(=O)Nc2cc(-c3ccccc3)ccc2N)cc2c1OCC([N+](=O)[O-])=C2,6.747146969020107,2
CCOc1cc(NC(=O)CCCCCCC(=O)Nc2ccccc2N)cc2c1OCC([N+](=O)[O-])=C2,6.634512015109101,2
CCOc1cc(NC(=O)CCCCCNC(=O)[C@H](N)Cc2ccccc2)cc2c1OCC([N+](=O)[O-])=C2,6.3487219860018556,2
CCOc1cc(NC(=O)CCCCNC(=O)[C@H](N)Cc2ccccc2)cc2c1OCC([N+](=O)[O-])=C2,6.1295960947209736,2
CCOc1ccc(-c2ccc(C(=O)NO)cn2)cc1-c1nc2c(CC)nn(C)c2c(=O)[nH]1,6.450996737974212,2
CCOc1ccc(-c2ccc(C(=O)NO)nc2)cc1-c1nc2c(CC)nn(C)c2c(=O)[nH]1,5.627087997029893,2
CCOc1ccc(-c2nc(C(=O)NCCCCCCC(=O)CSC(C)=O)c3[nH]c(=O)n(-c4ccccc4OC)c3n2)cc1,5.548213564475709,1
CCOc1ccc(-c2nc(C(=O)NCCCCCCC(=O)NO)c3[nH]c(=O)n(-c4ccccc4OC)c3n2)cc1,6.769551078621726,1
CCOc1ccc(-c2nc(C(=O)NCCCCCCC(=O)NO)c3[nH]c(=O)n(-c4ccccc4OC)c3n2)cc1S(N)(=O)=O,7.221848749616356,1
CCOc1ccc(-c2nc(C(=O)NCCCCCCC(=O)NO)c3[nH]c(=O)n(-c4ccccc4OC)c3n2)cn1,7.3979400086720375,1
CCOc1ccc(-c2nc(C(=O)NCCCCCCC(=O)NO)c3[nH]c(=O)n(-c4cccnc4OC)c3n2)cc1,7.522878745280337,1
CCOc1ccc(-c2nc(C(=O)NCCCCCCC(=O)NO)c3[nH]c(=O)n(-c4cccnc4OC)c3n2)cn1,8.698970004336019,1
CCOc1ccc(-c2nc(C(=O)NCCCc3nc(C(=O)NO)cs3)c3[nH]c(=O)n(-c4ccccc4OC)c3n2)cc1,4.847711655616943,1
CCOc1ccc(-c2nc(C(=O)NCCOCCOCC(=O)NO)c3[nH]c(=O)n(-c4ccccc4OC)c3n2)cc1,4.966576244513051,1
CCOc1ccc(-c2nc(C(=O)NCc3ccc(C(=O)NO)cc3)c3[nH]c(=O)n(-c4ccccc4OC)c3n2)cc1,6.6020599913279625,1
CCOc1ccc(-c2nc(C(=O)NCc3ccc(C(=O)NO)cc3)c3[nH]c(=O)n(-c4cccnc4OC)c3n2)cn1,7.994266552158721,3
CCOc1ccc(-c2nc(C(=O)NOCCCCCC(=O)NO)c3[nH]c(=O)n(-c4ccccc4OC)c3n2)cc1,6.886056647693163,1
CCOc1ccc(-n2nc(N)c(C(=O)NCc3ccc(C(=O)NO)cc3)n2)cc1,8.657577319177793,2
CCOc1ccc(-n2nc(N)c(C(=O)NCc3ccc(C(=O)Nc4ccccc4N)cc3)n2)cc1,7.107905397309519,2
CCOc1ccc(C(=O)NO)cc1-c1nc2c(CC)nn(C)c2c(=O)[nH]1,5.192464971931146,2
CCOc1ccc(C(=O)NO)cc1NC(=O)c1ccc(-c2ccccc2)cc1,5.681936665037238,2
CCOc1ccc(C(=O)NO)cc1NC(=O)c1ccc(Cl)cc1Cl,4.675717544702307,2
CCOc1ccc(C(=O)NO)cc1NC(=O)c1ccccc1,5.337242168318426,2
CCOc1ccc(C(=O)Nc2cc(C(=O)NO)ccc2OC)cc1,5.356547323513812,2
CCOc1ccc(C(C)=O)cc1NC(=O)c1cc(C(=O)NO)ccc1Cl,4.742321425130816,2
CCOc1ccc(C(C)=O)cc1NC(=O)c1cccc(C(=O)NO)c1,5.113509274827518,2
CCOc1ccc(C2CC(C(=O)NO)C2)cc1-c1nc2c(CC)nn(C)c2c(=O)[nH]1,6.2564902352715706,2
CCOc1ccc(C2CC2C(=O)NO)cc1-c1nc2c(CC)nn(C)c2c(=O)[nH]1,5.057991946977687,2
CCOc1ccc(C2CCC(CC(=O)NO)CC2)cc1-c1nc2c(CC)nn(C)c2c(=O)[nH]1,5.1605219526258015,2
CCOc1ccc(C2c3ccccc3CCN2CCC(=O)NO)cc1,4.619788758288394,2
CCOc1ccc(CC2CC(C(=O)NO)C2)cc1-c1nc2c(CC)nn(C)c2c(=O)[nH]1,6.537969123538039,4
CCOc1ccc(CC2CC2C(=O)NO)cc1-c1nc2c(CC)nn(C)c2c(=O)[nH]1,5.583359492661719,2
CCOc1ccc(CC2CCC(C(=O)NO)C2)cc1-c1nc2c(CC)nn(C)c2c(=O)[nH]1,5.454692883534176,2
CCOc1ccc(CC2CCC(C(=O)NO)CC2)cc1-c1nc2c(CC)nn(C)c2c(=O)[nH]1,6.316777314076699,2
CCOc1ccc(CC2CCC(CC(=O)NO)CC2)cc1-c1nc2c(CC)nn(C)c2c(=O)[nH]1,5.815308569182401,2
CCOc1ccc(CC2CCN(c3ccc(C(=O)NO)cn3)CC2)cc1-c1nc2c(CC)nn(C)c2c(=O)[nH]1,5.7258421507363195,2
CCOc1ccc(CC2CCN(c3ncc(C(=O)NO)cn3)CC2)cc1-c1nc2c(CC)nn(C)c2c(=O)[nH]1,7.200659450546418,2
CCOc1ccc(CCC(=O)NO)cc1-c1nc2c(CC)nn(C)c2c(=O)[nH]1,5.317854923626168,2
CCOc1ccc(CCC(=O)Nc2ccc(C(=O)NO)cc2)cc1OC,5.537602002101044,1
CCOc1ccc(CCn2cccc(/C=C/C(=O)NO)c2=O)cc1,7.154901959985743,1
CCOc1ccc(CN2CCC(C(=O)NO)CC2)cc1-c1nc2c(CC)nn(C)c2c(=O)[nH]1,5.118045028660399,2
CCOc1ccc(CN2CCN(c3ncc(C(=O)NO)cn3)CC2)cc1-c1nc2c(CC)nn(C)c2c(=O)[nH]1,7.853871964321762,2
CCOc1ccc(C[C@H]2CC[C@@H](C(=O)NO)CC2)cc1-c1nc2c(CC)nn(C)c2c(=O)[nH]1,6.460923901207224,1
CCOc1ccc(C[C@H]2CC[C@H](C(=O)NO)CC2)cc1-c1nc2c(CC)nn(C)c2c(=O)[nH]1,6.172630726946174,1
CCOc1ccc(C[C@H]2C[C@@H](C(=O)NO)C2)cc1-c1nc2c(CC)nn(C)c2c(=O)[nH]1,6.647817481888637,1
CCOc1ccc(C[C@H]2C[C@H](C(=O)NO)C2)cc1-c1nc2c(CC)nn(C)c2c(=O)[nH]1,6.486782399932061,1
CCOc1ccc(Cc2ccc(/C=C/C(=O)NO)cc2)cc1-c1nc2c(CC)nn(C)c2c(=O)[nH]1,5.815308569182401,2
CCOc1ccc(Cc2ccc(CCC(=O)NO)cc2)cc1-c1nc2c(CC)nn(C)c2c(=O)[nH]1,5.616184634019569,2
CCOc1ccc(OC2CCC(C(=O)NO)CC2)cc1-c1nc2c(CC)nn(C)c2c(=O)[nH]1,5.61261017366127,2
CCOc1ccc(OC2CCN(c3ncc(C(=O)NO)cn3)CC2)cc1-c1nc2c(CC)nn(C)c2c(=O)[nH]1,7.180456064458131,2
CCOc1ccc(Oc2ccc(C(=O)NO)cc2)cc1-c1nc2c(CC)nn(C)c2c(=O)[nH]1,6.247183568811728,2
CCOc1ccc2[nH]c(C(=O)NCCCCCC(=O)Nc3ccccc3N)cc2c1,6.44490555142168,1
CCOc1ccc2c(c1)c1[nH]c(=O)c3ccccc3c1n2CCCCC(=O)NO,6.638272163982407,2
CCOc1ccc2c(c1)cc(C(=O)NCCCCCC(=O)Nc1ccccc1N)n2C,6.485452247339714,1
CCOc1cccc(-c2ccc3c(NC(=O)CCCCCCC(=O)NO)n[nH]c3c2)c1,8.67778070526608,2
CCOc1cccc(CCn2cccc(/C=C/C(=O)NO)c2=O)c1,6.920818753952375,1
CCOc1cccc2[nH]c(C(=O)NCCCCCC(=O)Nc3ccccc3N)cc12,6.581698708680255,1
CCOc1ccccc1/C=C1\CC(=O)N(CCCCCCC(=O)NO)C1=O,7.777283528852417,1
CCOc1ccccc1C(=O)NC(=O)NC1CC2CCC(C1)N2C,8.2839966563652,1
CCOc1ccccc1C(=O)NCCCCCC(=O)Nc1ccccc1N,6.260427655549908,1
CCOc1ccccc1C=C1CC(=O)N(CCCCCCC(=O)NO)C1=O,7.769551078621726,1
CCOc1ccccc1CCCn1cccc(/C=C/C(=O)NO)c1=O,7.301029995663981,1
CCOc1ccccc1CCn1cccc(/C=C/C(=O)NO)c1=O,6.494850021680094,1
CCOc1ncc(-c2cnc([C@H](CCCCCC(=O)CC)NC(=O)[C@H]3CC34CCN(C)CC4)[nH]2)cn1,6.922331981267469,4
CCP(=O)(CC)Cc1ccc(C(=O)Nc2cc(-c3cccs3)ccc2N)cc1,8.045757490560675,2
CCP(=O)(CC)Cc1cccc(C(=O)Nc2cc(-c3cccs3)ccc2N)c1,6.568636235841012,2
CCP(=O)(Cc1ccc(C(=O)Nc2cc(-c3cccs3)ccc2N)cc1)OC,8.154901959985743,2
CCP(=O)(Cc1cccc(C(=O)Nc2cc(-c3cccs3)ccc2N)c1)OC,7.045757490560675,2
CCS(=O)(=O)N(Cc1ccc(-c2noc(C(F)(F)F)n2)cc1)c1cccc(C(F)(F)F)c1,6.086186147616283,1
CCS/C(Nc1ccccc1)=C(\C#N)C(=O)N/N=C\c1ccc(Cl)cc1Cl,7.154901959985743,2
CCS/C(Nc1ccccc1)=C(\C#N)C(=O)Nc1ccc(OC)cc1,7.42021640338319,2
CCSC(=S)SCC(=O)CCCCCCC(=O)Nc1ccccc1,7.299988937677888,1
CCSC(=S)SCC(=O)Nc1ccc(Cl)c(Cl)c1,5.59999938302362,1
CCSC(=S)SCC(=O)c1ccc(-c2ccc(CNc3cnc4ccccc4c3)cn2)s1,6.693475835770293,4
CCSC(=S)SCC(=O)c1ccc(-c2ccc(N)cn2)s1,6.292459463187395,4
CCSC(=S)SCC(=O)c1ccc(C(=O)NCCOc2ccccc2)cc1,6.451453250125887,4
CCSC(=S)SCC(=O)c1ccc(C(=O)NCc2cc(C)cc(C)c2)s1,6.5911065652525185,4
CCSC(=S)SCC(=O)c1ccc(C(=O)NCc2ccccc2)cc1,5.836452638665984,4
CCSC(=S)SCC(=O)c1ccc(C(=O)NCc2ccccc2)s1,6.761111685771647,4
CCSC(=S)SCC(=O)c1ccc(C(=O)N[C@@H](C)c2ccccc2)s1,6.476063479449913,4
CCSC(=S)SCC(=O)c1ccc(C(=O)Nc2ccc(Cl)cc2)cc1,7.102372908709558,1
CCSC(=S)SCC(=O)c1ccc(C(=O)Nc2ccccc2)cc1,5.548559223733793,4
CCSC(=S)SCC(=O)c1ccc(C(=O)Nc2ccccc2)s1,5.643736229483642,4
CCSC(=S)SCC(=O)c1ccc(C)cc1,5.805491304744355,5
CCSC(=S)SCC(=O)c1ccc(CC(=O)NCCOc2ccccc2)s1,6.694655361549317,4
CCSC(=S)SCC(=O)c1ccc(CC(=O)NCc2ccc(OC)cc2)s1,6.477757040495521,4
CCSC(=S)SCC(=O)c1ccc(CC(=O)NCc2ccccc2)s1,6.165827840568161,4
CCSC(=S)SCC(=O)c1ccc(CC(=O)Nc2ccc(OC)cc2)s1,6.580964395209305,4
CCSC(=S)SCC(=O)c1ccc(CCNC(C)=O)cc1,6.123680700301729,4
CCSC(=S)SCC(=O)c1ccc(CN(C)C(C)=O)cc1,5.915620698202882,4
CCSC(=S)SCC(=O)c1ccc(CNC(=O)OCc2cccnc2)cc1,7.400007822415902,1
CCSC(=S)SCC(=O)c1ccc(CNC(=O)c2ccccc2)cc1,6.524880428075373,4
CCSC(=S)SCC(=O)c1ccc(CNC(C)=O)cc1,5.530585194221622,4
CCSC(=S)SCC(=O)c1ccc(Cl)c(Cl)c1,7.100015437450609,1
CCSC(=S)SCC(=O)c1ccc(Cl)cc1,6.0,1
CCSC(=S)SCC(=O)c1ccc(N(CC)CC)cc1,5.700000503883016,1
CCSC(=S)SCC(=O)c1ccc(NC(=O)Nc2ccccc2)cc1,5.693519337188037,4
CCSC(=S)SCC(=O)c1ccc(NC(=O)c2ccccc2)cc1,5.555990693549698,4
CCSC(=S)SCC(=O)c1ccc(NC(=O)c2cccnc2)cc1,6.173379666449687,4
CCSC(=S)SCC(=O)c1ccc(NC(=O)c2cnc3ccccc3c2)cc1,6.331025578802169,4
CCSC(=S)SCC(=O)c1ccc(NC(C)=O)cc1,6.10279408160258,5
CCSC(=S)SCC(=O)c1ccc(NS(=O)(=O)c2ccc(Cl)cc2)cc1,6.142278012213472,4
CCSC(=S)SCC(=O)c1ccc(NS(=O)(=O)c2ccccc2)cc1,6.23249437738429,4
CCSC(=S)SCC(=O)c1ccc(NS(C)(=O)=O)cc1,5.415144900592886,5
CCSC(=S)SCC(=O)c1ccc(Nc2ncnc3ccccc23)cc1,5.280612547445259,4
CCSC(=S)SCC(=O)c1ccc(OC(F)F)cc1,6.0999990348465305,1
CCSC(=S)SCC(=O)c1ccc(OC)c(OC)c1,5.40000018605658,1
CCSC(=S)SCC(=O)c1ccc(OC)cc1,5.68978665921527,6
CCSC(=S)SCC(=O)c1ccc(S(=O)(=O)Nc2ccc(Cl)cc2)cc1,6.770252058777356,4
CCSC(=S)SCC(=O)c1ccc(S(=O)(=O)Nc2ccc(OC)cc2)cc1,6.87687173818801,4
CCSC(=S)SCC(=O)c1ccc(S(N)(=O)=O)cc1,6.199998172182031,1
CCSC(=S)SCC(=O)c1ccc2c(c1)OCCO2,6.299997602857746,1
CCSC(=S)SCC(=O)c1ccc2c(c1)OCO2,6.299997602857746,1
CCSC(=S)SCC(=O)c1cccc(C(=O)NCCOc2ccccc2)c1,6.709479636020408,4
CCSC(=S)SCC(=O)c1cccc(C(=O)NCc2ccccc2)c1,6.482084541209316,4
CCSC(=S)SCC(=O)c1cccc(C(=O)Nc2ccccc2)c1,6.092810065275799,4
CCSC(=S)SCC(=O)c1cccc(CNC(C)=O)c1,4.795573610885347,4
CCSC(=S)SCC(=O)c1cccc(NC(=O)c2ccccc2)c1,6.191005514675012,4
CCSC(=S)SCC(=O)c1cccc(NC(=O)c2cccnc2)c1,6.43682155195174,4
CCSC(=S)SCC(=O)c1cccc(NC(=O)c2cnc3ccccc3c2)c1,6.55377673875884,4
CCSC(=S)SCC(=O)c1cccc(NC(C)=O)c1,5.809247714184467,5
CCSC(=S)SCC(=O)c1cccc(NS(=O)(=O)c2ccc(Cl)cc2)c1,5.820630179129443,4
CCSC(=S)SCC(=O)c1cccc(NS(=O)(=O)c2ccccc2)c1,6.017872021696347,4
CCSC(=S)SCC(=O)c1cccc(OC)c1,5.899998417198648,1
CCSC(=S)SCC(=O)c1cccc(S(=O)(=O)N(C)c2ccc(OC)cc2)c1,5.83505096559621,3
CCSC(=S)SCC(=O)c1cccc(S(=O)(=O)Nc2ccc(OC)cc2)c1,6.4832193081695735,4
CCSC(=S)SCC(=O)c1cccc(S(=O)(=O)Nc2ccc3c(c2)OCO3)c1,6.546170892092338,4
CCSC(=S)SCC(=O)c1cccc(S(=O)(=O)Nc2cccc(C(N)=O)c2)c1,6.141570307167805,4
CCSC(=S)SCC(=O)c1cccc2c1OCCO2,4.499999678657065,1
CCSC(=S)SCC(=O)c1ccccc1,5.700000503883016,1
CCSc1ccc2c(c1)N(Cc1ccc(C(=O)NO)cc1)c1ccccc1S2,5.142667503568731,2
CCSc1ccccc1C(=O)NCCCCCC(=O)Nc1ccccc1N,5.875169850586141,1
CC[C@@H](C(=O)Nc1ccc(C(=O)NO)cc1)c1ccccc1,7.167491087293763,1
CC[C@@H](C(=O)Nc1ccc(C(=O)Nc2ccc(F)cc2N)cc1)c1ccccc1,5.920818753952375,2
CC[C@@H](C(=O)Nc1ccc(C(=O)Nc2ccc(F)cc2N)nc1)c1ccccc1,6.522878745280337,2
CC[C@@H](C(=O)Nc1ccc2cc(C(=O)NO)sc2c1)c1ccccc1,7.221848749616356,2
CC[C@@H](C)[C@@H]1N=C(c2ccccc2)c2ccccc2N(CCCCC(=O)NO)C1=O,4.96018944585165,2
CC[C@@H](C)[C@@H]1NC(=O)[C@@H](Cc2ccc(OC)cc2)NC(=O)[C@H](CCCCCC(=O)NO)NC(=O)[C@H]2CCCN2C1=O,8.938400962484,2
CC[C@@H](C)[C@@H]1NC(=O)[C@@H](Cc2ccc(OC)cc2)NC(=O)[C@H](CCCCCN(O)C=O)NC(=O)[C@@H]2CCCN2C1=O,7.481486060122112,1
CC[C@@H](C)[C@@H]1NC(=O)[C@@H](Cc2ccc(OC)cc2)NC(=O)[C@H](CCCCCN(O)C=O)NC(=O)[C@H]2CCCCN2C1=O,7.585026652029182,1
CC[C@@H](C)[C@@H]1NC(=O)[C@@H](Cc2ccc(OC)cc2)NC(=O)[C@H](CCCCCN(O)C=O)NC(=O)[C@H]2CCCN2C1=O,7.173925197299173,1
CC[C@@H](C)n1cc(C)c2c(C(=O)NCc3c(C)cc(C)[nH]c3=O)cc(-c3ccc(N4CCN(c5ncc(C(=O)NO)cn5)CC4)nc3)cc21,5.818156412055227,2
CC[C@@H](NC(=O)c1nn(-c2ccccc2)nc1N)c1ccc(C(=O)NO)cc1,7.3979400086720375,2
CC[C@@H](NC(=O)c1nn(-c2ccccc2)nc1N)c1ccc(C(=O)Nc2ccccc2N)cc1,6.673664139071249,2
CC[C@@H](Nc1ncc(-c2noc(C(F)(F)F)n2)cn1)c1ccccc1,5.769551078621726,1
CC[C@@H]1OC(=O)[C@@H](C)[C@H](O[C@@H]2C[C@](C)(OC)[C@@](O)(CN(C)C)[C@@H](C)O2)[C@H](C)[C@H](O[C@@H]2O[C@H](C)C[C@H](N(C)Cc3ccc(-c4cn(CCCCCC(=O)NO)nn4)cc3)[C@H]2O)[C@@](C)(OC)C[C@H](C)C(=O)[C@@H](C)[C@@H](O)[C@@]1(C)O,6.6968039425795105,2
CC[C@@H]1OC(=O)[C@@H](C)[C@H](O[C@@H]2C[C@](C)(OC)[C@@](O)(CN(C)C)[C@@H](C)O2)[C@H](C)[C@H](O[C@@H]2O[C@H](C)C[C@H](N(C)Cc3ccc(-c4cn(CCCCCCC(=O)NO)nn4)cc3)[C@H]2O)[C@@](C)(OC)C[C@H](C)C(=O)[C@@H](C)[C@@H](O)[C@@]1(C)O,7.479520913307896,2
CC[C@@H]1OC(=O)[C@@H](C)[C@H](O[C@H]2C[C@@](C)(OC)[C@@H](O)[C@H](C)O2)[C@@H](C)[C@H](O[C@H]2O[C@@H](C)C[C@@H](N(C)C)[C@@H]2O)[C@](C)(O)C[C@H](C)CN(Cc2ccc(-c3cn(CCCCC(=O)NO)nn3)cc2)[C@H](C)[C@H](O)[C@@]1(C)O,5.5934598195660445,2
CC[C@@H]1OC(=O)[C@@H](C)[C@H](O[C@H]2C[C@@](C)(OC)[C@@H](O)[C@H](C)O2)[C@@H](C)[C@H](O[C@H]2O[C@@H](C)C[C@@H](N(C)C)[C@@H]2O)[C@](C)(O)C[C@H](C)CN(Cc2ccc(-c3cn(CCCCCCC(=O)NO)nn3)cc2)[C@H](C)[C@H](O)[C@@]1(C)O,7.7945270706561125,2
CC[C@@H]1OC(=O)[C@@H](C)[C@H](O[C@H]2C[C@@](C)(OC)[C@@H](O)[C@H](C)O2)[C@H](C)[C@H](O[C@@H]2O[C@H](C)C[C@H](N(C)Cc3ccc(-c4cn(CCCCC(=O)NO)nn4)cc3)[C@H]2O)[C@@](C)(OC)C[C@H](C)C(=O)[C@@H](C)[C@@H](O)[C@@]1(C)O,5.3124710387853655,2
CC[C@@H]1OC(=O)[C@@H](C)[C@H](O[C@H]2C[C@@](C)(OC)[C@@H](O)[C@H](C)O2)[C@H](C)[C@H](O[C@@H]2O[C@H](C)C[C@H](N(C)Cc3ccc(-c4cn(CCCCCCC(=O)NO)nn4)cc3)[C@H]2O)[C@@](C)(OC)C[C@H](C)C(=O)[C@@H](C)[C@@H](O)[C@@]1(C)O,6.684029654543082,2
CC[C@@H]1OC(=O)[C@@H](C)[C@H](O[C@H]2C[C@@](C)(OC)[C@](O)(CN(C)Cc3ccc(-c4cn(CCCCC(=O)NO)nn4)cc3)[C@H](C)O2)[C@H](C)[C@H](O[C@@H]2O[C@H](C)C[C@H](N(C)C)[C@H]2O)[C@@](C)(OC)C[C@H](C)C(=O)[C@@H](C)[C@@H](O)[C@@]1(C)O,5.432973633840939,2
CC[C@@H]1OC(=O)[C@@H](C)[C@H](O[C@H]2C[C@@](C)(OC)[C@](O)(CN(C)Cc3ccc(-c4cn(CCCCCCC(=O)NO)nn4)cc3)[C@H](C)O2)[C@H](C)[C@H](O[C@@H]2O[C@H](C)C[C@H](N(C)C)[C@H]2O)[C@@](C)(OC)C[C@H](C)C(=O)[C@@H](C)[C@@H](O)[C@@]1(C)O,7.620695428670128,2
CC[C@@H]1OC(=O)[C@H](C)[C@@H](O[C@@H]2C[C@](C)(OC)[C@@](O)(CN(C)Cc3ccc(-c4cn(CCCCCC(=O)NO)nn4)cc3)[C@@H](C)O2)[C@@H](C)[C@@H](O[C@@H]2O[C@H](C)C[C@H](N(C)C)[C@H]2O)[C@](C)(O)C[C@@H](C)CN(C)[C@H](C)[C@@H](O)[C@]1(C)O,6.692503962086787,2
CC[C@@H]1OC(=O)[C@H](C)[C@@H](O[C@@H]2C[C@](C)(OC)[C@H](O)[C@@H](C)O2)[C@@H](C)[C@@H](O[C@@H]2O[C@H](C)C[C@H](N(C)Cc3ccc(-c4cn(CCCCC(=O)NO)nn4)cc3)[C@H]2O)[C@](C)(O)C[C@@H](C)CN(C)[C@H](C)[C@@H](O)[C@]1(C)O,5.782516055786093,2
CC[C@@H]1OC(=O)[C@H](C)[C@@H](O[C@@H]2C[C@](C)(OC)[C@H](O)[C@@H](C)O2)[C@@H](C)[C@@H](O[C@@H]2O[C@H](C)C[C@H](N(C)Cc3cccc(-c4cn(CCCCCC(=O)NO)nn4)c3)[C@H]2O)[C@](C)(O)C[C@@H](C)CN(C)[C@H](C)[C@@H](O)[C@]1(C)O,6.962573502059376,2
CC[C@@H]1OC(=O)[C@H](C)[C@@H](O[C@@H]2C[C@](C)(OC)[C@H](O)[C@@H](C)O2)[C@@H](C)[C@@H](O[C@@H]2O[C@H](C)C[C@H](N(C)Cc3cccc(-c4cn(CCCCCCC(=O)NO)nn4)c3)[C@H]2O)[C@](C)(O)C[C@@H](C)CN(C)[C@H](C)[C@@H](O)[C@]1(C)O,6.995678626217357,2
CC[C@@H]1OC(=O)[C@H](C)[C@@H](O[C@@H]2C[C@](C)(OC)[C@H](O)[C@@H](C)O2)[C@@H](C)[C@@H](O[C@@H]2O[C@H](C)C[C@H](N(C)Cc3ccccc3-c3cn(CCCCCC(=O)NO)nn3)[C@H]2O)[C@](C)(O)C[C@@H](C)CN(C)[C@H](C)[C@@H](O)[C@]1(C)O,6.212539525481585,2
CC[C@@H]1OC(=O)[C@H](C)[C@@H](O[C@@H]2C[C@](C)(OC)[C@H](O)[C@@H](C)O2)[C@@H](C)[C@@H](O[C@@H]2O[C@H](C)C[C@H](N(C)Cc3ccccc3-c3cn(CCCCCCC(=O)NO)nn3)[C@H]2O)[C@](C)(O)C[C@@H](C)CN(C)[C@H](C)[C@@H](O)[C@]1(C)O,6.0347982989740885,2
CC[C@@H]1OC(=O)[C@H](C)[C@@H](O[C@H]2C[C@@](C)(OC)[C@](O)(CN(C)C)[C@H](C)O2)[C@@H](C)[C@@H](O[C@@H]2O[C@H](C)C[C@H](N(C)Cc3ccc(-c4cn(CCCCCC(=O)NO)nn4)cc3)[C@H]2O)[C@](C)(O)C[C@@H](C)CN(C)[C@H](C)[C@@H](O)[C@]1(C)O,6.795880017344075,2
CC[C@@]1(O)C(=O)OCc2c1cc1n(c2=O)Cc2c-1nc1ccc(O)cc1c2/C=N/OCCCCCC(=O)NCCSSCCNC(=O)/C(Cc1ccc(O)c(Br)c1)=N\O,6.5977394690213185,2
CC[C@@]1(O)C(=O)OCc2c1cc1n(c2=O)Cc2c-1nc1ccccc1c2/C=N/OCCCCCC(=O)NCCSSCCNC(=O)/C(Cc1ccc(O)c(Br)c1)=N\O,6.823908740944319,2
CC[C@@]1(O)C(=O)OCc2c1cc1n(c2=O)Cc2c-1nc1ccccc1c2/C=N\OCCCCCCC(=O)NO,8.279014255846262,1
CC[C@@]1(O)C(=O)OCc2c1cc1n(c2=O)Cc2c-1nc1ccccc1c2C=NOCCCCCCC(=O)NO,8.275724130399212,1
CC[C@@]1(O)C(=O)OCc2c1cc1n(c2=O)Cc2cc3cc(OCc4cn(CCCCC(=O)NO)nn4)ccc3nc2-1,6.903738724817866,3
CC[C@@]1(O)C(=O)OCc2c1cc1n(c2=O)Cc2cc3cc(OCc4cn(CCCCCC(=O)NO)nn4)ccc3nc2-1,6.950007143079858,1
CC[C@@]1(O)C(=O)OCc2c1cc1n(c2=O)Cc2cc3cc(OCc4cn(CCCCCCC(=O)NO)nn4)ccc3nc2-1,7.371286745432317,3
CC[C@@]1(O)C(=O)OCc2c1cc1n(c2=O)Cc2cc3ccccc3nc2-1,7.301029995663981,1
CC[C@H](C(=O)Nc1ccc(C(=O)NO)cc1)c1ccccc1,7.468521082957745,1
CC[C@H](C(=O)Nc1ccc(C(=O)Nc2ccc(F)cc2N)cc1)c1ccccc1,5.6020599913279625,2
CC[C@H](C(=O)Nc1ccc(C(=O)Nc2ccc(F)cc2N)nc1)c1ccccc1,6.214670164989233,2
CC[C@H](C(=O)Nc1ccc2cc(C(=O)NO)sc2c1)c1ccccc1,7.698970004336019,2
CC[C@H](C)C(=O)O[C@H]1C[C@@H](C)C=C2C=C[C@H](C)[C@H](CC[C@@H](O)C[C@@H](O)CC(=O)NO)[C@H]21,7.187755818743275,2
CC[C@H](C)C(=O)O[C@H]1C[C@@H](C)C=C2C=C[C@H](C)[C@H](CC[C@@H]3C[C@@H](O)CC(=O)O3)[C@H]21,4.930598693576355,4
CC[C@H](C)C1NC(=O)C(Cc2cn(OC)c3ccccc23)NC(=O)[C@H](CCCCC(=O)C(C)O)NC(=O)[C@H]2CCCCN2C1=O,9.522878745280337,1
CC[C@H](C)[C@@H](CN1Cc2cc(OCC(=O)NO)ccc2C[C@H]1C(=O)Nc1ccc(OC)cc1)NC(=O)CC(C)(C)C,6.527243550682788,1
CC[C@H](C)[C@@H](CN1Cc2cc(OCC(=O)NO)ccc2C[C@H]1C(=O)Nc1ccc(OC)cc1)NC(=O)OC(C)(C)C,6.349692476868063,1
CC[C@H](C)[C@@H]1NC(=O)C(C)(C)NC(=O)[C@H](CCCCCSSc2ccccn2)NC(=O)[C@H]2CCCN2C1=O,7.42021640338319,2
CC[C@H](C)[C@@H]1NC(=O)[C@@H](Cc2ccc(OC)cc2)NC(=O)[C@H](CCCCCC(=O)C(F)(F)C(F)(F)F)NC(=O)[C@H]2CCCN2C1=O,6.070581074285707,1
CC[C@H](C)[C@@H]1NC(=O)[C@@H](Cc2ccc(OC)cc2)NC(=O)[C@H](CCCCCC(=O)C(F)(F)F)NC(=O)[C@H]2CCCN2C1=O,6.136677139879544,1
CC[C@H](C)[C@@H]1NC(=O)[C@@H](Cc2ccc(OC)cc2)NC(=O)[C@H](CCCCCC(=O)NO)NC(=O)[C@H]2CCCN2C1=O,9.397940008672037,2
CC[C@H](C)[C@@H]1NC(=O)[C@@H](Cc2ccc(OC)cc2)NC(=O)[C@H](CCCCSCC(=O)C(F)(F)F)NC(=O)[C@H]2CCCN2C1=O,7.3979400086720375,1
CC[C@H](C)[C@@H]1NC(=O)[C@H](Cc2cn(OC)c3ccccc23)NC(=O)[C@H](CCCCC(=O)O)NC(=O)[C@H]2CCCCN2CC1=O,6.549750891680639,1
CC[C@H](C)[C@@H]1NC(=O)[C@H](Cc2cn(OC)c3ccccc23)NC(=O)[C@H](CCCCC(=O)OC)NC(=O)[C@H]2CCCCN2C1=O,7.130768280269024,1
CC[C@H](C)[C@@H]1NC(=O)[C@H](Cc2cn(OC)c3ccccc23)NC(=O)[C@H](CCCCC(=O)OC)NC(=O)[C@H]2CCCCN2CC1=O,7.130768280269024,1
CC[C@H](C)[C@@H]1NC(=O)[C@H](Cc2cn(OC)c3ccccc23)NC(=O)[C@H](CCCCCC(=O)C(C)=O)NC(=O)[C@H]2CCCCN2CC1=O,7.522878745280337,1
CC[C@H](C)[C@@H]1NC(=O)[C@H](Cc2cn(OC)c3ccccc23)NC(=O)[C@H](CCCCCC(=O)C(C)C)NC(=O)[C@H]2CCCCN2CC1=O,6.628932137728263,1
CC[C@H](C)[C@@H]1NC(=O)[C@H](Cc2cn(OC)c3ccccc23)NC(=O)[C@H](CCCCCC(=O)C(C)F)NC(=O)[C@H]2CCCCN2C1=O,9.0,1
CC[C@H](C)[C@@H]1NC(=O)[C@H](Cc2cn(OC)c3ccccc23)NC(=O)[C@H](CCCCCC(=O)C(C)F)NC(=O)[C@H]2CCCCN2CC1=O,9.0,1
CC[C@H](C)[C@@H]1NC(=O)[C@H](Cc2cn(OC)c3ccccc23)NC(=O)[C@H](CCCCCC(=O)C(C)O)NC(=O)[C@H]2CCCCN2C1=O,9.522878745280337,1
CC[C@H](C)[C@@H]1NC(=O)[C@H](Cc2cn(OC)c3ccccc23)NC(=O)[C@H](CCCCCC(=O)C(C)O)NC(=O)[C@H]2CCCCN2CC1=O,9.522878745280337,1
CC[C@H](C)[C@@H]1NC(=O)[C@H](Cc2cn(OC)c3ccccc23)NC(=O)[C@H](CCCCCC(=O)NO)NC(=O)[C@H]2CCCCN2C1=O,9.698970004336019,1
CC[C@H](C)[C@@H]1NC(=O)[C@H](Cc2cn(OC)c3ccccc23)NC(=O)[C@H](CCCCCC(=O)NO)NC(=O)[C@H]2CCCCN2CC1=O,9.698970004336019,1
CC[C@H](C)[C@@H]1NC(=O)[C@H](Cc2cn(OC)c3ccccc23)NC(=O)[C@H](CCCCCC(=O)O)NC(=O)[C@H]2CCCCN2C1=O,7.823908740944319,1
CC[C@H](C)[C@@H]1NC(=O)[C@H](Cc2cn(OC)c3ccccc23)NC(=O)[C@H](CCCCCC(=O)O)NC(=O)[C@H]2CCCCN2CC1=O,7.823908740944319,1
CC[C@H](C)[C@@H]1NC(=O)[C@H](Cc2cn(OC)c3ccccc23)NC(=O)[C@H](CCCCCC(=O)OC)NC(=O)[C@H]2CCCCN2C1=O,9.397940008672037,1
CC[C@H](C)[C@@H]1NC(=O)[C@H](Cc2cn(OC)c3ccccc23)NC(=O)[C@H](CCCCCC(=O)OC)NC(=O)[C@H]2CCCCN2CC1=O,9.397940008672037,1
CC[C@H](C)[C@@H]1NC(=O)[C@H](Cc2cn(OC)c3ccccc23)NC(=O)[C@H](CCCCCC(=O)c2ccccc2)NC(=O)[C@H]2CCCCN2CC1=O,6.154901959985743,1
CC[C@H](C)[C@@H]1NC(=O)[C@H](Cc2cn(OC)c3ccccc23)NC(=O)[C@H](CCCCCC(C)=O)NC(=O)[C@H]2CCCCN2CC1=O,8.698970004336019,1
CC[C@H](C)[C@@H]1NC(=O)[C@H](Cc2cn(OC)c3ccccc23)NC(=O)[C@H](CCCCCC2(CC)CO2)NC(=O)[C@H]2CCCCN2CC1=O,7.221848749616356,1
CC[C@H](C)[C@@H]1NC(=O)[C@H](Cc2cn(OC)c3ccccc23)NC(=O)[C@H](CCCCCC=O)NC(=O)[C@H]2CCCCN2CC1=O,8.221848749616356,1
CC[C@H](C)[C@@H]1NC(=O)[C@H](Cc2cn(OC)c3ccccc23)NC(=O)[C@H](CCCCCCC(=O)O)NC(=O)[C@H]2CCCCN2CC1=O,6.071604147743287,1
CC[C@H](C)[C@@H]1NC(=O)[C@H](Cc2cn(OC)c3ccccc23)NC(=O)[C@H](CCCCCCC(=O)OC)NC(=O)[C@H]2CCCCN2C1=O,8.154901959985743,1
CC[C@H](C)[C@@H]1NC(=O)[C@H](Cc2cn(OC)c3ccccc23)NC(=O)[C@H](CCCCCCC(=O)OC)NC(=O)[C@H]2CCCCN2CC1=O,8.154901959985743,1
CC[C@H](C)[C@@H]1NC(=O)[C@H](Cc2cn(OC)c3ccccc23)NC(=O)[C@H](CCCCCP(=O)(OC)OC)NC(=O)[C@H]2CCCCN2CC1=O,6.346787486224656,1
CC[C@H](C)[C@@H]1NC(=O)[C@H](Cc2cn(OC)c3ccccc23)NC(=O)[C@H](CCCCCP(=O)([O-])O)NC(=O)[C@H]2CCCCN2CC1=O.[K+],6.7447274948966935,1
CC[C@H](C)[C@@H]1NC(=O)[C@H](Cc2cn(OC)c3ccccc23)NC(=O)[C@H](CCCCCSC(C)=O)NC(=O)[C@H]2CCCCN2CC1=O,8.522878745280337,1
CC[C@H](C)[C@@H]1NC(=O)[C@H](Cc2cn(OC)c3ccccc23)NC(=O)[C@H](CCCCCSC)NC(=O)[C@H]2CCCCN2CC1=O,6.486782399932061,1
CC[C@H](C)[C@@H]1NC(=O)[C@H](Cc2cn(OC)c3ccccc23)NC(=O)[C@H](CCCCNC(C)=O)NC(=O)[C@H]2CCCCN2CC1=O,5.698970004336019,1
CC[C@H](C)[C@@H]1NC(=O)[C@H](Cc2cn(OC)c3ccccc23)NC(=O)[C@H](CCCCSC(C)=O)NC(=O)[C@H]2CCCCN2CC1=O,6.958607314841775,1
CC[C@H](C)[C@H](NC(=O)C1CCN(C(=O)OC(C)(C)C)CC1)C(=O)N1Cc2cc(OCC(=O)NO)ccc2C[C@H]1C(=O)Nc1ccc(OC)cc1,6.669586226650809,1
CC[C@H](C)[C@H](NC(=O)C1CCNCC1)C(=O)N1Cc2cc(OCC(=O)NO)ccc2C[C@H]1C(=O)Nc1ccc(OC)cc1.Cl,7.1487416512809245,1
CC[C@H](C)[C@H](NC(=O)CC(C)(C)C)C(=O)N1Cc2cc(OCC(=O)NO)ccc2C[C@H]1C(=O)Nc1ccc(OC)cc1,7.2839966563652006,1
CC[C@H](C)[C@H](NC(=O)OC(C)(C)C)C(=O)N1Cc2cc(OCC(=O)NO)ccc2C[C@H]1C(=O)Nc1ccc(OC)cc1,7.236572006437063,1
CC[C@H](C)[C@H](NC(=O)OC(C)(C)C)C(=O)N[C@H](COc1ccc(/C=C/C(=O)NO)cc1OC)Cc1c[nH]c2ccccc12,6.42021640338319,1
CC[C@H](C)[C@H](NC(=O)[C@@H](N)C(C)C)C(=O)N1Cc2cc(OCC(=O)NO)ccc2C[C@H]1C(=O)Nc1ccc(OC)cc1.Cl,7.136677139879544,1
CC[C@H](C)[C@H](NC(=O)[C@@H](NC(=O)OC(C)(C)C)C(C)C)C(=O)N1Cc2cc(OCC(=O)NO)ccc2C[C@H]1C(=O)Nc1ccc(OC)cc1,6.892790030352131,1
CC[C@H](C)[C@H](NC(=O)[C@@H]1CCCN1)C(=O)N1Cc2cc(OCC(=O)NO)ccc2C[C@H]1C(=O)Nc1ccc(OC)cc1.Cl,6.96657624451305,1
CC[C@H](C)[C@H](NC(=O)[C@@H]1CCCN1C(=O)OC(C)(C)C)C(=O)N1Cc2cc(OCC(=O)NO)ccc2C[C@H]1C(=O)Nc1ccc(OC)cc1,7.187086643357144,1
CC[C@H](C)[C@H]1CC(=O)NCC(=O)N[C@@H](CCCCCC(=O)O)C(=O)N[C@@H](Cc2cc3ccccc3[nH]2)C(=O)N1,6.522878745280337,1
CC[C@H](C)[C@H]1CC(=O)NCC(=O)N[C@@H](CCCCCC(N)=O)C(=O)N[C@@H](Cc2cc3ccccc3[nH]2)C(=O)N1,5.568636235841012,1
CC[C@H](C)[C@H]1NC(=O)[C@@H](CS)NC(=O)[C@@H](CCSC)NC(=O)C[C@@H](/C=C/CCS)OC(=O)C[C@@H]1O,7.853871964321762,1
CC[C@H](C)[C@H]1NC(=O)[C@H]2CSSCC/C=C/[C@H](CC(=O)N[C@H](CCS(C)=O)C(=O)N2)OC(=O)C[C@@H]1O,9.031517051446064,2
CC[C@H](C)[C@H]1NC(=O)[C@H]2CSSCC/C=C/[C@H](CC(=O)N[C@H](CCSC)C(=O)N2)OC(=O)C[C@@H]1O,8.307655668480965,4
CC[C@H](NC(=O)C1CN(C)C1)c1ncc(-c2cc3ccccc3nc2OC)[nH]1,4.638272163982407,2
CC[C@H](NC(=O)c1nn(-c2ccccc2)nc1N)c1ccc(C(=O)NO)cc1,8.065501548756432,2
CC[C@H](NC(=O)c1nn(-c2ccccc2)nc1N)c1ccc(C(=O)Nc2ccccc2N)cc1,7.431798275933005,2
CC[C@H](Nc1nc(N)nc(N)c1C#N)c1nc2cccc(Cl)c2c(=O)n1Cc1ccc(C(=O)NO)s1,6.703334809738469,2
CC[C@H](Nc1ncnc2[nH]cnc12)c1nc(CCCCC(=O)NO)c2ccccc2n1,5.233141188978582,1
CC[C@H](Nc1ncnc2[nH]cnc12)c1nc(CCCCCC(=O)NO)c2ccccc2n1,5.268411234813261,1
CC[C@H](Nc1ncnc2[nH]cnc12)c1nc2cccc(CCCCC(=O)NO)c2c(=O)n1-c1ccccc1,6.367542707815275,1
CC[C@H](Nc1ncnc2[nH]cnc12)c1nc2cccc(CCCCCC(=O)NO)c2c(=O)n1-c1ccccc1,6.411168274405792,1
CC[C@H](Nc1ncnc2[nH]cnc12)c1nc2cccc(CNC(=O)c3ccc(C(=O)NO)cc3)c2c(=O)n1-c1ccccc1,5.073966403321156,1
CC[C@H](Nc1ncnc2[nH]cnc12)c1nc2cccc(CNc3ncc(C(=O)NO)cn3)c2c(=O)n1-c1ccccc1,4.1683221508085335,1
CC[C@H](Nc1ncnc2[nH]cnc12)c1nc2cccc(F)c2c(=O)n1CCCCCC(=O)NO,7.070581074285707,1
CC[C@H](Nc1ncnc2[nH]cnc12)c1nc2cccc(F)c2c(=O)n1Cc1ccc(C(=O)NO)cc1,6.61261017366127,1
CC[C@H](Nc1ncnc2[nH]cnc12)c1nc2cccc(NCCCC(=O)NO)c2c(=O)n1-c1ccccc1,5.80271944187438,1
CC[C@H](Nc1ncnc2[nH]cnc12)c1nc2cccc(NCc3ccc(C(=O)NO)cc3)c2c(=O)n1-c1ccccc1,5.4061603389187285,1
CC[C@H](Nc1ncnc2[nH]cnc12)c1nc2cccc(NCc3ccc(C(=O)NO)cn3)c2c(=O)n1-c1ccccc1,5.217026005055952,1
CC[C@H](Nc1ncnc2nc[nH]c12)c1nc(CCCCC(=O)NO)c2ccccc2n1,5.233141188978582,1
CC[C@H](Nc1ncnc2nc[nH]c12)c1nc(CCCCCC(=O)NO)c2ccccc2n1,5.268411234813261,1
CC[C@H](Nc1ncnc2nc[nH]c12)c1nc2cccc(CCCCC(=O)NO)c2c(=O)n1-c1ccccc1,6.367542707815275,1
CC[C@H](Nc1ncnc2nc[nH]c12)c1nc2cccc(CCCCCC(=O)NO)c2c(=O)n1-c1ccccc1,6.411168274405792,1
CC[C@H](Nc1ncnc2nc[nH]c12)c1nc2cccc(CNC(=O)c3ccc(C(=O)NO)cc3)c2c(=O)n1-c1ccccc1,5.073966403321156,1
CC[C@H](Nc1ncnc2nc[nH]c12)c1nc2cccc(CNc3ncc(C(=O)NO)cn3)c2c(=O)n1-c1ccccc1,4.1683221508085335,1
CC[C@H](Nc1ncnc2nc[nH]c12)c1nc2cccc(F)c2c(=O)n1CCCCCC(=O)NO,7.070581074285707,1
CC[C@H](Nc1ncnc2nc[nH]c12)c1nc2cccc(F)c2c(=O)n1Cc1ccc(C(=O)NO)cc1,6.61261017366127,1
CC[C@H](Nc1ncnc2nc[nH]c12)c1nc2cccc(NCCCC(=O)NO)c2c(=O)n1-c1ccccc1,5.80271944187438,1
CC[C@H](Nc1ncnc2nc[nH]c12)c1nc2cccc(NCc3ccc(C(=O)NO)cc3)c2c(=O)n1-c1ccccc1,5.4061603389187285,1
CC[C@H](Nc1ncnc2nc[nH]c12)c1nc2cccc(NCc3ccc(C(=O)NO)cn3)c2c(=O)n1-c1ccccc1,5.217026005055952,1
CC[C@H]1OC(=O)[C@@H](C)[C@H](O[C@H]2C[C@@](C)(OC)[C@@H](O)[C@H](C)O2)[C@H](C)[C@H](O[C@H]2O[C@@H](C)C[C@@H](N(C)Cc3ccc(-c4cn(CCCCCC(=O)NO)nn4)cc3)[C@@H]2O)[C@@](C)(O)C[C@H](C)CN(C)[C@@H](C)[C@H](O)[C@@]1(C)O,6.500312917381596,2
CC[C@H]1OC(=O)[C@@H](C)[C@H](O[C@H]2C[C@@](C)(OC)[C@@H](O)[C@H](C)O2)[C@H](C)[C@H](O[C@H]2O[C@@H](C)C[C@@H](N(C)Cc3ccc(-c4cn(CCCCCCC(=O)NO)nn4)cc3)[C@@H]2O)[C@@](C)(O)C[C@H](C)CN(C)[C@@H](C)[C@H](O)[C@@]1(C)O,7.162413396777996,2
CC[C@H]1OC(=O)[C@@H](C)[C@H](O[C@H]2C[C@@](C)(OC)[C@](O)(CN(C)C)[C@H](C)O2)[C@H](C)[C@H](O[C@H]2O[C@@H](C)C[C@@H](N(C)Cc3ccc(-c4cn(CCCCCCC(=O)NO)nn4)cc3)[C@@H]2O)[C@@](C)(O)C[C@H](C)CN(C)[C@@H](C)[C@H](O)[C@@]1(C)O,7.098271442175793,2
CC[C@H]1OC(=O)[C@@H](C)[C@H](O[C@H]2C[C@@](C)(OC)[C@](O)(CN(C)Cc3ccc(-c4cn(CCCCC(=O)NO)nn4)cc3)[C@H](C)O2)[C@H](C)[C@H](O[C@H]2O[C@@H](C)C[C@@H](N(C)C)[C@@H]2O)[C@@](C)(O)C[C@H](C)CN(C)[C@@H](C)[C@H](O)[C@@]1(C)O,6.274905478918531,2
CC[C@H]1OC(=O)[C@@H](C)[C@H](O[C@H]2C[C@@](C)(OC)[C@](O)(CN(C)Cc3ccc(-c4cn(CCCCCCC(=O)NO)nn4)cc3)[C@H](C)O2)[C@H](C)[C@H](O[C@H]2O[C@@H](C)C[C@@H](N(C)C)[C@@H]2O)[C@@](C)(O)C[C@H](C)CN(C)[C@@H](C)[C@H](O)[C@@]1(C)O,7.299299729609228,2
CC[C@H]1OC(=O)[C@H](C)C(=O)[C@H](C)[C@@H](O[C@@H]2O[C@H](C)C[C@H](N(C)Cc3ccc(-c4cn(CCCCC(=O)NO)nn4)cc3)[C@H]2O)[C@@](C)(OC)C[C@@H](C)C2=NCCN3C(=O)O[C@@]1(C)[C@H]3[C@H]2C,6.570247719997592,2
CC[C@H]1OC(=O)[C@H](C)C(=O)[C@H](C)[C@@H](O[C@@H]2O[C@H](C)C[C@H](N(C)Cc3ccc(-c4cn(CCCCCC(=O)NO)nn4)cc3)[C@H]2O)[C@@](C)(OC)C[C@@H](C)C2=NCCN3C(=O)O[C@@]1(C)[C@H]3[C@H]2C,7.136379881460842,2
CC[C@H]1OC(=O)[C@H](C)C(=O)[C@H](C)[C@@H](O[C@@H]2O[C@H](C)C[C@H](N(C)Cc3ccc(-c4cn(CCCCCC(=O)NO)nn4)cc3)[C@H]2O)[C@](C)(OC)C[C@@H](C)C2=NCCN3C(=O)O[C@@]1(C)[C@H]3[C@H]2C,8.109578981199085,1
CC[C@H]1OC(=O)[C@H](C)C(=O)[C@H](C)[C@@H](O[C@@H]2O[C@H](C)C[C@H](N(C)Cc3ccc(-c4cn(CCCCCCC(=O)NO)nn4)cc3)[C@H]2O)[C@@](C)(OC)C[C@@H](C)C2=NCCN3C(=O)O[C@@]1(C)[C@H]3[C@H]2C,7.679858685151659,2
CC[C@H]1OC(=O)[C@H](C)C(=O)[C@H](C)[C@@H](O[C@@H]2O[C@H](C)C[C@H](N(C)Cc3ccc(-c4cn(CCCCCCC(=O)NO)nn4)cc3)[C@H]2O)[C@](C)(OC)C[C@@H](C)C2=NCCN3C(=O)O[C@@]1(C)[C@H]3[C@H]2C,8.987162775294827,1
CC[C@H]1OC(=O)[C@H](C)C(=O)[C@H](C)[C@@H](O[C@@H]2O[C@H](C)C[C@H](N(C)Cc3ccc(-c4cn(CCCCCCCC(=O)NO)nn4)cc3)[C@H]2O)[C@](C)(OC)C[C@@H](C)C2=NCCN3C(=O)O[C@@]1(C)[C@H]3[C@H]2C,6.9821322810364945,1
CC[C@H]1OC(=O)[C@H](C)C(=O)[C@H](C)[C@@H](O[C@@H]2O[C@H](C)C[C@H](N(C)Cc3ccc(-c4cn(CCCCCCCCC(=O)NO)nn4)cc3)[C@H]2O)[C@](C)(OC)C[C@@H](C)C2=NCCN3C(=O)O[C@@]1(C)[C@H]3[C@H]2C,6.786216700664696,1
CC[C@H]1OC(=O)[C@H](C)C(=O)[C@H](C)[C@@H](O[C@@H]2O[C@H](C)C[C@H](N(C)Cc3ccc(-c4cn(CCCCCCCCCC(=O)NO)nn4)cc3)[C@H]2O)[C@](C)(OC)C[C@@H](C)C2=NCCN3C(=O)O[C@@]1(C)[C@H]3[C@H]2C,6.681519274825483,1
CC[C@H]1OC(=O)[C@H](C)C(=O)[C@H](C)[C@@H](O[C@@H]2O[C@H](C)C[C@H](N(C)Cc3cccc(-c4cn(CCCCCC(=O)NO)nn4)c3)[C@H]2O)[C@@](C)(OC)C[C@@H](C)C2=NCCN3C(=O)O[C@@]1(C)[C@H]3[C@H]2C,6.962573502059376,2
CC[C@H]1OC(=O)[C@H](C)C(=O)[C@H](C)[C@@H](O[C@@H]2O[C@H](C)C[C@H](N(C)Cc3cccc(-c4cn(CCCCCCC(=O)NO)nn4)c3)[C@H]2O)[C@@](C)(OC)C[C@@H](C)C2=NCCN3C(=O)O[C@@]1(C)[C@H]3[C@H]2C,7.261620404114557,2
CC[C@H]1OC(=O)[C@H](C)[C@@H](O)[C@H](C)[C@@H](O[C@@H]2O[C@H](C)C[C@H](N(C)Cc3ccc(-c4cn(CCCCCC(=O)NO)nn4)cc3)[C@H]2O)[C@](C)(O)C[C@@H](C)CN(C)[C@H](C)[C@@H](O)[C@]1(C)O,7.051587034221399,2
CC[C@H]1OC(=O)[C@H](C)[C@@H](O)[C@H](C)[C@@H](O[C@@H]2O[C@H](C)C[C@H](N(C)Cc3ccc(-c4cn(CCCCCC(=O)NO)nn4)cc3)[C@H]2O)[C@](C)(OC)C[C@@H](C)C(=O)[C@H](C)[C@@H](O)[C@]1(C)O,7.35359627377693,2
CC[C@H]1OC(=O)[C@H](C)[C@@H](O)[C@H](C)[C@@H](O[C@@H]2O[C@H](C)C[C@H](N(C)Cc3ccc(-c4cn(CCCCCCC(=O)NO)nn4)cc3)[C@H]2O)[C@](C)(O)C[C@@H](C)CN(C)[C@H](C)[C@@H](O)[C@]1(C)O,7.97469413473523,2
CC[C@H]1OC(=O)[C@H](C)[C@@H](O)[C@H](C)[C@@H](O[C@@H]2O[C@H](C)C[C@H](N(C)Cc3ccc(-c4cn(CCCCCCC(=O)NO)nn4)cc3)[C@H]2O)[C@](C)(OC)C[C@@H](C)C(=O)[C@H](C)[C@@H](O)[C@]1(C)O,8.721246399047171,3
CC[C@H]1OC(=O)[C@H](C)[C@@H](O)[C@H](C)[C@@H](O[C@@H]2O[C@H](C)C[C@H](N(C)Cc3ccc(-c4cn(CCCCCCCC(=O)NO)nn4)cc3)[C@H]2O)[C@](C)(O)C[C@@H](C)CN(C)[C@H](C)[C@@H](O)[C@]1(C)O,7.140261433802853,2
CC[C@H]1OC(=O)[C@H](C)[C@@H](O)[C@H](C)[C@@H](O[C@@H]2O[C@H](C)C[C@H](N(C)Cc3ccc(-c4cn(CCCCCCCC(=O)NO)nn4)cc3)[C@H]2O)[C@](C)(OC)C[C@@H](C)C(=O)[C@H](C)[C@@H](O)[C@]1(C)O,6.910094888560602,2
CC[C@H]1OC(=O)[C@H](C)[C@@H](O)[C@H](C)[C@@H](O[C@@H]2O[C@H](C)C[C@H](N(C)Cc3ccc(NC(=O)CCCCCCC(=O)NO)cc3)[C@H]2O)[C@](C)(O)C[C@@H](C)CN(C)[C@H](C)[C@@H](O)[C@]1(C)O,6.959397659885926,2
CC[C@H]1OC(=O)[C@H](C)[C@@H](O[C@@H]2C[C@](C)(OC)[C@@](O)(CN(C)Cc3ccc(-c4cn(CCCCCC(=O)NO)nn4)cc3)[C@@H](C)O2)[C@@H](C)[C@@H](O[C@H]2O[C@@H](C)C[C@@H](N(C)C)[C@@H]2O)[C@](C)(OC)C[C@@H](C)C(=O)[C@H](C)[C@H](O)[C@]1(C)O,6.185752404268079,2
CC[C@H]1OC(=O)[C@H](C)[C@@H](O[C@@H]2C[C@](C)(OC)[C@H](O)[C@@H](C)O2)[C@@H](C)[C@@H](O[C@H]2O[C@@H](C)C[C@@H](N(C)Cc3ccc(-c4cn(CCCC(=O)NO)nn4)cc3)[C@@H]2O)[C@](C)(OC)C[C@@H](C)C(=O)[C@H](C)[C@H](O)[C@]1(C)O,5.003926345514724,2
CC[C@H]1OC(=O)[C@H](C)[C@@H](O[C@@H]2C[C@](C)(OC)[C@H](O)[C@@H](C)O2)[C@@H](C)[C@@H](O[C@H]2O[C@@H](C)C[C@@H](N(C)Cc3ccc(-c4cn(CCCCCC(=O)NO)nn4)cc3)[C@@H]2O)[C@](C)(OC)C[C@@H](C)C(=O)[C@H](C)[C@H](O)[C@]1(C)O,6.273272790973428,2
CC[C@H]1OC(=O)[C@H](C)[C@@H](O[C@@H]2C[C@](C)(OC)[C@H](O)[C@@H](C)O2)[C@H](C)[C@@H](O[C@@H]2O[C@H](C)C[C@H](N(C)C)[C@H]2O)[C@@](C)(O)C[C@@H](C)CN(Cc2ccc(-c3cn(CCCCCC(=O)NO)nn3)cc2)[C@@H](C)[C@@H](O)[C@]1(C)O,6.838631997765026,2
CC[C@H]1OC(=O)[C@H](C)[C@@H](O[C@H]2C[C@@](C)(OC)[C@@H](O)[C@H](C)O2)[C@H](C)[C@@H](O[C@@H]2O[C@H](C)C[C@H](N(C)Cc3ccc(-c4cn(CCCCCC(=O)NO)nn4)cc3)[C@H]2O)[C@](C)(O)C[C@@H](C)CN(C)[C@H](C)[C@@H](O)[C@]1(C)O,7.03810452633215,2
CC[C@H]1OC(=O)[C@H](C)[C@@H](O[C@H]2C[C@@](C)(OC)[C@@H](O)[C@H](C)O2)[C@H](C)[C@@H](O[C@@H]2O[C@H](C)C[C@H](N(C)Cc3ccc(-c4cn(CCCCCC(=O)NO)nn4)cc3)[C@H]2O)[C@](C)(OC)C[C@@H](C)C(=O)[C@H](C)[C@@H](O)[C@]1(C)O,7.431798275933005,2
CC[C@H]1OC(=O)[C@H](C)[C@@H](O[C@H]2C[C@@](C)(OC)[C@@H](O)[C@H](C)O2)[C@H](C)[C@@H](O[C@@H]2O[C@H](C)C[C@H](N(C)Cc3ccc(-c4cn(CCCCCCC(=O)NO)nn4)cc3)[C@H]2O)[C@](C)(O)C[C@@H](C)CN(C)[C@H](C)[C@@H](O)[C@]1(C)O,7.856985199745905,2
CC[C@H]1OC(=O)[C@H](C)[C@@H](O[C@H]2C[C@@](C)(OC)[C@@H](O)[C@H](C)O2)[C@H](C)[C@@H](O[C@@H]2O[C@H](C)C[C@H](N(C)Cc3ccc(-c4cn(CCCCCCC(=O)NO)nn4)cc3)[C@H]2O)[C@](C)(OC)C[C@@H](C)C(=O)[C@H](C)[C@@H](O)[C@]1(C)O,8.387216143280265,3
CC[C@H]1OC(=O)[C@H](C)[C@@H](O[C@H]2C[C@@](C)(OC)[C@@H](O)[C@H](C)O2)[C@H](C)[C@@H](O[C@@H]2O[C@H](C)C[C@H](N(C)Cc3ccc(-c4cn(CCCCCCCC(=O)NO)nn4)cc3)[C@H]2O)[C@](C)(O)C[C@@H](C)CN(C)[C@H](C)[C@@H](O)[C@]1(C)O,7.229884705212898,2
CC[C@H]1OC(=O)[C@H](C)[C@@H](O[C@H]2C[C@@](C)(OC)[C@@H](O)[C@H](C)O2)[C@H](C)[C@@H](O[C@@H]2O[C@H](C)C[C@H](N(C)Cc3ccc(-c4cn(CCCCCCCC(=O)NO)nn4)cc3)[C@H]2O)[C@](C)(OC)C[C@@H](C)C(=O)[C@H](C)[C@@H](O)[C@]1(C)O,7.2549252084179425,2
CC[C@H]1OC(=O)[C@H](C)[C@@H](O[C@H]2C[C@@](C)(OC)[C@@H](O)[C@H](C)O2)[C@H](C)[C@@H](O[C@@H]2O[C@H](C)C[C@H](N(C)Cc3ccc(-c4cn(CCCCCCCCC(=O)NO)nn4)cc3)[C@H]2O)[C@](C)(O)C[C@@H](C)CN(C)[C@H](C)[C@@H](O)[C@]1(C)O,6.8371370066780734,2
CC[C@H]1OC(=O)[C@H](C)[C@@H](O[C@H]2C[C@@](C)(OC)[C@@H](O)[C@H](C)O2)[C@H](C)[C@@H](O[C@@H]2O[C@H](C)C[C@H](N(C)Cc3ccc(-c4cn(CCCCCCCCC(=O)NO)nn4)cc3)[C@H]2O)[C@](C)(OC)C[C@@H](C)C(=O)[C@H](C)[C@@H](O)[C@]1(C)O,6.7700623140920655,2
CC[C@H]1OC(=O)[C@H](C)[C@@H](O[C@H]2C[C@@](C)(OC)[C@@H](O)[C@H](C)O2)[C@H](C)[C@@H](O[C@@H]2O[C@H](C)C[C@H](N(C)Cc3ccc(-c4cn(CCCCCCCCCC(=O)NO)nn4)cc3)[C@H]2O)[C@](C)(O)C[C@@H](C)CN(C)[C@H](C)[C@@H](O)[C@]1(C)O,6.644548479873483,2
CC[C@H]1OC(=O)[C@H](C)[C@@H](O[C@H]2C[C@@](C)(OC)[C@@H](O)[C@H](C)O2)[C@H](C)[C@@H](O[C@@H]2O[C@H](C)C[C@H](N(C)Cc3ccc(-c4cn(CCCCCCCCCC(=O)NO)nn4)cc3)[C@H]2O)[C@](C)(OC)C[C@@H](C)C(=O)[C@H](C)[C@@H](O)[C@]1(C)O,6.65091683122041,2
CC[C@H]1OC(=O)[C@H](C)[C@@H](O[C@H]2C[C@@](C)(OC)[C@@H](O)[C@H](C)O2)[C@H](C)[C@@H](O[C@@H]2O[C@H](C)C[C@H](N(C)Cc3ccc(NC(=O)CCCCCCC(=O)NO)cc3)[C@H]2O)[C@](C)(O)C[C@@H](C)CN(C)[C@H](C)[C@@H](O)[C@]1(C)O,6.970210529168144,2
CC[C@]1(C)NC(=O)[C@H](CCCCCC(=O)[C@@H](C)O)NC(=O)[C@H]2CCCN2C(=O)[C@H](Cc2ccc(O)cc2)NC1=O,7.920818753952375,1
CC[C@]1(C)NC(=O)[C@H](CCCCCC(=O)[C@@H](C)O)NC(=O)[C@H]2CCCN2C(=O)[C@H](Cc2ccccc2)NC1=O,7.657577319177793,1
CC[C@]1(C)NC(=O)[C@H](CCCCCC(=O)[C@@H](C)O)NC(=O)[C@H]2C[C@H](C)CN2C(=O)[C@H](Cc2ccccc2)NC1=O,7.72249702909792,3
CC[C@]1(O)C(=O)OCc2c1cc1n(c2=O)Cc2c-1nc1ccc(O)cc1c2/C=N/OCCCCCC(=O)NO,5.279014255846261,2
CC[N+]1=C(/C=C/C2=C3Oc4cc(O)cc(OCCCCCCCC(=O)NO)c4C=C3CCC2)C(C)(C)c2ccccc21.[I-],6.443697499232712,1
CC[N+]1=C(/C=C/C2=C3Oc4cc(O)cc(OCCCCCCCC(=O)O)c4C=C3CCC2)C(C)(C)c2ccccc21.[I-],5.013676222949234,1
CC[N+]1=C(C=CC2=C3Oc4cc(O)cc(OCCCCCCCC(=O)NO)c4C=C3CCC2)C(C)(C)c2ccccc21,6.443697499232712,1
CC[N+]1=C(C=CC2=C3Oc4cc(O)cc(OCCCCCCCC(=O)O)c4C=C3CCC2)C(C)(C)c2ccccc21,5.013676222949234,1
CCc1c(C#N)c(CN(C)C2CCN(c3ncc(C(=O)NO)cn3)CC2)nc(SC(C(N)=O)c2ccccc2)c1C#N,7.0,1
CCc1c(C#N)c(SC(C(N)=O)c2ccccc2)nc(N(C)C2CCN(c3ncc(C(=O)NO)cn3)CC2)c1C#N,7.042581079684827,3
CCc1c(C#N)c(SC(C(N)=O)c2ccccc2)nc(N(C)CCNCc2ccc(/C=C/C(=O)NO)cc2)c1C#N,6.795880017344075,1
CCc1c(C#N)c(SC(C(N)=O)c2ccccc2)nc(N2CCC(CNCc3ccc(/C=C/C(=O)NO)cc3)CC2)c1C#N,7.154901959985743,1
CCc1c(C#N)c(SC(C(N)=O)c2ccccc2)nc(N2CCC(CNc3ncc(C(=O)NO)cn3)CC2)c1C#N,6.853871964321762,1
CCc1c(C#N)c(SC(C(N)=O)c2ccccc2)nc(N2CCC(NC(=O)CCC(=O)NCc3ccc(C(=O)NO)cc3)CC2)c1C#N,6.638272163982407,1
CCc1c(C#N)c(SC(C(N)=O)c2ccccc2)nc(N2CCC(NC(=O)CCC(=O)Nc3ccc(/C=C/C(=O)NO)cc3)CC2)c1C#N,6.638272163982407,1
CCc1c(C#N)c(SC(C(N)=O)c2ccccc2)nc(N2CCC(NC(=O)CCC(=O)Nc3ccc(C(=O)NO)cc3)CC2)c1C#N,5.886056647693163,1
CCc1c(C#N)c(SC(C(N)=O)c2ccccc2)nc(N2CCC(NC(=O)CCCC(=O)NCc3ccc(C(=O)NO)cc3)CC2)c1C#N,6.481486060122112,1
CCc1c(C#N)c(SC(C(N)=O)c2ccccc2)nc(N2CCC(NC(=O)CCCC(=O)NO)CC2)c1C#N,5.97061622231479,1
CCc1c(C#N)c(SC(C(N)=O)c2ccccc2)nc(N2CCC(NC(=O)CCCC(=O)Nc3ccc(C(=O)NO)cc3)CC2)c1C#N,6.2441251443275085,1
CCc1c(C#N)c(SC(C(N)=O)c2ccccc2)nc(N2CCC(NC(=O)CCCCC(=O)Nc3ccc(C(=O)NO)cc3)CC2)c1C#N,6.552841968657781,1
CCc1c(C#N)c(SC(C(N)=O)c2ccccc2)nc(N2CCC(NC(=O)CCCCCC(=O)NO)CC2)c1C#N,6.6777807052660805,1
CCc1c(C#N)c(SC(C(N)=O)c2ccccc2)nc(N2CCC(NC(=O)CCCCCCC(=O)NO)CC2)c1C#N,6.522878745280337,1
CCc1c(C#N)c(SC(C(N)=O)c2ccccc2)nc(N2CCC(NC(=O)CCCCCCCC(=O)NO)CC2)c1C#N,5.935542010773082,1
CCc1c(C#N)c(SC(C(N)=O)c2ccccc2)nc(N2CCC(NC(=O)c3ccc(C(=O)NO)cc3)CC2)c1C#N,6.060480747381382,1
CCc1c(C#N)c(SC(C(N)=O)c2ccccc2)nc(N2CCC(NCc3ccc(/C=C/C(=O)NO)cc3)CC2)c1C#N,6.886056647693163,1
CCc1c(C#N)c(SC(C(N)=O)c2ccccc2)nc(N2CCC(NCc3ccc(C(=O)NCc4ccc(/C=C/C(=O)NO)cc4)cc3)CC2)c1C#N,7.096910013008056,1
CCc1c(C#N)c(SC(C(N)=O)c2ccccc2)nc(N2CCC(NCc3ccc(C(=O)NCc4ccc(C(=O)NO)cc4)cc3)CC2)c1C#N,6.6020599913279625,1
CCc1c(C#N)c(SC(C(N)=O)c2ccccc2)nc(N2CCC(Nc3ncc(C(=O)NO)cn3)CC2)c1C#N,6.721246399047171,1
CCc1c(C#N)c(SC(C(N)=O)c2ccccc2)nc(N2CCN(Cc3ccc(/C=C/C(=O)NO)cc3)CC2)c1C#N,6.853871964321762,1
CCc1c(C#N)c(SC(C(N)=O)c2ccccc2)nc(N2CCN(c3ncc(C(=O)NO)cn3)CC2)c1C#N,7.221848749616356,1
CCc1c(C#N)c(S[C@@H](C(N)=O)c2ccccc2)nc(N2CCC(CNCc3ccc(/C=C/C(=O)NO)cc3)CC2)c1C#N,7.27463624698144,3
CCc1c(C#N)c(S[C@H](C(N)=O)c2ccccc2)nc(N2CCC(CNCc3ccc(/C=C/C(=O)NO)cc3)CC2)c1C#N,6.886056647693163,1
CCc1c(C(=O)Nc2cc(/C=C/C(=O)NO)ccc2O)[nH]c(C)c1C(C)=O,6.847711655616944,2
CCc1c(C(=O)Nc2cc(/C=C/C(=O)NO)ccc2OC)[nH]c(C)c1C(C)=O,6.747146969020107,2
CCc1c(C(=O)Nc2cc(S(=O)(=O)Nc3cccc(/C=C/C(=O)NO)c3)ccc2OC)[nH]c(C)c1C(C)=O,7.013228265733755,2
CCc1c(C(=O)Nc2cccc(/C=C/C(=O)NO)c2)[nH]c(C)c1C(C)=O,6.903089986991944,2
CCc1c(C(=O)Nc2cccc(CCC(=O)NO)c2)[nH]c(C)c1C(C)=O,6.045757490560675,2
CCc1c(C(=O)Nc2cccc(CCC(=O)Nc3ccccc3N)c2)[nH]c(C)c1C(C)=O,4.549750891680639,2
CCc1c2c(nc3ccc(O)cc13)-c1cc3c(c(=O)n1C2)COC(=O)[C@@]3(CC)OC(=O)CCCCCC(=O)NO,6.958607314841775,2
CCc1c2c(nc3ccc(O)cc13)-c1cc3c(c(=O)n1C2)COC(=O)[C@@]3(CC)OC(=O)CCCCCCC(=O)NO,7.045757490560675,2
CCc1c2c(nc3ccc(O)cc13)-c1cc3c(c(=O)n1C2)COC(=O)[C@@]3(CC)OC(=O)CCCCCCC(=O)O,4.567190994966832,2
CCc1c2c(nc3ccc(O)cc13)-c1cc3c(c(=O)n1C2)COC(=O)[C@@]3(CC)OC(=O)CCCCCCCC(=O)NO,6.013228265733755,2
CCc1c2c(nc3ccc(O)cc13)-c1cc3c(c(=O)n1C2)COC(=O)[C@@]3(CC)OC(=O)CCCCCCCCC(=O)NO,6.1487416512809245,2
CCc1c2c(nc3ccc(O)cc13)-c1cc3c(c(=O)n1C2)COC(=O)[C@@]3(CC)OC(=O)CCCCCCCCCC(=O)NO,5.209011524911184,2
CCc1c2c(nc3ccc(O)cc13)-c1cc3c(c(=O)n1C2)COC(=O)[C@@]3(CC)OC(=O)CCCCCCCCCCC(=O)NO,4.898940645091884,2
CCc1c2c(nc3ccc(O)cc13)-c1cc3c(c(=O)n1C2)COC(=O)[C@@]3(CC)OC(=O)CNC(=O)CCCCCCC(=O)NO,5.707743928643524,2
CCc1c2c(nc3ccc(O)cc13)-c1cc3c(c(=O)n1C2)COC(=O)[C@@]3(CC)OC(=O)CNC(=O)CCCCCCC(=O)O,4.558147824226708,2
CCc1c2c(nc3ccc(OC(=O)N4CCN(C(=O)CCCCCC(=O)NO)CC4)cc13)-c1cc3c(c(=O)n1C2)COC(=O)[C@]3(O)CC,4.865822892423234,2
CCc1c2c(nc3ccc(OC(=O)N4CCN(C(=O)CCCCCCC(=O)NO)CC4)cc13)-c1cc3c(c(=O)n1C2)COC(=O)[C@]3(O)CC,5.2541448048262716,2
CCc1c2c(nc3ccc(OC(=O)N4CCN(C(=O)CCCCCCCC(=O)NO)CC4)cc13)-c1cc3c(c(=O)n1C2)COC(=O)[C@]3(O)CC,4.706195640080663,2
CCc1c2c(nc3ccc(OC(=O)N4CCN(C(=O)CCCCCCCCC(=O)NO)CC4)cc13)-c1cc3c(c(=O)n1C2)COC(=O)[C@]3(O)CC,4.52157781225992,2
CCc1c2c(nc3ccc(OC(=O)N4CCN(C(=O)CCCCCCCCCC(=O)NO)CC4)cc13)-c1cc3c(c(=O)n1C2)COC(=O)[C@]3(O)CC,4.7594507517174005,2
CCc1c2c(nc3ccc(OC(=O)N4CCN(C(=O)CCCCCCCCCCC(=O)NO)CC4)cc13)-c1cc3c(c(=O)n1C2)COC(=O)[C@]3(O)CC,4.9582126810282485,2
CCc1c2c(nc3ccc(OCc4cn(CCCCC(=O)NO)nn4)cc13)-c1cc3c(c(=O)n1C2)COC(=O)[C@]3(O)CC,6.808548985535104,1
CCc1c2c(nc3ccc(OCc4cn(CCCCCC(=O)NO)nn4)cc13)-c1cc3c(c(=O)n1C2)COC(=O)[C@]3(O)CC,6.899037769768051,3
CCc1c2c(nc3ccc(OCc4cn(CCCCCCC(=O)NO)nn4)cc13)-c1cc3c(c(=O)n1C2)COC(=O)[C@]3(O)CC,7.263830487370517,3
CCc1c2c(nc3ccc(OCc4cn(CCCCCCCC(=O)NO)nn4)cc13)-c1cc3c(c(=O)n1C2)COC(=O)[C@]3(O)CC,6.51299909117196,3
CCc1cc(-c2ccc(F)cc2)n(Cc2ccc(C(=O)NO)cc2)n1,5.543802339273413,3
CCc1cc(-c2ccc(F)cc2)nn1Cc1ccc(C(=O)NO)cc1,6.469152711118941,3
CCc1cc(C(=O)Nc2ccccc2)nn1Cc1ccc(C(=O)NO)cc1,6.007004901568658,2
CCc1cc(Cc2cnc(N)nc2N)cc(CC)c1N,5.142667503568731,1
CCc1cc(Cc2cnc(N)nc2N)cc(CC)c1O,5.082494490447454,1
CCc1cc(NC(=O)Nc2ccc(Oc3ccnc(-c4cnn(CCCCCCC(=O)NO)c4)c3)cc2)no1,8.2518119729938,2
CCc1cc(NC(=O)Nc2ccc(Oc3ccnc(-c4cnn(CCCCCCC(=O)NO)c4)c3)cc2)on1,8.214670164989233,2
CCc1cc2c(cn1)CN(C(=O)Nc1nc(-c3cccnc3)ccc1N)C2,6.212984366136141,2
CCc1ccc(-c2nc(N3CCOCC3)c3nc(CN(C)c4ncc(C(=O)NO)cn4)n(C)c3n2)cc1,8.701152407037243,2
CCc1ccc(-c2nc3ccc(C(=O)NO)cc3[nH]2)cc1,5.187086643357144,1
CCc1ccc(CCCn2cccc(/C=C/C(=O)NO)c2=O)cc1,6.508638306165727,1
CCc1ccc(CCn2cccc(/C=C/C(=O)NO)c2=O)cc1,7.154901959985743,1
CCc1ccc(Cn2cccc(/C=C/C(=O)NO)c2=O)cc1,7.0,1
CCc1ccc(NC(=O)CCCCC(=O)NO)cc1,7.079551371734879,3
CCc1ccc(Nc2ncnc3cc(NC(=O)CCCCCCC(=O)NO)sc23)cc1,6.588481316248851,2
CCc1ccc(SCc2ccc(C(=O)Nc3ccccc3N)cc2)cc1,7.1487416512809245,2
CCc1cccc(NC(=O)C(F)(F)C(F)(F)C(F)(F)C(F)(F)C(F)(F)C(F)(F)C(=O)NO)c1,4.376750709602099,1
CCc1cccc(NC(=O)CCCCC(=O)NO)c1,7.605017725649368,3
CCc1cccc(Nc2ncnc3cc(NC(=O)CCCCCCC(=O)NO)sc23)c1,6.935111886484672,2
CCc1ccccc1C(=O)NCCCCCC(=O)Nc1ccccc1N,5.425274416405927,1
CCc1ccccc1Cn1cccc(/C=C/C(=O)NO)c1=O,6.638272163982407,1
CCc1ccccc1N(CC(=O)NC1CCCCC1)C(=O)Cc1ccc(C(=O)NO)cc1,6.440093374963888,2
CCc1ccccc1N(CC(=O)NC1CCCCC1)C(=O)Cc1ccc(C(=O)NO)cc1F,6.560667306169737,2
CCc1ccccc1NC(=O)CCCCC(=O)NO,6.194662300713631,3
CCc1cn(-c2ccccc2)nc(C(=O)Nc2ccc(Oc3ccnc4cc(OCCCCCCC(=O)NO)c(OC)cc34)cc2)c1=O,7.456926904657049,2
CCc1n[nH]c(CC)c1CCN1CCCC1c1ccc(/C=C/C(=O)NO)cc1,9.096910013008056,2
CCc1nc(C(N)=O)c(Nc2ccc(N3CCC(N4CCN(Cc5ccc(C(=O)NCc6ccc(/C=C/C(=O)NO)cc6)cc5)CC4)CC3)c(OC)c2)nc1NC1CCOCC1,7.200659450546418,1
CCc1nc(C(N)=O)c(Nc2ccc(N3CCN(C(=O)CCCCCC(=O)NO)CC3)c(OC)c2)nc1NC1CCOCC1,6.689731633367552,1
CCc1nc(C(N)=O)c(Nc2ccc(N3CCN(C(=O)CCCCCCC(=O)NO)CC3)c(OC)c2)nc1NC1CCOCC1,6.831797253157369,1
CCc1nc(C(N)=O)c(Nc2ccc(N3CCN(CCCCCCC(=O)NO)CC3)c(OC)c2)nc1NC1CCOCC1,6.481486060122112,1
CCc1nc(C(N)=O)c(Nc2ccc(N3CCN(CCCCCCCC(=O)NO)CC3)c(OC)c2)nc1NC1CCOCC1,7.442895475977419,3
CCc1nc(C(N)=O)c(Nc2ccc(N3CCN(Cc4ccc(/C=C/C(=O)NO)cc4)CC3)c(OC)c2)nc1NC1CCOCC1,7.028260409112222,1
CCc1nc(N)nc(N)c1-c1ccc(-c2ccc(/C=C/C(=O)NO)cc2)cc1,5.431798275933005,2
CCc1nc(N)nc(N)c1-c1ccc(-c2cn(CCCCCC(=O)NO)nn2)cc1,6.585026652029182,2
CCc1nc(N)nc(N)c1-c1ccc(-c2cn(CCCCCCC(=O)NO)nn2)cc1,7.346787486224656,4
CCc1nc(N)nc(N)c1-c1ccc(-c2cn(CCCCCCCC(=O)NO)nn2)cc1,6.6777807052660805,2
CCc1nc(N)nc(N)c1-c1ccc(/C=C/C(=O)NO)cc1,5.657577319177793,2
CCc1nc(NCc2ccc(C(=O)NO)cc2)cc2c1[nH]c1ccccc12,6.752026733638193,2
CCc1nc2cc(/C=C/C(=O)NO)c(F)cc2c(=O)n1CCc1ccccc1,5.522878745280337,1
CCc1nc2cc(/C=C/C(=O)NO)ccc2c(=O)n1CCCc1ccccc1,5.494850021680094,1
CCc1nc2cc(/C=C/C(=O)NO)ccc2c(=O)n1CCc1ccc(F)cc1,5.675717544702307,1
CCc1nc2cc(/C=C/C(=O)NO)ccc2c(=O)n1CCc1ccc(OC)cc1,5.7423214251308154,1
CCc1nc2cc(/C=C/C(=O)NO)ccc2c(=O)n1CCc1ccccc1,5.924453038607469,1
CCc1nc2cc(/C=C/C(=O)NO)ccn2c1CN(CC)CCC(C)C,7.698970004336019,1
CCc1nc2cc(/C=C/C(=O)NO)ccn2c1CNC(C)(C)C,7.522878745280337,1
CCc1nc2cc(Cc3ccc(C(=O)NO)cc3)ccc2c(=O)n1CCc1ccccc1,5.314258261397736,1
CCc1nc2cc(F)c(/C=C/C(=O)NO)cc2c(=O)n1CCc1ccccc1,5.7121982700697735,1
CCc1nc2ccc(/C=C/C(=O)NO)cn2c1NCCOC,5.221848749616356,1
CCc1nc2ccc(/C=C/CC(=O)NO)cc2c(=O)n1-c1ccccc1,4.798602875679548,2
CCc1nc2ccc(Cc3ccc(C(=O)NO)cc3)cc2c(=O)n1CCc1ccccc1,5.978810700930062,1
CCc1ncc2c(n1)CN(C(=O)Nc1nc(-c3ccc(F)cc3)ccc1N)C2,6.212984366136141,2
CCc1ncc2c(n1)CN(C(=O)Nc1nc(-c3ccc(F)cc3F)ccc1N)C2,6.522878745280337,1
CCc1ncc2c(n1)CN(C(=O)Nc1nc(-c3cccs3)ccc1N)C2,6.212984366136141,2
CCc1nn2ccccc2c1CCN(Cc1ccc(/C=C/C(=O)NO)cc1)C(C)C,9.0,2
CCc1nn2ccccc2c1CCNCc1ccc(/C=C/C(=O)NO)cc1,8.221848749616356,2
CCc1nnc(NS(=O)(=O)c2ccc(N=Cc3sc4ccccc4c3O)cc2)s1,5.376750709602099,1
CCc1nnc(NS(=O)(=O)c2ccc(Nc3nc(C)c(C(=O)Nc4ccccc4)s3)cc2)s1,4.494850021680094,1
CCc1nnc([C@@H]2CCC(=O)N2c2cc(F)c(-c3noc(C(F)(F)F)n3)cc2F)o1,6.1487416512809245,1
CCc1sc(-c2nccs2)nc1C(=O)NCCCCC(=O)NO,7.5181319322421345,3
CCn1c(=O)n(Cc2ccc(C(=O)Nc3ccccc3N)cc2)c(=O)c2ccccc21,6.698970004336019,2
CCn1c(=O)n(Cc2ccc(C(=O)Nc3ccccc3N)cc2)c(=O)c2sccc21,6.522878745280337,2
CCn1c(C)c(CCNS(=O)(=O)c2ccc(/C=C/C(=O)NO)cc2)c2ccccc21,8.468521082957745,1
CCn1c(C)c(CCNS(=O)(=O)c2ccc(/C=C/C=C/C(=O)NO)cc2)c2ccccc21,8.481486060122112,1
CCn1c(C)nc2c(F)cc(-c3nc(Nc4ccc(CNC(=O)CCCCCCC(=O)NO)cc4)ncc3F)cc21,7.585026652029182,2
CCn1c(C)nc2cc(/C=C/C(=O)NO)ccc21,6.023650020996726,3
CCn1c(CCCOc2ccccc2)nc2cc(/C=C/C(=O)NO)ccc21,6.903089986991944,3
CCn1c(CCCc2c[nH]c3ccccc23)nc2cc(/C=C/C(=O)NO)ccc21,7.187086643357144,3
CCn1c(CCNC(=O)COc2ccccc2)nc2cc(/C=C/C(=O)NO)ccc21,6.251811972993799,3
CCn1c(CCNC(=O)Cc2ccccc2)nc2cc(/C=C/C(=O)NO)ccc21,6.0347982989740885,2
CCn1c(CCNCc2ccccc2)nc2cc(/C=C/C(=O)NO)ccc21,6.430626090384954,3
CCn1c(CCNS(=O)(=O)c2ccccc2)nc2cc(/C=C/C(=O)NO)ccc21,6.777283528852418,3
CCn1c(CCc2ccccc2)nc2cc(/C=C/C(=O)NO)ccc21,6.659560412786594,4
CCn1c(CN(C)c2ncc(C(=O)NO)cn2)nc2c(N3CCOCC3)nc(-c3ccc(N)cc3)nc21,8.858575698582676,2
CCn1c(CN(C)c2ncc(C(=O)NO)cn2)nc2c(N3CCOCC3)nc(-c3ccc(OC)cc3)nc21,9.0,2
CCn1c(CN(C)c2ncc(C(=O)NO)cn2)nc2c(N3CCOCC3)nc(-c3ccc(OC)nc3)nc21,8.795880017344075,2
CCn1c(CN(C)c2ncc(C(=O)NO)cn2)nc2c(N3CCOCC3)nc(-c3cnc(N)nc3)nc21,8.583362680354718,2
CCn1c(CN(Cc2ccccc2)Cc2ccccc2)nc2cc(/C=C/C(=O)NO)ccc21,6.531652669587842,3
CCn1c(CNCc2ccccc2)nc2cc(/C=C/C(=O)NO)ccc21,6.638272163982407,2
CCn1c(Cc2ccccc2)nc2cc(/C=C/C(=O)NO)ccc21,6.774690718274137,3
CCn1c(SCCCCC(=O)NO)nc2c([nH]c3ccccc32)c1=O,5.229147988357855,1
CCn1c(SCCCCCC(=O)NO)nnc1-c1ccncc1,4.11724784438692,2
CCn1c(SCCCCCC(=O)O)nnc1-c1ccncc1,3.734333300547517,2
CCn1c(SCc2ccc(/C=C/C(=O)Nc3ccccc3N)cc2)nc2cc(OC)ccc2c1=O,7.0,2
CCn1c2c(c3ccccc31)CCN(C(=O)CCCCCCC(=O)NO)C2,7.920818753952375,2
CCn1cc(-c2ccc3nc(C)ccc3c2)nc1[C@@H](N)CCCCCC(=O)c1ncco1,7.309803919971486,1
CCn1cc(/C=C/C(=O)Nc2ccccc2N)cn1,5.522878745280337,2
CCn1cc(COc2cc(-c3noc(C(F)(F)F)n3)ccn2)c(C)n1,5.376750709602099,1
CCn1cc2c(n1)CN(C(=O)Nc1nc(-c3ccc(F)cc3F)ccc1N)C2,6.522878745280337,1
CCn1ccc2c(c1=O)=CC(OC)C(C1=CNC([C@H](CCCCCC(=O)c3ccon3)NC(=O)CN(C)C)N1)C=2,9.585026652029182,1
CCn1ccc2c(c1=O)=CCC(C1=CNC([C@@H](N)CCCCCC(=O)C3NC=CO3)N1)C=2,8.585026652029182,1
CCn1ccc2cc(-c3cnc([C@H](CCCCCC(=O)c4ncco4)NC(=O)CN(C)C)[nH]3)c(OC)cc2c1=O,9.292429823902063,1
CCn1cnc(-c2ccc(OC)cc2)c1-c1ccc(/C=C/C(=O)NO)cc1,6.799395937428548,4
CCn1cnc(-c2ccccc2)c1-c1ccc(/C=C/C(=O)NO)cc1,7.153973537174892,4
CCn1cnc2c(NCc3cccc(/C=C/C(=O)NO)c3)nc(N3CCOCC3)nc21,8.236572006437063,2
CCn1cnc2cc(/C=C/C(=O)NO)ccc21,5.913640169325252,2
CN(C(=O)C(C(=O)N(C)c1ccccc1)c1ccc(C(=O)Nc2ccccc2N)cc1)c1ccccc1,5.142969201727376,2
CN(C(=O)C(C(=O)Nc1ccccc1)c1ccc(C(=O)Nc2ccccc2N)cc1)c1ccccc1,6.707743928643524,2
CN(C(=O)CCCc1ccccc1)c1ccc(C(=O)NO)cc1,6.2839966563652006,1
CN(C(=O)N1CCC(Nc2ncc(C(=O)NO)cn2)(c2ccccc2)CC1)c1ccccc1,6.575118363368933,1
CN(C(=O)Nc1cc(-c2cccs2)ccc1N)C1COC1,6.255707016877324,1
CN(C(=O)[C@@H]1CCC(=O)N1c1cc(F)c(-c2noc(C(F)(F)F)n2)cc1F)C(C)(C)C,5.1249387366083,2
CN(C(=O)[C@@H]1CCC(=O)N1c1ccc(-c2noc(C(F)(F)F)n2)c(F)c1)C(C)(C)C,4.508638306165727,1
CN(C(=O)[C@@H]1COCC(=O)N1c1ccc(-c2noc(C(F)(F)F)n2)c(F)c1)C(C)(C)C,5.161150909262744,1
CN(C(=O)c1ccc(C(=O)Nc2ccccc2N)cc1)c1cccc(Nc2nccc(-c3cccnc3)n2)c1,5.935542010773082,2
CN(C)C(=O)C(=O)N1CCC2(CC1)C(=O)N(Cc1ccc(C(=O)NO)cc1F)CN2c1ccccc1,5.331427730815442,2
CN(C)C(=O)N(Cc1ccc(C(=O)Nc2ccccc2N)cc1)Cc1ccc(-c2cccs2)cc1,6.096910013008056,2
CN(C)C(=O)Nc1cc(-c2cccs2)ccc1N,7.301029995663981,1
CN(C)C(=O)c1cc2cnc(Nc3ccc(C(=O)NCCCCCC(=O)NO)cc3)nc2n1C1CCCC1,9.275724130399212,2
CN(C)C(=O)c1cc2cnc(Nc3ccc(C(=O)NCCCCCCC(=O)NO)cc3)nc2n1C1CCCC1,8.853871964321762,2
CN(C)C(=O)c1cc2cnc(Nc3ccc(C(=O)NCCCCCCCC(=O)NO)cc3)nc2n1C1CCCC1,8.795880017344075,2
CN(C)C(=O)c1cc2cnc(Nc3ccc(CNC(=O)CCCCCCC(=O)NO)cc3)nc2n1C1CCCC1,7.275724130399211,2
CN(C)C(=O)c1cc2cnc(Nc3ccc(N4CCN(C(=O)CCCCCCC(=O)NO)CC4)cn3)nc2n1C1CCCC1,7.4089353929735005,2
CN(C)C(=O)c1cc2cnc(Nc3ccc(NC(=O)CCCCC(=O)NO)cc3)nc2n1C1CCCC1,7.568636235841012,2
CN(C)C(=O)c1cc2cnc(Nc3ccc(NC(=O)CCCCCC(=O)NO)cc3)nc2n1C1CCCC1,9.075720713938118,2
CN(C)C(=O)c1cc2cnc(Nc3ccc(NC(=O)CCCCCCC(=O)NO)cc3)nc2n1C1CCCC1,8.657577319177793,2
CN(C)C(=O)c1cc2cnc(Nc3ccc(NC(=O)CCCCCCC(=O)NO)cn3)nc2n1C1CCCC1,6.373659632624958,2
CN(C)C(=O)c1cc2cnc(Nc3ccc(NC(=O)CCCCCCCC(=O)NO)cc3)nc2n1C1CCCC1,8.522878745280337,2
CN(C)C(=O)c1cc2cnc(Nc3ccc(NC(=O)NCCCCCC(=O)NO)cc3)nc2n1C1CCCC1,8.795880017344075,2
CN(C)C(=O)c1cc2cnc(Nc3cccc(NC(=O)CCCCCCC(=O)NO)c3)nc2n1C1CCCC1,8.508638306165727,2
CN(C)C(=O)c1cc2cnc(Nc3ccccc3NC(=O)CCCCCCC(=O)NO)nc2n1C1CCCC1,7.431798275933005,2
CN(C)C(=O)c1ccc(-c2ccnc(NCc3ccc(C(=O)Nc4ccccc4N)cc3)n2)cn1,6.376750709602099,2
CN(C)C(=O)c1ccc(CN2CCC(c3ccc(C(=O)Nc4ccccc4N)cc3)CC2)cc1,7.070300241885096,2
CN(C)C(=O)c1cccc(NCc2ccc(-c3noc(C(F)(F)F)n3)cn2)c1,6.2839966563652006,1
CN(C)C(=O)c1cn(Cc2ccc(/C=C/C(=O)NO)cc2)c2ccccc12,6.202732459169283,2
CN(C)C(=O)c1cn(Cc2ccc(C(=O)NO)cc2)c2ccccc12,5.242603971206975,2
CN(C)C(=O)c1cn(S(=O)(=O)c2ccc(/C=C/C(=O)NO)cc2)c2ccccc12,5.697886973457765,2
CN(C)C(=O)c1cn(S(=O)(=O)c2cccc(/C=C/C(=O)NO)c2)c2ccccc12,5.1605219526258015,2
CN(C)C/C=C/C(=O)N1CCC(OC(=O)NCc2ccc(C(=O)Nc3ccccc3N)cc2)CC1,6.698970004336019,2
CN(C)C1(C(=O)N[C@@H](CCCCCC(=O)c2ccon2)c2ncc(-c3ccccc3F)[nH]2)CC1,8.920818753952375,1
CN(C)C1(C(=O)N[C@@H](CCCCCC(=O)c2ccon2)c2ncc(-c3ccccc3F)[nH]2)CCC1,9.267606240177033,1
CN(C)C1(C(=O)N[C@@H](CCCCCC(=O)c2ccon2)c2ncc(-c3ccccc3F)[nH]2)CCCC1,9.236572006437065,1
CN(C)C1=NC2C(Br)=C(Br)C(Br)=C(Br)C2N1CCCCCC(=O)NO,5.435333935747911,2
CN(C)C1CCN(Cc2ccc(C(=O)Nc3cc(-c4ccccc4)ccc3O)cc2)C1,7.301029995663981,1
CN(C)CC(=O)N(Cc1ccc(-c2noc(C(F)(F)F)n2)cc1)c1cccc(C(F)(F)F)c1,5.920818753952375,1
CN(C)CC(=O)N[C@@H](CCCCCC(=O)C1NC=CO1)C1NC(c2ccc(F)cc2)=NC1C#N,8.945042068488103,2
CN(C)CC(=O)N[C@@H](CCCCCC(=O)C1NC=CO1)C1NC=C(C2C=c3nccnc3=CC2)N1,8.886056647693163,1
CN(C)CC(=O)N[C@@H](CCCCCC(=O)c1ccon1)C1=NC(Cl)C(c2ccc(F)cc2)N1,9.69897000433602,1
CN(C)CC(=O)N[C@@H](CCCCCC(=O)c1ccon1)c1nc(-c2ccccc2F)c[nH]1,9.958607314841776,1
CN(C)CC(=O)N[C@@H](CCCCCC(=O)c1ncco1)c1[nH]c(-c2ccc(F)cc2)nc1Cl,9.853871964321762,1
CN(C)CC(=O)N[C@@H](CCCCCC(=O)c1ncco1)c1ncc(-c2ccc3c(ccc(=O)n3C)c2)[nH]1,8.769551078621726,1
CN(C)CC(C)(C)Cn1c(C2CCCCC2)nc2cc(/C=C/C(=O)NO)ccc21,6.375717904164332,2
CN(C)CC(C)(C)Cn1c(CC(C)(C)C)nc2cc(/C=C/C(=O)NO)ccc21,7.337242168318426,2
CN(C)CC(C)(C)Cn1c(CCCc2ccccc2)nc2cc(/C=C/C(=O)NO)ccc21,7.1487416512809245,3
CN(C)CC(C)(C)Cn1c(CCc2ccc(F)cc2)nc2cc(/C=C/C(=O)NO)ccc21,7.267606240177031,3
CN(C)CC(C)(C)Cn1c(CCc2ccccc2)nc2cc(/C=C/C(=O)NO)ccc21,7.483899997232844,7
CN(C)CC(C)(C)Cn1c(CCc2cccnc2)nc2cc(/C=C/C(=O)NO)ccc21,6.3979400086720375,3
CN(C)CC(C)(C)Cn1c(S(=O)Cc2ccccc2)nc2cc(/C=C/C(=O)NO)ccc21,7.522878745280337,2
CN(C)CC(C)(C)Cn1c(S(=O)Cc2ccccc2)nc2cc(C=CC(=O)NO)ccc21,7.522878745280337,1
CN(C)CC(C)(C)Cn1c(SCc2ccccc2)nc2cc(/C=C/C(=O)NO)ccc21,6.935542010773081,3
CN(C)CC(C)(C)Cn1cnc2cc(C(=O)NC(=O)NCCCCCC(=O)NO)ccc21,5.9985912080337584,4
CN(C)CCCCN1c2ccc(/C=C/C(=O)NO)cc2NC1CCc1ccccc1,6.815308569182401,1
CN(C)CCCCn1c(CCc2ccccc2)nc2cc(/C=C/C(=O)NO)ccc21,6.805594293263238,4
CN(C)CCCNC(=O)c1cc(NC(=O)c2cc(NC(=O)c3cc(NC(=O)c4nc(NC(=O)CCCNC(=O)c5cc(NC(=O)c6cc(NC(=O)c7cc(NC(=O)c8nc(NC(=O)CCNC(=O)CCNC(=O)CCCCCCC(=O)NO)cn8C)cn7C)cn6C)cn5C)cn4C)cn3C)cn2C)cn1C,6.309803919971486,2
CN(C)CCCNC(=O)c1cc(NC(=O)c2cc(NC(=O)c3cc(NC(=O)c4nc(NC(=O)CCCNC(=O)c5cc(NC(=O)c6cc(NC(=O)c7cc(NC(=O)c8nc(NC(=O)CCNC(=O)CCNC(=O)c9ccc(NC(=O)CCCCCCC(=O)NO)cc9)cn8C)cn7C)cn6C)cn5C)cn4C)cn3C)cn2C)cn1C,6.431798275933005,2
CN(C)CCCNC(=O)c1ccc(/C=C2\CCn3c2nc2cc(N4CCN(CCCCC(=O)NO)CC4)c(F)cc2c3=O)cc1.Cl,5.823908740944319,1
CN(C)CCCNC(=O)c1ccc(/C=C2\CCn3c2nc2cc(N4CCN(CCCCCC(=O)NO)CC4)c(F)cc2c3=O)cc1.Cl,5.795880017344075,1
CN(C)CCCNC(=O)c1ccc(/C=C2\CCn3c2nc2cc(N4CCN(CCCCCCC(=O)NO)CC4)c(F)cc2c3=O)cc1.Cl,5.6777807052660805,1
CN(C)CCCNC(=O)c1ccc(/C=C2\CCn3c2nc2cc(N4CCN(CCCCCCCC(=O)NO)CC4)c(F)cc2c3=O)cc1.Cl,5.859827722923794,3
CN(C)CCCNC(=O)c1ccc(/C=C2\CCn3c2nc2cc(N4CCN(Cc5ccc(/C=C/C(=O)NO)cc5)CC4)c(F)cc2c3=O)cc1.Cl,5.721246399047171,1
CN(C)CCCNC(=O)c1ccc(/C=C2\CCn3c2nc2cc(N4CCN(Cc5ccc(/C=C/C(=O)Nc6ccccc6N)cc5)CC4)c(F)cc2c3=O)cc1,5.09151498112135,1
CN(C)CCCNC(=O)c1ccc(/C=C2\CCn3c2nc2cc(N4CCN(Cc5ccc(C(=O)NO)cc5)CC4)c(F)cc2c3=O)cc1.Cl,5.6020599913279625,1
CN(C)CCCNC(=O)c1ccc(/C=C2\CCn3c2nc2cc(NCCCCCCC(=O)NO)c(F)cc2c3=O)cc1.Cl,7.154901959985743,1
CN(C)CCCNC(=O)c1ccc(/C=C2\CCn3c2nc2ccc(OCCCCCCC(=O)NO)cc2c3=O)cc1.Cl,7.221848749616356,1
CN(C)CCCNC(=O)c1ccc(C=C2CCn3c2nc2cc(N4CCN(CCCCCCCC(=O)NO)CC4)c(F)cc2c3=O)cc1,5.899629454882437,1
CN(C)CCCNc1cc2nc3n(c(=O)c2cc1F)CC/C3=C\c1ccc(C(=O)Nc2ccccc2N)cc1,5.236572006437063,1
CN(C)CCCn1c(CCc2ccccc2)nc2cc(/C=C/C(=O)NO)ccc21,6.762789550893291,5
CN(C)CCCn1c(SCc2ccc(/C=C/C(=O)NO)cc2)nc2ccccc21,8.277560888417275,3
CN(C)CCNC(=O)c1ccc(-c2noc(C(F)(F)F)n2)cc1,5.119186407719209,1
CN(C)CCNCc1ccc(C(=O)Nc2cc(-c3ccccc3)ccc2O)cc1,6.920818753952375,1
CN(C)CCOc1ccc(-c2cc(=O)c3c(O)cc(OCCCCCC(=O)NO)cc3o2)cc1,7.443697499232712,1
CN(C)CCOc1ccc(-c2cc(=O)c3c(O)cc(OCCCCCC(=O)NO)cc3o2)cc1.Cl,7.444301105281099,1
CN(C)CCOc1ccc(-c2ccnc(NCc3ccc(C(=O)Nc4ccccc4N)cc3)n2)cc1,6.920818753952375,2
CN(C)CCOc1ccc(-c2nc([C@H](CCCCNS(N)(=O)=O)NC(=O)OCc3ccccc3)cs2)cc1,6.520866093614565,3
CN(C)CCOc1ccc2c(c1)C(c1ccc(C(=O)NO)cc1)=Nc1ccccc1O2,6.568636235841012,1
CN(C)CCOc1cccc(-c2ccnc(NCc3ccc(C(=O)Nc4ccccc4N)cc3)n2)c1,6.886056647693163,2
CN(C)CCc1cn(-c2ccc(C(=O)NO)cc2)c2ccccc12,5.232102383981909,1
CN(C)CCc1cn(Cc2ccc(C(=O)NO)cc2)c2ccccc12,5.232102383981909,1
CN(C)CCc1nc2ccccc2n1Cc1ccc(C(=O)NO)cc1,4.280668713016273,1
CN(C)CCn1c(-c2cccc(/C=C/C(=O)NO)c2)nc2ccccc21,7.200659450546418,2
CN(C)CCn1c(=O)n(Cc2ccc(C(=O)Nc3ccccc3N)cc2)c(=O)c2ccccc21,6.522878745280337,2
CN(C)CCn1c(C2CC2c2ccccc2)nc2cc(/C=C/C(=O)NO)ccc21,6.756961951313706,2
CN(C)CCn1c(SCc2ccc(/C=C/C(=O)NO)cc2)nc2ccccc21,7.823908740944319,1
CN(C)CCn1c(SCc2ccc(C(=O)NO)cc2)nc2ccccc21,6.356547323513812,1
CN(C)CCn1cnc2cc(C(=O)NC(=O)NCCCCCC(=O)NO)ccc21,5.359925021470983,4
CN(C)C[C@H](Cc1ccccc1)NC(=O)c1ccc(-c2noc(C(F)(F)F)n2)cc1F,5.173925197299173,1
CN(C)Cc1c(C(=O)NCCOc2ccc(C(=O)NO)cc2)oc2ccccc12,7.9932790652335255,5
CN(C)Cc1c(C(=O)NCCOc2ccc(C(=O)NO)cc2)oc2ccccc12.Cl,8.301029995663981,1
CN(C)Cc1ccc(-c2ccc(=O)n(Cc3ccc(C(=O)Nc4ccccc4N)cc3)n2)cc1,7.118330934882164,2
CN(C)Cc1ccc(-n2nc(N)c(C(=O)NCc3ccc(C(=O)NO)cc3)n2)cc1,8.455931955649724,2
CN(C)Cc1ccc(-n2nc(N)c(C(=O)NCc3ccc(C(=O)Nc4ccccc4N)cc3)n2)cc1,7.045757490560675,2
CN(C)Cc1ccc(C(=O)Nc2cc(-c3ccccc3)ccc2N)cc1,8.0,2
CN(C)Cc1ccc(CN2CCN(c3ccc(C(=O)NO)cc3)C2=O)cc1,7.6020599913279625,2
CN(C)Cc1ccc(S(=O)(=O)n2ccc(/C=C/C(=O)NO)c2)cc1,6.711765975527186,4
CN(C)Cc1ccc(S(=O)(=O)n2ccc(/C=C/C(=O)NO)c2)cc1.Cl,7.371611069949688,1
CN(C)Cc1cccc(-c2ccc(=O)n(Cc3ccc(C(=O)Nc4ccccc4N)cc3)n2)c1,7.131945232965762,2
CN(C)Cc1cccc(CN2CCN(c3ccc(C(=O)NO)cc3)C2=O)c1,7.638272163982407,2
CN(C)Cc1ccccc1-c1ccc(=O)n(Cc2ccc(C(=O)Nc3ccccc3N)cc2)n1,6.612877322238273,2
CN(C)Cc1cn(Cc2ccc(/C=C/C(=O)NO)cc2)c2ccccc12,5.647817481888637,2
CN(C)Cc1cn(Cc2ccc(C(=O)NO)cc2)c2ccccc12,5.573455235074067,4
CN(C)Cc1cn(S(=O)(=O)c2ccc(/C=C/C(=O)NO)cc2)c2ccccc12,5.714442690992226,2
CN(C)Cc1cn(S(=O)(=O)c2cccc(/C=C/C(=O)NO)c2)c2ccccc12,5.821023052706831,2
CN(C)Cc1nn(Cc2ccc(C(=O)NO)cc2)c2ccccc12,5.899986343545393,2
CN(C)S(=O)(=O)NCc1ccc(C(=O)Nc2cc(-c3cccs3)ccc2N)cc1,7.769551078621726,1
CN(C)S(=O)(=O)N[C@@H](CCCCCC(=O)O)c1nc(-c2ccc3ccccc3c2)c[nH]1,6.657577319177793,1
CN(C)S(=O)(=O)N[C@@H](CCCCCC(=O)O)c1ncc(-c2ccc3ccccc3c2)[nH]1,6.657577319177793,1
CN(C)S(=O)(=O)c1ccc(NCCCCCC(=O)NO)c2nonc12,6.863270031201293,3
CN(C)S(=O)(=O)c1ccc(NCCCCCCC(=O)NO)c2nonc12,7.336110330873351,3
CN(C)S(=O)(=O)c1ccc(NCCCCCNC(=O)NCC(=O)NO)c2nonc12,5.120330794367947,1
CN(C)c1cc(Cl)c(/N=N/c2c(Cl)cc(/C=C/C(=O)Nc3ccccc3N)cc2Cl)c(Cl)c1,5.301029995663981,1
CN(C)c1cc(Cl)c(N=Nc2c(Cl)cc(/C=C/C(=O)Nc3ccccc3N)cc2Cl)c(Cl)c1,5.301029995663981,1
CN(C)c1cc(F)c(/N=N/c2c(F)cc(/C=C/C(=O)Nc3ccccc3N)cc2F)c(F)c1,5.920818753952375,1
CN(C)c1cc(F)c(N=Nc2c(F)cc(/C=C/C(=O)Nc3ccccc3N)cc2F)c(F)c1,5.920818753952375,1
CN(C)c1ccc(-c2ccc(C(=O)NO)cc2)cc1,5.16304326294045,1
CN(C)c1ccc(-c2ccc(N)c(NC(=O)c3cccnc3)c2)cc1,5.275724130399211,2
CN(C)c1ccc(-c2cn(CCCCCC(=O)NO)nn2)cc1,8.366531544420413,1
CN(C)c1ccc(-c2cn(CCCCCCC(=O)NO)nn2)cc1,6.974284616098659,1
CN(C)c1ccc(-c2cn(CCCCCCCC(=O)NO)nn2)cc1,7.798602875679548,1
CN(C)c1ccc(-c2cn(CCCCCCCCC(=O)NO)nn2)cc1,6.224316750973956,1
CN(C)c1ccc(-c2nc(C(=O)NCc3ccc(/C=C/C(=O)NO)cc3)cc3c2[nH]c2ccccc23)cc1,7.537602002101044,2
CN(C)c1ccc(-c2nc(N3CCOCC3)c3nc(CN(C)c4ncc(C(=O)NO)cn4)n(C)c3n2)cc1,9.09151498112135,2
CN(C)c1ccc(-c2nnc(Nc3ncc(C(=O)NO)cn3)o2)cc1,8.045757490560675,2
CN(C)c1ccc(-c2nnc(Nc3ncc(C(=O)NO)cn3)s2)cc1,7.958607314841775,2
CN(C)c1ccc(-n2nc(N)c(C(=O)NCc3ccc(C(=O)NO)cc3)n2)cc1,8.494850021680094,2
CN(C)c1ccc(-n2nc(N)c(C(=O)NCc3ccc(C(=O)Nc4ccccc4N)cc3)n2)cc1,7.1938200260161125,2
CN(C)c1ccc(/C=C/C=C/C(=O)NO)cc1,5.769551078621726,1
CN(C)c1ccc(/C=C/c2ccc(C(=O)NO)o2)cc1,4.306273051076353,2
CN(C)c1ccc(/C=C2\CC(=O)N(CCCCCCC(=O)NO)C2=O)cc1,7.573488738635425,1
CN(C)c1ccc(C(=O)N(CC(=O)NC(C)(C)C)Cc2ccc(C(=O)NO)cc2F)cc1,6.801342913045577,2
CN(C)c1ccc(C(=O)N(CC(=O)NC(C)(C)C)Cc2ccc(C(=O)Nc3cc(-c4ccncc4)ccc3N)cc2)cc1,7.4556593927698485,10
CN(C)c1ccc(C(=O)N(CC(=O)NC2CCCCC2)Cc2ccc(C(=O)NO)cc2F)cc1,7.180456064458131,2
CN(C)c1ccc(C(=O)N(CC(=O)NCc2ccccc2)CC2CCN(c3ncc(C(=O)NO)cn3)CC2)cc1,7.795880017344075,2
CN(C)c1ccc(C(=O)N(CC(=O)NCc2ccccc2)Cc2ccc(C(=O)NCCSSCCNC(=O)c3ccc(CN(CC(=O)NCc4ccccc4)C(=O)c4ccc(N(C)C)cc4)cc3)cc2)cc1,5.342944147142896,2
CN(C)c1ccc(C(=O)N(CC(=O)NCc2ccccc2)Cc2ccc(C(=O)NNCC3CC3)cc2)cc1,7.144896024039698,10
CN(C)c1ccc(C(=O)N(CC(=O)NCc2ccccc2)Cc2ccc(C(=O)NNCCC(F)(F)F)cc2)cc1,6.876148359032914,2
CN(C)c1ccc(C(=O)N(CC(=O)NCc2ccccc2)Cc2ccc(C(=O)NNCCCc3ccccc3)cc2)cc1,6.3819519032879075,2
CN(C)c1ccc(C(=O)N(CC(=O)NCc2ccccc2)Cc2ccc(C(=O)NNc3ccccc3)cc2)cc1,4.757458571701616,2
CN(C)c1ccc(C(=O)N(CC(=O)NCc2ccccc2)Cc2ccc(C(=O)NO)cc2)cc1,8.198970004336019,4
CN(C)c1ccc(C(=O)N(CC(=O)NCc2ccccc2)Cc2ccc(C(=O)NO)cc2F)cc1,7.886056647693163,2
CN(C)c1ccc(C(=O)N(CC(=O)NCc2ccccc2)Cc2ccc(C(=O)Nc3cc(-c4ccccc4)ccc3N)cc2)cc1,6.617537642228241,4
CN(C)c1ccc(C(=O)N(CC(=O)NCc2ccccc2)Cc2ccc(C(=O)Nc3cc(-c4ccncc4)ccc3N)cc2)cc1,7.376750709602099,2
CN(C)c1ccc(C(=O)N(CC(=O)NCc2ccccc2)Cc2ccc(C(=O)Nc3ccccc3N)cc2)cc1,6.773671988466633,10
CN(C)c1ccc(C(=O)N(CC(=O)NCc2ccccc2)Cc2ccc(C(=O)O)cc2)cc1,4.860120913598763,2
CN(C)c1ccc(C(=O)N(CCC(=O)NCc2ccc(Cl)cc2)Cc2ccc(C(=O)NO)cc2)cc1,7.673664139071248,1
CN(C)c1ccc(C(=O)N(CCC(=O)NCc2ccccc2)Cc2ccc(C(=O)NO)cc2)cc1,7.8326826652518236,1
CN(C)c1ccc(C(=O)N(CCCCCC(=O)NCCSSCCNC(=O)CCCCCN(CC(=O)NCc2ccccc2)C(=O)c2ccc(N(C)C)cc2)CC(=O)NCc2ccccc2)cc1,5.1487416512809245,2
CN(C)c1ccc(C(=O)N(CCCCCC(=O)NO)C(C)(C)C(=O)NC2CCCCC2)cc1,4.600704830847679,4
CN(C)c1ccc(C(=O)N(CCCCCC(=O)NO)CC(=O)NC(C)(C)C)cc1,5.686261801016156,4
CN(C)c1ccc(C(=O)N(CCCCCC(=O)NO)CC(=O)NC2CCCCC2)cc1,5.810246607760276,4
CN(C)c1ccc(C(=O)N(CCCCCC(=O)NO)CC(=O)NCc2ccccc2)cc1,6.840382826408528,6
CN(C)c1ccc(C(=O)N(CCCCCC(=O)Nc2cc(F)ccc2N)CC(=O)NCc2ccccc2)cc1,5.361445111613913,4
CN(C)c1ccc(C(=O)N(CCCCCC(=O)Nc2ccccc2N)CC(=O)NCc2ccccc2)cc1,5.500014049249689,4
CN(C)c1ccc(C(=O)N(Cc2ccc(C(=O)NO)cc2)C(C)(C)C(=O)NCc2ccccc2)cc1,6.356547323513812,2
CN(C)c1ccc(C(=O)NC(CCCCCB(O)O)C(=O)Nc2cccc(-c3ccccc3)c2)cc1,4.886056647693163,1
CN(C)c1ccc(C(=O)NCCCCCC(=O)NO)cc1,6.529615565286948,4
CN(C)c1ccc(C(=O)NCCCCCC(=O)Nc2ccccc2N)cc1,6.0,1
CN(C)c1ccc(C(=O)NCCCCCCC(=O)NO)cc1,6.4902682716376425,6
CN(C)c1ccc(C(=O)NCCCCCCCC(=O)NO)cc1,6.25008775208021,2
CN(C)c1ccc(C(=O)NCCCCCCNC(=O)CS)cc1,5.844663962534938,2
CN(C)c1ccc(C(=O)NCCCCCCS)cc1,6.214670164989233,2
CN(C)c1ccc(C(=O)NCCCCCNC(=O)CS)cc1,5.96657624451305,2
CN(C)c1ccc(C(=O)NCCCCNC(=O)CS)cc1,4.924453038607469,2
CN(C)c1ccc(C(=O)NCCCNC(=O)CS)cc1,5.279014255846261,2
CN(C)c1ccc(C(=O)NCc2ccc(/C=C/C(=O)NO)cc2)cc1,6.764446304881162,2
CN(C)c1ccc(C(=O)NNCC2CCCC2)cc1,5.75448733218585,4
CN(C)c1ccc(C(=O)N[C@@H](CCCCCC(=O)NO)C(=O)Nc2cccc3cccnc23)cc1,7.6777807052660805,2
CN(C)c1ccc(C(=O)c2cc(/C=C/C(=O)NO)n(C)c2)cc1,5.498269733945246,2
CN(C)c1ccc(C/C(=N\O)C(=O)NCCS)cc1,9.0,1
CN(C)c1ccc(C/C(=N\O)C(=O)NCCS)cc1Br,8.397940008672037,1
CN(C)c1ccc(C2(C(=O)Nc3ccc(C(=O)NO)cc3)CCCC2)cc1,8.397940008672037,2
CN(C)c1ccc(C=C2CC(=O)N(CCCCCCC(=O)NO)C2=O)cc1,7.568636235841012,1
CN(C)c1ccc(CC(=O)NCCC(=O)NO)cc1,4.42021640338319,2
CN(C)c1ccc(CC(N=O)C(=O)NCCS)cc1,9.0,1
CN(C)c1ccc(CC(N=O)C(=O)NCCS)cc1Br,8.397940008672037,1
CN(C)c1ccc(CCCOCCN(C)c2ccc(NC(=O)CCCCCCC(=O)NO)cc2)cc1,6.522878745280337,1
CN(C)c1ccc(CN(CCCCN)C(=O)CCCCCCC(=O)NO)cc1.O=C(O)C(F)(F)F,4.073657553374345,1
CN(C)c1ccc(CNC(=O)NCCC(=O)NO)cc1,6.886056647693163,2
CN(C)c1ccc(CNC(=O)NCCCCC(=O)NO)cc1,6.096910013008056,1
CN(C)c1ccc(CNC(=O)NCCCCCC(=O)NO)cc1,6.096910013008056,1
CN(C)c1ccc(CNC(=O)NCCCCCCC(=O)NO)cc1,6.0,1
CN(C)c1ccc(CNC(=O)NCCCCCCCC(=O)NO)cc1,6.154901959985743,1
CN(C)c1ccc(CNCCCCNC(=O)CCCCC(=O)NO)cc1.O=C(O)C(F)(F)F,4.047304400413084,1
CN(C)c1ccc(CNCCCCNC(=O)CCCCCCC(=O)NO)cc1.O=C(O)C(F)(F)F,4.1797328428390355,1
CN(C)c1ccc(CNc2ccc(/C=C/C(=O)Nc3ccccc3N)cn2)cc1,5.3979400086720375,2
CN(C)c1ccc(Cc2ccc(C(=O)NO)cc2)cc1,5.16304326294045,1
CN(C)c1ccc(N)c(NC(=O)c2cccnc2)c1,4.356547323513812,2
CN(C)c1ccc(NC(=O)CCCCC/C=C(\F)CS)cc1,6.522878745280337,1
CN(C)c1ccc(NC(=O)CCCCCCS)cc1,5.920818753952375,2
CN(C)c1ccc(NC(=O)NCCCCCCC(=O)NO)cc1,6.504869795921212,3
CN(C)c1ccc(NC(=O)NCCCCNC(=O)CS)cc1,5.623017620661002,3
CN(C)c1ccc(Nc2ncnc3sc(NC(=O)CCCCCCC(=O)NO)cc23)cc1F,8.346305472173349,2
CN(C)c1ccc(OCCCCCCC(=O)NO)cc1,7.723544274891745,2
CN(C)c1ccc(S(=O)CCCCCC(=O)NO)cc1,6.017352265246775,3
CN(C)c1ccc(Sc2cccc(/C=C/C(=O)NO)c2)cc1,5.065501548756432,1
CN(C)c1ccc2cc(-c3cn(Cc4c(F)cc(-c5nnc(C(F)F)o5)cc4F)nn3)ccc2n1,3.000000434294699,1
CN(C)c1ccc2cc(-c3cnc([C@@H](N)CCCCCC(=O)c4ncco4)[nH]3)ccc2n1,8.958607314841775,1
CN(C)c1ccc2cc(C(=O)NCCCCCC(=O)Nc3ccccc3N)[nH]c2c1,7.091514981121351,1
CN(C)c1cccc(C(=O)NCCCCCC(=O)Nc2ccccc2N)c1,6.232844133917819,1
CN(C)c1cccc(CN2CCN(c3ccc(C(=O)NO)cc3)C2=O)c1,8.022276394711152,2
CN(C)c1cccc(COc2cc(-c3noc(C(F)(F)F)n3)ccn2)n1,4.698970004336019,1
CN(C)c1cccc(Cc2ccc(C(=O)NO)cc2)c1,4.913640169325252,1
CN(C)c1cccc2c(S(=O)(=O)N(CC(=O)NCc3ccccc3)Cc3ccc(C(=O)NO)cc3)cccc12,6.0385789059335515,2
CN(C)c1cccc2c(S(=O)(=O)N(CC(=O)NCc3ccccc3)Cc3ccc(C(=O)Nc4ccccc4N)cc3)cccc12,6.170053304058364,2
CN(C)c1cccc2c(S(=O)(=O)N(CCCCCC(=O)NO)CC(=O)NCc3ccccc3)cccc12,7.468521082957745,2
CN(C)c1cccc2c(S(=O)(=O)N[C@H](C(=O)Nc3ccc(C(=O)NO)cc3)c3ccccc3)cccc12,7.740863767934017,3
CN(C)c1cccc2c(S(=O)(=O)Nc3ccc(/C=C/C(=O)NO)cc3)cccc12,6.650260659109939,3
CN(C)c1cccc2c(SNCCCCCC(=O)NO)cccc12,5.889410289700751,2
CN(C)c1ccccc1C(=O)NCCCC[C@H](NC(=O)c1cncs1)c1ncc(-c2ccc3ccccc3c2)[nH]1,4.6020599913279625,2
CN(C)c1nc2c(Br)c(Br)c(Br)c(Br)c2n1CCCCCC(=O)NO,5.835647144215563,2
CN(C)c1nc2c(Br)c(Br)c(Br)c(Br)c2n1CCCCCCCC(=O)NO,4.863279432843593,4
CN(C)c1nc2c(s1)Cc1cc(/C=C/C(=O)NO)ccc1-2,6.804100347590767,1
CN(C1[C@H]2CN(c3ncc(C(=O)NO)cn3)C[C@@H]12)S(=O)(=O)c1ccc2ccccc2c1,7.638272163982407,1
CN(CCC(=O)NO)CC[C@H](CSc1ccccc1)Nc1ccc(S(=O)(=O)NC(=O)c2ccc(N3CCN(Cc4ccccc4-c4ccc(Cl)cc4)CC3)cc2)cc1[N+](=O)[O-],7.0,1
CN(CCC(C)(C)C)Cc1c(C(C)(C)C)nc2cc(/C=C/C(=O)NO)ccn12,6.568636235841012,1
CN(CCCC(=O)NO)CC[C@H](CSc1ccccc1)Nc1ccc(S(=O)(=O)NC(=O)c2ccc(N3CCN(Cc4ccccc4-c4ccc(Cl)cc4)CC3)cc2)cc1[N+](=O)[O-],7.0,1
CN(CCCCC(=O)NO)CC[C@H](CSc1ccccc1)Nc1ccc(S(=O)(=O)NC(=O)c2ccc(N3CCN(Cc4ccccc4-c4ccc(Cl)cc4)CC3)cc2)cc1[N+](=O)[O-],7.0,1
CN(CCCCC(CO[N+](=O)[O-])O[N+](=O)[O-])Cc1ccc(COC(=O)NCc2ccc(C(=O)Nc3ccccc3N)cc2)cn1,5.982966660701219,3
CN(CCCCC(CO[N+](=O)[O-])O[N+](=O)[O-])Cc1ccc(COC(=O)NCc2ccc(C(=O)Nc3ccccc3N)cc2)cn1.Cl.Cl.Cl,5.982966660701219,1
CN(CCCCC1=CCCC=C1)c1ccc(/C=C/C(=O)NO)cc1N,6.795880017344075,1
CN(CCCCCC(=O)NO)C(=O)c1ccc(N(C)C)cc1,6.3535962737769305,1
CN(CCCCCC(=O)NO)CC[C@H](CSc1ccccc1)Nc1ccc(S(=O)(=O)NC(=O)c2ccc(N3CCN(Cc4ccccc4-c4ccc(Cl)cc4)CC3)cc2)cc1[N+](=O)[O-],7.0,1
CN(CCCCCC(=O)Nc1ccc(F)cc1N)C(=O)c1ccc(F)cc1,4.50626319772316,1
CN(CCN(C)c1ccc(C(=O)Nc2ccccc2N)cn1)C(=O)OCc1ccccc1,6.016373712875465,2
CN(CCN1CCN(C2COC2)CC1)S(=O)(=O)N(Cc1ccc(-c2nnc(C(F)F)o2)cc1)c1ccccc1,6.632644078973981,1
CN(CCN1CCN(S(C)(=O)=O)CC1)S(=O)(=O)N(Cc1ccc(-c2nnc(C(F)F)o2)cc1)c1ccccc1,6.790484985457369,1
CN(CCOc1ccc(C(=O)NO)cc1)c1nc(N)n2nc(-c3ccco3)nc2n1,7.662569429631094,2
CN(CC[C@H](CSc1ccccc1)Nc1ccc(S(=O)(=O)NC(=O)c2ccc(N3CCN(Cc4ccccc4-c4ccc(Cl)cc4)CC3)cc2)cc1[N+](=O)[O-])CC(=O)NO,6.0,1
CN(CCc1ccc(C(=O)NO)cc1)c1nc(N)n2nc(-c3ccco3)nc2n1,6.79928680456289,2
CN(CCc1ccccc1)Cc1ccc(C(=O)Nc2cc(-c3ccccc3)ccc2O)cc1,6.468521082957745,1
CN(CCc1ccccc1)S(=O)(=O)c1cccc(/C=C/C(=O)NO)c1,8.301029995663981,3
CN(CCc1ccncc1)Cc1ccc(C(=O)Nc2cc(-c3ccccc3)ccc2O)cc1,7.481486060122112,1
CN(CCc1ccncc1)c1ncc(-c2noc(C(F)(F)F)n2)cn1,5.119186407719209,1
CN(Cc1c(C(C)(C)C)nc2cc(/C=C/C(=O)NO)ccn12)CC(C)(C)C,9.10790539730952,2
CN(Cc1ccc(-n2cnn(CCCCc3ccc(C(=O)NO)cc3)c2=O)cc1)CC(O)(Cn1cncn1)c1ccc(F)cc1F,6.091058341536441,3
CN(Cc1ccc(/C=C/C(=O)NO)cc1)CC12CC3CC(CC(C3)C1)C2,8.88376860324482,3
CN(Cc1ccc(/C=C/C(=O)NO)cc1F)CC12CC3CC(CC(C3)C1)C2,8.438728237965623,2
CN(Cc1ccc(/C=C/C(=O)NO)cc1F)CC1CCCCC1,8.265200170411154,1
CN(Cc1ccc(C(=O)CSc2ncnc3c2cnn3C)s1)S(=O)(=O)Cc1ccncc1,5.259637310505756,1
CN(Cc1ccc(C(=O)NO)cc1)C(=O)O[C@@H]1C[C@@H](c2nc3cccc(Cl)c3c(=O)n2C)N(c2nc(N)nc(N)c2C#N)C1,6.585026652029182,2
CN(Cc1ccc(C(=O)NO)cc1)C(=O)c1cc2c(cn1)[nH]c1ccccc12,5.249491605148654,1
CN(Cc1ccc(C(=O)NO)cc1)C(=O)c1ccccc1,6.587430638200582,4
CN(Cc1ccc(C(=O)Nc2cc(-c3ccccc3)ccc2N)cc1)c1ccncc1,8.0,3
CN(Cc1ccc(C(=O)Nc2cc(-c3ccccc3)ccc2O)cc1)C1CCOC1,7.366531544420414,1
CN(Cc1ccc(C(=O)Nc2cc(-c3ccccc3)ccc2O)cc1)Cc1cnccn1,7.508638306165727,1
CN(Cc1ccc(C(=O)Nc2cc(-c3ccccc3)ccc2O)cc1)Cc1cnn(C)c1,7.619788758288394,1
CN(Cc1ccc(C(=O)Nc2cc(-c3ccccc3)ccc2O)cc1)c1ccncc1,7.886056647693163,1
CN(Cc1ccc(C(=O)Nc2ccccc2N)cc1)c1ccccc1,6.0,2
CN(Cc1ccc(Cl)cc1)c1ccc(OCCCCCCC(=O)NO)cc1,8.698970004336019,2
CN(Cc1ccc(OCCCOc2ccc(CC(=O)NO)cc2)cc1)CC(O)(Cn1cncn1)c1ccc(F)cc1F,5.963646018122167,3
CN(Cc1ccc2c(c1)CCC(C(=O)NO)=C2)CC12CC3CC(CC(C3)C1)C2,7.253365801062421,1
CN(Cc1ccc2nccnc2c1)C(=O)c1ccc(C(=O)C(F)(F)F)s1,6.236572006437062,6
CN(Cc1ccccc1)C(=O)c1ccc(-c2noc(C(F)(F)F)n2)cc1,4.835647144215563,2
CN(Cc1ccccc1)C(=O)c1ccc(C(=O)C(F)(F)F)s1,5.8466883277161585,6
CN(Cc1ccccc1)Cc1ccc(-c2ccc(C(=O)NO)s2)nc1,7.455931955649724,2
CN(Cc1ccccc1)Cc1ccc(C(=O)C(F)(F)F)s1,5.508638306165727,2
CN(Cc1ccccc1)Cc1ccc(C(=O)Nc2cc(-c3ccccc3)ccc2O)cc1,6.455931955649724,1
CN(Cc1ccccc1)c1cc(NCCC(=O)NO)nc(-c2ccccn2)n1,5.3310552655422665,2
CN(Cc1ccccc1)c1cc(NCCCC(=O)NO)nc(-c2ccccn2)n1,6.008818244593597,2
CN(Cc1ccccc1)c1cc(NCCCC(=O)NO)nc(-c2cccnc2)n1,6.306229098593468,2
CN(Cc1ccccc1)c1cc(NCCCCC(=O)NO)nc(-c2ccccn2)n1,6.281498311132726,2
CN(Cc1ccccc1)c1cc(NCCCCCC(=O)NO)nc(-c2ccccn2)n1,7.366531544420414,2
CN(Cc1ccccc1)c1cc(NCCCCCCC(=O)NO)nc(-c2ccccn2)n1,6.982966660701219,2
CN(Cc1ccccc1)c1cc(NCCCCCCC(=O)NO)nc(-c2cccnc2)n1,8.657577319177793,2
CN(Cc1ccccc1)c1ccc2c3c(cccc13)C(=O)N(CCCCCC(=O)NO)C2=O,5.623423042943488,2
CN(Cc1ccnc(Cl)c1)c1ncc(-c2noc(C(F)(F)F)n2)cn1,5.769551078621726,1
CN(Cc1ccncc1)c1ccc(OCCCCCCC(=O)NO)cc1,7.81960865506336,2
CN(Cc1ccncc1)c1ncc(-c2noc(C(F)(F)F)n2)cn1,5.494850021680094,1
CN(Cc1nc2c(N3CCOCC3)nc(-c3cc(C(F)(F)F)cc(C(F)(F)F)c3)nc2n1C)c1ncc(C(=O)NO)cn1,7.522156124843248,2
CN(Cc1nc2c(N3CCOCC3)nc(-c3ccc(C(C)(C)C)cc3)nc2n1C)c1ncc(C(=O)NO)cn1,7.99978296126034,2
CN(Cc1nc2c(N3CCOCC3)nc(-c3ccc(C(F)(F)F)cc3)nc2n1C)c1ncc(C(=O)NO)cn1,8.292429823902063,2
CN(Cc1nc2c(N3CCOCC3)nc(-c3ccc(Cl)c(C(F)(F)F)c3)nc2n1C)c1ncc(C(=O)NO)cn1,8.997839313108678,2
CN(Cc1nc2c(N3CCOCC3)nc(-c3ccc(N)cc3)nc2n1C)c1ncc(C(=O)NO)cn1,8.956341102798127,3
CN(Cc1nc2c(N3CCOCC3)nc(-c3ccc(N)cc3)nc2n1C1CCCC1)c1ncc(C(=O)NO)cn1,6.721246399047171,2
CN(Cc1nc2c(N3CCOCC3)nc(-c3ccc(N)nc3)nc2n1C)c1ncc(C(=O)NO)cn1,8.956642168027559,2
CN(Cc1nc2c(N3CCOCC3)nc(-c3ccc(S(C)(=O)=O)cc3)nc2n1C)c1ncc(C(=O)NO)cn1,9.070581074285707,2
CN(Cc1nc2c(N3CCOCC3)nc(-c3ccc4c(c3)OCO4)nc2n1C)c1ncc(C(=O)NO)cn1,9.013228265733755,2
CN(Cc1nc2c(N3CCOCC3)nc(-c3cccc(O)c3)nc2n1C)c1ncc(C(=O)NO)cn1,9.259637310505756,2
CN(Cc1nc2c(N3CCOCC3)nc(-c3cccnc3)nc2n1C)c1ncc(C(=O)NO)cn1,9.309803919971486,2
CN(Cc1nc2c(N3CCOCC3)nc(-c3ccncc3)nc2n1C)c1ncc(C(=O)NO)cn1,8.90664469051931,3
CN(Cc1nc2c(N3CCOCC3)nc(-c3cnc(N)nc3)nc2n1C)c1ncc(C(=O)NO)cn1,8.821484240274444,3
CN(Cc1nc2c(N3CCOCC3)nc(-c3cnc(N)nc3)nc2n1C1CCCC1)c1ncc(C(=O)NO)cn1,6.522878745280337,2
CN(Cc1nc2c(N3CCOCC3)nc(-c3cnc4ccccc4c3)nc2n1C)c1ncc(C(=O)NO)cn1,8.795880017344075,2
CN(Cc1nc2c(N3CCOCC3)nc(-c3cncnc3)nc2n1C)c1ncc(C(=O)NO)cn1,8.950851231752651,2
CN(Cc1nc2c(N3CCOCC3)nc(Cl)nc2n1C)c1ncc(C(=O)NO)cn1,8.958607314841775,2
CN(Cc1nc2cc(C(=O)NO)ccc2n1C)c1ccccc1,6.246416941107094,2
CN(c1ccc(/C=C/C(=O)NO)cc1)S(=O)(=O)c1ccccc1,6.2263040285585864,5
CN(c1ccc(Cl)c(Cl)c1)c1ncc(C(=O)NO)cn1,7.086186147616283,1
CN(c1ccc(OCC(=O)NO)cc1)c1ncnc2ccccc12,6.616184634019569,2
CN(c1ccc(OCCCC(=O)NO)cc1)c1ncnc2ccccc12,7.119186407719209,2
CN(c1ccc(OCCCCC(=O)NO)cc1)c1ncnc2ccccc12,6.692503962086787,2
CN(c1ccc(OCCCCCC(=O)NO)cc1)c1ncnc2ccccc12,6.75448733218585,2
CN(c1ccccc1)S(=O)(=O)c1cccc(/C=C/C(=O)NO)c1,7.035986522485306,2
CN(c1ccccc1)c1ncc(NC(=O)CS)cn1,5.698970004336019,2
CN(c1ncc(C(=O)NO)cn1)C12CC3CC(CC(C3)C1)C2,7.698970004336019,1
CN(c1ncc(C(=O)Nc2cc(-c3ccccc3)ccc2N)cn1)C1CCN(C(=O)Cc2c[nH]c3ccccc23)CC1,7.318758762624412,1
CN1/C(=C/c2ccccc2)N(O)c2cc(/C=C/C(=O)NO)ccc21,7.207608310501746,1
CN1C(=O)C(N)N=C(c2ccccc2)c2cc(C#CCCCC(=O)NO)ccc21,5.962573502059376,2
CN1C(=O)C(NC(=O)CCCCC(=O)NO)N=C(c2ccccc2)c2ccccc21,6.391239274195796,3
CN1C(=O)C(NC(=O)CCCCCC(=O)NO)N=C(c2ccccc2)c2ccccc21,6.544040831120706,3
CN1C(=O)C(NC(=O)CCCCCCCC(=O)NO)N=C(c2ccccc2)c2ccccc21,6.286455424955061,3
CN1C(=O)C2CN(Cc3c2c2ccccc2n3Cc2ccc(C(=O)NO)cc2)C1=O,5.441291429466834,2
CN1C(=O)CC(C)(C)c2cc(C(=O)NCCCCCCC(=O)NO)ccc21,7.366531544420414,2
CN1C(=O)CCC[C@H]1C(=O)N[C@@H](CCCCCS)C(=O)Nc1ccccc1,7.958607314841775,2
CN1C(=O)CC[C@@H]1C(=O)N[C@@H](CCCCCS)C(=O)Nc1ccccc1,7.236572006437063,2
CN1C(=O)CN=C(c2ccccc2)c2cc(C#C/C=C/C(=O)NO)ccc21,6.502991554790566,3
CN1C(=O)CN=C(c2ccccc2)c2cc(C#CCCC(=O)NO)ccc21,5.560667306169737,2
CN1C(=O)CN=C(c2ccccc2)c2cc(C#CCCCC(=O)NO)ccc21,5.667561540084394,2
CN1C(=O)CN=C(c2ccccc2)c2cc(C#CCCCCC(=O)NO)ccc21,5.721246399047171,2
CN1C(=O)CNC(=O)/C1=C/c1ccc(-c2ccc(/C=C/C(=O)NO)cc2)cc1,8.107349322124836,2
CN1C(=O)CNC(=O)/C1=C/c1ccc(/C=C/C(=O)NO)cc1C(F)(F)F,7.927619519611963,2
CN1C(=O)CNC(=O)/C1=C/c1ccc(/C=C/C(=O)NO)cc1F,7.540162908019859,2
CN1C(=O)CNC(=O)/C1=C/c1ccc(C(=O)NCCCCCCC(=O)NO)cc1,8.919016691817962,2
CN1C(=O)CNC(=O)/C1=C/c1ccc(C(=O)NCCCNC(=O)c2ccc(C(=O)NO)cc2)cc1,6.070558083442041,2
CN1C(=O)CNC(=O)/C1=C/c1ccc(C(=O)NCCNC(=O)c2ccc(C(=O)NO)cc2)cc1,7.060630555763282,2
CN1C(=O)CNC(=O)/C1=C/c1ccc(C(=O)NCc2ccc(C(=O)NO)cc2)cc1,7.556754637413759,2
CN1C(=O)CNC(=O)/C1=C/c1ccc(C(=O)NCc2cccc(C(=O)NO)c2)cc1,6.55744185257666,2
CN1C(=O)CNC(=O)/C1=C/c1ccc(C(=O)NO)cc1,6.077892448291691,2
CN1C(=O)CNC(=O)/C1=C/c1ccc(C(=O)Nc2cccc(C(=O)NO)c2)cc1,7.120475969522082,2
CN1C(=O)CNC(=O)/C1=C/c1ccc(NCc2ccc(C(=O)NO)cc2)cc1,7.915456821256488,2
CN1C(=O)CNC(=O)/C1=C/c1ccc(OCc2ccc(C(=O)NO)cc2)cc1,8.059484657373488,2
CN1C(=O)Cc2cc(C(=O)Nc3cc(-c4cccs4)ccc3N)ccc21,8.301029995663981,2
CN1C(=O)[C@@H](NC(=O)CCCCCCC(=O)NO)N=C(c2ccccc2)c2ccccc21,6.4800311249879625,3
CN1C(=O)[C@@H](O)N=C(c2ccccc2)c2cc(C#CCCCC(=O)NO)ccc21,5.661543506395395,2
CN1C(=O)[C@H](NC(=O)CCCCCCC(=O)NO)N=C(c2ccccc2)c2ccccc21,6.272814075379071,3
CN1C(=O)[C@H](O)N=C(c2ccccc2)c2cc(C#CCCCC(=O)NO)ccc21,6.231191657483104,3
CN1C(=O)c2cc(/C=C/C(=O)NO)ccc2OC12CCN(CCc1ccccc1)CC2,6.58838029403677,1
CN1C(=O)c2cc(/C=C/C(=O)NO)ccc2OC12CCN(Cc1ccc(F)cc1)CC2,6.863279432843593,1
CN1C(=O)c2cc(/C=C/C(=O)NO)ccc2OC12CCN(Cc1ccccc1)CC2,6.866461091629782,1
CN1C(=O)c2cc(/C=C/C(=O)NO)ccc2OC12CCNCC2,6.690369832574101,1
CN1CC(=O)N(c2ccc(-c3noc(C(F)(F)F)n3)cc2)C(c2ccccc2)C1,6.070581074285707,1
CN1CC(C(=O)N(Cc2ccc(-c3noc(C(F)(F)F)n3)cn2)c2cccc(F)c2)CCC1=O,6.468521082957745,1
CN1CC(C(=O)NC(C)(CCCCCC(=O)c2ccon2)c2ncc(-c3ccccc3F)[nH]2)C1,9.387216143280265,1
CN1CC(C(=O)NC(CCCCCC(=O)c2ccon2)c2ncc(-c3ccccc3F)o2)C1,9.69897000433602,1
CN1CC(C(=O)N[C@@H](CCCCCC(=O)c2ccon2)C2NC(c3ccccc3F)=NC2Cl)C1,9.920818753952377,1
CN1CC(C(=O)N[C@@H](CCCCCC(=O)c2ccon2)c2nc(Cl)c(-c3ccc(F)cc3)[nH]2)C1,9.744727494896694,1
CN1CC(C(=O)N[C@@H](CCCCCC(=O)c2ccon2)c2ncc(-c3ccccc3F)[nH]2)C1,10.009538398067573,5
CN1CC(C(=O)N[C@@H](CCCCCC(=O)c2ccon2)c2ncc(-c3ccccc3F)o2)C1,9.698970004336019,2
CN1CC(C(=O)N[C@@H](CCCCCC(=O)c2ccon2)c2nnc(-c3ccccc3F)o2)C1,7.292429823902064,3
CN1CC(C(=O)N[C@@H](CCCCCC(=O)c2ncco2)c2nc(-c3ccc(F)cc3)c[nH]2)C1,8.958607314841775,1
CN1CC(C(=O)N[C@@H](CCCCCC(=O)c2ncco2)c2ncc(-c3cc(OC4CCC4)ccc3F)[nH]2)C1,8.585026652029182,1
CN1CC(C(=O)N[C@@H](CCCCCC(=O)c2ncco2)c2ncc(-c3ccc(F)cc3)[nH]2)C1,7.958607314841775,2
CN1CC(COC(=O)Nc2cc(-c3cccs3)ccc2N)C1,4.755722879198157,1
CN1CC2(CC(=O)c3cc(/C=C/C(=O)NO)ccc3O2)C1,6.774690718274137,1
CN1CC2(CCN(Cc3ccc(C(=O)NO)cc3)CC2)c2ccccc21,4.649751981665837,2
CN1CC2C(C1)C2C(=O)Nc1cc(-c2cccs2)ccc1N,4.755722879198157,1
CN1CCC(C(=O)N(Cc2ccc(-c3noc(C(F)(F)F)n3)cn2)c2cccc(F)c2)C1,6.6020599913279625,1
CN1CCC(C(=O)N[C@@H](CCCCCC(=O)O)c2nc(-c3ccc4ccccc4c3)c[nH]2)CC1,7.455931955649724,1
CN1CCC(C(=O)N[C@@H](CCCCCC(=O)O)c2ncc(-c3ccc4ccccc4c3)[nH]2)CC1,7.455931955649724,1
CN1CCC(C(=O)N[C@@H](CCCCCC(=O)c2ccccn2)c2ncc(-c3ccccc3)[nH]2)CC1,6.823908740944319,2
CN1CCC(C(=O)N[C@@H](CCCCCC(=O)c2ncco2)c2nc(-c3ccc(F)cc3)c[nH]2)CC1,9.585026652029182,1
CN1CCC(C(=O)N[C@@H](CCCCCC(=O)c2nccs2)c2nc(-c3ccc(F)cc3)c[nH]2)CC1,8.537602002101044,1
CN1CCC(C(=O)N[C@@H](CCCCCC(=O)c2nccs2)c2ncc(-c3ccc(F)cc3)[nH]2)CC1,8.236572006437063,2
CN1CCC(C(=O)Nc2cc(-c3cccs3)ccc2N)CC1,5.515700160653214,1
CN1CCC(C(=O)Nc2cc(-c3cccs3)ccc2N)CC1=O,7.301029995663981,1
CN1CCC(C(=O)Nc2cc(C3=CCCCC3)ccc2N)CC1=O,4.755722879198157,1
CN1CCC(CN(C)Cc2ccc(C(=O)Nc3cc(-c4ccccc4)ccc3O)cc2)CC1,7.107905397309519,1
CN1CCC(CNC(=O)Nc2cc(-c3cccs3)ccc2N)CC1,5.515700160653214,1
CN1CCC(CNCc2ccc(C(=O)Nc3cc(-c4ccccc4)ccc3O)cc2)C1,6.7447274948966935,1
CN1CCC(COC(=O)Nc2cc(-c3ccc(Cl)s3)ccc2N)CC1,4.755722879198157,1
CN1CCC(COC(=O)Nc2cc(-c3ccc(F)cc3)ccc2N)CC1,5.515700160653214,1
CN1CCC(COC(=O)Nc2cc(-c3cccs3)ccc2N)CC1,6.255707016877324,1
CN1CCC(Cn2cc(/C=C/C(=O)Nc3ccccc3N)cn2)CC1,5.522878745280337,2
CN1CCC(Nc2ncc(C(=O)Nc3cc(-c4ccccc4)ccc3N)cn2)CC1,8.096910013008056,1
CN1CCC(Nc2ncc(C(=O)Nc3cc(-c4ccccc4)ccc3N)cn2)c2ccccc21,6.6777807052660805,1
CN1CCC(Nc2ncc(C(=O)Nc3cc(-c4cccs4)ccc3N)cn2)(c2ccccc2)CC1,8.0,1
CN1CCC(c2ccc(C(=O)Nc3ccccc3N)cc2)CC1,6.316705236263697,3
CN1CCC1C(=O)N[C@@H](CCCCCC(=O)c1ccon1)c1ncc(-c2ccccc2F)[nH]1,9.886056647693165,1
CN1CCC2(CC(=O)c3cc(/C=C/C(=O)NO)ccc3O2)C1,6.924453038607469,1
CN1CCC2(CC1)C(=O)N(Cc1c(F)cc(C(=O)NO)cc1F)CN2c1ccccc1,5.214588297648049,2
CN1CCC2(CC1)C(=O)N(Cc1ccc(C(=O)NO)cc1)CN2c1ccccc1,6.0798766737092755,2
CN1CCC2(CC1)C(=O)N(Cc1ccc(C(=O)NO)cc1F)CN2c1ccccc1,5.674074044228534,2
CN1CCC2(CC1)CC(=O)c1cc(/C=C/C(=O)NO)ccc1O2,6.5406075122407685,1
CN1CCC2(CC1)CC(=O)c1ccc(/C=C/C(=O)NO)cc1O2,5.2335871528876,1
CN1CCC2(CC1)CC(C(=O)N[C@@H](CCCCCC(=O)c1ccon1)c1cc(-c3ccc4nn(C)cc4c3)on1)=NO2,9.214670164989233,1
CN1CCC2(CC1)CN(Cc1ccc(C(=O)NO)cc1)c1ccccc12,4.931443104927637,2
CN1CCC2(CC1)CN(Cc1ccc(C(=O)NO)s1)c1ccccc12,4.941573975542995,2
CN1CCC2(CC1)C[C@@H]2C(=O)N[C@@H](CCCCCC(=O)c1ccon1)c1[nH]c(-c2ccccc2F)nc1Cl,10.080921907623926,1
CN1CCC2(CC1)C[C@@H]2C(=O)N[C@@H](CCCCCC(=O)c1ccon1)c1nc(-c2ccccc2F)c[nH]1,10.0,1
CN1CCC2(CC1)C[C@@H]2C(=O)N[C@@H](CCCCCC(=O)c1ccon1)c1nc(Cl)c(-c2ccc(F)cc2)[nH]1,9.853871964321762,1
CN1CCC2(CC1)C[C@@H]2C(=O)N[C@@H](CCCCCC(=O)c1ncco1)c1[nH]c(-c2ccc(F)cc2)nc1C#N,9.795880017344077,1
CN1CCC2(CC1)C[C@@H]2C(=O)N[C@@H](CCCCCC(=O)c1ncco1)c1nc(-c2ccc(F)cc2)c[nH]1,5.656591406196142,1
CN1CCC2(CC1)C[C@@H]2C(=O)N[C@@H](CCCCCC(=O)c1ncco1)c1oc(-c2ccc(F)cc2)nc1C#N,8.602059991327963,1
CN1CCC2(CC1)NC(=O)c1cc(/C=C/C(=O)NO)ccc1O2,7.00436480540245,1
CN1CCC2(CC1)Oc1ccc(/C=C/C(=O)NO)cc1C(=O)N2C,6.278189384787453,1
CN1CCC2(CC1)Oc1ccc(/C=C/C(=O)NO)cc1C(=O)N2Cc1ccccc1,6.7594507517174005,1
CN1CCC2(CC1)Oc1ccc(/C=C/C(=O)NO)cc1C2=O,6.269217724333611,1
CN1CCC2(CC1)c1ccccc1N(Cc1ccc(C(=O)NO)cc1)C2c1ccc(Cl)cc1,5.437707135543525,2
CN1CCC2(CC1)c1ccccc1N(Cc1ccc(C(=O)NO)cc1)C2c1ccc(F)cc1,5.210419287835574,2
CN1CCC2(CC1)c1ccccc1N(Cc1ccc(C(=O)NO)cc1)C2c1cccc(Cl)c1,5.09151498112135,2
CN1CCC2(CC1)c1ccccc1N(Cc1ccc(C(=O)NO)cc1)C2c1ccccc1,5.367542707815275,2
CN1CCC2(CC1)c1ccccc1N(Cc1ccc(C(=O)NO)cc1)C2c1ccccc1F,5.314258261397736,2
CN1CCC2(CC1)c1ccccc1N(Cc1ccc(C(=O)NO)cc1)C2c1cccnc1,5.119186407719209,2
CN1CCC2=C(C1)N(Cc1ccc(C(=O)NO)cc1)c1ccccc1S2,6.008773924307505,2
CN1CCCC(COC(=O)Nc2cc(-c3cccs3)ccc2N)C1,4.755722879198157,1
CN1CCCC(n2c(-c3cccc(/C=C/C(=O)NO)c3)nc3ccccc32)C1,7.6020599913279625,1
CN1CCCC1c1cn(Cc2ccc(C(=O)NO)cc2)c2ccccc12,6.500154924664951,2
CN1CCCC2(CC(=O)c3cc(/C=C/C(=O)NO)ccc3O2)C1,6.625251653989896,1
CN1CCCC2(CC1)CC(=O)c1cc(/C=C/C(=O)NO)ccc1O2,6.943095148663527,1
CN1CCC[C@@H](n2c(-c3cccc(/C=C/C(=O)NO)c3)nc3ccccc32)C1,8.0,2
CN1CCC[C@H](n2c(-c3cccc(/C=C/C(=O)NO)c3)nc3ccccc32)C1,7.7312733420053705,3
CN1CCN(C(=O)N2CCC(C)(Nc3ccc(C(=O)Nc4cc(-c5cccs5)ccc4N)cc3)CC2)CC1,8.494850021680094,1
CN1CCN(C(=O)N2CCC(C)(Nc3ncc(C(=O)Nc4cc(-c5cccs5)ccc4N)cn3)CC2)CC1,8.070581074285707,1
CN1CCN(C(=O)N2CCC(Nc3ccc(C(=O)Nc4cc(-c5cccs5)ccc4N)cc3)CC2)CC1,8.920818753952375,1
CN1CCN(C(=O)NCc2ccc(C(=O)Nc3cc(-c4cccs4)ccc3N)cc2)CC1,7.096910013008056,2
CN1CCN(C(=O)Nc2cc(-c3cccs3)ccc2N)CC1,6.255707016877324,1
CN1CCN(CC(/C=C/c2ccccc2)N2CCN(c3ncc(C(=O)NO)cn3)CC2)CC1,8.161150909262744,1
CN1CCN(CC(=O)N(Cc2ccc(-c3noc(C(F)(F)F)n3)cc2)c2cccc(C(F)(F)F)c2)CC1,6.004364805402449,1
CN1CCN(CC(=O)Nc2ccc(-c3ccnc(Nc4ccc(OCCCCCCC(=O)NO)cc4)n3)cc2)CC1,6.847711655616944,2
CN1CCN(CC(=O)Nc2ccc(-c3ccnc(Nc4cccc(OCCCCCCC(=O)NO)c4)n3)cc2)CC1,6.458420756053419,2
CN1CCN(CC2C(=O)c3c(n(Cc4ccc(C(=O)NO)cc4)c4ccc(F)cc34)CC2(C)C)CC1,6.437707135543525,2
CN1CCN(CC2CCc3c(c4cc(F)ccc4n3Cc3ccc(C(=O)NO)cc3)C2=O)CC1,5.245197147694222,4
CN1CCN(CC2CCc3c(c4ccccc4n3Cc3ccc(C(=O)NO)cc3)C2=O)CC1,5.3829996588791005,2
CN1CCN(CCCn2c(CCc3ccccc3)nc3cc(/C=C/C(=O)NO)ccc32)CC1,5.795880017344075,3
CN1CCN(CCN(C)S(=O)(=O)N(Cc2ccc(-c3nnc(C(F)F)o3)cc2)c2ccccc2)CC1,7.031517051446065,1
CN1CCN(CCc2cn(-c3ccc(C(=O)NO)cc3)c3ccccc23)CC1,5.910094888560602,1
CN1CCN(CCc2cn(CC3=CCC(C(=O)NO)C=C3)c3ccccc23)CC1,5.910094888560602,1
CN1CCN(CCn2ncc3cc(C(=O)Nc4cc(-c5ccccc5)ccc4N)ccc32)CC1,8.148741651280925,1
CN1CCN(Cc2ccc(-c3nc4ccc(C(=O)NO)cc4[nH]3)cc2)CC1,6.154901959985743,1
CN1CCN(Cc2ccc(C(=O)/C=C/c3ccc(/C=C/C(=O)NO)cc3)cc2)CC1,6.73754891026957,1
CN1CCN(Cc2ccc(C(=O)/C=C/c3ccc(/C=C/C(=O)NO)nc3)cc2)CC1,7.568636235841012,1
CN1CCN(Cc2ccc(C(=O)/C=C/c3cccc(/C=C/C(=O)NO)c3)cc2)CC1,7.769551078621726,1
CN1CCN(Cc2ccc(C(=O)/C=C/c3cccc(/C=C/C(=O)NO)n3)cc2)CC1,7.3872161432802645,1
CN1CCN(Cc2ccc(C(=O)Nc3cc(-c4ccccc4)ccc3O)cc2)CC1,5.619788758288394,1
CN1CCN(Cc2cccc(C(=O)/C=C/c3ccc(/C=C/C(=O)NO)cc3)c2)CC1,6.645891560852599,1
CN1CCN(Cc2cccc(C(=O)/C=C/c3ccc(/C=C/C(=O)NO)nc3)c2)CC1,7.275724130399211,1
CN1CCN(Cc2cccc(C(=O)/C=C/c3cccc(/C=C/C(=O)NO)c3)c2)CC1,7.619788758288394,1
CN1CCN(Cc2cccc(C(=O)/C=C/c3cccc(/C=C/C(=O)NO)n3)c2)CC1,7.251811972993799,1
CN1CCN(Cc2ccccc2C(=O)/C=C/c2ccc(/C=C/C(=O)NO)cc2)CC1,6.455931955649724,1
CN1CCN(Cc2ccccc2C(=O)/C=C/c2ccc(/C=C/C(=O)NO)nc2)CC1,7.920818753952375,1
CN1CCN(Cc2ccccc2C(=O)/C=C/c2cccc(/C=C/C(=O)NO)c2)CC1,7.130768280269024,1
CN1CCN(Cc2ccccc2C(=O)/C=C/c2cccc(/C=C/C(=O)NO)n2)CC1,7.275724130399211,1
CN1CCN(S(=O)(=O)N(Cc2ccc(-c3nnc(C(F)(F)F)o3)cc2F)c2cccc(F)c2)CC1,7.136677139879544,1
CN1CCN(S(=O)(=O)N(Cc2ccc(-c3nnc(C(F)(F)F)o3)cc2F)c2ccccc2)CC1,7.1249387366083,1
CN1CCN(S(=O)(=O)N(Cc2ccc(-c3nnc(C(F)F)o3)cc2)c2ccc(F)c(Cl)c2)CC1,7.443697499232712,1
CN1CCN(S(=O)(=O)N(Cc2ccc(-c3nnc(C(F)F)o3)cc2F)c2cccc(F)c2)CC1,7.602059991327962,1
CN1CCN(S(=O)(=O)N(Cc2ccc(-c3nnc(C(F)F)o3)cc2F)c2ccccc2)CC1,7.638272163982407,1
CN1CCN(S(=O)(=O)N(Cc2ccc(-c3nnc(C(F)F)o3)cc2F)c2cccnc2)CC1,7.259637310505756,1
CN1CCN(S(=O)(=O)N(Cc2ccc(-c3nnc(C(F)F)o3)cn2)c2ccccc2)CC1,7.823908740944319,1
CN1CCN(c2ccc(-c3cc(C(=O)NCc4ccc(C(=O)NO)cc4)ccn3)cc2)CC1,8.794527070656112,2
CN1CCN(c2ccc(-c3ccnc(NCc4ccc(C(=O)Nc5ccccc5N)cc4)n3)cn2)CC1,7.096910013008056,2
CN1CCN(c2ccc(-c3noc(C(F)(F)F)n3)cc2)C(c2ccccc2)C1,5.275724130399211,1
CN1CCN(c2ccc(-c3noc(C(F)(F)F)n3)cn2)C(c2cccc(F)c2)C1O,4.795880017344075,1
CN1CCN(c2ccc(-c3noc(C(F)(F)F)n3)cn2)[C@@H](c2ccccc2)C1,6.443697499232712,1
CN1CCN(c2ccc(C(=O)/C=C/c3ccc(/C=C/C(=O)NO)cc3)cc2)CC1,5.701146923590294,1
CN1CCN(c2ccc(C(=O)/C=C/c3ccc(/C=C/C(=O)NO)nc3)cc2)CC1,6.756961951313706,1
CN1CCN(c2ccc(C(=O)/C=C/c3cccc(/C=C/C(=O)NO)c3)cc2)CC1,7.568636235841012,1
CN1CCN(c2ccc(C(=O)/C=C/c3cccc(/C=C/C(=O)NO)n3)cc2)CC1,7.823908740944319,1
CN1CCN(c2ccc(C(=O)NC(=O)NCCCCCC(=O)NO)cc2[N+](=O)[O-])CC1,5.546109505839895,4
CN1CCN(c2ccc(C(=O)NCCCCCC(=O)Nc3ccccc3N)cc2)CC1,6.351639989019068,1
CN1CCN(c2ccc(Nc3nccc(-c4ccc(NC(=O)CCCCCCC(=O)NO)cc4)n3)cc2)CC1,7.113509274827518,2
CN1CCN(c2ccc3cc(C(=O)Nc4ccc(F)cc4N)cnc3c2C2CC2)CC1,5.794254459057338,1
CN1CCN(c2cccc(C(=O)/C=C/c3ccc(/C=C/C(=O)NO)cc3)c2)CC1,6.552841968657781,1
CN1CCN(c2cccc(C(=O)/C=C/c3ccc(/C=C/C(=O)NO)nc3)c2)CC1,7.522878745280337,1
CN1CCN(c2cccc(C(=O)/C=C/c3cccc(/C=C/C(=O)NO)c3)c2)CC1,7.698970004336019,1
CN1CCN(c2cccc(C(=O)/C=C/c3cccc(/C=C/C(=O)NO)n3)c2)CC1,7.494850021680094,1
CN1CCN(c2cccc(C(=O)NCCCCCC(=O)Nc3ccccc3N)c2)CC1,6.437707135543525,1
CN1CCN(c2ccccc2C(=O)/C=C/c2ccc(/C=C/C(=O)NO)cc2)CC1,6.730487055782083,1
CN1CCN(c2ccccc2C(=O)/C=C/c2ccc(/C=C/C(=O)NO)nc2)CC1,6.85078088734462,1
CN1CCN(c2ccccc2C(=O)/C=C/c2cccc(/C=C/C(=O)NO)c2)CC1,7.060480747381382,1
CN1CCN(c2ccccc2C(=O)/C=C/c2cccc(/C=C/C(=O)NO)n2)CC1,7.481486060122112,1
CN1CCN(c2ccccc2C(=O)NCCCCCC(=O)Nc2ccccc2N)CC1,5.445995678988098,1
CN1CCN(c2cnc(C(=O)Nc3cc(-c4cccs4)ccc3[N+](=O)[O-])cn2)CC1,7.154901959985743,2
CN1CCN(c2nc(-c3ccc(C(=O)NO)cc3)nc3cc(Cl)ccc23)CC1,6.444663739324363,2
CN1CCOC(CNCc2ccc(-c3noc(C(F)(F)F)n3)cn2)C1,5.552841968657781,1
CN1CC[C@@H](C(=O)N[C@@H](CCCCCC(=O)O)c2nc(-c3ccc4ccccc4c3)c[nH]2)C1,7.136677139879544,1
CN1CC[C@@H](C(=O)N[C@@H](CCCCCC(=O)O)c2ncc(-c3ccc4ccccc4c3)[nH]2)C1,7.136677139879544,1
CN1CC[C@@H](NC(=O)c2ccc(-c3noc(C(F)(F)F)n3)cc2)C1,5.7447274948966935,1
CN1CC[C@H](C(=O)N[C@@H](CCCCCC(=O)O)c2nc(-c3ccc4ccccc4c3)c[nH]2)C1,7.397940008672037,1
CN1CC[C@H](C(=O)N[C@@H](CCCCCC(=O)O)c2ncc(-c3ccc4ccccc4c3)[nH]2)C1,7.3979400086720375,1
CN1CCc2c(c3cc(Br)ccc3n2Cc2ccc(C(=O)NO)cc2)C1,6.369572124974976,2
CN1CCc2c(c3cc(C(C)(C)C)ccc3n2Cc2ccc(C(=O)NO)cc2)C1,4.85078088734462,2
CN1CCc2c(c3cc(Cl)ccc3n2Cc2ccc(C(=O)NO)cc2)C1,5.991399828238082,2
CN1CCc2c(c3ccccc3n2CCCCCC(=O)NO)C1,4.598599459218456,1
CN1CCc2c(c3ccccc3n2CCCCCC(=O)NO)C1.O=C(O)C(F)(F)F,4.598599459218456,1
CN1CCc2c(c3ccccc3n2Cc2ccc(/C=C/C(=O)NO)cc2)C1,5.795880017344075,2
CN1CCc2c(c3ccccc3n2Cc2ccc(C(=O)NO)cc2)C1,5.261061372827098,135
CN1CCc2c(c3ccccc3n2Cc2ccc(C(=O)NO)cc2)C1.O=C(O)C(F)(F)F,4.785156151952302,1
CN1CCc2c(c3ccccc3n2S(=O)(=O)c2cccc(/C=C/C(=O)NO)c2)C1,5.568636235841012,2
CN1CCc2c(n(CCCCCC(=O)NO)c3ccccc23)C1,5.285670240254767,1
CN1CCc2c(n(Cc3ccc(C(=O)NO)cc3)c3ccccc23)C1,5.392844573392602,4
CN1CCc2c(n(Cc3ccc(C(=O)NO)cc3)c3ccccc23)C1.O=C(O)C(F)(F)F,5.285670240254767,1
CN1CNc2cc(/C=C/C(=O)NO)ccc21,5.853871964321762,1
CN1C[C@@H](C(=O)Nc2ccc(Cl)cc2)[C@H](c2ccc(/C=C/C(=O)Nc3ccccc3N)cc2)C1,6.853871964321762,2
CN1C[C@H](C(=O)Nc2ccc(Cl)cc2)[C@@H](c2ccc(/C=C/C(=O)Nc3ccccc3N)cc2)C1,7.221848749616356,2
CN1C[C@H](C(=O)Nc2ccc(Cl)cc2)[C@@H](c2ccc(/C=C/C(=O)Nc3ccccc3N)cc2F)C1,7.0,2
CN1Cc2ccc(NCc3ccc(-c4noc(C(F)(F)F)n4)cn3)cc2C1=O,6.552841968657781,1
CN1c2cc(/C=C/C(=O)NO)ccc2NC1CCc1ccccc1,6.417936637088291,1
CN1c2ccc(/C=C/C(=O)NO)cc2NC1CCNC(=O)Cc1ccccc1,6.0347982989740885,1
CN1c2ccc(/C=C/C(=O)NO)cc2NC1CCc1ccccc1,6.448550002027124,1
CN1c2ccc(/C=C/C(=O)NO)cc2NC1CNC(=O)c1ccncc1,6.863279432843593,1
CN1c2ccc(F)cc2C(=O)N2CCc3c([nH]c4ccc(OCCCC(=O)NO)cc34)C21,5.657577319177793,2
CN1c2ccc(F)cc2C(=O)N2CCc3c([nH]c4ccc(OCCCC(=O)Nc5ccccc5N)cc34)C21,5.657577319177793,2
CN1c2ccc(F)cc2C(=O)N2CCc3c([nH]c4ccc(OCCCCC(=O)NO)cc34)C21,7.6777807052660805,2
CN1c2ccc(F)cc2C(=O)N2CCc3c([nH]c4ccc(OCCCCC(=O)Nc5ccccc5N)cc34)C21,5.6777807052660805,2
CN1c2ccc(F)cc2C(=O)N2CCc3c([nH]c4ccc(OCCCCCC(=O)NO)cc34)C21,8.397940008672037,2
CN1c2ccc(F)cc2C(=O)N2CCc3c([nH]c4ccc(OCCCCCC(=O)Nc5ccccc5N)cc34)C21,6.494850021680094,2
CN1c2ccc(F)cc2C(=O)N2CCc3c([nH]c4ccc(OCCCCCCC(=O)NO)cc34)C21,8.522878745280337,2
CN1c2ccc(F)cc2C(=O)N2CCc3c([nH]c4ccc(OCCCCCCC(=O)Nc5ccccc5N)cc34)C21,7.6020599913279625,2
CN1c2ccc(F)cc2C(=O)N2CCc3c([nH]c4ccc(OCCCCCCCC(=O)NO)cc34)C21,6.823908740944319,2
CN1c2ccc(F)cc2C(=O)N2CCc3c([nH]c4ccc(OCc5ccc(/C=C/C(=O)NO)cc5)cc34)C21,7.443697499232712,2
CN1c2ccc(F)cc2C(=O)N2CCc3c([nH]c4ccc(OCc5ccc(/C=C/C(=O)Nc6ccccc6N)cc5)cc34)C21,6.494850021680094,2
CN1c2ccc(F)cc2C(=O)N2CCc3c([nH]c4ccc(OCc5ccc(C(=O)NO)cc5)cc34)C21,7.494850021680094,2
CN1c2ccc(F)cc2C(=O)N2CCc3c([nH]c4ccc(OCc5ccc(C(=O)Nc6ccccc6N)cc5)cc34)C21,7.508638306165727,2
CN1c2ccc(F)cc2C(=O)N2CCc3c([nH]c4ccc(OCc5ccc(CC(=O)NO)cc5)cc34)C21,6.443697499232712,2
CN1c2ccc(F)cc2C(=O)N2CCc3c([nH]c4ccc(OCc5cccc(C(=O)NO)c5)cc34)C21,5.721246399047171,2
CN1c2ccc(F)cc2C(=O)N2CCc3c([nH]c4ccc(OCc5cccc(C(=O)Nc6ccccc6N)c5)cc34)C21,5.443697499232712,2
CN1c2ccc(F)cc2C(=O)N2CCc3c([nH]c4ccc(OCc5ccccc5C(=O)NO)cc34)C21,5.214670164989233,2
CN1c2ccc(F)cc2C(=O)N2CCc3c([nH]c4ccc(OCc5ccccc5C(=O)Nc5ccccc5N)cc34)C21,5.721246399047171,2
CN1c2ccc(NC(=O)CCCC(=O)NO)cc2C(=O)N2CCc3c([nH]c4ccc(O)cc34)C21,6.278189384787453,2
CN1c2ccc(NC(=O)CCCCC(=O)NO)cc2C(=O)N2CCc3c([nH]c4ccc(O)cc34)C21,6.560667306169737,2
CN1c2ccc(NC(=O)CCCCCCC(=O)NO)cc2C(=O)N2CCc3c([nH]c4ccc(O)cc34)C21,7.1938200260161125,2
CN1c2ccc(NCC3CCN(c4ncc(C(=O)NO)cn4)CC3)cc2C(=O)N2CCc3c([nH]c4ccc(O)cc34)C21,8.397940008672037,4
CN1c2ccc(NCc3ccc(-c4nnc(CCCCC(=O)NO)o4)cc3)cc2C(=O)N2CCc3c([nH]c4ccc(O)cc34)C21,7.031517051446065,2
CN1c2ccc(NCc3ccc(-c4nnc(CCCCCCC(=O)NO)o4)cc3)cc2C(=O)N2CCc3c([nH]c4ccc(O)cc34)C21,7.050609993355087,2
CN1c2ccc(NCc3ccc(-c4noc(CC(=O)NO)n4)cc3)cc2C(O)N2CCc3c([nH]c4ccc(O)cc34)C12,7.619788758288394,2
CN1c2ccc(NCc3ccc(-c4noc(CCCC(=O)NO)n4)cc3)cc2C(=O)N2CCc3c([nH]c4ccc(O)cc34)C21,6.493494967595128,2
CN1c2ccc(NCc3ccc(-c4noc(CCCCC(=O)NO)n4)cc3)cc2C(=O)N2CCc3c([nH]c4ccc(O)cc34)C21,6.721246399047171,2
CN1c2ccc(NCc3ccc(-c4noc(CCCCCCC(=O)NO)n4)cc3)cc2C(=O)N2CCc3c([nH]c4ccc(O)cc34)C21,7.619788758288394,2
CN1c2ccc(NCc3ccc(/C=C/C(=O)NO)cc3)cc2C(=O)N2CCc3c([nH]c4ccc(O)cc34)C21,7.7447274948966935,4
CN1c2ccc(NCc3ccc(C(=O)Nc4ccccc4N)cc3)cc2C(=O)N2CCc3c([nH]c4ccc(O)cc34)[C@H]21,6.3979400086720375,2
CN1c2ccc(NCc3ccc(C(=O)Nc4ccccc4N)cc3)cc2C(=O)N2CCc3c([nH]c4ccccc34)[C@H]21,5.821023052706831,2
CN1c2ccc(NCc3ccc(NC(=O)CCCCCCC(=O)NO)cc3)cc2C(=O)N2CCc3c([nH]c4ccc(O)cc34)C21,7.522878745280337,2
CN1c2ccccc2C(=O)N2[C@H](C(=O)Nc3ccc(C(=O)Nc4ccccc4N)cc3)Cc3c([nH]c4ccccc34)[C@@H]12,8.295880017344075,4
CNC(=O)/C(CCCCCCC(=O)Nc1cccc(-c2ccc(C(=O)O)cc2)c1)=N\O,4.049148541111453,1
CNC(=O)/C(CCCCCCC(=O)Nc1cccc(-c2ccc(Cl)nc2)c1)=N\O,4.714442690992226,1
CNC(=O)/C(CCCCCCC(=O)Nc1cccc(-c2ccccc2)c1)=N\O,4.1732774798310075,1
CNC(=O)/C(CCCCCCC(=O)Nc1ccccc1)=N\O,4.451997130142443,2
CNC(=O)/C(CCCCCCNC(=O)c1cc(-c2ccc(N)cc2)on1)=N/O,4.935542010773082,1
CNC(=O)/C(CCCCCCNC(=O)c1cc(-c2cccc(N)c2)on1)=N/O,5.090443970758825,1
CNC(=O)/C(CCCCC[C@@H](C(=O)Nc1ccccc1)N(Cc1ccc(OC)cc1)C(=O)OC(C)(C)C)=N\O,4.090979145788844,1
CNC(=O)/C(CCCCC[C@H](NCc1ccc(OC)cc1)C(=O)Nc1ccccc1)=N\O,4.756961951313706,1
CNC(=O)C(/C=C/c1ccccc1)N1CCN(c2ncc(C(=O)NO)cn2)CC1,8.481486060122112,1
CNC(=O)C(=O)CCCCCCC(=O)Nc1ccc(-c2ccccc2)cc1,6.6968039425795105,1
CNC(=O)C(=O)CCCCCCC(=O)Nc1ccc2cc[nH]c2c1,7.7447274948966935,1
CNC(=O)C(=O)CCCCCCC(=O)Nc1ccc2ccccc2c1,8.0268721464003,1
CNC(=O)C(=O)CCCCCCC(=O)Nc1cccc(-c2ccccc2)c1,8.17630851494269,4
CNC(=O)C(=O)CCCCCCC(=O)Nc1cccc(Oc2ccccc2)c1,5.982549270489464,1
CNC(=O)C(=O)CCCCCCC(=O)Nc1ccccc1,6.469161637148895,4
CNC(=O)C(=O)CCCCCCC(=O)Nc1cnc2ccccc2c1,8.022276394711152,1
CNC(=O)C(=O)CCCCCCC(=O)Nc1nc(-c2ccc(CCN(C)C)cc2)cs1,8.508638306165727,2
CNC(=O)C(=O)CCCCCCC(=O)Nc1nc(-c2ccc(OC)cc2)cs1,8.040958607678906,2
CNC(=O)C(=O)CCCCCCC(=O)Nc1nc(-c2ccc3c(c2)CCCC3)cs1,8.853871964321762,1
CNC(=O)C(=O)CCCCCCC(=O)Nc1nc(-c2ccccc2)cs1,7.958607314841775,1
CNC(=O)C(=O)CCCCCCC(=O)Nc1nc(-c2cccnc2)cs1,8.366531544420413,1
CNC(=O)C(=O)CCCCCCC(=O)Nc1nc(-c2ccncc2)cs1,8.366531544420413,1
CNC(=O)C(=O)CCCCCCC(=O)Nc1nc2ccccc2s1,6.876148359032914,1
CNC(=O)C(=O)CCCCCCNC(=O)c1cccc(-c2ccccc2)c1,7.6777807052660805,1
CNC(=O)C(=O)CCCCCCNS(=O)(=O)c1ccc(-c2ccccc2)cc1,6.617982957425132,1
CNC(=O)C(=O)CCCCCCOc1ccc(-c2ccccc2)cc1,7.708607314841775,4
CNC(=O)C(=O)CCCCCCS(=O)(=O)c1ccc(-c2ccccc2)cc1,6.844663962534938,1
CNC(=O)C(=O)CCCCCCSc1ccc(-c2ccccc2)cc1,6.279014255846261,1
CNC(=O)C(=O)CCCCCCc1cnc(-c2ccc(Br)cc2)o1,7.522878745280337,1
CNC(=O)C(=O)CCCCCCc1cnc(-c2ccccc2)o1,7.6777807052660805,1
CNC(=O)C(=O)CCCCCCc1cnc(-c2ccccc2)s1,7.327902142064282,1
CNC(=O)C(=O)CCCCCCc1ncc(-c2ccc(OC)cc2)o1,7.958607314841775,1
CNC(=O)C(=O)CCCCCO/N=C\c1ccc(-c2ccccc2)cc1,6.069050968832477,1
CNC(=O)C(CCCCCCC(=O)Nc1cccc(-c2ccc(C(=O)O)cc2)c1)N=O,4.049148541111453,1
CNC(=O)C(CCCCCCC(=O)Nc1cccc(-c2ccc(Cl)nc2)c1)N=O,4.714442690992226,1
CNC(=O)C(CCCCCCC(=O)Nc1cccc(-c2ccccc2)c1)N=O,4.173277479831008,1
CNC(=O)C(CCCCCCC(=O)Nc1ccccc1)N=O,4.451997130142443,2
CNC(=O)C(CCCCCCNC(=O)c1cc(-c2ccc(N)cc2)on1)N=O,4.935542010773082,1
CNC(=O)C(CCCCCCNC(=O)c1cc(-c2cccc(N)c2)on1)N=O,5.090443970758825,1
CNC(=O)C(CCCCC[C@@H](C(=O)Nc1ccccc1)N(Cc1ccc(OC)cc1)C(=O)OC(C)(C)C)N=O,4.090979145788844,1
CNC(=O)C(CCCCC[C@H](NCc1ccc(OC)cc1)C(=O)Nc1ccccc1)N=O,4.756961951313706,1
CNC(=O)CCCCCCC(=O)Cc1ccccc1,7.285670240254767,1
CNC(=O)CCCCCCCn1nc(-c2ccc3oc(N)nc3c2)c2c(N)ncnc21,8.602059991327963,2
CNC(=O)CCCCC[C@H](NC(=O)C12CCN(CC1)CC2)c1ncc(-c2cc3ccccc3nc2OC)[nH]1,6.6020599913279625,2
CNC(=O)CCCCC[C@H](NC(=O)C12CCN(CC1)CC2)c1ncc(-c2ccc3ccccc3c2)[nH]1,6.468521082957745,2
CNC(=O)CCCCC[C@H](NC(=O)CCc1c[nH]c2ccccc12)c1ncc(-c2ccc(-n3cccn3)cc2)[nH]1,6.065501548756432,2
CNC(=O)CCCCC[C@H](NC(=O)CCc1c[nH]c2ccccc12)c1ncc(-c2ccc(CN(C)C)cc2)[nH]1,5.863279432843593,2
CNC(=O)CCCCC[C@H](NC(=O)Cc1c(C)[nH]c2ccc(OC)cc12)c1nc(-c2ccc3ccccc3c2)c[nH]1,6.920818753952375,1
CNC(=O)CCCCC[C@H](NC(=O)Cc1c(C)[nH]c2ccc(OC)cc12)c1ncc(-c2ccc3ccccc3c2)[nH]1,6.920818753952375,1
CNC(=O)CCCCC[C@H](NC(=O)Cn1ccc2cc(C#N)ccc21)c1ncc(-c2ccc(CN(C)C)cc2)[nH]1,5.5643106831129,3
CNC(=O)CCCCC[C@H](NC(=O)Cn1ccc2cc(C#N)ccc21)c1ncc(-c2ccc(CN(C)C)cc2)o1,5.371520923719534,4
CNC(=O)CCCCC[C@H](NC(=O)Cn1ccnn1)c1ncc(-c2cc3ccccc3nc2OC)[nH]1,5.75448733218585,2
CNC(=O)CCCCC[C@H](NC(=O)c1cncs1)c1ncc(-c2cc3ccccc3nc2OC)[nH]1,6.7011524070372435,4
CNC(=O)CCCCC[C@H](NC(=O)c1cncs1)c1ncc(-c2ccc(-c3ccn[nH]3)cc2)[nH]1,5.732828271596986,2
CNC(=O)CCCCC[C@H](NC(=O)c1cncs1)c1ncc(-c2ccc(-c3cscn3)cc2)[nH]1,5.665546248849069,2
CNC(=O)CCCCC[C@H](NC(=O)c1cncs1)c1ncc(-c2ccc(-n3cccn3)cc2)[nH]1,5.603800652904264,4
CNC(=O)CCCCC[C@H](NC(=O)c1cncs1)c1ncc(-c2ccc(CN(C)C)cc2)[nH]1,5.216811308924743,2
CNC(=O)CCCCC[C@H](NC(=O)c1cncs1)c1ncc(-c2ccc3[nH]ccc3c2)[nH]1,5.892790030352131,2
CNC(=O)CCCCC[C@H](NC(=O)c1cncs1)c1ncc(-c2ccc3[nH]ncc3c2)[nH]1,5.673664139071249,2
CNC(=O)CCCCC[C@H](NC(=O)c1cncs1)c1ncc(-c2ccc3cc(C(F)(F)F)ncc3c2)[nH]1,6.537602002101044,2
CNC(=O)CCCCC[C@H](NC(=O)c1cncs1)c1ncc(-c2ccc3cc(OC)ncc3c2)[nH]1,6.4089353929735005,2
CNC(=O)CCCCC[C@H](NC(=O)c1cncs1)c1ncc(-c2ccc3ccccc3c2)[nH]1,6.49148333035061,4
CNC(=O)CCCCC[C@H](NC(=O)c1cncs1)c1ncc(-c2ccc3ccccc3c2C)[nH]1,4.620875853929608,2
CNC(=O)CCCCC[C@H](NC(=O)c1cncs1)c1ncc(-c2ccc3ccnc(OC)c3c2)[nH]1,5.581698708680255,2
CNC(=O)CCCCC[C@H](NC(=O)c1cncs1)c1ncc(-c2ccc3ccncc3c2)[nH]1,6.221848749616356,2
CNC(=O)CCCCOc1nc(-c2ccc(OC)cc2)cc(-c2cc(OC)c(OC)c(OC)c2)c1C#N,7.1362314047091076,2
CNC(=O)CN(Cc1ccc(C(=O)NO)cc1)C(=O)c1ccc(C(C)C)cc1,7.0,2
CNC(=O)N1CCC(Nc2ncc(C(=O)NO)cn2)(c2ccccc2)CC1,6.769551078621726,1
CNC(=O)OCc1ccc(-c2noc(C(F)(F)F)n2)cn1,5.769551078621726,1
CNC(=O)c1cc(CNC(=O)CCCCCC(=O)NO)nc2ccccc12,6.192464971931146,1
CNC(=O)c1cc(Oc2ccc(NC(=O)c3ccc(Cl)c(C(F)(F)F)c3)cc2)ccc1N,5.931814138253838,3
CNC(=O)c1cc(Oc2ccc(NC(=O)c3ccc(Cl)cc3)cc2)ccc1N,5.148130399270234,2
CNC(=O)c1cc(Oc2ccc(NC(=O)c3ccc(F)cc3)cc2)ccc1N,5.116338564846382,2
CNC(=O)c1cc(Oc2ccc(NC(=O)c3ccc(N)cc3)cc2)ccc1N,5.643974142806878,3
CNC(=O)c1cc(Oc2ccc(NC(=O)c3ccc(OC)cc3)cc2)ccc1N,5.609064892896621,2
CNC(=O)c1cc(Oc2ccc(NC(=O)c3ccc4ccccc4c3)cc2)ccc1N,5.085656842880559,3
CNC(=O)c1cc(Oc2ccc(NC(=O)c3cccc(N)c3)cc2)ccc1N,5.987162775294828,3
CNC(=O)c1cc(Oc2ccc(NC(=O)c3cccc(O)c3)cc2)ccc1N,5.709965388637482,3
CNC(=O)c1cc(Oc2ccc(NC(=O)c3ccccc3)cc2)ccc1N,5.2083093509798815,3
CNC(=O)c1cc(Oc2ccc(NC(=O)c3cccnc3)cc2)ccc1N,5.281498311132726,5
CNC(=O)c1ccc(CN2CCC(c3ccc(C(=O)Nc4ccccc4N)cc3)CC2)cc1,7.509339913370447,2
CNC(=O)c1ccccc1NCc1ccc(-c2noc(C(F)(F)F)n2)cn1,6.455931955649724,1
CNC(=O)c1ccccc1Nc1nc(Nc2ccc(NC(=O)CCCCCCC(=O)NO)cc2)ncc1Cl,6.279014255846261,2
CNC(=O)c1ccccc1OCc1ccc(-c2noc(C(F)(F)F)n2)c(F)c1,5.657577319177793,1
CNC1CCN(C2N=CC(c3ccc(OCCCCCCC(=O)NO)c(O)c3)=C(c3ccc(C#N)c(F)c3)C2C#N)CC1,8.08196966321512,1
CNC1CCN(c2ncc(-c3ccc(NCc4ccc(C(=O)NO)cc4)c(O)c3)c(-c3ccc(C#N)c(F)c3)c2C#N)CC1,6.474955192963154,1
CNCC(=O)[C@@H](Cc1ccccc1)NC(=O)CCCCCCC(=O)NO,8.853871964321762,1
CNCCCN(C)Cc1ccc(C(=O)Nc2cc(-c3ccccc3)ccc2N)cc1,7.744727494896693,1
CNCCCN(C)Cc1ccc(C(=O)Nc2cc(-c3ccccc3)ccc2O)cc1,7.744727494896693,1
CNCCN(C)Cc1ccc(C(=O)Nc2cc(-c3ccccc3)ccc2O)cc1,7.455931955649724,1
CNCCNC(=O)c1ccc(-c2noc(C(F)(F)F)n2)cc1,5.214670164989233,1
CNCCOc1ccc(-c2cc(=O)c3cc(OCCCCCC(=O)NO)cc(O)c3o2)cc1,7.522878745280337,2
CNNC(=O)c1ccc(CNC(=O)c2ccccc2)cc1,5.335358024443874,2
CN[C@@H](CCCCCC(=O)C1NC=CO1)c1ncc(-c2cc3ccc(=O)n(C)c3cc2OC)[nH]1,8.657577319177793,1
CN[C@@H](CCCCCC(=O)c1ncco1)c1ncc(-c2ccc3nc(C)ccc3c2)[nH]1,8.619788758288394,1
CNc1ccc(-c2nc(N3CCOCC3)c3sc(CN(C)c4ncc(C(=O)NO)cn4)cc3n2)cn1,9.045757490560675,2
CNc1ccc(C(=O)NCCCCC(=O)NO)cc1,6.97469413473523,1
CNc1ccc(C(=O)NCCCCCC(=O)Nc2ccccc2N)cc1,6.347753658996677,1
CNc1ccc(C(=O)NCCCCCCC(=O)NO)cc1,8.214670164989233,1
CNc1ccc(C(=O)NO)cc1,4.281498311132726,2
CNc1ccc(CCn2c(=O)c3ccccc3n(Cc3ccc(C(=O)NO)cc3)c2=O)cc1,5.3585258894959,1
CNc1ccc2cc(-c3nnn(Cc4c(F)cc(-c5nnc(C(F)F)o5)cc4F)n3)ccc2n1,3.000000434294699,1
CNc1ccc2cc(-c3nnn(Cc4ccc(-c5nnc(C(F)F)o5)c(F)c4)n3)ccc2n1,3.000000434294699,1
CNc1ccc2cc(-c3nnn(Cc4ccc(-c5nnc(C(F)F)o5)c(F)c4F)n3)ccc2n1,3.000000434294699,1
CNc1ccc2cc(-c3nnn(Cc4ccc(-c5nnc(C(F)F)o5)cc4F)n3)ccc2n1,3.000000434294699,1
CNc1ccccc1C(=O)NCCCC[C@H](NC(=O)c1cncs1)c1ncc(-c2ccc3ccccc3c2)[nH]1,4.823908740944319,2
CNc1ccccc1NC(=O)[C@@H]1CCC(=O)N1c1ccc(-c2noc(C(F)(F)F)n2)cc1,6.0,1
CNc1nc(Cl)nc2c1ncn2CCCC(=O)NCc1ccc(C(=O)Nc2ccccc2N)cc1,5.29929628285498,1
CNc1nc(Cl)nc2c1ncn2Cc1ccc(C(=O)Nc2ccc(Br)cc2N)cc1,5.665546248849069,1
CNc1nc(Cl)nc2c1ncn2Cc1ccc(C(=O)Nc2ccc(C)cc2N)cc1,5.703334809738469,1
CNc1nc(Cl)nc2c1ncn2Cc1ccc(C(=O)Nc2ccc(F)cc2N)cc1,5.761953896871205,1
CNc1nc(Cl)nc2c1ncn2Cc1ccc(C(=O)Nc2ccccc2N)cc1,6.684835532916556,3
CNc1nc(Nc2cnn(CCCCCC(=O)NO)c2)ncc1Cl,6.982966660701219,1
CNc1nc(Nc2cnn(CCCCCCC(=O)NO)c2)ncc1C(F)(F)F,7.431798275933005,1
CNc1nc(Nc2cnn(CCCCCCC(=O)NO)c2)ncc1Cl,7.823908740944319,1
CNc1nc2c(s1)Cc1cc(/C=C/C(=O)NO)ccc1-2,6.6020599913279625,1
CNc1ncc2cc(-c3cn(Cc4c(F)cc(-c5nnc(C(F)F)o5)cc4F)nn3)ccc2n1,3.000000434294699,1
CNc1ncc2cc(-c3cn(Cc4cc(F)c(-c5nnc(C(F)F)o5)cc4F)nn3)ccc2n1,3.000000434294699,1
CNc1ncc2cc(-c3cn(Cc4ccc(-c5nnc(C(F)F)o5)c(F)c4)nn3)ccc2n1,3.000000434294699,1
CNc1ncc2cc(-c3cn(Cc4ccc(-c5nnc(C(F)F)o5)c(F)c4F)nn3)ccc2n1,3.000000434294699,1
CNc1ncc2cc(-c3cn(Cc4ccc(-c5nnc(C(F)F)o5)cc4F)nn3)ccc2n1,3.000000434294699,1
CO/N=C(\Cc1ccc(C)cc1)C(=O)NCCSSCCNC(=O)/C(Cc1ccc(C)cc1)=N/OC,5.116338564846382,1
CO/N=C(\Cc1ccc(Cl)cc1Cl)C(=O)NCCSSCCNC(=O)/C(Cc1ccc(Cl)cc1Cl)=N/OC,5.066006836168757,1
CO/N=C(\Cc1ccc(O)c(Br)c1)C(=O)NCCS,7.568636235841012,2
CO/N=C(\Cc1ccc(O)c(Br)c1)C(=O)NCCSC,4.958607314841775,2
CO/N=C(\Cc1ccc(O)c(Br)c1)C(=O)NCCSSCCNC(=O)/C(Cc1ccc(O)c(Br)c1)=N/OC,6.42021640338319,2
CO/N=C(\Cc1ccc(OC)c(Br)c1)C(=O)NCCS,7.823908740944319,2
CO/N=C(\Cc1ccc(OC)c(Br)c1)C(=O)NCCSSCCNC(=O)/C(Cc1ccc(OC)c(Br)c1)=N/OC,6.657577319177793,2
CO/N=C(\Cc1ccc(OC)cc1)C(=O)NCCSSCCNC(=O)/C(Cc1ccc(OC)cc1)=N/OC,5.501689446210399,1
CO/N=C(\Cc1cccc(Cl)c1)C(=O)NCCSSCCNC(=O)/C(Cc1cccc(Cl)c1)=N/OC,5.346787486224656,1
COC(=O)/C=C/c1ccc(OCCCCNc2cc3c([nH]c4ccccc43)c(-c3ccc(OC)cc3)n2)c(OC)c1,7.214670164989233,2
COC(=O)/C=C/c1ccc(OCCCNc2cc3c([nH]c4ccccc43)c(-c3ccc(OC)cc3)n2)c(OC)c1,7.568636235841012,2
COC(=O)/C=C/c1ccc(OCCNc2cc3c([nH]c4ccccc43)c(-c3ccc(OC)cc3)n2)c(OC)c1,7.494850021680094,2
COC(=O)C(=O)CCCCCCCOc1ccc(-c2ccccc2)cc1,8.462573502059376,2
COC(=O)C(=O)CCCCCCOc1ccc(-c2ccccc2)cc1,8.707608310501746,2
COC(=O)C(=O)CCCCCOc1ccc(-c2ccccc2)cc1,8.586186147616283,2
COC(=O)C(Cc1cccc(C[C@H](NC(C)=O)C(=O)O)c1)NC(=O)[C@@H](N)CCCCCC(=O)NO,4.7447274948966935,2
COC(=O)C(Cc1cccc(C[C@H](NC(C)=O)C(=O)[O-])c1)NC(=O)[C@@H]([NH3+])CCCCCC(=O)NO,4.3979400086720375,1
COC(=O)C1(O)C[C@@H](OC(=O)/C=C/c2ccc(O)c(O)c2)C(O)[C@H](OC(=O)/C=C/c2ccc(O)c(O)c2)C1,5.210828839240564,2
COC(=O)CCCCCCC(=O)Nc1ccc(OS(=O)(=O)C2CC3OC2C(c2ccc(O)cc2)=C3c2ccc(O)cc2)cc1,6.272458742971444,2
COC(=O)CCCCCCCc1ccc(N2C(=S)N(c3ccc(C#N)c(C(F)(F)F)c3)C(=O)C2(C)C)cc1F,4.686132779630847,2
COC(=O)CCCCC[C@H](NC(=O)Cc1c(C)[nH]c2ccc(OC)cc12)C(=O)NCCc1c(-c2ccccc2)[nH]c2ccccc12,6.823908740944319,2
COC(=O)CCNNC(=O)/C=C/c1ccc(CNCCc2c(C)[nH]c3ccccc23)cc1.O=C(O)C(F)(F)F,5.962972120244225,1
COC(=O)CCNNC(=O)C=Cc1ccc(CNCCc2c(C)[nH]c3ccccc23)cc1,5.962972120244225,1
COC(=O)CCc1ccc(-c2ccc(N)c(NC(=O)c3cccnc3)c2)cc1,5.823908740944319,2
COC(=O)CNC(=O)CN(Cc1ccc(C(=O)NO)cc1)C(=O)c1cc2ccccc2[nH]1,7.2839966563652006,2
COC(=O)Cc1c(C)n(Cc2ccc(-c3cn(CCCCCC(=O)NO)nn3)cc2)c2ccc(OC)cc12,6.109020403010311,2
COC(=O)Cc1c(C)n(Cc2ccc(-c3cn(CCCCCCC(=O)NO)nn3)cc2)c2ccc(OC)cc12,7.050609993355087,2
COC(=O)Cc1c(C)n(Cc2ccc(-c3cn(CCCCCCCC(=O)NO)nn3)cc2)c2ccc(OC)cc12,6.600326278518962,2
COC(=O)N(Cc1ccc(-c2noc(C(F)(F)F)n2)cc1)c1cccc(C(F)(F)F)c1,5.481486060122112,1
COC(=O)N1CC(=O)N(Cc2ccc(-c3noc(C(F)(F)F)n3)cn2)c2ccccc21,6.494850021680094,1
COC(=O)N1CCC(C(=O)N(Cc2ccc(-c3noc(C(F)(F)F)n3)cn2)c2cccc(C(F)(F)F)c2)CC1,6.318758762624412,1
COC(=O)NC(Cc1ccc(-c2noc(C(F)(F)F)n2)cn1)c1cccc(C(F)(F)F)c1,6.187086643357144,1
COC(=O)NCCSSCCNC(=O)/C(Cc1ccc(O)c(Br)c1)=N/O,7.356547323513812,1
COC(=O)NCc1ccc(C(=O)Nc2cc(-c3ccccc3)ccc2N)cc1,7.942387769655431,4
COC(=O)NCc1ccc(C(=O)Nc2cc(-c3cccs3)ccc2N)cc1,8.073949583205453,3
COC(=O)N[C@@H](CCCCCC(=O)C1NC=CO1)c1ncc(-c2cc3ccc(C)nc3cc2OC)[nH]1,8.930060456799382,2
COC(=O)N[C@@H](CCCCCS)C(=O)NC1CCCC1,5.634512015109101,2
COC(=O)[C@@H](Cc1ccccn1)NC(=O)CCCCCCCC(=O)NO,4.083019952679618,1
COC(=O)[C@@H]1Cc2cccc(c2)C[C@H](NC(C)=O)C(=O)N[C@@H](CCCCCC(=O)NO)C(=O)N1,7.275164152324481,3
COC(=O)[C@H](Cc1ccc(-c2ccc(-c3ccccc3)cc2)cc1)NC(=O)CCCCCCC(=O)NO,6.307171393871342,3
COC(=O)[C@H](Cc1ccc(-c2ccc(-c3ccccc3)cc2)cc1)NC(=O)CCCCCCCC(=O)NO,4.630517345207436,3
COC(=O)[C@H](Cc1ccc(-c2ccc3ccccc3c2)cc1)NC(=O)CCCCCCC(=O)NO,5.750742307464637,3
COC(=O)[C@H](Cc1ccc(-c2ccc3ccccc3c2)cc1)NC(=O)CCCCCCCC(=O)NO,5.0797171401328285,3
COC(=O)[C@H](Cc1ccc(-c2ccccc2)cc1)NC(=O)CCCCCCC(=O)NO,6.061275887388105,3
COC(=O)[C@H](Cc1ccc(-c2ccccc2)cc1)NC(=O)CCCCCCCC(=O)NO,5.271864656288649,3
COC(=O)[C@H](Cc1ccc(-c2ccco2)cc1)NC(=O)CCCCCCC(=O)NO,5.429974669707579,3
COC(=O)[C@H](Cc1ccc(-c2ccco2)cc1)NC(=O)CCCCCCCC(=O)NO,5.211236846109295,3
COC(=O)[C@H](Cc1ccc(-c2cccs2)cc1)NC(=O)CCCCCCC(=O)NO,5.6113697418869455,3
COC(=O)[C@H](Cc1ccc(-c2cccs2)cc1)NC(=O)CCCCCCCC(=O)NO,5.048476732273438,3
COC(=O)[C@H](Cc1ccc(-c2ccoc2)cc1)NC(=O)CCCCCCC(=O)NO,5.297341809810539,3
COC(=O)[C@H](Cc1ccc(-c2ccoc2)cc1)NC(=O)CCCCCCCC(=O)NO,5.16429430736245,3
COC(=O)[C@H](Cc1ccc(-c2ccsc2)cc1)NC(=O)CCCCCCC(=O)NO,5.727218351578242,3
COC(=O)[C@H](Cc1ccc(-c2ccsc2)cc1)NC(=O)CCCCCCCC(=O)NO,4.985094518311738,3
COC(=O)[C@H](Cc1ccc(Br)cc1)NC(=O)CCCCCCC(=O)NO,4.926018954941431,3
COC(=O)[C@H](Cc1ccc(Br)cc1)NC(=O)CCCCCCCC(=O)NO,4.92261945352895,3
COC(=O)[C@H](Cc1ccccc1)NC(=O)[C@H](CCCCCC(=O)NO)NC(=O)[C@H](C)NC(C)=O,6.765395010762407,3
COC(=O)[C@H](Cc1ccccn1)NC(=O)CCCCCCC(=O)NO,3.9980068261764696,2
COC(=O)[C@H](Cc1ccccn1)NC(=O)CCCCCCCC(=O)NO,4.171984935776023,1
COC(=O)c1c(CCCCCCCC(=O)NO)cccc1OC,6.1107823707634825,2
COC(=O)c1ccc(-c2ccc(N)c(NC(=O)c3ccc(CNC(=O)OCc4cccnc4)cc3)c2)cc1,7.091514981121351,1
COC(=O)c1ccc(/C=C(/C(=O)NCc2ccc(C(=O)Nc3ccccc3N)cc2)c2cccc(Cl)c2)cc1,5.107905397309519,1
COC(=O)c1ccc(CN2CCN(C(=O)OC(C)(C)C)c3ccccc32)cc1,5.116282914604932,2
COC(=O)c1ccc(CO/N=C/c2ccc(/C=C/C(=O)NO)cc2)cc1,5.739928612014925,2
COC(=O)c1ccc(N)c(NC(=O)c2ccc(NC(C)=O)cc2)c1,5.346787486224656,2
COC(=O)c1ccc2cc(C(=O)NO)sc2c1,6.200659450546418,2
COC(=O)c1ccc2ccccc2c1OCCCCCCCC(=O)NO,5.455931955649724,2
COC(c1c(F)cccc1Cl)c1c[nH]c2ncc(-c3c(C)noc3C)cc12,6.536107011014092,1
COC(c1ccc(F)cc1)(c1ccc(F)cc1)c1ccc(C(=O)NCCCCCCC(=O)NO)cc1,6.571865205971211,2
COC1=C(OCCCCCCC(=O)NO)CC(C2=C(c3ccc(C#N)c(F)c3)N=C(N3CCC(N)CC3)N3C=CNC23)C=C1,6.507239610973162,1
COC1=CC(OCc2cccc(-c3ccc4c(c3)OCCO4)c2C)=CC(OC)C1CNCCCCCCC(=O)NO,7.096910013008056,2
COC1=NC(C2CC2)=CCC1C1=CNC([C@@H](N)CCCCCC(=O)C2NC=CO2)N1,8.148741651280925,1
COC1=NC=CCC1C1=CNC([C@@H](N)CCCCCC(=O)C2NC=CO2)O1,8.045757490560675,1
COC1=NC=CCC1C1=CNC([C@@H](N)CCCCCC(=O)c2ccon2)N1,9.136677139879543,1
COC1=NC=CCC1C1=CNC([C@]2(CCCCCC(=O)c3ccon3)CCCC(=O)N2)N1,8.924453038607469,1
COC1C=c2nc(C)ccc2=CC1C1=CNC([C@@H](N)CCCCCC(=O)C2NC=CO2)O1,8.721246399047171,1
COC1C=c2nc(C)ccc2=CC1C1=CNC([C@@H](N)CCCCCC(=O)c2ccon2)N1,8.853871964321762,1
COC1C=c2nc(C)ccc2=CC1C1=CNC([C@@]2(CCCCCC(=O)c3ccon3)CCC(=O)N2)N1,9.10790539730952,1
COC1C=c2nc(C)ccc2=CC1C1=CNC([C@H](CCCCCC(=O)C2NC=CO2)NC(=O)CN(C)C)N1,9.096910013008056,1
COC1C=c2nc(C)ccc2=CC1C1=CNC([C@H](CCCCCC(=O)c2ccon2)NC(=O)C2CN(C)C2)O1,9.744727494896694,1
COC1C=c2nc(C)ccc2=CC1C1=CNC([C@H](CCCCCC(=O)c2ccon2)NC(=O)[C@H]2CC23CCN(C)CC3)N1,9.744727494896694,1
COC1C=c2ncccc2=CC1C1=CNC([C@@H](N)CCCCCC(=O)C2NC=CO2)N1,8.721246399047171,1
COC1C=c2ncccc2=CC1C1=CNC([C@@H](N)CCCCCC(=O)c2ccon2)N1,8.853871964321762,1
COCC(/C=C/c1ccccc1)N1CCN(c2ncc(C(=O)NO)cn2)CC1,8.823908740944319,1
COCC(=O)CCCCC[C@@H]1NC(=O)[C@H]2CCCN2C(=O)[C@@H]2CCCCCCCCCCC[C@@H](NC1=O)C(=O)N2,7.568636235841012,2
COCC(=O)NC(Cc1ccc(-c2noc(C(F)(F)F)n2)cn1)c1cccc(C(F)(F)F)c1,6.173925197299173,1
COCC(=O)N[C@@H](CCCCCC(=O)c1ncco1)c1ncc(-c2cc3ccccc3nc2OC)[nH]1,9.154901959985745,1
COCC(C)NCc1ccc(C(=O)Nc2cc(-c3ccccc3)ccc2N)cc1,7.638272163982407,1
COCCCN(C(=O)NCc1ccc(C(=O)NO)cc1)c1ccccc1,5.866461091629781,6
COCCCN(Cc1ccc(C(=O)NO)cc1)C(=O)Nc1ccccc1,5.285670240254767,6
COCCCNc1nccc2ccc(NC(=O)CCCCCCC(=O)NO)cc12,7.553541066084575,2
COCCCn1c(CCc2ccccc2)nc2cc(/C=C/C(=O)NO)ccc21,6.682791949884941,5
COCCCn1c2c(c3ccccc31)CCN(C(=O)CCCCCCC(=O)NO)C2,8.619788758288394,2
COCCN(C)c1cc2ncc(C(=O)Nc3cc(-c4cccs4)ccc3N)cc2cc1C1CC1,6.025028005701931,1
COCCN(CCOC)c1nccc2ccc(NC(=O)CCCCCCC(=O)NO)cc12,6.580044251510242,2
COCCN(Cc1ccc(C(=O)NO)cc1)C(=O)Nc1ccccc1,5.647817481888637,6
COCCN1Cc2ccccc2N(Cc2ccc(-c3noc(C(F)(F)F)n3)cn2)C1=O,6.337242168318426,1
COCCNc1c(C(C)C)nc2ccc(/C=C/C(=O)NO)cn12,5.568636235841012,1
COCCNc1c(CC(C)(C)C)nc2ccc(/C=C/C(=O)NO)cn12,6.0,1
COCCNc1c(CC(C)CC(C)(C)C)nc2ccc(/C=C/C(=O)NO)cn12,6.119186407719209,1
COCCNc1c(CCC(=O)O)nc2ccc(/C=C/C(=O)NO)cn12,6.494850021680094,1
COCCNc1c(CCc2ccccc2)nc2ccc(/C=C/C(=O)NO)cn12,6.455931955649724,1
COCCNc1cc2ncc(C(=O)Nc3cc(-c4cccs4)ccc3N)cc2cc1C1CC1,7.050609993355087,1
COCCNc1ccc2cc(C(=O)Nc3cc(-c4ccccc4)ccc3N)cnc2c1C1CC1,6.939302159646388,1
COCCNc1nc2c(s1)Cc1cc(/C=C/C(=O)NO)ccc1-2,6.853871964321762,1
COCCOCC(=O)SCCCCCC(NC(=O)OCc1ccccc1)C(=O)Nc1cccc2cccnc12,7.721246399047171,2
COCCOCC(=O)SCCCCC[C@H](NC(=O)OCc1ccccc1)C(=O)Nc1cccc2cccnc12,7.721246399047171,1
COCCOc1cc2ncnc(Nc3ccc(/C=C/C(=O)NO)cc3)c2cc1OCCOC,6.795880017344075,2
COCCOc1cc2ncnc(Nc3ccc(F)c(Cl)c3)c2cc1NC(=O)CCCC(=O)NO,6.0,1
COCCOc1cc2ncnc(Nc3ccc(F)c(Cl)c3)c2cc1NC(=O)CCCCC(=O)NO,7.0,1
COCCOc1cc2ncnc(Nc3ccc(F)c(Cl)c3)c2cc1OCCCCCCC(=O)NO,8.075720713938118,1
COCCOc1ccc2c(OCCCCCCCC(=O)NO)cc(=O)oc2c1,9.522878745280337,2
COCCOc1ccccc1C(=O)NCCCCCC(=O)Nc1ccccc1N,5.620513186282727,1
COCCSC(=S)SCC(=O)c1ccc(OC)cc1,5.471933052687339,4
COCCn1c(C(=O)NCCCCCC(=O)Nc2ccccc2N)cc2ccccc21,6.709965388637482,1
COCCn1c2c(c3ccccc31)CCN(C(=O)CCCCCCC(=O)NO)C2,8.602059991327963,2
COCCn1cc(-c2nc(Nc3ccc(NC(=O)CCCCCCC(=O)NO)cc3)nc3[nH]ccc23)cn1,7.200659450546418,2
COCCn1cc2c(n1)CN(C(=O)Nc1nc(-c3ccc(Cl)s3)ccc1N)C2,5.560667306169737,1
COCCn1cc2c(n1)CN(C(=O)Nc1nc(-c3ccc(F)cc3F)ccc1N)C2,6.212984366136141,2
COCCn1cc2c(n1)CN(C(=O)Nc1nc(-c3ccccc3F)ccc1N)C2,6.522878745280337,1
COCCn1nc(C(=O)N(Cc2ccc(-c3noc(C(F)(F)F)n3)cc2)c2cccc(C(F)(F)F)c2)ccc1=O,5.920818753952375,1
COCOC(C)(C)c1ccc(-c2ccnc(NCc3ccc(C(=O)Nc4ccccc4N)cc3)n2)cn1,6.6020599913279625,2
COCOc1cc(OCOC)c2c(c1)O/C(=C\c1ccc(OCOC)c(OCOC)c1)C2=O,4.3979400086720375,1
COC[C@@H]1CCCC1c1ccc(C(=O)NO)cc1,4.554395796726403,1
COC[C@@H]1CCCN1Cc1ccc(C(=O)NO)cc1,4.554395796726403,1
COCc1cc(=O)n(Cc2ccc(-c3noc(C(F)(F)F)n3)cn2)c2ccccc12,6.958607314841775,1
COCc1cc2c(cn1)CN(C(=O)Nc1nc(-c3ccccc3F)ccc1N)C2,6.522878745280337,1
COCc1ccc2c(n1)CN(C(=O)Nc1nc(-c3ccc(F)cc3F)ccc1N)C2,6.522878745280337,1
COCc1cccc(CCOc2cc(-c3noc(C(F)(F)F)n3)ccn2)c1,5.721246399047171,1
COCc1ccccc1C(=O)NCCCCCC(=O)Nc1ccccc1N,5.48439105076552,1
CONC(=O)CCCCC[C@H](NC(=O)Cc1c(C)[nH]c2ccc(OC)cc12)c1nc(-c2ccc3ccccc3c2)c[nH]1,7.468521082957745,1
CONC(=O)CCCCC[C@H](NC(=O)Cc1c(C)[nH]c2ccc(OC)cc12)c1ncc(-c2ccc3ccccc3c2)[nH]1,7.468521082957745,1
COP(=O)(Cc1ccc(C(=O)Nc2cc(-c3cccs3)ccc2N)cc1)c1ccccc1,7.698970004336019,2
COP(=O)(Cc1cccc(C(=O)Nc2cc(-c3cccs3)ccc2N)c1)c1ccccc1,6.853871964321762,2
COP(=O)(c1ccccc1)c1ccc(C(=O)Nc2cc(-c3cccs3)ccc2N)cc1,7.537602002101044,2
COP(C)(=O)Cc1ccc(C(=O)Nc2cc(-c3cccs3)ccc2N)cc1,7.267606240177031,2
COP(C)(=O)c1ccc(C(=O)Nc2cc(-c3cccs3)ccc2N)cc1,7.2839966563652006,2
COc1c(-c2ccccc2)c2ccccc2n(Cc2ccc(C(=O)NO)cc2)c1=O,5.346787486224656,2
COc1c(C(C)C)cc(Cc2cnc(N)nc2N)cc1C(C)C,5.015922966097169,1
COc1c(C)c2c(c(O)c1C/C=C(\C)CCC(=O)NO)C(=O)OC2,5.301029995663981,1
COc1c(C)c2c(c(O)c1C/C=C(\C)CCCC(=O)NO)C(=O)OC2,4.982966660701219,1
COc1c(C)c2c(c(O)c1CCC(C)CCC(=O)NO)C(=O)OC2,4.696803942579511,1
COc1c(C)c2c(c(OC)c1C/C=C(\C)CCC(=O)NO)C(=O)OC2,4.853871964321762,1
COc1c(C)cc(-c2nc3cc(C(=O)NO)ccc3n2C)cc1C,5.698970004336019,1
COc1c(OCCCCCC(=O)NO)ccc2c1N=C(NC(=O)c1ccccc1)N1CCN=C21,7.708312912202767,3
COc1c(OCCCCCC(=O)NO)ccc2c3n(c(=NC(=O)c4ccccc4)nc12)CCN3,7.709281242417236,3
COc1cc(-c2cc(=S)ss2)ccc1OCC(=O)O,4.081707487244644,1
COc1cc(-c2cc(C(=O)NCCCCCCS)[nH]n2)cc(OC)c1OC,6.580258308771579,3
COc1cc(-c2ccc3cc(OCCCCCC(=O)NO)ccc3n2)cc(OC)c1OC,7.355808307800112,2
COc1cc(-c2ccc3cc(OCCCCCCC(=O)NO)ccc3n2)cc(OC)c1OC,7.155367774767772,2
COc1cc(-c2cnc([C@H](CCCCCC(=O)c3ncco3)NC(=O)C3CN(C)C3)[nH]2)c(F)cn1,8.698970004336019,1
COc1cc(-c2nc(-c3nnc(CCCCC(=O)NO)o3)cc3c2[nH]c2ccccc23)cc(OC)c1OC,8.853871964321762,2
COc1cc(-c2nc(C(=O)NCc3ccc(C(=O)NO)cc3)cc3c2[nH]c2ccccc23)cc(OC)c1OC,8.060480747381382,2
COc1cc(-c2nc(N3CCOCC3)c3nc(CN(C)c4ncc(C(=O)NO)cn4)n(C)c3n2)cc(OC)c1OC,8.99569991411904,2
COc1cc(-c2nc(NCc3ccc(/C=C/C(=O)NO)cc3)cc3c2[nH]c2ccccc23)cc(OC)c1OC,8.2518119729938,2
COc1cc(-c2nc(NCc3ccc(C(=O)NO)cc3)cc3c2[nH]c2ccccc23)cc(OC)c1OC,8.327902142064282,2
COc1cc(-c2nc(NCc3cccc(/C=C/C(=O)NO)c3)cc3c2[nH]c2ccccc23)cc(OC)c1OC,8.886056647693163,2
COc1cc(-c2nc3cc(/C=C/C(=O)NO)ccc3n2C)ccc1OCc1ccccc1,5.863279432843593,3
COc1cc(-c2nc3cc(/C=C/C(=O)NO)ccc3n2CC(O)CO)ccc1OCc1ccccc1,5.818156412055227,3
COc1cc(-c2nc3cc(/C=C/C(=O)NO)ccc3n2CCCO)ccc1OCc1ccccc1,5.872895201635192,3
COc1cc(-c2ncc(/C=C/C(=O)NO)s2)cc(OC)c1OC,5.995663311730085,3
COc1cc(-c2ncc(/C=C/C(=O)Nc3ccccc3N)s2)cc(OC)c1OC,5.705114876467261,3
COc1cc(-c2ncc(C(=O)NCCCCCCC(=O)NO)s2)cc(OC)c1OC,6.173925197299173,1
COc1cc(-c2nnc(-c3ccc(OCCCCCCC(=O)NO)cc3)s2)cc(OC)c1OC,6.270025714300445,1
COc1cc(-c2nnc(-c3cccc(OCCCCCCC(=O)NO)c3)s2)cc(OC)c1OC,6.436518914605589,1
COc1cc(-c2nnc(-c3cccc(OCCCCCCCC(=O)NO)c3)s2)cc(OC)c1OC,6.403402904373539,1
COc1cc(-n2cc(-c3cccc(NC(=O)CCCCCCC(=O)NO)c3)nn2)ccc1F,8.2958494831602,2
COc1cc(/C=C(/C(=O)NCc2ccc(C(=O)Nc3ccccc3N)cc2)c2ccc(F)cc2)ccc1F,5.772577569995745,2
COc1cc(/C=C/C(=O)C(C/C=C(\C)CCC=C(C)C)(C/C=C(\C)CCC=C(C)C)C(=O)/C=C/c2ccc(OC/C=C(\C)CCC=C(C)C)c(OC)c2)ccc1OC/C=C(\C)CCC=C(C)C,3.1045774539605917,1
COc1cc(/C=C/C(=O)C(C/C=C(\C)CCC=C(C)C)C(=O)/C=C/c2ccc(OC/C=C(\C)CCC=C(C)C)c(OC)c2)ccc1OC/C=C(\C)CCC=C(C)C,3.663540266151471,1
COc1cc(/C=C/C(=O)CC(=O)/C=C/c2ccc(/C=C/C(=O)NO)cc2)ccc1O,7.856323113642627,4
COc1cc(/C=C/C(=O)CC(=O)/C=C/c2ccc(O)c(OC)c2)ccc1O,4.228485440575032,4
COc1cc(/C=C/C(=O)CC(=O)/C=C/c2ccc(OC/C=C(\C)CC/C=C(\C)CCC=C(C)C)c(OC)c2)ccc1O,4.0746879085003505,1
COc1cc(/C=C/C(=O)CC(=O)/C=C/c2ccc(OC/C=C(\C)CC/C=C(\C)CCC=C(C)C)c(OC)c2)ccc1OC/C=C(\C)CC/C=C(\C)CCC=C(C)C,3.9136401693252516,1
COc1cc(/C=C/C(=O)CC(=O)/C=C/c2ccc(OC/C=C(\C)CCC=C(C)C)c(OC)c2)ccc1O,3.3053948010664316,1
COc1cc(/C=C/C(=O)CC(=O)/C=C/c2ccc(OC/C=C(\C)CCC=C(C)C)c(OC)c2)ccc1OC/C=C(\C)CCC=C(C)C,3.7258421507363204,1
COc1cc(/C=C/C(=O)CC(=O)/C=C/c2ccc(OCC=C(C)C)c(OC)c2)ccc1O,2.250263684430939,1
COc1cc(/C=C/C(=O)CC(=O)/C=C/c2ccc(OCC=C(C)C)c(OC)c2)ccc1OCC=C(C)C,3.459670525209126,1
COc1cc(/C=C/C(=O)NO)ccc1C(=O)NCC1CCN(Cc2ccccc2)CC1,7.698970004336019,1
COc1cc(/C=C/C(=O)NO)ccc1OCC(=O)Nc1cc(Br)cc(C(F)(F)F)c1,4.168770306132937,1
COc1cc(/C=C/C(=O)NO)ccc1OCC(=O)Nc1cc(C(F)(F)F)cc(C(F)(F)F)c1,4.978810700930062,1
COc1cc(/C=C/C(=O)NO)ccc1OCC(=O)Nc1ccc(Br)cc1,5.074172425375258,1
COc1cc(/C=C/C(=O)NO)ccc1OCC(=O)Nc1ccc(Cl)c(Cl)c1,4.366531544420414,1
COc1cc(/C=C/C(=O)NO)ccc1OCC(=O)Nc1ccc(F)c(Cl)c1,4.30715308072277,1
COc1cc(/C=C/C(=O)NO)ccc1OCC(=O)Nc1cccc(C(F)(F)F)c1,4.903089986991944,1
COc1cc(/C=C/C(=O)NO)ccc1OCC(=O)Nc1cccc(F)c1,5.023650020996726,1
COc1cc(/C=C/C(=O)NO)ccc1OCC(=O)Nc1ccccc1F,5.404503778174426,1
COc1cc(/C=C/C(=O)NO)ccc1OCCCCN(C)C(=O)c1ccccc1O,6.657577319177793,1
COc1cc(/C=C/C(=O)NO)ccc1OCCCCNC(=O)c1ccccc1O,6.657577319177793,1
COc1cc(/C=C/C(=O)NO)ccc1OCCCN(C)C(=O)c1ccccc1O,6.7447274948966935,1
COc1cc(/C=C/C(=O)NO)ccc1OCCCNC(=O)c1ccccc1O,6.431798275933005,1
COc1cc(/C=C/C(=O)NO)ccc1OCCN(C)C(=O)c1ccccc1O,6.619788758288394,1
COc1cc(/C=C/C(=O)NO)ccc1OC[C@@H](N)Cc1c[nH]c2ccccc12.Cl,5.536107011014092,1
COc1cc(/C=C/C(=O)NO)ccc1OC[C@H](Cc1c[nH]c2ccccc12)NC(=O)C1CCN(C(=O)OC(C)(C)C)CC1,5.950781977329818,1
COc1cc(/C=C/C(=O)NO)ccc1OC[C@H](Cc1c[nH]c2ccccc12)NC(=O)CNC(=O)OC(C)(C)C,6.769551078621726,1
COc1cc(/C=C/C(=O)NO)ccc1OC[C@H](Cc1c[nH]c2ccccc12)NC(=O)OC(C)(C)C,6.200700487538121,2
COc1cc(/C=C/C(=O)NO)ccc1OC[C@H](Cc1c[nH]c2ccccc12)NC(=O)[C@@H](NC(=O)OC(C)(C)C)C(C)C,6.366531544420413,1
COc1cc(/C=C/C(=O)NO)ccc1OC[C@H](Cc1c[nH]c2ccccc12)NC(=O)[C@@H](NC(=O)OC(C)(C)C)[C@@H](C)O,6.7447274948966935,1
COc1cc(/C=C/C(=O)NO)ccc1OC[C@H](Cc1c[nH]c2ccccc12)NC(=O)[C@@H]1CC2(CN1C(=O)OC(C)(C)C)SCCS2,6.096910013008056,1
COc1cc(/C=C/C(=O)NO)ccc1OC[C@H](Cc1c[nH]c2ccccc12)NC(=O)[C@@H]1CCCN1C(=O)OC(C)(C)C,6.366531544420413,1
COc1cc(/C=C/C(=O)NO)ccc1OC[C@H](Cc1c[nH]c2ccccc12)NC(=O)[C@H](C)NC(=O)OC(C)(C)C,6.795880017344075,1
COc1cc(/C=C/C(=O)NO)ccc1OC[C@H](Cc1c[nH]c2ccccc12)NC(=O)[C@H](CC(C)C)NC(=O)OC(C)(C)C,6.2441251443275085,1
COc1cc(/C=C/C(=O)NO)ccc1OC[C@H](Cc1c[nH]c2ccccc12)NC(=O)[C@H](CCCCNC(=O)OC(C)(C)C)NC(=O)OC(C)(C)C,5.931814138253838,1
COc1cc(/C=C/C(=O)NO)ccc1OC[C@H](Cc1c[nH]c2ccccc12)NC(=O)[C@H](CCSC)NC(=O)OC(C)(C)C,6.7447274948966935,1
COc1cc(/C=C/C(=O)NO)ccc1OC[C@H](Cc1c[nH]c2ccccc12)NC(=O)[C@H](CO)NC(=O)OC(C)(C)C,6.853871964321762,1
COc1cc(/C=C/C(=O)NO)ccc1OC[C@H](Cc1c[nH]c2ccccc12)NC(=O)[C@H](Cc1c[nH]c2ccccc12)NC(=O)OC(C)(C)C,6.309803919971486,1
COc1cc(/C=C/C(=O)NO)ccc1OC[C@H](Cc1c[nH]c2ccccc12)NC(=O)[C@H](Cc1ccc(O)cc1)NC(=O)OC(C)(C)C,6.494850021680094,1
COc1cc(/C=C/C(=O)NO)ccc1OC[C@H](Cc1c[nH]c2ccccc12)NC(=O)[C@H](Cc1ccccc1)NC(=O)OC(C)(C)C,6.207608310501746,1
COc1cc(/C=C/C(=O)NO)ccc1OC[C@H](Cc1c[nH]c2ccccc12)NC(=O)c1ccc(NC(=O)OC(C)(C)C)cc1,6.136677139879544,1
COc1cc(/C=C/C(=O)NO)ccc1OC[C@H](Cc1c[nH]c2ccccc12)NS(=O)(=O)c1ccc(Cl)cc1,5.8326826652518236,1
COc1cc(/C=C/C(=O)NO)ccc1OC[C@H](Cc1c[nH]c2ccccc12)NS(=O)(=O)c1ccc(F)cc1,5.97469413473523,1
COc1cc(/C=C/C(=O)NO)ccc1OC[C@H](Cc1c[nH]c2ccccc12)NS(=O)(=O)c1ccc(NC(C)=O)cc1,6.1487416512809245,1
COc1cc(/C=C/C(=O)Nc2ccc(C)cc2N)ccc1OCC(=O)Nc1cc(Br)cc(C(F)(F)F)c1,5.129011186239424,1
COc1cc(/C=C/C(=O)Nc2ccc(C)cc2N)ccc1OCC(=O)Nc1cc(C(F)(F)F)cc(C(F)(F)F)c1,4.146301788223826,1
COc1cc(/C=C/C(=O)Nc2ccc(C)cc2N)ccc1OCC(=O)Nc1cc(F)cc(Cl)c1,4.812479279163537,1
COc1cc(/C=C/C(=O)Nc2ccc(C)cc2N)ccc1OCC(=O)Nc1ccc(Br)cc1,4.785156151952302,1
COc1cc(/C=C/C(=O)Nc2ccc(C)cc2N)ccc1OCC(=O)Nc1ccc(Cl)c(Cl)c1,4.1904402853647325,1
COc1cc(/C=C/C(=O)Nc2ccc(C)cc2N)ccc1OCC(=O)Nc1cccc(C(F)(F)F)c1,4.82102305270683,1
COc1cc(/C=C/C(=O)Nc2ccc(C)cc2N)ccc1OCC(=O)Nc1cccc(F)c1,4.176525770829699,1
COc1cc(/C=C/C(=O)Nc2ccc(C)cc2N)ccc1OCC(=O)Nc1ccccc1F,4.935542010773082,1
COc1cc(/C=C/C(=O)Nc2ccccc2N)ccc1C(=O)NCC1CCN(Cc2ccccc2)CC1,5.903089986991944,1
COc1cc(/C=C/C(=O)Nc2ccccc2N)ccc1OCC(=O)Nc1cc(Br)cc(C(F)(F)F)c1,4.616184634019569,1
COc1cc(/C=C/C(=O)Nc2ccccc2N)ccc1OCC(=O)Nc1cc(C(F)(F)F)cc(C(F)(F)F)c1,5.107905397309519,1
COc1cc(/C=C/C(=O)Nc2ccccc2N)ccc1OCC(=O)Nc1ccc(Br)cc1,4.892790030352131,1
COc1cc(/C=C/C(=O)Nc2ccccc2N)ccc1OCC(=O)Nc1ccc(Cl)c(Cl)c1,4.987162775294828,1
COc1cc(/C=C/C(=O)Nc2ccccc2N)ccc1OCC(=O)Nc1ccc(F)c(Cl)c1,4.939302159646388,1
COc1cc(/C=C/C(=O)Nc2ccccc2N)ccc1OCC(=O)Nc1cccc(C(F)(F)F)c1,4.304518323509803,1
COc1cc(/C=C/C(=O)Nc2ccccc2N)ccc1OCC(=O)Nc1cccc(F)c1,5.549750891680639,1
COc1cc(/C=C/C(=O)Nc2ccccc2N)ccc1OCC(=O)Nc1ccccc1F,4.132532512140949,1
COc1cc(/C=C/C(=O)c2ccc(NC(=O)c3ccccc3CN3C(=O)c4ccccc4C3=O)cc2)cc(OC)c1OC,6.657577319177793,4
COc1cc(/C=C/C(=O)c2ccc(OCCCCCC(=O)NO)cc2)cc(OC)c1OC,7.221848749616356,2
COc1cc(/C=C/c2ccc(C(=O)NO)o2)ccc1OCc1ccccc1,5.156226880041186,3
COc1cc(/C=C/c2ccc(OC)c(NC(=O)CCCCCCC(=O)NO)c2)cc(OC)c1,6.096910013008056,2
COc1cc(/C=C/c2ccc(OCCCCCCC(=O)NO)cc2)cc(OC)c1,6.655535865760989,3
COc1cc(/C=C2/C(=O)NCC(=O)N2C)ccc1/C=C/C(=O)NO,5.886051636660807,2
COc1cc(/C=C2\CC(=O)N(CCCCCCC(=O)NO)C2=O)cc(OC)c1OC,7.560667306169737,1
COc1cc(/C=C2\N=C(c3ccccc3)N(n3c(SCC(=O)NO)nnc3-c3ccccc3)C2=O)ccc1O,7.045757490560675,1
COc1cc(/C=C2\SC(=O)N(CCNC(=O)Nc3c(C)n(C)n(-c4ccccc4)c3=O)C2=O)cc(OC)c1OC,6.45717457304082,2
COc1cc(/C=C\c2ccc(OC)c(NC(=O)CCCCCCC(=O)NO)c2)cc(OC)c1,5.6777807052660805,2
COc1cc(Br)c(Cn2cc(CCCCC(=O)NO)nn2)cc1OC,6.064492734175287,2
COc1cc(C(=O)NCCc2ccc(/C=C/C(=O)NO)cc2)ccc1O,8.09151498112135,2
COc1cc(C(=O)NO)ccc1Oc1no[n+]([O-])c1S(=O)(=O)c1ccccc1,5.136677139879544,1
COc1cc(C(=O)NOCCCCCC(=O)NO)cc(OC)c1OC,5.878928138649458,2
COc1cc(C(=O)NOCc2ccc(/C=C/C(=O)NO)cc2)cc(OC)c1OC,5.33368989021718,2
COc1cc(C(=O)Nc2ccc3c(c2)S(=O)(=O)N(CCCCCC(=O)NO)C3=O)cc(OC)c1OC,6.452225294612178,1
COc1cc(C(=O)Nc2ccc3c(c2)S(=O)(=O)N(Cc2ccc(C(=O)NO)cc2)C3=O)cc(OC)c1OC,5.767003889607846,1
COc1cc(C(=O)On2nnc3ccccc32)cc(OC)c1OC,5.026872146400301,1
COc1cc(C(=O)c2cc3cc(/C=C/C(=O)NO)ccc3o2)cc(OC)c1OC,5.972404876561183,3
COc1cc(C(=O)c2ccc3c(ccn3Cc3ccc(/C=C/C(=O)NO)cc3)c2)cc(OC)c1OC,5.458420756053419,2
COc1cc(C(=O)c2ccc3c(ccn3S(=O)(=O)c3ccc(/C=C/C(=O)NO)cc3)c2)cc(OC)c1OC,5.068542129310995,2
COc1cc(C(=O)c2ccc3c(ccn3S(=O)(=O)c3cccc(/C=C/C(=O)NO)c3)c2)cc(OC)c1OC,5.8794260687941495,2
COc1cc(C(=O)c2cn(Cc3ccc(/C=C/C(=O)NO)cc3)c3ccccc23)cc(OC)c1OC,6.850596159778438,2
COc1cc(C(=O)c2cn(S(=O)(=O)c3cccc(/C=C/C(=O)NO)c3)c3ccccc23)cc(OC)c1OC,6.857360454287941,2
COc1cc(C(=O)c2csc(-c3ccc(/C=C/C(=O)NO)cc3)n2)cc(OC)c1OC,5.071092309756047,2
COc1cc(C(=O)c2csc(-c3ccc(/C=C/C(=O)Nc4ccccc4N)cc3)n2)cc(OC)c1OC,4.95703092660682,2
COc1cc(C(=O)c2csc(-c3ccc(C#CCCC(=O)Nc4ccccc4N)cc3)n2)cc(OC)c1OC,5.010105436281227,2
COc1cc(C(=O)c2csc(-c3ccc(NC(=O)/C=C/C(=O)NO)cc3)n2)cc(OC)c1OC,4.757955760630449,2
COc1cc(C(=O)c2csc(-c3ccc(NC(=O)/C=C/C(=O)Nc4ccccc4N)cc3)n2)cc(OC)c1OC,4.841939206063395,2
COc1cc(C(=O)c2csc(-c3ccc(NC(=O)CC(=O)Nc4ccccc4N)cc3)n2)cc(OC)c1OC,5.39040559077478,2
COc1cc(C(=O)c2csc(-c3ccc(NC(=O)CCC(=O)NO)cc3)n2)cc(OC)c1OC,5.133122185662501,2
COc1cc(C(=O)c2csc(-c3ccc(NC(=O)CCCC(=O)NO)cc3)n2)cc(OC)c1OC,4.99481948749622,2
COc1cc(C(=O)c2csc(-c3ccc(NC(=O)CCCC(=O)Nc4ccccc4N)cc3)n2)cc(OC)c1OC,5.043831569524636,2
COc1cc(C(=O)c2csc(-c3ccc(NC(=O)CCCCC(=O)NO)cc3)n2)cc(OC)c1OC,4.779630367548606,2
COc1cc(C(=O)c2csc(-c3ccc(NC(=O)CCCCC(=O)Nc4ccccc4N)cc3)n2)cc(OC)c1OC,5.090443970758825,2
COc1cc(C(=O)c2csc(-c3ccc(NC(=O)CCCCCC(=O)NO)cc3)n2)cc(OC)c1OC,4.718966632752273,2
COc1cc(C(=O)c2csc(-c3ccc(NC(=O)CCCCCC(=O)Nc4ccccc4N)cc3)n2)cc(OC)c1OC,5.069050968832477,2
COc1cc(C(=O)c2csc(-c3ccc(NC(=O)CCCCCCC(=O)Nc4ccccc4N)cc3)n2)cc(OC)c1OC,5.005243055412372,2
COc1cc(C(=O)c2csc(-c3ccc(NC(=O)c4ccc(C(=O)Nc5ccccc5N)cc4)cc3)n2)cc(OC)c1OC,4.9775716288145135,2
COc1cc(C(=O)c2csc(-c3ccc(NCC(=O)Nc4ccccc4N)cc3)n2)cc(OC)c1OC,5.008773924307505,2
COc1cc(C(=O)c2csc(-c3ccc(NCCC(=O)Nc4ccccc4N)cc3)n2)cc(OC)c1OC,4.970210529168145,2
COc1cc(C(=O)c2csc(-c3ccc(O/C=C/c4ccc(CC(=O)NO)cc4)cc3)n2)cc(OC)c1OC,5.163675884293248,2
COc1cc(C(=O)c2csc(-c3ccc(OCCCC(=O)NO)cc3)n2)cc(OC)c1OC,5.202732459169283,2
COc1cc(C(=O)c2csc(-c3ccc(OCCCCCCC(=O)Nc4ccccc4N)cc3)n2)cc(OC)c1OC,5.125518182300533,2
COc1cc(C(=O)c2csc(-c3ccc(OCc4ccc(C(=O)NO)cc4)cc3)n2)cc(OC)c1OC,5.1432711096171175,2
COc1cc(C/C(=N\O)C(=O)NCCS)cc(Br)c1OC,9.0,1
COc1cc(C/C(=N\O)C(=O)NCCS)cc(I)c1OC,9.0,1
COc1cc(C/C(=N\O)C(=O)NCCS)ccc1SC,9.221848749616356,1
COc1cc(C/C(=N\O)C(=O)NCCSSCCNC(=O)/C(Cc2ccc(O)c(OC)c2)=N/O)ccc1O,7.3979400086720375,1
COc1cc(C2=CNC([C@@H](N)CCCCCC(=O)C3NC=CO3)N2)c(F)cn1,7.795880017344075,1
COc1cc(C=C2CC(=O)N(CCCCCCC(=O)NO)C2=O)cc(OC)c1OC,7.552841968657781,1
COc1cc(CC(N=O)C(=O)NCCS)cc(Br)c1OC,9.0,1
COc1cc(CC(N=O)C(=O)NCCS)cc(I)c1OC,9.0,1
COc1cc(CC(N=O)C(=O)NCCS)ccc1SC,9.221848749616356,1
COc1cc(CCC(=O)NO)ccc1C(=O)NCC1CCN(Cc2ccccc2)CC1,6.769551078621726,1
COc1cc(CCC(=O)NO)ccc1OC[C@H](Cc1c[nH]c2ccccc12)NC(=O)OC(C)(C)C,5.679853713888946,1
COc1cc(CCC(=O)Nc2ccc(C(=O)NO)cc2)ccc1OC1CCCC1,5.3979400086720375,1
COc1cc(CCC(=O)Nc2ccc(C(=O)NO)cc2)ccc1OCCC(C)C,5.537602002101044,1
COc1cc(CCC(=O)Nc2ccc(C(=O)NO)cc2)ccc1OCc1ccc(Br)cc1,6.096910013008056,1
COc1cc(CCC(=O)Nc2ccc(C(=O)NO)cc2)ccc1OCc1ccc(C)cc1,5.823908740944319,1
COc1cc(CCC(=O)Nc2ccc(C(=O)NO)cc2)ccc1OCc1ccc(Cl)cc1,5.853871964321762,1
COc1cc(CCC(=O)Nc2ccc(C(=O)NO)cc2)ccc1OCc1cccc(Br)c1,6.045757490560675,1
COc1cc(CCC(=O)Nc2ccc(C(=O)NO)cc2)ccc1OCc1cccc(C)c1,5.585026652029182,1
COc1cc(CCC(=O)Nc2ccc(C(=O)NO)cc2)ccc1OCc1cccc(Cl)c1,5.795880017344075,1
COc1cc(CCC(=O)Nc2ccc(C(=O)NO)cc2)ccc1OCc1ccccc1,6.154901959985743,1
COc1cc(CCC(=O)Nc2ccc(C(=O)NO)cc2)ccc1OCc1ccccc1Br,6.221848749616356,1
COc1cc(CCC(=O)Nc2ccc(C(=O)NO)cc2)ccc1OCc1ccccc1C,5.7447274948966935,1
COc1cc(CCC(=O)Nc2ccc(C(=O)NO)cc2)ccc1OCc1ccccc1Cl,5.920818753952375,1
COc1cc(CCC(=O)Nc2ccc(C(=O)NO)cc2)ccc1OCc1ccccn1,5.4089353929735005,1
COc1cc(CCC(=O)Nc2ccc(C(=O)NO)cc2)ccc1OCc1cccs1,6.522878745280337,1
COc1cc(CCc2nc(CCC(=O)NO)cs2)cc(OC)c1OC,6.534914814452822,2
COc1cc(CN2c3ccc(CCC(=O)NO)cc3NC2CCc2ccccc2)cc(O)c1OC,6.777283528852417,1
COc1cc(CNC(=O)CCCCC(O)CC(C)C)ccc1O,4.142667503568732,1
COc1cc(CNCc2ccc(/C=C/C(=O)NO)cc2)cc(OC)c1,6.178833662433796,3
COc1cc(CNc2ccc(/C=C/C(=O)Nc3ccccc3N)cn2)cc(OC)c1OC,5.3979400086720375,4
COc1cc(CNc2ccc(C(=O)Nc3ccccc3N)cc2)cc(OC)c1OC,5.522878745280337,2
COc1cc(CNc2ccc(C(=O)Nc3ccccc3N)cn2)cc(OC)c1OC,5.301029995663981,2
COc1cc(CNc2nc(NCc3ccc(C(=O)Nc4ccccc4N)cc3)nc3[nH]ccc23)cc(OC)c1,6.795880017344075,2
COc1cc(COc2ccc(NC(=O)CCCCCCC(=O)OCCN=[N+]=[N-])cc2)cc(N=[N+]=[N-])c1,3.9546770212133424,2
COc1cc(COc2ccc(NC(=O)CCCCCCC(=O)OCc3ccc(CN=[N+]=[N-])cc3)cc2)cc(N=[N+]=[N-])c1,4.0655015487564325,2
COc1cc(Cc2cnc(N)nc2N)cc2c1N(CCO)CCC2C,5.095825631715837,1
COc1cc(Cl)c(/N=N/c2c(Cl)cc(/C=C/C(=O)Nc3ccccc3N)cc2Cl)c(Cl)c1,5.0,1
COc1cc(Cl)c(N=Nc2c(Cl)cc(/C=C/C(=O)Nc3ccccc3N)cc2Cl)c(Cl)c1,5.0,1
COc1cc(Cn2c(CCc3ccccc3)nc3cc(/C=C/C(=O)NO)ccc32)cc(OC)c1OC,7.482176848043221,5
COc1cc(Cn2c(CCc3ccccc3)nc3cc(C4CC4C(=O)NO)ccc32)cc(OC)c1OC,6.527243550682788,3
COc1cc(Cn2c(CCc3ccccc3)nc3cc(CCC(=O)NO)ccc32)cc(OC)c1OC,6.773417303737071,4
COc1cc(Cn2cc(CCCCC(=O)NO)nn2)cc(OC)c1,6.598599459218455,2
COc1cc(F)c(-c2cnc(N3CCC(NCc4ccc(/C=C/C(=O)NO)cc4)CC3)c(C#N)c2-c2ccc(C#N)c(F)c2)cc1O,9.113509274827518,1
COc1cc(F)c(-c2cnc(N3CCC(NCc4ccc(/C=C/C(=O)NO)cn4)CC3)c(C#N)c2-c2ccc(C#N)nc2)cc1O,8.732828271596986,1
COc1cc(F)c(/N=N/c2c(F)cc(/C=C/C(=O)NO)cc2F)c(F)c1,7.060739102249396,2
COc1cc(F)c(/N=N/c2c(F)cc(/C=C/C(=O)Nc3ccccc3N)cc2Cl)c(Cl)c1,5.4089353929735005,1
COc1cc(F)c(/N=N/c2c(F)cc(/C=C/C(=O)Nc3ccccc3N)cc2F)c(F)c1,5.698970004336019,1
COc1cc(F)c(/N=N/c2c(F)cc(C(=O)Nc3ccccc3N)cc2F)c(F)c1,5.384775539310863,2
COc1cc(F)c(N=Nc2c(F)cc(/C=C/C(=O)Nc3ccccc3N)cc2Cl)c(Cl)c1,5.4089353929735005,1
COc1cc(F)c(N=Nc2c(F)cc(/C=C/C(=O)Nc3ccccc3N)cc2F)c(F)c1,5.698970004336019,1
COc1cc(F)c(N=Nc2c(F)cc(C(=O)Nc3ccccc3N)cc2F)c(F)c1,5.384775539310863,2
COc1cc(F)c(NNc2c(F)cc(/C=C/C(=O)N=O)cc2F)c(F)c1,7.060739102249396,2
COc1cc(F)ccc1-c1cc(Nc2ccc(NC(=O)CCCCCCC(=O)NO)cc2)ncc1F,6.315379079968284,2
COc1cc(F)ccc1-c1cc(Nc2cnn(CCCCCC(=O)NO)c2)ncc1F,5.538951908329342,2
COc1cc(F)ccc1-c1cc(Nc2cnn(CCCCCC(=O)Nc3ccccc3N)c2)ncc1F,5.591420874591332,2
COc1cc(F)ccc1-c1cc(Nc2cnn(CCCCCCC(=O)NO)c2)ncc1F,5.925549281045409,2
COc1cc(F)ccc1CNc1ncc(C(=O)NO)cn1,6.6595558851598815,1
COc1cc(N(C)Cc2ccc(/C=C/C(=O)Nc3ccccc3N)cc2)cc(OC)c1OC,5.522878745280337,2
COc1cc(N2CCC(N)CC2)nc(-c2ccc(C#N)c(F)c2)c1-c1ccc(/C=C/C(=O)NO)c(O)c1,6.216096420727265,1
COc1cc(N2CCC(N)CC2)nc(-c2ccc(C#N)c(F)c2)c1-c1ccc(OC/C=C/C(=O)ON)c(O)c1,6.910094888560602,1
COc1cc(NC(=O)CCCCCC(=O)NO)ccc1Nc1nccc(-c2cn(C)c3ccccc23)n1,6.917214629683549,2
COc1cc(NC(=O)CCCCCCC(=O)NO)ccc1-c1cnco1,7.221848749616356,1
COc1cc(NC(=O)CCCCCCC(=O)NO)ccc1Nc1nccc(-c2cn(C)c3ccccc23)n1,7.070581074285707,5
COc1cc(NC(=O)CCCCCCCCCCC(=O)NO)ccc1Nc1nccc(-c2cn(C)c3ccccc23)n1,7.070581074285707,1
COc1cc(NC(=O)NOCCCCCC(=O)NO)c2nc(OC)cc(C)c2c1,7.365523898802751,2
COc1cc(NC(=O)NOCCCCCC(=O)NO)c2nccc(C)c2c1,7.112664890454596,2
COc1cc(NC(=O)NOCCCCCC(=O)NO)c2ncccc2c1,7.2844146492583715,2
COc1cc(NC(=O)[C@H](CCCCNS(N)(=O)=O)NC(=O)OCc2ccccc2)c2ncccc2c1,6.04098483160756,4
COc1cc(NC/C=C/c2ccc(C(=O)Nc3ccccc3N)cc2)cc(OC)c1OC,5.3979400086720375,2
COc1cc(NCc2ccc(/C=C/C(=O)Nc3ccccc3N)cc2)cc(OC)c1OC,5.698970004336019,4
COc1cc(NCc2ccc(/C=C/C(=O)Nc3ccccc3N)cn2)cc(OC)c1OC,5.522878745280337,4
COc1cc(NCc2ccc(C(=O)NO)cc2)c2ncccc2c1,6.667561540084394,2
COc1cc(NCc2ccc(C(=O)Nc3ccccc3N)cc2)cc(OC)c1OC,5.522878745280337,2
COc1cc(NCc2ccc(C(=O)Nc3ccccc3N)cc2)ncn1,6.698970004336019,2
COc1cc(Nc2c(CCc3ccccc3)nc3ccc(/C=C/C(=O)NO)cn23)cc(OC)c1OC,6.823908740944319,1
COc1cc(Nc2nc(N)nc3c2ncn3Cc2ccc(C(=O)Nc3ccccc3N)cc2)cc(OC)c1,7.621602099051862,2
COc1cc(Nc2nc(N3CCN(c4ncc(C(=O)NO)cn4)CC3)ncc2Cl)cc(OC)c1,6.164943898279883,2
COc1cc(Nc2ncc(C(=O)NO)cn2)cc(C(F)(F)F)c1,6.617982957425132,1
COc1cc(Nc2ncc(C(=O)NO)cn2)cc(OC)c1,6.809668301829708,1
COc1cc(Nc2ncnc3ccc(-c4cn(CCCCCC(=O)NO)nn4)cc23)ccc1Oc1ccccc1,7.571877299604973,2
COc1cc(Nc2ncnc3ccc(-c4cn(CCCCCCC(=O)NO)nn4)cc23)ccc1Oc1ccccc1,7.889423339022647,2
COc1cc(O)c(C(=O)Nc2ccc(F)c(Cl)c2)cc1NC(=O)CCCCCC(=O)NO,5.962573502059376,1
COc1cc(O)cc(OC)c1/C=N/NC(=O)CCCCCC(=O)NO,7.505854329046256,2
COc1cc(OC)c(/C=C/S(=O)(=O)Cc2ccc(OC)c(NC(=O)CCC(=O)NO)c2)c(OC)c1,7.949521948470253,2
COc1cc(OC)c(/C=C/S(=O)(=O)Cc2ccc(OC)c(NCC(=O)NO)c2)c(OC)c1,7.95142342507702,2
COc1cc(OC)c2c(=O)[nH]c(-c3cc(C)c(O)c(C)c3)nc2c1,3.536107011014093,1
COc1cc(OC)c2c(=O)[nH]c(-c3cc(C)c(OCCCCC(=O)NO)c(C)c3)nc2c1,7.271202928101502,6
COc1cc(OC)c2c(=O)[nH]c(-c3cc(C)c(OCCCCCC(=O)NO)c(C)c3)nc2c1,6.536107011014092,1
COc1cc(OC)c2c(=O)[nH]c(-c3cc(C)c(OCc4ccc(/C=C/C(=O)NO)cc4)c(C)c3)nc2c1,6.690369832574101,2
COc1cc(OC)c2c(=O)[nH]c(-c3ccc(OC/C=C/C(=O)NO)cc3)nc2c1,6.536107011014092,1
COc1cc(OC)c2c(=O)[nH]c(-c3ccc(OCCCC(=O)NO)cc3)nc2c1,7.494850021680094,1
COc1cc(OC)c2c(=O)[nH]c(-c3ccc(OCCCCC(=O)NO)cc3)nc2c1,6.536107011014092,1
COc1cc(OC)c2c(=O)[nH]c(-c3ccc(OCCCCCC(=O)NO)cc3)nc2c1,6.536107011014092,1
COc1cc(OC)c2c(=O)[nH]c(-c3ccc(OCCCCCCC(=O)NO)cc3)nc2c1,6.536107011014092,1
COc1cc(OC)c2c(=O)[nH]c(-c3ccc(OCCCCCCCC(=O)NO)cc3)nc2c1,6.536107011014092,1
COc1cc(OC)c2c(=O)[nH]c(-c3ccc(OCc4cc(C)c(/C=C/C(=O)NO)c(C)c4)cc3)nc2c1,6.536107011014092,1
COc1cc(OC)c2c(=O)[nH]c(-c3ccc(OCc4ccc(/C=C/C(=O)NO)cc4)cc3)nc2c1,6.536107011014092,1
COc1cc(OC)c2c(=O)[nH]c(-c3ccc(Oc4ccc(C(=O)NO)cn4)cc3)nc2c1,6.536107011014092,1
COc1cc(OC)c2c(N3CCN(C)CC3)nc(-c3cc(C)c(OCCCCCC(=O)NO)c(C)c3)nc2c1,7.060655533878102,2
COc1cc(OC)c2c(N3CCS(=O)(=O)CC3)nc(-c3cc(C)c(OCCCCCC(=O)NO)c(C)c3)nc2c1,7.00084852995073,2
COc1cc(OC)c2cc(C(=O)NCCCCCCC(=O)NO)[nH]c2c1,8.508638306165727,2
COc1cc(OC)cc(-c2ccc3c(NC(=O)CCCCCCC(=O)NO)n[nH]c3c2)c1,8.337242168318426,2
COc1cc(OC)cc(-c2ncc(/C=C/C(=O)NO)s2)c1,6.142667503568731,1
COc1cc(OC)cc(-c2ncc(C(=O)NCCCCCCC(=O)NO)s2)c1,6.102372908709558,1
COc1cc(OC)cc(C(=O)N(CCC(=O)NCc2ccccc2)Cc2ccc(C(=O)NO)cc2)c1,6.831207979685818,1
COc1cc(OC)cc(C(=O)NOCCCCCC(=O)NO)c1,6.213854696924291,2
COc1cc(OC)cc(C(=O)On2nnc3ccc(OC)cc32)c1,4.057991946977687,1
COc1cc(OC)cc(C(=O)On2nnc3ccccc32)c1,4.213958789757446,1
COc1cc(OC)cc(C2(Nc3ncc(C(=O)NO)cn3)CC2)c1,7.366531544420414,1
COc1cc(OC)cc(N(CC2CC2)c2ccc3ncc(-c4cnn(CCCCC(=O)NO)c4)nc3c2)c1,6.752026733638193,2
COc1cc(OC)cc(N(CC2CC2)c2ccc3ncc(-c4cnn(CCCCCC(=O)NO)c4)nc3c2)c1,7.113509274827518,2
COc1cc(OC)cc(N(CC2CC2)c2ccc3ncc(-c4cnn(CCCCCCC(=O)NO)c4)nc3c2)c1,7.657577319177793,2
COc1cc(OC)cc(N(CC2CC2)c2ccc3ncc(-c4cnn(CCCCCCCC(=O)NO)c4)nc3c2)c1,6.764471553092451,2
COc1cc(OC)cc(N(CCCCC(=O)NO)c2ccc3ncc(-c4cnn(C)c4)nc3c2)c1,6.804100347590767,2
COc1cc(OC)cc(N(CCCCCC(=O)NO)c2ccc3ncc(-c4cnn(C)c4)nc3c2)c1,8.585026652029182,2
COc1cc(OC)cc(N(CCCCCCC(=O)NO)c2ccc3ncc(-c4cnn(C)c4)nc3c2)c1,8.236572006437063,2
COc1cc(OC)cc(N(CCNC(C)C)c2ccc3ncc(-c4cnn(CCC(=O)Nc5ccc(C(=O)NO)cc5)c4)nc3c2)c1,8.244125144327509,2
COc1cc(OC)cc(N(CCNC(C)C)c2ccc3ncc(-c4cnn(CCCC(=O)NO)c4)nc3c2)c1,6.185086818724926,2
COc1cc(OC)cc(N(CCNC(C)C)c2ccc3ncc(-c4cnn(CCCCC(=O)NO)c4)nc3c2)c1,7.721246399047171,2
COc1cc(OC)cc(N(CCNC(C)C)c2ccc3ncc(-c4cnn(CCCCCC(=O)NO)c4)nc3c2)c1,8.356547323513812,2
COc1cc(OC)cc(N(CCNC(C)C)c2ccc3ncc(-c4cnn(CCCCCCC(=O)NO)c4)nc3c2)c1,8.886056647693163,2
COc1cc(OC)cc(N(CCNC(C)C)c2ccc3ncc(-c4cnn(CCCCCCCC(=O)NO)c4)nc3c2)c1,8.200659450546418,2
COc1cc(OC)cc(N(CCNC(C)C)c2ccc3ncc(-c4cnn(CCCCCCCCC(=O)NO)c4)nc3c2)c1,7.795880017344075,2
COc1cc(OC)cc(N(CCNC(C)C)c2ccc3ncc(-c4cnn(CCCCCOc5ccc(C(=O)NO)cc5)c4)nc3c2)c1,6.5638373529592435,2
COc1cc(OC)cc(N(CCNC(C)C)c2ccc3ncc(-c4cnn(CCCCOc5ccc(C(=O)NO)cc5)c4)nc3c2)c1,6.795880017344075,2
COc1cc(OC)cc(N(CCNC(C)C)c2ccc3ncc(-c4cnn(CCCOc5ccc(C(=O)NO)cc5)c4)nc3c2)c1,6.899629454882437,2
COc1cc(OC)cc(N(CCNC(C)C)c2ccc3ncc(-c4cnn(CCOc5ccc(C(=O)NO)cc5)c4)nc3c2)c1,8.229147988357855,2
COc1cc(OC)cc(N(CCNC(C)C)c2ccc3ncc(-c4cnn(CCc5ccc(C(=O)NO)cc5)c4)nc3c2)c1,7.161150909262744,2
COc1cc(OC)cc(N(CCNC(C)C)c2ccc3ncc(-c4cnn(Cc5ccc(/C=C/C(=O)NO)cc5)c4)nc3c2)c1,7.327902142064282,2
COc1cc(OC)nc(NCc2ccc(C(=O)Nc3ccccc3N)cc2)n1,7.0,2
COc1cc(OCc2cccc(-c3ccc4c(c3)OCCO4)c2C)cc(OC)c1CNCCCCCC(=O)NO,5.987162775294828,2
COc1cc(OCc2cccc(-c3ccccc3)c2C)cc(OC)c1CN(C)CCCC(=O)NO,5.899629454882437,2
COc1cc(OCc2cccc(-c3ccccc3)c2C)cc(OC)c1CN(C)CCCCC(=O)NO,5.438898616350944,2
COc1cc(OCc2cccc(-c3ccccc3)c2C)cc(OC)c1CNCCCCCC(=O)NO,5.6401645176601125,2
COc1cc(OCc2cccc(-c3ccccc3)c2C)cc(OC)c1CNCCCCCCC(=O)NO,5.443697499232712,2
COc1cc(O[C@H]2C[C@H](OC)C2)cc(-c2cnc([C@@H](N)CCCCCC(=O)c3ncco3)[nH]2)c1F,8.154901959985743,1
COc1cc(Oc2ccc3nc(/C=C/C(=O)NO)ccc3c2)cc(OC)c1OC,5.752026733638193,2
COc1cc([C@@H]2c3cc4c(cc3C[C@H]3COC(=O)[C@@H]32)OCO4)cc(OC)c1OC(=O)CC(=O)NCc1ccc(C(=O)Nc2ccccc2N)cc1,4.95506845385084,2
COc1cc([C@@H]2c3cc4c(cc3C[C@H]3COC(=O)[C@@H]32)OCO4)cc(OC)c1OC(=O)CC(=O)Nc1ccc(C(=O)Nc2ccccc2N)cc1,4.96018944585165,2
COc1cc([C@@H]2c3cc4c(cc3[C@@H](Nc3ccc(NC(=O)CCCCC(=O)NO)cc3)[C@H]3COC(=O)[C@H]23)OCO4)cc(OC)c1O,5.548213564475709,1
COc1cc([C@@H]2c3cc4c(cc3[C@@H](Nc3ccc(NC(=O)CCCCCC(=O)NO)cc3)[C@H]3COC(=O)[C@H]23)OCO4)cc(OC)c1O,6.229147988357855,1
COc1cc([C@@H]2c3cc4c(cc3[C@@H](Nc3ccc(NC(=O)CCCCCCC(=O)NO)cc3)[C@H]3COC(=O)[C@H]23)OCO4)cc(OC)c1O,6.6777807052660805,1
COc1cc([C@@H]2c3cc4c(cc3[C@@H](Nc3ccc(OCCCC(=O)NO)cc3)[C@H]3COC(=O)[C@H]23)OCO4)cc(OC)c1O,6.614393726401688,1
COc1cc([C@@H]2c3cc4c(cc3[C@@H](Nc3ccc(OCCCCC(=O)NO)cc3)[C@H]3COC(=O)[C@H]23)OCO4)cc(OC)c1O,6.903089986991944,1
COc1cc([C@@H]2c3cc4c(cc3[C@@H](Nc3ccc(OCCCCCC(=O)NO)cc3)[C@H]3COC(=O)[C@H]23)OCO4)cc(OC)c1O,6.684029654543082,1
COc1cc([C@@H]2c3cc4c(cc3[C@@H](Nc3ccc(OCCCCCCC(=O)NO)cc3)[C@H]3COC(=O)[C@H]23)OCO4)cc(OC)c1O,7.537602002101044,1
COc1cc([C@@H]2c3cc4c(cc3[C@@H](Nc3ccc(OCCCCCCC(=O)Nc5ccccc5N)cc3)[C@H]3COC(=O)[C@H]23)OCO4)cc(OC)c1O,4.851397345193907,1
COc1cc([C@@H]2c3cc4c(cc3[C@@H](Nc3ccc(OCCCCCCCC(=O)NO)cc3)[C@H]3COC(=O)[C@H]23)OCO4)cc(OC)c1O,7.060480747381382,1
COc1cc([C@@H]2c3cc4c(cc3[C@@H](Nc3cccc(NC(=O)CCCCC(=O)NO)c3)[C@H]3COC(=O)[C@H]23)OCO4)cc(OC)c1O,5.844663962534938,1
COc1cc([C@@H]2c3cc4c(cc3[C@@H](Nc3cccc(NC(=O)CCCCCC(=O)NO)c3)[C@H]3COC(=O)[C@H]23)OCO4)cc(OC)c1O,6.42021640338319,1
COc1cc([C@@H]2c3cc4c(cc3[C@@H](Nc3cccc(NC(=O)CCCCCCC(=O)NO)c3)[C@H]3COC(=O)[C@H]23)OCO4)cc(OC)c1O,7.0,1
COc1cc([C@@H]2c3cc4c(cc3[C@@H](Nc3cccc(OCCCC(=O)NO)c3)[C@H]3COC(=O)[C@H]23)OCO4)cc(OC)c1O,6.414539270491499,1
COc1cc([C@@H]2c3cc4c(cc3[C@@H](Nc3cccc(OCCCCC(=O)NO)c3)[C@H]3COC(=O)[C@H]23)OCO4)cc(OC)c1O,7.031517051446065,1
COc1cc([C@@H]2c3cc4c(cc3[C@@H](Nc3cccc(OCCCCCC(=O)NO)c3)[C@H]3COC(=O)[C@H]23)OCO4)cc(OC)c1O,7.346787486224656,1
COc1cc([C@@H]2c3cc4c(cc3[C@@H](Nc3cccc(OCCCCCCC(=O)NO)c3)[C@H]3COC(=O)[C@H]23)OCO4)cc(OC)c1O,7.958607314841775,1
COc1cc([C@@H]2c3cc4c(cc3[C@@H](Nc3cccc(OCCCCCCCC(=O)NO)c3)[C@H]3COC(=O)[C@H]23)OCO4)cc(OC)c1O,7.4089353929735005,1
COc1cc([C@@H]2c3cc4c(cc3[C@@H](Nc3ccccc3OCCCC(=O)NO)[C@H]3COC(=O)[C@H]23)OCO4)cc(OC)c1O,6.2380721615794705,1
COc1cc([C@@H]2c3cc4c(cc3[C@@H](Nc3ccccc3OCCCCC(=O)NO)[C@H]3COC(=O)[C@H]23)OCO4)cc(OC)c1O,6.432973633840939,1
COc1cc([C@@H]2c3cc4c(cc3[C@@H](Nc3ccccc3OCCCCCC(=O)NO)[C@H]3COC(=O)[C@H]23)OCO4)cc(OC)c1O,6.838631997765026,1
COc1cc([C@@H]2c3cc4c(cc3[C@@H](Nc3ccccc3OCCCCCCC(=O)NO)[C@H]3COC(=O)[C@H]23)OCO4)cc(OC)c1O,7.142667503568731,1
COc1cc([C@@H]2c3cc4c(cc3[C@@H](Nc3ccccc3OCCCCCCCC(=O)NO)[C@H]3COC(=O)[C@H]23)OCO4)cc(OC)c1O,6.756961951313706,1
COc1cc([C@H]2Oc3c(OC)cc(CCCO)cc3[C@@H]2CO)ccc1O[C@@H]1O[C@H](CO)[C@@H](O)[C@H](O)[C@H]1O,5.443697499232712,2
COc1cc2c(NC3CCN(Cc4ccc(C(=O)NO)cc4)CC3)cc(-c3ccc(C)o3)nc2cc1OCCCN1CCCC1,6.8326826652518236,2
COc1cc2c(NC3CCN(c4ccc(C(=O)NO)cc4)CC3)cc(-c3ccc(C)o3)nc2cc1OCCCN1CCCC1,6.3819519032879075,2
COc1cc2c(NC3CCN(c4ncc(C(=O)NO)cn4)CC3)cc(C)nc2cc1OCCCN1CCCC1,7.769551078621726,2
COc1cc2c(NCC3CCC(C(=O)NO)CC3)cc(-c3ccc(C)o3)nc2cc1OCCCN1CCCC1,7.657577319177793,2
COc1cc2c(NCC3CCC(c4ccc(C(=O)NO)cc4)CC3)cc(-c3ccc(C)o3)nc2cc1OCCCN1CCCC1,7.468521082957745,2
COc1cc2c(NCC3CCN(Cc4ccc(C(=O)NO)cc4)CC3)cc(-c3ccc(C)o3)nc2cc1OCCCN1CCCC1,6.280668713016274,2
COc1cc2c(NCC3CCN(c4ccc(C(=O)NO)cc4)CC3)cc(-c3ccc(C)o3)nc2cc1OCCCN1CCCC1,7.107905397309519,2
COc1cc2c(NCC3CCN(c4ncc(C(=O)NO)cn4)CC3)cc(-c3ccc(C)o3)nc2cc1OCC1CCNCC1,8.221848749616356,2
COc1cc2c(NCC3CCN(c4ncc(C(=O)NO)cn4)CC3)cc(-c3ccc(C)o3)nc2cc1OCCCN1CCCC1,8.522878745280337,4
COc1cc2c(NCC3CCN(c4ncc(C(=O)NO)cn4)CC3)cc(C)nc2cc1OCCCN1CCCC1,8.154901959985743,2
COc1cc2c(NCc3ccc(-c4ccc(C(=O)NO)cc4)cc3)cc(-c3ccc(C)o3)nc2cc1OCCCN1CCCC1,7.346787486224656,2
COc1cc2c(NCc3ccc(C(=O)NO)cc3)cc(-c3ccc(C)o3)nc2cc1OCCCN1CCCC1,8.045757490560675,2
COc1cc2c(NCc3ccc(C4CCC(C(=O)NO)CC4)cc3)cc(-c3ccc(C)o3)nc2cc1OCCCN1CCCC1,6.209082037971176,2
COc1cc2c(NCc3ccc([C@H]4CC[C@@H](C(=O)NO)CC4)cc3)cc(-c3ccc(C)o3)nc2cc1OCCCN1CCCC1,6.939302159646388,1
COc1cc2c(NCc3ccc([C@H]4CC[C@H](C(=O)NO)CC4)cc3)cc(-c3ccc(C)o3)nc2cc1OCCCN1CCCC1,5.478861916295964,1
COc1cc2c(Nc3ccc(F)c(Cl)c3)ncnc2cc1OCCCCCCC(=O)NO,7.176525770829699,1
COc1cc2c(Nc3ccc4[nH]c(C)cc4c3F)ncnc2cc1OCCCCC(=O)NO,7.0,1
COc1cc2c(Nc3cccc(/C=C/C(=O)NO)c3)ncnc2cc1OCCCN1CCOCC1,6.795880017344075,2
COc1cc2c(Oc3ccc(NC(=O)C4CCN(c5ccc(F)cc5)C4=O)cc3)ccnc2cc1OCCCCCCC(=O)NO,7.56887764469406,4
COc1cc2c(Oc3ccc(NC(=O)NC4CCCCC4)cc3)ccnc2cc1OCCCCCCC(=O)NO,7.3457284641076575,2
COc1cc2c(Oc3ccc(NC(=O)Nc4ccc(C(F)(F)F)cc4Cl)cc3)ccnc2cc1OCCCCCCC(=O)NO,6.829020538678103,2
COc1cc2c(Oc3ccc(NC(=O)Nc4ccccc4)cc3)ccnc2cc1OCCCCCCC(=O)NO,7.124851895079067,2
COc1cc2c(Oc3ccc(NC(=O)Nc4ccccc4F)cc3)ccnc2cc1OCCCCCCC(=O)NO,6.882662409963946,2
COc1cc2c(Oc3ccc(NC(=O)c4nn(-c5ccccc5)cc(C)c4=O)cc3)ccnc2cc1OCCCCCCC(=O)NO,7.468329566930968,2
COc1cc2c(Oc3ccc(NC(=O)c4nn(-c5ccccc5)ccc4=O)cc3)ccnc2cc1OCCCCCCC(=O)NO,7.73889529186876,4
COc1cc2c(c(OC)c1OC)-c1ccc(OC)c(=O)cc1[C@@H](NC(=O)CCC(=O)NO)CC2,5.876148359032914,1
COc1cc2c(c(OC)c1OC)-c1ccc(OC)c(=O)cc1[C@@H](NC(=O)CCCC(=O)NO)CC2,5.018634490921455,1
COc1cc2c(c(OC)c1OC)-c1ccc(OC)c(=O)cc1[C@@H](NC(=O)CCCCC(=O)NO)CC2,6.142667503568731,1
COc1cc2c(c(OC)c1OC)-c1ccc(OC)c(=O)cc1[C@@H](NC(=O)CCCCCC(=O)NO)CC2,5.795880017344075,1
COc1cc2c(c(OC)c1OC)-c1ccc(OC)c(=O)cc1[C@@H](NC(=O)c1ccc(C(=O)Nc3cc(-c4cccs4)ccc3N)cc1)CC2,5.649751981665837,2
COc1cc2c(c(OC)c1OC)-c1ccc(OC)c(=O)cc1[C@@H](NC(=O)c1ccc(C(=O)Nc3ccccc3N)cc1)CC2,4.79805693659835,2
COc1cc2c(c(OC)c1OC)-c1ccc(OC)c(=O)cc1[C@@H](NC(=O)c1cccc(C(=O)Nc3cc(-c4cccs4)ccc3N)c1)CC2,5.823908740944319,2
COc1cc2c(c(OC)c1OC)-c1ccc(OC)c(=O)cc1[C@@H](NC(=O)c1cccc(C(=O)Nc3ccccc3N)c1)CC2,5.016824927962187,2
COc1cc2c(c(OC)c1OC)-c1ccc(OC)c(=O)cc1[C@@H](NCc1ccc(C(=O)Nc3cc(-c4cccs4)ccc3N)cc1)CC2,5.478861916295964,2
COc1cc2c(c(OC)c1OC)-c1ccc(OC)c(=O)cc1[C@@H](NCc1ccc(C(=O)Nc3ccccc3N)cc1)CC2,4.903089986991944,2
COc1cc2c(c(OC)c1OC)-c1ccc(OC)c(=O)cc1[C@@H](NCc1cccc(C(=O)Nc3cc(-c4cccs4)ccc3N)c1)CC2,4.5934598195660445,2
COc1cc2c(cc1-c1c(C)noc1C)[nH]c1nc(C)nc(NCCCCCC(=O)NO)c12,6.906578314837764,2
COc1cc2c(cc1-c1c(C)noc1C)[nH]c1nc(C)nc(NCCCCCC(=O)Nc3ccc(/C=C/C(=O)NO)cc3)c12,5.958607314841775,2
COc1cc2c(cc1-c1c(C)noc1C)[nH]c1nc(C)nc(NCCCCCC(=O)Nc3ccc(C(=O)NO)cc3)c12,7.0655015487564325,2
COc1cc2c(cc1-c1c(C)noc1C)[nH]c1nc(C)nc(NCCCCCCC(=O)NO)c12,7.721246399047171,2
COc1cc2c(cc1-c1c(C)noc1C)[nH]c1nc(C)nc(NCCCCCCCC(=O)NO)c12,6.698970004336019,2
COc1cc2c(cc1-c1c(C)noc1C)[nH]c1nc(C)nc(NCc3ccc(C(=O)NO)cc3)c12,6.3487219860018556,2
COc1cc2c(cc1-c1c(C)noc1C)[nH]c1nc(C)nc(Nc3ccc(/C=C/C(=O)NO)cc3)c12,5.920818753952375,2
COc1cc2c(cc1-c1c(C)noc1C)[nH]c1nc(C)nc(Nc3ccc(C(=O)NO)cc3)c12,6.403402904373539,2
COc1cc2c(cc1-c1c(C)noc1C)[nH]c1ncnc(NCCCCCC(=O)NO)c12,6.692503962086787,2
COc1cc2c(cc1-c1c(C)noc1C)[nH]c1ncnc(NCCCCCC(=O)Nc3ccc(/C=C/C(=O)NO)cc3)c12,6.598599459218455,2
COc1cc2c(cc1-c1c(C)noc1C)[nH]c1ncnc(NCCCCCCC(=O)NO)c12,8.0,2
COc1cc2c(cc1-c1c(C)noc1C)[nH]c1ncnc(NCCCCCCCC(=O)NO)c12,7.431798275933005,2
COc1cc2c(cc1-c1c(C)noc1C)[nH]c1ncnc(Nc3ccc(C(=O)NO)cc3)c12,6.011441043121384,2
COc1cc2c(cc1OC)C(=O)C(CC1CCN(Cc3ccc(/C=C/C(=O)NO)cc3)CC1)C2,5.614393726401688,2
COc1cc2c(cc1OC)C(=O)C(CC1CCN(Cc3ccc(NC(=O)CCCCCCC(=O)NO)cc3)CC1)C2,6.504455662453552,2
COc1cc2c(cc1OC)C(=O)C(CC1CCN(Cc3cccc(NC(=O)CCCCCCC(=O)NO)c3)CC1)C2,6.213958789757446,2
COc1cc2c(cc1OC)C(=O)C(CC1CCN(S(=O)(=O)c3cccc(/C=C/C(=O)NO)c3)CC1)C2,5.777283528852417,2
COc1cc2c(cc1OC)N(Cc1ccc(C(=O)NO)cc1)CCCC2,6.530177984021837,2
COc1cc2c(ccc(=O)n2C)cc1-c1cnc([C@@H](N)CCCCCC(=O)c2ccon2)[nH]1,8.920818753952375,1
COc1cc2c(ccc(=O)n2C)cc1-c1cnc([C@@H](N)CCCCCC(=O)c2ncco2)[nH]1,8.721246399047171,1
COc1cc2c(ccc(=O)n2C)cc1-c1cnc([C@H](CCCCCC(=O)c2ccon2)NC(=O)C2CN(C)C2)[nH]1,9.619788758288394,1
COc1cc2c(ccc(=O)n2C)cc1-c1cnc([C@H](CCCCCC(=O)c2ccon2)NC(=O)CN(C)C)[nH]1,9.431798275933003,1
COc1cc2c(ccc(=O)n2C)cc1-c1cnc([C@H](CCCCCC(=O)c2ncco2)NC(=O)CN(C)C)[nH]1,9.036212172654444,1
COc1cc2cc(C(=O)NO)sc2cc1C,5.8696662315049934,1
COc1cc2cc(c1)COc1ccccc1NC(=O)C(CCCCCC(=O)NO)OC/C=C\2,7.51074996534427,2
COc1cc2cc(c1)COc1ccccc1NC(=O)C(CCCCCC(=O)NO)OCCC2,6.690369832574101,2
COc1cc2cc(c1)COc1ccccc1NC(=O)[C@@H](CCCCCC(=O)NO)OC/C=C\2,7.10762718171611,2
COc1cc2cc(c1)COc1ccccc1NC(=O)[C@@H](CCCCCC(=O)NO)OCCC2,6.991399828238082,2
COc1cc2cc(c1)COc1ccccc1NC(=O)[C@H](CCCCCC(=O)NO)OC/C=C\2,7.496895379731171,2
COc1cc2cc(c1)COc1ccccc1NC(=O)[C@H](CCCCCC(=O)NO)OCCC2,7.142065152999546,2
COc1cc2ccn(CCCCOc3cccc(NC(=O)CCCCCCC(=O)NO)c3)c2c(OC)c1OC,7.535367190873467,2
COc1cc2ccn(CCOc3ccc(NC(=O)CCCCCCC(=O)NO)cc3)c2cc1OC,8.4089353929735,2
COc1cc2ccn(CCOc3cccc(NC(=O)CCCCCCC(=O)NO)c3)c2c(OC)c1OC,7.9566421680275585,2
COc1cc2nc(-c3cc(C)oc3C)cc(NCC3CCN(c4ncc(C(=O)NO)cn4)CC3)c2cc1OC,8.301029995663981,2
COc1cc2nc(-c3ccc(C)o3)cc(NC3CCC(C(=O)NO)CC3)c2cc1OC,6.402304814074488,1
COc1cc2nc(-c3ccc(C)o3)cc(NC3CCN(c4ncc(C(=O)NO)cn4)CC3)c2cc1OC,7.200659450546418,2
COc1cc2nc(-c3ccc(C)o3)cc(NCC3C4CCC3CN(c3ncc(C(=O)NO)cn3)C4)c2cc1OC,7.657577319177793,2
COc1cc2nc(-c3ccc(C)o3)cc(NCC3CCC(C(=O)NO)CC3)c2cc1OC,7.42021640338319,2
COc1cc2nc(-c3ccc(C)o3)cc(NCC3CCN(C4CC(C(=O)NO)C4)CC3)c2cc1OC,6.343901797987169,2
COc1cc2nc(-c3ccc(C)o3)cc(NCC3CCN(Cc4ccc(C(=O)NO)cc4)CC3)c2cc1OC,6.481486060122112,2
COc1cc2nc(-c3ccc(C)o3)cc(NCC3CCN(Cc4ccc(C(=O)NO)s4)CC3)c2cc1OC,6.518557371497695,2
COc1cc2nc(-c3ccc(C)o3)cc(NCC3CCN(c4ccc(C(=O)NO)cn4)CC3)c2cc1OC,6.84163750790475,2
COc1cc2nc(-c3ccc(C)o3)cc(NCC3CCN(c4ncc(C(=O)NO)cn4)CC3)c2cc1OC,8.154901959985743,4
COc1cc2nc(-c3ccc(C)o3)cc(NCc3ccc(C(=O)NO)cc3)c2cc1OC,7.853871964321762,2
COc1cc2nc(-c3ccc(C)o3)cc(NCc3ccc(C(=O)NO)cn3)c2cc1OC,7.060480747381382,2
COc1cc2nc(-c3ccc(C)o3)cc(N[C@H]3CC[C@@H](C(=O)NO)CC3)c2cc1OC,6.402304814074488,1
COc1cc2nc(-c3ccc(C)o3)nc(NCC3CCN(c4ncc(C(=O)NO)cn4)CC3)c2cc1OC,8.154901959985743,2
COc1cc2nc(-c3ccc(C)s3)cc(NCC3CCN(c4ncc(C(=O)NO)cn4)CC3)c2cc1OC,7.769551078621726,2
COc1cc2nc(-c3ccccc3)cc(NCC3CCN(c4ncc(C(=O)NO)cn4)CC3)c2cc1OC,8.522878745280337,2
COc1cc2nc(C)cc(NCC3CCN(c4ncc(C(=O)NO)cn4)CC3)c2cc1OC,8.522878745280337,2
COc1cc2nc(C)ccc2cc1-c1c[nH]c([C@@H](N)CCCCCC(=O)c2ncco2)n1,8.744727494896694,1
COc1cc2nc(C)ccc2cc1-c1cnc([C@H](CCCCCC(=O)C2NC=CO2)NC(=O)C2CCC3(CC2)CN(C)C3)[nH]1,9.086186147616283,1
COc1cc2nc(C)ccc2cc1-c1cnc([C@H](CCCCCC(=O)C2NC=CO2)NC(=O)C2CCN(C)CC2)[nH]1,9.468521082957745,1
COc1cc2nc(C)ccc2cc1-c1cnc([C@H](CCCCCC(=O)C2NC=CO2)NC(=O)C2CN(C)C2)[nH]1,9.522878745280336,1
COc1cc2nc(C)ccc2cc1-c1cnc([C@H](CCCCCC(=O)C2NC=CO2)NC(=O)C2CN(C)C2)o1,9.346787486224656,1
COc1cc2nc(C)ccc2cc1-c1cnc([C@H](CCCCCC(=O)C2NC=CO2)NC2CC(OC)C2)[nH]1,8.397940008672037,1
COc1cc2nc(C)ccc2cc1-c1cnc([C@H](CCCCCC(=O)C2NC=CO2)Nc2ncccn2)[nH]1,8.638272163982407,1
COc1cc2nc(C)ccc2cc1-c1cnc([C@H](CCCCCC(=O)c2cc(C)on2)NC(=O)C2CC23CCN(C)CC3)[nH]1,9.744727494896694,1
COc1cc2nc(C)ccc2cc1-c1cnc([C@H](CCCCCC(=O)c2cc(C)on2)NC(=O)C2CN(C)C2)[nH]1,9.638272163982409,1
COc1cc2nc(C)ccc2cc1-c1cnc([C@H](CCCCCC(=O)c2cc(C)on2)NC(=O)CN(C)C)[nH]1,9.397940008672036,1
COc1cc2nc(C)ccc2cc1-c1cnc([C@H](CCCCCC(=O)c2ccon2)NC(=O)C2CN(C)C2)[nH]1,9.886056647693165,1
COc1cc2nc(C)ccc2cc1-c1cnc([C@H](CCCCCC(=O)c2ccon2)NC(=O)CN(C)C)[nH]1,8.823908740944319,1
COc1cc2nc(C)ccc2cc1-c1cnc([C@H](CCCCCC(=O)c2ncco2)NC(=O)C2(C)CCCCO2)[nH]1,8.387216143280265,1
COc1cc2nc(C)ccc2cc1-c1cnc([C@H](CCCCCC(=O)c2ncco2)NC(=O)C2CCCCO2)[nH]1,8.522878745280337,1
COc1cc2nc(C)ccc2cc1-c1cnc([C@H](CCCCCC(=O)c2ncco2)NC(=O)C2CCCO2)[nH]1,8.468521082957745,1
COc1cc2nc(C)ccc2cc1-c1cnc([C@H](CCCCCC(=O)c2ncco2)NC(=O)C2COC(c3ccccc3)CO2)[nH]1,7.698970004336019,1
COc1cc2nc(C)ccc2cc1-c1cnc([C@H](CCCCCC(=O)c2ncco2)NC(=O)C2COCCO2)[nH]1,8.906239639581768,2
COc1cc2nc(C)ccc2cc1-c1cnc([C@H](CCCCCC(=O)c2ncco2)NC(=O)C2COc3ccccc3O2)[nH]1,7.958607314841775,1
COc1cc2nc(C)ccc2cc1-c1cnc([C@H](CCCCCC(=O)c2ncco2)NC(=O)CN2CCNCC2=O)[nH]1,9.086186147616283,1
COc1cc2nc(C)ccc2cc1-c1cnc([C@H](CCCCCC(=O)c2ncco2)NC(=O)CN2CCOCC2=O)[nH]1,8.958607314841775,1
COc1cc2nc(C)ccc2cc1-c1cnc([C@H](CCCCCC(=O)c2ncco2)NC(=O)Cn2ccc(C)n2)[nH]1,8.769551078621726,1
COc1cc2nc(C)ccc2cc1-c1cnc([C@H](CCCCCC(=O)c2ncco2)NC(=O)Cn2cccc2)[nH]1,8.3767507096021,1
COc1cc2nc(C)ccc2cc1-c1cnc([C@H](CCCCCC(=O)c2ncco2)NC(=O)Cn2cccn2)[nH]1,8.920818753952375,1
COc1cc2nc(C)ccc2cc1-c1cnc([C@H](CCCCCC(=O)c2ncco2)NC(=O)[C@H]2CC23CCN(C)CC3)o1,9.387216143280265,1
COc1cc2nc(C)ccc2cc1-c1cnc([C@H](CCCCCC(=O)c2ncco2)NC(=O)c2cc3ccccn3n2)[nH]1,8.657577319177793,1
COc1cc2nc(C)ccc2cc1-c1cnc([C@H](CCCCCC(=O)c2ncco2)NC(=O)c2cc3n(n2)CCCC3)[nH]1,8.481486060122112,1
COc1cc2nc(C)ccc2cc1-c1cnc([C@H](CCCCCC(=O)c2ncco2)NC(=O)c2cc3n(n2)CCCO3)[nH]1,8.795880017344075,1
COc1cc2nc(C)ccc2cc1-c1cnc([C@H](CCCCCC(=O)c2ncco2)NC(=O)c2cc3n(n2)CCS(=O)(=O)C3)[nH]1,8.638272163982407,1
COc1cc2nc(C)ccc2cc1-c1cnc([C@H](CCCCCC(=O)c2ncco2)NC(=O)c2cc3ncccn3n2)[nH]1,8.769551078621726,1
COc1cc2nc(C)ccc2cc1-c1cnc([C@H](CCCCCC(=O)c2ncco2)NC2CCOCC2)[nH]1,8.568636235841012,1
COc1cc2nc(C)ccc2cc1-c1cnc([C@H](CCCCCC(=O)c2ncco2)NCc2ccccc2)[nH]1,8.508638306165727,1
COc1cc2nc(C3CCCCC3)cc(NCC3CCN(c4ncc(C(=O)NO)cn4)CC3)c2cc1OC,8.698970004336019,2
COc1cc2nc(N3CCCCC3)cc(NCC3CCN(c4ncc(C(=O)NO)cn4)CC3)c2cc1OC,8.522878745280337,2
COc1cc2nc(N3CCN(C(=O)CCCCCCC(=O)NO)CC3)nc(NC3CCN(Cc4ccccc4)CC3)c2cc1OC,5.511449283499555,2
COc1cc2nc(N3CCN(CCCCCC(=O)NO)CC3)nc(NC3CCN(C(C)C)CC3)c2cc1OC,7.292429823902063,2
COc1cc2nc(N3CCN(CCCCCC(=O)NO)CC3)nc(NC3CCN(Cc4ccccc4)CC3)c2cc1OC,7.050609993355087,2
COc1cc2nc(N3CCN(Cc4ccc(/C=C/C(=O)NO)cc4)CC3)nc(NC3CCN(Cc4ccccc4)CC3)c2cc1OC,7.026872146400302,2
COc1cc2nc(NCCCCCC(=O)NO)nc(NC3CCN(C(C)C)CC3)c2cc1OC,8.075720713938118,2
COc1cc2nc(NCCCCCC(=O)NO)nc(NC3CCN(C)CC3)c2cc1OC,8.886056647693163,2
COc1cc2nc(NCCCCCC(=O)NO)nc(NC3CCN(Cc4ccccc4)CC3)c2cc1OC,8.494850021680094,2
COc1cc2nc(NCCCCCCC(=O)NO)nc(NC3CCN(C(C)C)CC3)c2cc1OC,8.3767507096021,2
COc1cc2nc(NCCCCCCC(=O)NO)nc(NC3CCN(C)CC3)c2cc1OC,8.236572006437063,2
COc1cc2nc(NCCNC(=O)CCCCC(=O)NO)nc(NC3CCN(Cc4ccccc4)CC3)c2cc1OC,5.050983145815687,2
COc1cc2nc(Nc3ccc(NC(=O)CCCCCCC(=O)NO)cc3)nc(NC3CCN(Cc4ccc(F)cc4)CC3)c2cc1OC,5.667561540084394,2
COc1cc2nc(Nc3ccc(NC(=O)CCCCCCC(=O)NO)cc3)nc(NC3CCN(Cc4ccccc4)CC3)c2cc1OC,5.987162775294828,2
COc1cc2nc(Nc3ccc(NC(=O)CCCCCCC(=O)NO)cc3)nc(NC3CCN(Cc4ccccc4Cl)CC3)c2cc1OC,5.4723700991286615,2
COc1cc2nc3ccccc3c(Nc3ccc(C(=O)NO)cc3)c2c(OC)c1OC,6.09151498112135,1
COc1cc2ncn(Cc3ccc(C(=O)NO)cc3)c(=O)c2cc1OC,6.431798275933005,1
COc1cc2ncnc(NCc3ccc(Cl)c(F)c3)c2cc1OCCCCCCC(=O)NO,7.94692155651658,1
COc1cc2ncnc(NCc3ccc(F)cc3)c2cc1OCCCCCCC(=O)NO,8.2518119729938,1
COc1cc2ncnc(NCc3ccccc3)c2cc1OCCCCCCC(=O)NO,8.3767507096021,1
COc1cc2ncnc(N[C@@H](C)c3ccc(Cl)cc3)c2cc1OCCCCCCC(=O)NO,6.7258421507363195,1
COc1cc2ncnc(N[C@@H](C)c3ccc(F)cc3)c2cc1OCCCCCCC(=O)NO,6.781727146428553,1
COc1cc2ncnc(N[C@@H](C)c3ccccc3)c2cc1OCCCCCCC(=O)NO,7.590066876668706,1
COc1cc2ncnc(N[C@H](C)c3ccc(Cl)cc3)c2cc1OCCCCCCC(=O)NO,7.0,1
COc1cc2ncnc(N[C@H](C)c3ccc(F)cc3)c2cc1OCCCCCCC(=O)NO,7.0,1
COc1cc2ncnc(N[C@H](C)c3ccccc3)c2cc1OCCCCCCC(=O)NO,7.007004901568658,1
COc1cc2ncnc(Nc3cc(Cl)ccc3Cl)c2cc1OCCC(=O)NO,6.458420756053419,1
COc1cc2ncnc(Nc3cc(Cl)ccc3Cl)c2cc1OCCCC(=O)NO,7.2441251443275085,1
COc1cc2ncnc(Nc3cc(Cl)ccc3Cl)c2cc1OCCCCC(=O)NO,7.6777807052660805,1
COc1cc2ncnc(Nc3cc(Cl)ccc3Cl)c2cc1OCCCCCC(=O)NO,8.075720713938118,1
COc1cc2ncnc(Nc3ccc(Br)cc3)c2cc1OCCCC(=O)NO,6.2636034977233574,1
COc1cc2ncnc(Nc3ccc(Br)cc3)c2cc1OCCCCC(=O)NO,7.167491087293763,1
COc1cc2ncnc(Nc3ccc(Br)cc3)c2cc1OCCCCCC(=O)NO,8.289198036565084,2
COc1cc2ncnc(Nc3ccc(Br)cc3)c2cc1OCCCCCCC(=O)NO,8.701152407037243,4
COc1cc2ncnc(Nc3ccc(C(=O)Nc4cc(-c5cccs5)ccc4N)cc3)c2cc1OC,6.7495799976911055,1
COc1cc2ncnc(Nc3ccc(C(=O)Nc4cc(F)ccc4N)cc3)c2cc1OCCCN1CCOCC1,6.481486060122112,1
COc1cc2ncnc(Nc3ccc(C(=O)Nc4ccccc4N)cc3)c2cc1OCCCN1CCOCC1,6.133712660915805,1
COc1cc2ncnc(Nc3ccc(CC(=O)Nc4cc(-c5cccs5)ccc4N)cc3)c2cc1OC,6.7495799976911055,2
COc1cc2ncnc(Nc3ccc(Cl)cc3)c2cc1OCCCC(=O)NO,6.156144577376839,1
COc1cc2ncnc(Nc3ccc(Cl)cc3)c2cc1OCCCCC(=O)NO,6.8794260687941495,1
COc1cc2ncnc(Nc3ccc(Cl)cc3)c2cc1OCCCCCC(=O)NO,7.958607314841775,1
COc1cc2ncnc(Nc3ccc(Cl)cc3)c2cc1OCCCCCCC(=O)NO,8.494850021680094,1
COc1cc2ncnc(Nc3ccc(Cl)cc3Cl)c2cc1OCCC(=O)NO,6.667561540084394,1
COc1cc2ncnc(Nc3ccc(Cl)cc3Cl)c2cc1OCCCC(=O)NO,7.0655015487564325,1
COc1cc2ncnc(Nc3ccc(Cl)cc3Cl)c2cc1OCCCCC(=O)NO,7.853871964321762,1
COc1cc2ncnc(Nc3ccc(Cl)cc3Cl)c2cc1OCCCCCC(=O)NO,8.488235293319077,3
COc1cc2ncnc(Nc3ccc(Cl)cc3Cl)c2cc1OCCCCCCC(=O)NO,8.55284196865778,1
COc1cc2ncnc(Nc3ccc(F)c(Cl)c3)c2cc1-c1ccc(C#CCCCC(=O)NO)o1,7.0,1
COc1cc2ncnc(Nc3ccc(F)c(Cl)c3)c2cc1C#CCCC(=O)NO,6.0,1
COc1cc2ncnc(Nc3ccc(F)c(Cl)c3)c2cc1C#CCCCC(=O)NO,6.0,1
COc1cc2ncnc(Nc3ccc(F)c(Cl)c3)c2cc1CCCCC(=O)NO,7.0,1
COc1cc2ncnc(Nc3ccc(F)c(Cl)c3)c2cc1NC(=O)CCCC(=O)NO,6.0,1
COc1cc2ncnc(Nc3ccc(F)c(Cl)c3)c2cc1NC(=O)CCCCCCC(=O)NO,7.815308569182401,1
COc1cc2ncnc(Nc3ccc(F)c(Cl)c3)c2cc1OCCC(=O)NO,4.388276691992658,1
COc1cc2ncnc(Nc3ccc(F)c(Cl)c3)c2cc1OCCCCC(=O)NO,6.629424200574108,2
COc1cc2ncnc(Nc3ccc(F)c(Cl)c3)c2cc1OCCCCCC(=O)NO,7.508638306165727,1
COc1cc2ncnc(Nc3ccc(F)c(Cl)c3)c2cc1OCCCCCCC(=O)NO,8.168313855661104,3
COc1cc2ncnc(Nc3ccc(F)c(Cl)c3)c2cc1OCCCCOc1ccc(C(=O)NO)cc1,7.0,1
COc1cc2ncnc(Nc3ccc(F)c(Cl)c3)c2cc1OCCCOc1ccc(C(=O)NO)cc1,7.0,1
COc1cc2ncnc(Nc3ccc(F)c(Cl)c3)c2cc1OCCN(CCO)CCCC(=O)NO,6.0,1
COc1cc2ncnc(Nc3ccc(F)c(Cl)c3)c2cc1OCCNCc1ccc(C(=O)NO)cc1,7.0,1
COc1cc2ncnc(Nc3ccc(F)c(Cl)c3)c2cc1OCCOc1ccc(/C=C/C(=O)NO)cc1,7.0,1
COc1cc2ncnc(Nc3ccc(F)c(Cl)c3)c2cc1OCCOc1ccc(C(=O)NO)cc1,7.0,1
COc1cc2ncnc(Nc3ccc(F)c(Cl)c3)c2cc1OCCOc1ccc(CC(=O)NO)cc1,6.0,1
COc1cc2ncnc(Nc3ccc(F)c(Cl)c3)c2cc1Oc1ccc(C#CCCC(=O)NO)cc1,6.0,1
COc1cc2ncnc(Nc3ccc(F)c(Cl)c3)c2cc1Oc1ccc(C#CCCCC(=O)NO)cc1,6.0,1
COc1cc2ncnc(Nc3ccc(F)c(Cl)c3)c2cc1S(=O)(=O)CCCCCCC(=O)NO,6.914709421769935,1
COc1cc2ncnc(Nc3ccc(F)c(Cl)c3)c2cc1SCCCCCCC(=O)NO,7.402304814074488,1
COc1cc2ncnc(Nc3ccc(F)cc3)c2cc1OCCCC(=O)NO,5.872895201635192,1
COc1cc2ncnc(Nc3ccc(F)cc3)c2cc1OCCCCC(=O)NO,6.856985199745905,1
COc1cc2ncnc(Nc3ccc(F)cc3)c2cc1OCCCCCC(=O)NO,7.537602002101044,1
COc1cc2ncnc(Nc3ccc(F)cc3)c2cc1OCCCCCCC(=O)NO,8.070581074285707,1
COc1cc2ncnc(Nc3ccc(OCc4cccc(F)c4)c(Cl)c3)c2cc1OCCCCCCC(=O)NO,7.235823867609669,1
COc1cc2ncnc(Nc3cccc(/C=C/C(=O)NO)c3)c2cc1OCCCN1CCOCC1,6.8145658330775705,3
COc1cc2ncnc(Nc3cccc(Br)c3)c2cc1OCCC(=O)NO,6.274905478918531,1
COc1cc2ncnc(Nc3cccc(Br)c3)c2cc1OCCCC(=O)NO,7.013228265733755,1
COc1cc2ncnc(Nc3cccc(Br)c3)c2cc1OCCCCC(=O)NO,7.823908740944319,1
COc1cc2ncnc(Nc3cccc(Br)c3)c2cc1OCCCCCC(=O)NO,8.346787486224656,1
COc1cc2ncnc(Nc3cccc(Cl)c3)c2cc1OCCC(=O)NO,6.1904402853647325,1
COc1cc2ncnc(Nc3cccc(Cl)c3)c2cc1OCCCC(=O)NO,6.917214629683549,1
COc1cc2ncnc(Nc3cccc(Cl)c3)c2cc1OCCCCC(=O)NO,7.769551078621726,1
COc1cc2ncnc(Nc3cccc(Cl)c3)c2cc1OCCCCCC(=O)NO,8.267606240177031,1
COc1cc2ncnc(Nc3ccccc3Br)c2cc1OCCCC(=O)NO,6.075720713938118,1
COc1cc2ncnc(Nc3ccccc3Br)c2cc1OCCCCC(=O)NO,7.130768280269024,1
COc1cc2ncnc(Nc3ccccc3Br)c2cc1OCCCCCC(=O)NO,7.508638306165727,1
COc1cc2ncnc(Nc3ccccc3Br)c2cc1OCCCCCCC(=O)NO,8.05551732784983,1
COc1cc2ncnc(Nc3ccccc3Cl)c2cc1OCCCC(=O)NO,5.901356274182943,1
COc1cc2ncnc(Nc3ccccc3Cl)c2cc1OCCCCC(=O)NO,6.892790030352131,1
COc1cc2ncnc(Nc3ccccc3Cl)c2cc1OCCCCCC(=O)NO,7.537602002101044,1
COc1cc2ncnc(Nc3ccccc3Cl)c2cc1OCCCCCCC(=O)NO,7.7447274948966935,1
COc1cc2ncnc(Nc3ccccc3F)c2cc1OCCCC(=O)NO,6.171984935776023,1
COc1cc2ncnc(Nc3ccccc3F)c2cc1OCCCCC(=O)NO,6.2564902352715706,1
COc1cc2ncnc(Nc3ccccc3F)c2cc1OCCCCCC(=O)NO,6.838631997765026,1
COc1cc2ncnc(Nc3ccccc3F)c2cc1OCCCCCCC(=O)NO,7.494850021680094,1
COc1cc2oc(C(=O)c3cc(OC)c(OC)c(OC)c3)c(C)c2cc1/C=C/C(=O)NO,5.18111458540599,2
COc1cc2oc3c(c2cc1C)CCN(CC(=O)Nc1ccc(C(=O)NO)cc1)C3,8.397940008672037,2
COc1cc2oc3c(c2cc1Cl)CCN(CC(=O)Nc1ccc(C(=O)NO)cc1)C3,8.42021640338319,2
COc1cc2oc3c(c2cc1F)CCN(CC(=O)Nc1ccc(C(=O)NO)cc1)C3,8.2518119729938,2
COc1cc2oc3c(c2cc1F)CCN([C@@H](Cc1ccccc1)C(=O)Nc1ccc(C(=O)NO)cc1)C3,8.267606240177031,2
COc1cc2oc3c(c2cc1OC)CCN(CC(=O)Nc1ccc(C(=O)NO)cc1)C3,8.200659450546418,2
COc1ccc(-c2c(C(=O)NCCC(=O)NO)noc2-c2cc(Cl)c(O)cc2O)cc1,7.0,1
COc1ccc(-c2c(C)nc(N3CCC(NCc4ccc(/C=C/C(=O)NO)cc4)CC3)c(C#N)c2-c2ccc(C#N)c(F)c2)cc1O,6.928117992693874,1
COc1ccc(-c2c(OC)cc(N3CCC(N)CC3)nc2-c2ccc(C#N)c(F)c2)cc1OCCNCc1ccc(/C=C/C(=O)NO)cc1,7.399027104313252,1
COc1ccc(-c2c(OC)cc(N3CCC(NCc4ccc(/C=C/C(=O)NO)cc4)CC3)nc2-c2ccc(C#N)c(F)c2)cc1O,7.235077015350111,1
COc1ccc(-c2c(OCCCCCCC(=O)NO)cc(N3CCC(N)CC3)nc2-c2ccc(C#N)c(F)c2)cc1O,7.166852888087215,1
COc1ccc(-c2c(OCc3ccc(/C=C/C(=O)NO)cc3)cc(N3CCC(N)CC3)nc2-c2ccc(C#N)c(F)c2)cc1O,7.0347982989740885,1
COc1ccc(-c2cc(-c3ccccc3)[nH]c2C(=O)NCc2ccc(C(=O)Nc3ccccc3N)cc2)cc1,6.4089353929735005,1
COc1ccc(-c2cc(-c3ccn(Cc4ccc(C(=O)NO)cc4)n3)ccn2)cc1,8.723544274891745,2
COc1ccc(-c2cc(-c3ccoc3)c(C(=O)NCc3ccc(C(=O)NO)cc3)[nH]2)cc1,7.152848523750804,3
COc1ccc(-c2cc(-c3ccsc3)c(C(=O)NCc3ccc(C(=O)NO)cc3)[nH]2)cc1,6.735182176990463,1
COc1ccc(-c2cc(/C=C/c3ccc(C(=O)NO)cc3)ccn2)cc1,6.161150909262744,2
COc1ccc(-c2cc(C(=O)NCCCCCCS)[nH]n2)cc1,6.823908740944319,1
COc1ccc(-c2cc(C(=O)NCCCCCCS)[nH]n2)cc1OC,6.756362861775084,3
COc1ccc(-c2cc(C(=O)NCCSSCCNC(=O)c3cc(-c4ccc(OC)c(Br)c4)n[nH]3)[nH]n2)cc1Br,5.730487055782083,1
COc1ccc(-c2cc(C(=O)NCCSSCCNC(=O)c3cc(-c4ccc(OC)c(Br)c4)on3)no2)cc1Br,5.332547047110046,1
COc1ccc(-c2cc(C(=O)NCCSSCCNC(=O)c3cc(-c4ccc(OC)cc4)n[nH]3)[nH]n2)cc1,5.557520230935552,1
COc1ccc(-c2cc(C(=O)NCCSSCCNC(=O)c3cc(-c4ccc(OC)cc4)on3)no2)cc1,5.080398976215889,1
COc1ccc(-c2cc(C(=O)NCc3ccc(C(=O)NO)cc3)c(O)cn2)cc1,7.79669585014199,2
COc1ccc(-c2cc(C(=O)NCc3ccc(C(=O)NO)cc3)c3cc[nH]c3c2)cc1,8.267606240177031,2
COc1ccc(-c2cc(C(=O)NCc3ccc(C(=O)NO)cc3)c3ccccc3n2)cc1,7.1487416512809245,2
COc1ccc(-c2cc(C(=O)NCc3ccc(C(=O)NO)cc3)ccn2)cc1,8.680905179904581,2
COc1ccc(-c2cc(C(=O)NCc3ccc(C(=O)NO)cc3)ccn2)cc1Cl,8.465981320193107,2
COc1ccc(-c2cc(C(=O)NCc3ccc(C(=O)NO)cc3)ccn2)cc1OC,8.149354196795578,2
COc1ccc(-c2cc(C(=O)NCc3ccc(C(=O)NO)cc3)ccn2)cn1,8.08724799443121,2
COc1ccc(-c2cc(C(=O)NCc3ccc(C(=O)NO)cc3)cnc2-c2ccc(OC)cc2)cc1,7.739718934517931,2
COc1ccc(-c2cc(Cl)nc(NCc3ccc(C(=O)Nc4ccccc4N)cc3)n2)cc1OC,7.0,2
COc1ccc(-c2cc(N3CCN(Cc4ccc(C(=O)NO)cc4)CC3)ccn2)cc1,8.08592149524842,2
COc1ccc(-c2cc(N3CCOCC3)c3sc(CN(C)c4ncc(C(=O)NO)cn4)cc3c2)cn1,8.769551078621726,2
COc1ccc(-c2cc(OCC(=O)NO)c3ncnc(C)c3c2)cn1,6.779891911959945,2
COc1ccc(-c2cc(OCCCC(=O)NO)c3ncnc(C)c3c2)cn1,7.040958607678906,2
COc1ccc(-c2cc(OCCCC(=O)Nc3ccccc3N)c3ncnc(C)c3c2)cn1,5.385313657717988,2
COc1ccc(-c2cc(OCCCCC(=O)NO)c3ncnc(C)c3c2)cn1,7.075720713938118,2
COc1ccc(-c2cc(OCCCCC(=O)Nc3ccccc3N)c3ncnc(C)c3c2)cn1,5.4062710012920885,2
COc1ccc(-c2cc(OCCCCCC(=O)NO)c3ncnc(C)c3c2)cn1,7.522878745280337,2
COc1ccc(-c2cc(OCCCCCC(=O)Nc3ccccc3N)c3ncnc(C)c3c2)cn1,6.3597671574939945,2
COc1ccc(-c2cc(OCCCCCCC(=O)NO)c3ncnc(C)c3c2)cn1,8.886056647693163,2
COc1ccc(-c2cc(OCCCCCCC(=O)Nc3ccccc3N)c3ncnc(C)c3c2)cn1,6.6020599913279625,2
COc1ccc(-c2cc(OCCCCCCCC(=O)NO)c3ncnc(C)c3c2)cn1,8.431798275933005,2
COc1ccc(-c2cc(OCCCCCCCC(=O)Nc3ccccc3N)c3ncnc(C)c3c2)cn1,6.73754891026957,2
COc1ccc(-c2cc(OCCCCCCCCC(=O)NO)c3ncnc(C)c3c2)cn1,8.522878745280337,2
COc1ccc(-c2cc(OCCCCCCCCC(=O)Nc3ccccc3N)c3ncnc(C)c3c2)cn1,6.750190820149996,2
COc1ccc(-c2cc(OCCCCCCCCCC(=O)Nc3ccccc3N)c3ncnc(C)c3c2)cn1,6.22548303427145,2
COc1ccc(-c2cc(OCCCN(C)c3ncc(C(=O)NO)cn3)c3ncnc(C)c3c2)cn1,8.602059991327963,2
COc1ccc(-c2cc(OCCCOc3ccc(C(=O)Nc4ccccc4N)cc3)c3ncnc(C)c3c2)cn1,6.761953896871205,2
COc1ccc(-c2cc(OCCCc3ccc(C(=O)Nc4ccccc4N)cc3)c3ncnc(C)c3c2)cn1,7.431798275933005,2
COc1ccc(-c2cc(OCCN(C)c3ncc(C(=O)NO)cn3)c3ncnc(C)c3c2)cn1,8.886056647693163,4
COc1ccc(-c2cc(OCCN(c3ncc(C(=O)NO)cn3)C(C)C)c3ncnc(C)c3c2)cn1,8.795880017344075,2
COc1ccc(-c2cc(OCCOc3ccc(C(=O)Nc4ccccc4N)cc3)c3ncnc(C)c3c2)cn1,6.899629454882437,2
COc1ccc(-c2cc(OCCc3ccc(C(=O)Nc4ccccc4N)cc3)c3ncnc(C)c3c2)cn1,7.050609993355087,2
COc1ccc(-c2cc(OCc3ccc(C(=O)Nc4ccccc4N)cc3)c3ncnc(C)c3c2)cn1,6.906578314837764,2
COc1ccc(-c2ccc(/C=C/C(=O)NO)cc2)cc1,4.920832729464275,4
COc1ccc(-c2ccc(/C=C/C=C/C(=O)NO)cc2)cc1C12CC3CC(CC(C3)C1)C2,4.2214871388068085,2
COc1ccc(-c2ccc(=O)n(Cc3ccc(C(=O)Nc4ccccc4N)cc3)n2)cc1,7.1687721956760635,2
COc1ccc(-c2ccc(C(=O)CCCCCCC(=O)Nc3ccccc3N)cc2)cc1OC,5.3979400086720375,2
COc1ccc(-c2ccc3c(NC(=O)CCCCCCC(=O)NO)n[nH]c3c2)cc1,8.612080825339348,6
COc1ccc(-c2ccc3c(NC(=O)CCCCCCC(=O)NO)n[nH]c3c2)cc1OC,8.468521082957745,2
COc1ccc(-c2ccc3c(NC(=O)CCCCCCC(=O)NO)n[nH]c3n2)cc1,8.221848749616356,2
COc1ccc(-c2ccc3cc(OCCCCCC(=O)NO)ccc3n2)cc1,7.921907213579512,2
COc1ccc(-c2ccc3cc(OCCCCCCC(=O)NO)ccc3n2)cc1,7.552454551532801,2
COc1ccc(-c2ccc3ccc(OCCCCCC(=O)NO)cc3n2)cc1I,7.471673327561237,2
COc1ccc(-c2ccc3ccc(OCCCCCCC(=O)NO)cc3n2)cc1I,7.442554458062256,2
COc1ccc(-c2ccccc2)c2c1CCN(Cc1ccc(C(=O)NO)cc1)CC2,6.083019952679617,2
COc1ccc(-c2ccnc(NCc3ccc(C(=O)Nc4ccccc4N)cc3)n2)cc1OC,7.301029995663981,2
COc1ccc(-c2ccnc(NCc3ccc(C(=O)Nc4ccccc4N)cc3)n2)cn1,6.221848749616356,2
COc1ccc(-c2cn(C)c(=O)c3[nH]c(C(=O)NCc4ccc(C(=O)Nc5ccccc5N)cc4)cc23)cc1,7.328828144495079,2
COc1ccc(-c2cn(CCCCCC(=O)NO)c(C)c2C(C)=O)cc1,7.2839966563652006,2
COc1ccc(-c2cn(CCCCCC(=O)NO)nn2)cc1,8.679853713888946,1
COc1ccc(-c2cn(CCCCCCC(=O)NO)c3ccc(C#N)cc23)cc1OC,9.259637310505756,2
COc1ccc(-c2cnc(-c3nc(C(=O)N[C@@H](C)c4ccc(C(=O)NO)cc4)c(C4CC4)s3)s2)cc1,8.445514641560258,2
COc1ccc(-c2cnc(C(=O)NCCCCC(=O)NO)o2)cc1,6.712646458548699,2
COc1ccc(-c2cnc(C(=O)NCCCCCC(=O)NO)o2)cc1,6.507589003230281,2
COc1ccc(-c2cnc(C(=O)NCCCCCC(=O)NO)s2)cc1,6.389552830787865,2
COc1ccc(-c2cnc(C(=O)NCCCCCCC(=O)NO)o2)cc1,7.397560333119669,2
COc1ccc(-c2cnc(C(=O)NCCCCCCC(=O)NO)s2)cc1,7.018476496498905,2
COc1ccc(-c2cnc(C(=O)NCCCCCCCC(=O)NO)o2)cc1,6.763967145801878,2
COc1ccc(-c2cnc(C(=O)NCCCCCCCC(=O)NO)s2)cc1,6.505567190388147,2
COc1ccc(-c2cnc(CCCCCCC(=O)NO)o2)cc1,8.67778070526608,2
COc1ccc(-c2cnc(N3CCC(C)(NCc4ccc(/C=C/C(=O)NO)cc4)CC3)c(C#N)c2-c2ccc(C#N)c(F)c2)cc1O,7.339134521996131,1
COc1ccc(-c2cnc(N3CCC(C)(NCc4cnc(/C=C/C(=O)NO)nc4)CC3)c(C#N)c2-c2ccc(C#N)c(F)c2)cc1O,7.482804102050026,1
COc1ccc(-c2cnc(N3CCC(N(C)Cc4ccc(/C=C/C(=O)NO)cc4)CC3)c(C#N)c2-c2ccc(C#N)c(F)c2)cc1O,8.134896025358872,1
COc1ccc(-c2cnc(N3CCC(NC(C)(C)c4ccc(/C=C/C(=O)NO)cc4)CC3)c(C#N)c2-c2ccc(C#N)c(F)c2)cc1O,8.7594507517174,1
COc1ccc(-c2cnc(N3CCC(NC(C)c4ccc(/C=C/C(=O)NO)cc4)CC3)c(C#N)c2-c2ccc(C#N)c(F)c2)cc1O,8.35261702988538,1
COc1ccc(-c2cnc(N3CCC(NCCc4ccc(/C=C/C(=O)NO)cc4)CC3)c(C#N)c2-c2ccc(C#N)c(F)c2)cc1O,7.151195298948196,1
COc1ccc(-c2cnc(N3CCC(NCc4ccc(/C=C/C(=O)NO)c(F)c4)CC3)c(C#N)c2-c2ccc(C#N)c(F)c2)cc1O,8.530177984021837,1
COc1ccc(-c2cnc(N3CCC(NCc4ccc(/C=C/C(=O)NO)c(OC)c4)CC3)c(C#N)c2-c2ccc(C#N)c(F)c2)cc1O,7.58838029403677,1
COc1ccc(-c2cnc(N3CCC(NCc4ccc(/C=C/C(=O)NO)cc4)CC3)c(C#N)c2-c2ccc(C#N)c(F)c2)cc1,7.798602875679548,1
COc1ccc(-c2cnc(N3CCC(NCc4ccc(/C=C/C(=O)NO)cc4)CC3)c(C#N)c2-c2ccc(C#N)c(F)c2)cc1F,6.96657624451305,1
COc1ccc(-c2cnc(N3CCC(NCc4ccc(/C=C/C(=O)NO)cc4)CC3)c(C#N)c2-c2ccc(C#N)c(F)c2)cc1O,8.778525065211069,2
COc1ccc(-c2cnc(N3CCC(NCc4ccc(/C=C/C(=O)NO)cc4)CC3)c(C#N)c2-c2ccc(C#N)cc2)cc1O,9.356547323513812,1
COc1ccc(-c2cnc(N3CCC(NCc4ccc(/C=C/C(=O)NO)cc4)CC3)c(C#N)c2-c2ccc(C#N)cc2F)cc1O,9.494850021680094,1
COc1ccc(-c2cnc(N3CCC(NCc4ccc(/C=C/C(=O)NO)cc4)CC3)c(C#N)c2-c2ccc(C#N)nc2)cc1O,8.976635388866757,2
COc1ccc(-c2cnc(N3CCC(NCc4ccc(/C=C/C(=O)NO)cc4)CC3)c(C#N)c2-c2ccc([N+](=O)[O-])cc2)cc1O,9.67778070526608,1
COc1ccc(-c2cnc(N3CCC(NCc4ccc(/C=C/C(=O)NO)cc4)CC3)c(C#N)c2-c2ccc([N+](=O)[O-])nc2)cc1O,9.214670164989233,1
COc1ccc(-c2cnc(N3CCC(NCc4ccc(/C=C/C(=O)NO)cc4)CC3)c(C#N)c2-c2cnc(C#N)c(C)c2)cc1O,9.075720713938118,1
COc1ccc(-c2cnc(N3CCC(NCc4ccc(/C=C/C(=O)NO)cc4)CC3)c(C#N)c2-c2cnc(C#N)c(OC)c2)cc1O,9.221848749616356,1
COc1ccc(-c2cnc(N3CCC(NCc4ccc(/C=C/C(=O)NO)cc4)CC3)c(C)c2-c2ccc(C#N)c(F)c2)cc1O,9.67778070526608,1
COc1ccc(-c2cnc(N3CCC(NCc4ccc(/C=C/C(=O)NO)cc4)CC3)c(CC#N)c2-c2ccc(C#N)c(F)c2)cc1O,9.366531544420411,1
COc1ccc(-c2cnc(N3CCC(NCc4ccc(/C=C/C(=O)NO)cc4)CC3)c(OC)c2-c2ccc(C#N)c(F)c2)cc1O,9.67778070526608,1
COc1ccc(-c2cnc(N3CCC(NCc4ccc(/C=C/C(=O)NO)cn4)CC3)c(C#N)c2-c2ccc(C#N)c(F)c2)cc1O,8.275724130399212,1
COc1ccc(-c2cnc(N3CCC(NCc4ccc(/C=C/C(=O)NO)nc4)CC3)c(CC#N)c2-c2ccc(C#N)c(F)c2)cc1O,9.136677139879543,1
COc1ccc(-c2cnc(N3CCC(NCc4ccc(/C=C/C(=O)NO)s4)CC3)c(C#N)c2-c2ccc(C#N)c(F)c2)cc1O,6.920818753952375,1
COc1ccc(-c2cnc(N3CCC(NCc4ccc(C(=O)NO)cc4)CC3)c(C#N)c2-c2ccc(C#N)c(F)c2)cc1O,5.949233688766958,1
COc1ccc(-c2cnc(N3CCC(NCc4ccc(CCC(=O)NO)c(F)c4)CC3)c(C#N)c2-c2ccc(C#N)c(F)c2)cc1O,8.317854923626168,1
COc1ccc(-c2cnc(N3CCC(NCc4ccc(CCC(=O)NO)cc4)CC3)c(C#N)c2-c2ccc(C#N)c(F)c2)cc1O,8.25649023527157,1
COc1ccc(-c2cnc(N3CCC(NCc4ccc(CCC(=O)NO)nc4)CC3)c(C#N)c2-c2ccc(C#N)c(F)c2)cc1O,9.267606240177033,1
COc1ccc(-c2cnc(N3CCC(NCc4ccc(OCC(=O)NO)cc4)CC3)c(C#N)c2-c2ccc(C#N)c(F)c2)cc1O,10.096910013008056,1
COc1ccc(-c2cnc(N3CCC(NCc4cccc(/C=C/C(O)=N/O)c4)CC3)c(C#N)c2-c2ccc(C#N)c(F)c2)cc1O,6.7495799976911055,1
COc1ccc(-c2cnc(N3CCC(NCc4cnc(/C=C/C(=O)NO)cc4Cl)CC3)c(C#N)c2-c2ccc(C#N)c(F)c2)cc1O,8.012780770091995,1
COc1ccc(-c2cnc(N3CCC(NCc4cnc(/C=C/C(=O)NO)cn4)CC3)c(C#N)c2-c2ccc(C#N)c(F)c2)cc1O,8.838631997765026,1
COc1ccc(-c2cnc(N3CCC(NCc4cnc(/C=C/C(=O)NO)nc4)CC3)c(C#N)c2-c2ccc(C#N)c(F)c2)cc1O,8.41907502432438,1
COc1ccc(-c2cnc(N3CCC(NCc4cnc(/C=C/C(=O)NO)nc4)CC3)c(C)c2-c2ccc(C#N)c(F)c2)cc1O,9.05551732784983,1
COc1ccc(-c2cnc(N3CCC(NCc4cnc(/C=C/C(=O)NO)s4)CC3)c(C#N)c2-c2ccc(C#N)c(F)c2)cc1O,7.580044251510242,1
COc1ccc(-c2cnc(N3CCC(NCc4ncc(/C=C/C(=O)NO)cn4)CC3)c(C#N)c2-c2ccc(C#N)c(F)c2)cc1O,7.761953896871205,1
COc1ccc(-c2cnc(N3CCCC(NCc4ccc(/C=C/C(=O)NO)cc4)CC3)c(C#N)c2-c2ccc(C#N)c(F)c2)cc1O,9.30102999566398,1
COc1ccc(-c2cnc(NC(=O)CCCCCCNC(=O)C(O)(O)C(F)(F)F)s2)cc1,4.013228265733755,2
COc1ccc(-c2cnc([C@@H](N)CCCCCC(=O)c3ncco3)[nH]2)c(F)c1,9.0,1
COc1ccc(-c2cncc(C(=O)NCc3ccc(C(=O)NO)cc3)c2)cc1,8.430627668025554,2
COc1ccc(-c2csc(C(=O)NOCCCCCC(=O)NO)n2)cc1,7.3979400086720375,2
COc1ccc(-c2csc(CCCCCCC(=O)NO)n2)cc1,8.602059991327963,2
COc1ccc(-c2csc(NC(=O)CCCCCCC(=O)c3ncco3)n2)cc1,7.522878745280337,1
COc1ccc(-c2csc(NC(=O)[C@H](CCCCNS(N)(=O)=O)NC(=O)OCc3ccccc3)n2)cc1,6.705787212767987,3
COc1ccc(-c2nc(C(=O)N(CCN(C)C)Cc3ccc(C(=O)NO)cc3)cc3c2[nH]c2ccccc23)cc1,7.036212172654444,2
COc1ccc(-c2nc(C(=O)NCC(=O)NO)cc3c2[nH]c2ccccc23)cc1,5.51999305704285,1
COc1ccc(-c2nc(C(=O)NCCC(=O)NO)cc3c2[nH]c2ccccc23)cc1,5.882728704344236,1
COc1ccc(-c2nc(C(=O)NCCCC(=O)NO)cc3c2[nH]c2ccccc23)cc1,6.648679497561833,3
COc1ccc(-c2nc(C(=O)NCCCCC(=O)NO)cc3c2[nH]c2ccccc23)cc1,6.09151498112135,1
COc1ccc(-c2nc(C(=O)NCCCCCC(=O)NO)cc3c2[nH]c2ccccc23)cc1,5.931814138253838,1
COc1ccc(-c2nc(C(=O)NCCCCCCC(=O)NO)c3[nH]c(=O)n(-c4ccccc4OC)c3n2)cc1O,8.0,1
COc1ccc(-c2nc(C(=O)NCc3ccc(C(=O)NO)cc3)cc3c2[nH]c2ccccc23)cc1,8.387216143280265,2
COc1ccc(-c2nc(C(=O)NO)co2)cc1,4.4829361265173455,2
COc1ccc(-c2nc(CNc3ccc(C(=O)NO)cc3)n(-c3ccccc3)n2)cc1,5.543633966870956,2
COc1ccc(-c2nc(N3CCOCC3)c3nc(CN(C)c4ncc(C(=O)NO)cn4)n(C(C)C)c3n2)cc1,6.958607314841775,2
COc1ccc(-c2nc(N3CCOCC3)c3nc(CN(C)c4ncc(C(=O)NO)cn4)n(C(C)C)c3n2)cn1,7.207608310501746,2
COc1ccc(-c2nc(N3CCOCC3)c3nc(CN(C)c4ncc(C(=O)NO)cn4)n(C)c3n2)cc1,9.054032018469018,3
COc1ccc(-c2nc(N3CCOCC3)c3nc(CN(C)c4ncc(C(=O)NO)cn4)n(C)c3n2)cn1,8.738223388329745,3
COc1ccc(-c2nc(N3CCOCC3)c3nc(CN(C)c4ncc(C(=O)NO)cn4)n(C4CCCC4)c3n2)cc1,6.903089986991944,2
COc1ccc(-c2nc(N3CCOCC3)c3nc(CN(C)c4ncc(C(=O)NO)cn4)n(C4CCCC4)c3n2)cn1,7.173925197299173,2
COc1ccc(-c2nc(N3CCOCC3)c3ncn(CCCCCC(=O)NO)c3n2)cn1,7.920818753952375,2
COc1ccc(-c2nc(N3CCOCC3)c3ncn(CCCCCCC(=O)NO)c3n2)cc1CO,9.050609993355089,2
COc1ccc(-c2nc(N3CCOCC3)c3ncn(CCCCCCC(=O)NO)c3n2)cn1,8.537602002101044,2
COc1ccc(-c2nc(N3CCOCC3)c3ncn(CCNCc4ccc(/C=C/C(=O)NO)cc4)c3n2)cn1,7.075720713938118,2
COc1ccc(-c2nc(N3CCOCC3)c3ncn(CCNCc4ccc(C(=O)NO)cc4)c3n2)cn1,5.9657727392294495,2
COc1ccc(-c2nc(N3CCOCC3)c3sc(CN(C)c4ccc(C(=O)NO)cc4)cc3n2)cn1,8.769551078621726,2
COc1ccc(-c2nc(N3CCOCC3)c3sc(CN(C)c4ncc(C(=O)NO)cn4)cc3n2)cn1,8.789721015697864,23
COc1ccc(-c2nc(NC(=O)NCC(=O)NO)cc3c2[nH]c2ccccc23)cc1,5.649751981665837,1
COc1ccc(-c2nc(NC(=O)NCC(=O)NO)cc3c4ccccc4n(C)c23)cc1,5.500312917381596,1
COc1ccc(-c2nc(NC(=O)NCCC(=O)NO)cc3c2[nH]c2ccccc23)cc1,6.76124872470132,3
COc1ccc(-c2nc(NC(=O)NCCC(=O)NO)cc3c4ccccc4n(C)c23)cc1,5.876148359032914,1
COc1ccc(-c2nc(NC(=O)NCCCC(=O)NO)cc3c2[nH]c2ccccc23)cc1,7.246229846633125,3
COc1ccc(-c2nc(NC(=O)NCCCC(=O)NO)cc3c4ccccc4n(C)c23)cc1,6.510669113492949,3
COc1ccc(-c2nc(NC(=O)NCCCCC(=O)NO)cc3c2[nH]c2ccccc23)cc1,6.886892591022947,3
COc1ccc(-c2nc(NC(=O)NCCCCC(=O)NO)cc3c4ccccc4n(C)c23)cc1,6.065501548756432,1
COc1ccc(-c2nc(NC(=O)NCCCCCC(=O)NO)cc3c2[nH]c2ccccc23)cc1,6.086186147616283,1
COc1ccc(-c2nc(NC(=O)NCCCCCC(=O)NO)cc3c4ccccc4n(C)c23)cc1,5.978810700930062,1
COc1ccc(-c2nc(NCCCCOc3ccc(/C=C/C(=O)NO)cc3)cc3c2[nH]c2ccccc23)cc1,6.903089986991944,2
COc1ccc(-c2nc(NCCCCOc3ccc(/C=C/C(=O)NO)cc3OC)cc3c2[nH]c2ccccc23)cc1,7.214670164989233,2
COc1ccc(-c2nc(NCCCOc3ccc(/C=C/C(=O)NO)cc3)cc3c2[nH]c2ccccc23)cc1,7.244125144327508,4
COc1ccc(-c2nc(NCCCOc3ccc(/C=C/C(=O)NO)cc3OC)cc3c2[nH]c2ccccc23)cc1,7.568636235841012,2
COc1ccc(-c2nc(NCCOc3ccc(/C=C/C(=O)NO)cc3)cc3c2[nH]c2ccccc23)cc1,7.1249387366083,4
COc1ccc(-c2nc(NCCOc3ccc(/C=C/C(=O)NO)cc3OC)cc3c2[nH]c2ccccc23)cc1,7.494850021680094,2
COc1ccc(-c2nc(NCc3ccc(/C=C/C(=O)NO)cc3)cc3c2[nH]c2ccccc23)cc1,7.585026652029182,2
COc1ccc(-c2nc(NCc3ccc(/C=C/C(=O)NO)cc3)cc3c2[nH]c2ccccc23)cc1OC,7.619788758288394,2
COc1ccc(-c2nc(NCc3ccc(C(=O)NO)cc3)cc3c2[nH]c2ccccc23)cc1,8.031517051446064,2
COc1ccc(-c2nc(NCc3ccc(C(=O)NO)cc3)cc3c2[nH]c2ccccc23)cc1OC,8.086186147616283,2
COc1ccc(-c2nc(NCc3cccc(/C=C/C(=O)NO)c3)cc3c2[nH]c2ccccc23)cc1,8.013228265733755,2
COc1ccc(-c2nc(NCc3cccc(/C=C/C(=O)NO)c3)cc3c2[nH]c2ccccc23)cc1OC,8.031517051446064,2
COc1ccc(-c2nc([C@H](CCCCNS(N)(=O)=O)NC(=O)OCc3ccccc3)cs2)cc1,6.301029995663981,2
COc1ccc(-c2nc3cc(-c4ccccc4)ccc3o2)cc1NC(=O)NCCCCCC(=O)NO,6.3979400086720375,1
COc1ccc(-c2nc3cc(/C=C/C(=O)NO)ccc3n2CC(O)CO)cc1,5.860120913598763,3
COc1ccc(-c2nc3cc(/C=C/C(=O)NO)ccc3n2CCO)cc1,5.364516253185088,3
COc1ccc(-c2nc3cc(Cl)cc(Cl)c3o2)cc1NC(=O)NCCCCCC(=O)NO,6.892790030352131,1
COc1ccc(-c2nc3cc(Cl)ccc3o2)cc1NC(=O)NCCCCCC(=O)NO,6.835647144215563,1
COc1ccc(-c2nc3cc(F)ccc3o2)cc1NC(=O)NCCCCCC(=O)NO,7.823908740944319,1
COc1ccc(-c2nc3ccc(F)cc3o2)cc1NC(=O)NCCCCCC(=O)NO,7.7447274948966935,1
COc1ccc(-c2nc3ccccc3o2)cc1NC(=O)NCCCCCC(=O)NO,7.920818753952375,1
COc1ccc(-c2nc3ccccc3s2)cc1OCCCCCCC(=O)NO,6.954677021213342,2
COc1ccc(-c2ncc(/C=C/C(=O)NO)s2)c(OC)c1OC,5.85182378157664,3
COc1ccc(-c2ncc(/C=C/C(=O)NO)s2)cc1,5.8703590628893805,3
COc1ccc(-c2ncc(/C=C/C(=O)Nc3ccccc3N)s2)c(OC)c1OC,6.200659450546418,1
COc1ccc(-c2ncc(/C=C/C(=O)Nc3ccccc3N)s2)cc1,6.1487416512809245,1
COc1ccc(-c2ncc(/C=C/C(=O)Nc3ccccc3N)s2)cc1OC,5.413051837848716,3
COc1ccc(-c2ncc(C(=O)NCCCC(=O)NO)s2)c(OC)c1,6.136677139879544,1
COc1ccc(-c2ncc(C(=O)NCCCCC(=O)NO)s2)c(OC)c1,6.161150909262744,1
COc1ccc(-c2ncc(C(=O)NCCCCCC(=O)NO)s2)c(OC)c1,5.452240243486592,3
COc1ccc(-c2ncc(C(=O)NCCCCCCC(=O)NO)[nH]2)c(OC)c1,5.920046059876019,3
COc1ccc(-c2ncc(C(=O)NCCCCCCC(=O)NO)s2)c(OC)c1,6.130119547519225,3
COc1ccc(-c2ncc(C(=O)NCCCCCCC(=O)NO)s2)cc1,6.1487416512809245,1
COc1ccc(-c2ncc(C(=O)NCc3ccc(C(=O)Nc4ccccc4N)cc3)[nH]2)cc1,5.351639989019068,2
COc1ccc(-c2nn(-c3ccccc3)cc2/C=C\C(=O)Nc2ccc(Br)cc2)cc1,5.978810700930062,2
COc1ccc(-c2nn(-c3ccccc3)cc2/C=C\C(=O)Nc2ccc(Cl)cc2)cc1,5.962573502059376,2
COc1ccc(-c2nn(-c3ccccc3)cc2/C=C\C(=O)Nc2ccccc2)cc1,5.75448733218585,2
COc1ccc(-c2nnc(NC(=O)CCCCCC(=O)NO)s2)cc1,6.359518563029578,1
COc1ccc(-c2nnc(NC(=O)CCCCCC(=O)NO)s2)cc1OC,6.3124710387853655,1
COc1ccc(-c2nnc(Nc3ncc(C(=O)NO)cn3)o2)cc1,7.795880017344075,2
COc1ccc(-c2nnc(Nc3ncc(C(=O)NO)cn3)s2)cc1,7.769551078621726,2
COc1ccc(-c2noc(CCCCCCC(=O)C(F)(F)F)n2)cc1,5.016373712875465,2
COc1ccc(-c2noc(CCCCCCC(=O)NO)n2)cc1,5.661543506395395,2
COc1ccc(-c2noc(CCCCCCC(=O)Nc3ccccc3N)n2)cc1,6.040958607678906,2
COc1ccc(-c2noc(CNCc3ccc(C(=O)NO)cc3)n2)cc1,5.0798766737092755,2
COc1ccc(-c2noc(CNCc3ccc(C(=O)Nc4ccccc4N)cc3)n2)cc1,6.7447274948966935,2
COc1ccc(-c2ocnc2-c2cc(Br)c(OC)c(OC)c2)cc1OCCCC(=O)NO,5.3979400086720375,4
COc1ccc(-c2ocnc2-c2cc(Br)c(OC)c(OC)c2)cc1OCCCCC(=O)NO,5.42021640338319,2
COc1ccc(-c2ocnc2-c2cc(Br)c(OC)c(OC)c2)cc1OCCCCCC(=O)NO,6.309803919971486,4
COc1ccc(-c2sc(C(=O)N3CCC(NCc4ccc(/C=C/C(=O)NO)cc4)CC3)cc2-c2ccc(C#N)c(F)c2)cc1O,7.248720896016658,1
COc1ccc(-n2c(-c3cccc(/C=C/C(=O)NO)c3)nc3ccccc32)cc1,7.3979400086720375,2
COc1ccc(-n2nc(-c3ccc(O)cc3)nc2CNc2ccc(C(=O)NO)cc2)cc1,5.366228653917444,2
COc1ccc(-n2nc(-c3ccccc3)nc2CNc2ccc(C(=O)NO)cc2)cc1,6.054088485966407,2
COc1ccc(-n2nc(N)c(C(=O)NCc3ccc(C(=O)NO)cc3)n2)cc1,8.568636235841012,2
COc1ccc(-n2nc(N)c(C(=O)NCc3ccc(C(=O)Nc4ccccc4N)cc3)n2)cc1,7.130768280269024,2
COc1ccc(/C(=C\c2ccc(F)cc2)C(=O)NCc2ccc(C(=O)NO)cc2)cc1,6.481486060122112,1
COc1ccc(/C(=C\c2ccc(OC)c(OC)c2)C(=O)NCc2ccc(C(=O)Nc3ccccc3N)cc2)cc1,6.0,2
COc1ccc(/C(=C\c2ccc(SC)cc2)C(=O)NCCCCCC(=O)NO)cc1,6.619788758288394,1
COc1ccc(/C(=C\c2ccc(SC)cc2)C(=O)NCc2ccc(C(=O)NO)cc2)cc1,7.154901959985743,1
COc1ccc(/C=C(/C(=O)NCc2ccc(/C=C/C(=O)NO)cc2)c2ccc(F)cc2)cc1OC,7.301029995663981,1
COc1ccc(/C=C(/C(=O)NCc2ccc(C(=O)NO)cc2)c2ccc(F)cc2)cc1,7.397940008672037,1
COc1ccc(/C=C(/C(=O)NCc2ccc(C(=O)Nc3ccccc3N)cc2)c2ccc(C)cc2)cc1OC,5.856323113642627,2
COc1ccc(/C=C(/C(=O)NCc2ccc(C(=O)Nc3ccccc3N)cc2)c2ccc(F)cc2)cc1OC,6.221126129179265,2
COc1ccc(/C=C(/C(=O)NCc2ccc(C(=O)Nc3ccccc3N)cc2)c2cccc(F)c2)cc1OC,6.301377709494807,2
COc1ccc(/C=C(/C(=O)NCc2ccc(C(=O)Nc3ccccc3N)cc2)c2ccccc2)cc1OC,6.184989574443295,2
COc1ccc(/C=C(/C(=O)NCc2ccc(C(=O)Nc3ccccc3N)cc2)c2ccccc2F)cc1OC,6.232986946971932,2
COc1ccc(/C=C(/C(=O)NCc2ccc(C(=O)Nc3ccccc3N)cc2)c2cccs2)cc1OC,5.301029995663981,1
COc1ccc(/C=C(\C)C(=O)c2cc(OC)c(OC)c(OC)c2)cc1OCCCC(=O)NO,6.001740661576301,2
COc1ccc(/C=C(\C)C(=O)c2cc(OC)c(OC)c(OC)c2)cc1OCCCCCCCC(=O)NO,7.595919703732822,3
COc1ccc(/C=C/C(=O)N2CCN(c3ccc(C(=O)Nc4ccccc4N)cc3)CC2)cc1,6.044312249686494,2
COc1ccc(/C=C/C(=O)NCCCCN2CCc3nc(C(=O)NO)sc3C2)cc1,4.455064234118497,2
COc1ccc(/C=C/C(=O)NCCCN2CCc3nc(C(=O)NO)sc3C2)cc1,4.986320302708807,2
COc1ccc(/C=C/C(=O)NCc2ccc(C(=O)Nc3ccncc3N)cc2)cc1,5.481486060122112,2
COc1ccc(/C=C/C(=O)NO)c(-c2ccc(-c3ccccc3)cc2)c1,5.951450173851766,7
COc1ccc(/C=C/C(=O)NO)c(-c2ccc(Br)cc2)c1,6.346787486224656,3
COc1ccc(/C=C/C(=O)NO)cc1,7.323186120507228,2
COc1ccc(/C=C/C(=O)NO)cc1OCC(=O)Nc1cc(Br)cc(C(F)(F)F)c1,5.043831569524636,1
COc1ccc(/C=C/C(=O)NO)cc1OCC(=O)Nc1cc(C(F)(F)F)cc(C(F)(F)F)c1,5.308918507877031,1
COc1ccc(/C=C/C(=O)NO)cc1OCC(=O)Nc1ccc(Br)cc1,6.136677139879544,1
COc1ccc(/C=C/C(=O)NO)cc1OCC(=O)Nc1ccc(Cl)c(Cl)c1,5.863279432843593,1
COc1ccc(/C=C/C(=O)NO)cc1OCC(=O)Nc1ccc(F)c(Cl)c1,5.235077015350111,1
COc1ccc(/C=C/C(=O)NO)cc1OCC(=O)Nc1cccc(C(F)(F)F)c1,5.528708288941061,1
COc1ccc(/C=C/C(=O)NO)cc1OCC(=O)Nc1cccc(F)c1,5.55129368009492,1
COc1ccc(/C=C/C(=O)NO)cc1OCC(=O)Nc1ccccc1F,6.2441251443275085,1
COc1ccc(/C=C/C(=O)Nc2ccc(C(=O)N3CCc4nc(C(=O)NO)sc4C3)cc2)cc1,4.647817481888637,2
COc1ccc(/C=C/C(=O)Nc2ccc(C(C)N3CCc4nc(C(=O)NO)sc4C3)cn2)cc1,5.167491087293763,2
COc1ccc(/C=C/C(=O)Nc2ccc(C)cc2N)cc1OCC(=O)Nc1cc(Br)cc(C(F)(F)F)c1,3.9042380405224995,1
COc1ccc(/C=C/C(=O)Nc2ccc(C)cc2N)cc1OCC(=O)Nc1cc(C(F)(F)F)cc(C(F)(F)F)c1,4.246340352714001,1
COc1ccc(/C=C/C(=O)Nc2ccc(C)cc2N)cc1OCC(=O)Nc1ccc(Br)cc1,4.2347786336950195,1
COc1ccc(/C=C/C(=O)Nc2ccc(C)cc2N)cc1OCC(=O)Nc1ccc(F)c(Cl)c1,4.504178246614094,1
COc1ccc(/C=C/C(=O)Nc2ccc(C)cc2N)cc1OCC(=O)Nc1cccc(F)c1,4.148619332034404,1
COc1ccc(/C=C/C(=O)Nc2ccc(C)cc2N)cc1OCC(=O)Nc1ccccc1F,4.530177984021837,1
COc1ccc(/C=C/C(=O)Nc2ccccc2N)cc1OCC(=O)Nc1ccc(F)c(Cl)c1,4.177047759452519,1
COc1ccc(/C=C/C(=O)Nc2ccccc2N)cc1OCC(=O)Nc1cccc(C(F)(F)F)c1,4.654430243943608,1
COc1ccc(/C=C/C(=O)Nc2ccccc2N)cc1OCC(=O)Nc1cccc(F)c1,4.619607839942972,1
COc1ccc(/C=C/C(=O)Nc2ccccc2N)cc1OCC(=O)Nc1ccccc1F,4.806875401645539,1
COc1ccc(/C=C/C(=O)c2cc(OC)c(OC)c(OC)c2)cc1OCCCCCCC(=O)NO,7.253749116709282,3
COc1ccc(/C=C/C(=O)c2ccc(Br)c3c2OC(C)(C)C=C3)cc1NCC(=O)NO,6.060480747381382,2
COc1ccc(/C=C/C(=O)c2ccc(Br)c3c2OC(C)(C)C=C3)cc1OCC(=O)NO,6.236572006437063,2
COc1ccc(/C=C/C(=O)c2ccc(OC)c3c2OC(C)(C)C=C3)cc1NCC(=O)NO,6.136677139879544,2
COc1ccc(/C=C/C(=O)c2nnn(-c3ccc(Cl)cc3)c2C)cc1OC,5.815308569182401,2
COc1ccc(/C=C/C(CO)N2CCN(c3ncc(C(=O)NO)cn3)CC2)cc1,9.022276394711152,1
COc1ccc(/C=C2\CC(=O)N(CCCCCCC(=O)NO)C2=O)cc1,7.886056647693163,1
COc1ccc(/C=C2\CC(=O)N(CCCCCCC(=O)NO)C2=O)cc1OC,7.607303046740334,1
COc1ccc(/C=C2\CCCN(Cc3ccc(C(=O)Nc4ccc(F)cc4N)cc3)C2=O)cc1,6.042991673836555,2
COc1ccc(/C=C2\Oc3ccccc3C2=O)cc1OC,4.1487416512809245,1
COc1ccc(/C=C2\SC(=O)N(CCNC(=O)Nc3c(C)n(C)n(-c4ccccc4)c3=O)C2=O)cc1,6.55129368009492,2
COc1ccc(/C=C2\Sc3c(C(=O)NO)cccc3C2=O)cc1,5.522878745280337,1
COc1ccc(/C=C2\Sc3cc(C(=O)NO)ccc3C2=O)cc1,6.293937796913341,2
COc1ccc(/C=C2\Sc3cc(C(=O)Nc4ccccc4N)ccc3C2=O)cc1,5.612741517135725,2
COc1ccc(/C=C2\Sc3ccc(/C=C/C(=O)NO)cc3C2=O)cc1,6.620166077655185,2
COc1ccc(/C=C2\Sc3ccc(C(=O)NO)cc3C2=O)cc1,6.523120154133386,2
COc1ccc(/C=C2\Sc3cccc(C(=O)NO)c3C2=O)cc1,5.522878745280337,1
COc1ccc(/C=C\c2cc(OC)c(OC)c(OC)c2)cc1/C=C/C(=O)Nc1ccccc1N,6.366531544420413,1
COc1ccc(/C=C\c2cc(OC)c(OC)c(OC)c2)cc1OCCCC(=O)NO,5.853871964321762,1
COc1ccc(/C=C\c2cc(OC)c(OC)c(OC)c2)cc1OCc1ccc(C(=O)NO)cc1,6.4089353929735005,1
COc1ccc(/C=N/NC(=O)CCCCCCCC(=O)NO)cc1,8.642065152999546,1
COc1ccc(/N=N/c2ccc(/C=C/C(=O)NO)cc2)cc1,6.650862711662816,2
COc1ccc(/N=N/c2ccc(/C=C/C(=O)Nc3cc(-c4cccs4)ccc3N)cc2)cc1,6.455931955649724,1
COc1ccc(/N=N/c2ccc(/C=C/C(=O)Nc3ccccc3N)cc2)cc1,6.698970004336019,1
COc1ccc(/N=N/c2ccc(/C=C/C(=O)Nc3ccccc3N)cc2F)c(F)c1,5.668621084159213,2
COc1ccc(/N=N/c2ccc(C(=O)NO)cc2)cc1,5.957176355851572,2
COc1ccc(/N=N/c2ccc(C(=O)Nc3ccccc3N)cc2)cc1,6.309894379144197,2
COc1ccc(/N=N/c2ccc(CCC(=O)Nc3ccccc3N)cc2)cc1,5.468521082957745,1
COc1ccc(Br)c(/C=N/NC(=O)CCCCCC(=O)NO)c1,9.221848749616356,2
COc1ccc(Br)c(Cn2cc(CCCCC(=O)NO)nn2)c1,6.798602875679549,2
COc1ccc(Br)c2c1CCN(Cc1ccc(C(=O)NO)cc1)CC2,6.414539270491499,2
COc1ccc(Br)cc1/C=C1\CC(=O)N(CCCCCCC(=O)NO)C1=O,7.1073489661227,1
COc1ccc(Br)cc1C=C1CC(=O)N(CCCCCCC(=O)NO)C1=O,7.107905397309519,1
COc1ccc(C(=O)CCCCCC(=O)NO)cc1,6.346787486224656,4
COc1ccc(C(=O)CCCCCCC(=O)NO)cc1,7.823908740944319,8
COc1ccc(C(=O)CCCCCCC(=O)Nc2ccccc2N)cc1,5.301029995663981,2
COc1ccc(C(=O)CS)cc1,6.900008766455315,1
COc1ccc(C(=O)CSC(=S)SCCNC(C)=O)cc1,5.50976844265867,4
COc1ccc(C(=O)CSC(=S)SCCOc2ccccc2)cc1,5.463249877818166,4
COc1ccc(C(=O)CSC(C)=O)cc1,6.299997602857746,1
COc1ccc(C(=O)N(CCC(=O)NCc2ccccc2)Cc2ccc(C(=O)NO)cc2)cc1,7.377785977033705,1
COc1ccc(C(=O)NCCCCC(=O)Nc2ccccc2N)c(OC)n1,4.600845666041783,1
COc1ccc(C(=O)NCCCCCC(=O)Nc2ccccc2N)cc1,5.769551078621726,1
COc1ccc(C(=O)NCCCC[C@H](NC(=O)c2cncs2)c2ncc(-c3ccc4ccccc4c3)[nH]2)c(O)c1,6.096910013008056,2
COc1ccc(C(=O)NO)cc1C(=O)Nc1ccc2c(c1)cc(C)c(=O)n2C,5.161150909262744,2
COc1ccc(C(=O)NO)cc1NC(=O)Cc1ccccc1,4.539102157243452,2
COc1ccc(C(=O)NO)cc1NC(=O)c1ccc(-c2ccccc2)cc1,5.199285096332343,4
COc1ccc(C(=O)NO)cc1NC(=O)c1ccc(Cl)cc1,5.537602002101044,2
COc1ccc(C(=O)NO)cc1NC(=O)c1ccc(Cl)cc1Cl,4.886056647693163,2
COc1ccc(C(=O)NO)cc1NC(=O)c1cccc2c1oc1ccccc12,4.732593581247096,2
COc1ccc(C(=O)NO)cc1NC(=O)c1ccccc1,5.638272163982407,2
COc1ccc(C(=O)NO)cc1NC(=O)c1ccccc1Cl,5.017728766960431,2
COc1ccc(C(=O)NO)cc1NCCc1ccccc1,4.718966632752273,2
COc1ccc(C(=O)NO)cc1NCc1ccc(OCCCCC(=O)Nc2ccc3c(c2)cc(C)c(=O)n3C)cc1,5.2839966563652006,2
COc1ccc(C(=O)NO)cc1NCc1ccc(OCc2cn(CCCCCC(=O)Nc3cccc4c3C(=O)N(C3CCC(=O)NC3=O)C4=O)nn2)cc1,4.790484985457369,2
COc1ccc(C(=O)NO)cc1NCc1ccccc1,4.838631997765025,2
COc1ccc(C(=O)NO)cc1OCc1ccc(Cl)cc1,4.838631997765025,2
COc1ccc(C(=O)NO)cc1OCc1ccccc1,4.91721462968355,4
COc1ccc(C(=O)NO)cc1S(=O)(=O)Nc1ccc(C)cc1,4.698970004336019,2
COc1ccc(C(=O)N[C@@H](Cc2c[nH]c3ccccc23)C(=O)NCCCCCC(=O)Nc2cc(-c3ccccc3)ccc2N)cc1,7.2537594949355615,2
COc1ccc(C(=O)N[C@@H](Cc2c[nH]c3ccccc23)C(=O)NCCCCCC(=O)Nc2cc(-c3cccs3)ccc2N)cc1,7.318758762624412,2
COc1ccc(C(=O)N[C@@H](Cc2c[nH]c3ccccc23)C(=O)NCCCCCC(=O)Nc2ccc(F)cc2N)cc1,6.291579099865287,2
COc1ccc(C(=O)N[C@@H](Cc2c[nH]c3ccccc23)C(=O)NCCCCCC(=O)Nc2ccccc2N)cc1,7.230625186169883,2
COc1ccc(C(=O)N[C@@H](Cc2c[nH]c3ccccc23)C(=O)NCc2ccc(C(=O)Nc3cc(-c4ccccc4)ccc3N)cc2)cc1,7.235079579662331,2
COc1ccc(C(=O)N[C@@H](Cc2c[nH]c3ccccc23)C(=O)NCc2ccc(C(=O)Nc3cc(-c4cccs4)ccc3N)cc2)cc1,7.229885331140858,2
COc1ccc(C(=O)N[C@@H](Cc2c[nH]c3ccccc23)C(=O)NCc2ccc(C(=O)Nc3ccc(F)cc3N)cc2)cc1,6.767003889607846,2
COc1ccc(C(=O)N[C@@H](Cc2c[nH]c3ccccc23)C(=O)NCc2ccc(C(=O)Nc3ccccc3N)cc2)cc1,7.385418078467114,12
COc1ccc(C(=O)N[C@@H](Cc2c[nH]c3ccccc23)C(=O)Nc2ccc(C(=O)Nc3cc(-c4cccs4)ccc3N)cc2)cc1,7.434752705738266,2
COc1ccc(C(=O)N[C@@H](Cc2c[nH]c3ccccc23)C(=O)Nc2ccc(C(=O)Nc3ccc(F)cc3N)cc2)cc1,7.036921418492211,2
COc1ccc(C(=O)N[C@@H](Cc2c[nH]c3ccccc23)C(=O)Nc2ccc(C(=O)Nc3ccccc3N)cc2)cc1,7.3027741595868925,2
COc1ccc(C(=O)N[C@H](CNCc2ccc(C(=O)Nc3ccccc3N)cc2)Cc2c[nH]c3ccccc23)cc1,7.522878745280337,1
COc1ccc(C(=O)N[C@H](CNCc2ccc(C(=O)Nc3ccccc3N)cc2)Cc2c[nH]c3ccccc23)cc1.Cl.Cl,7.52432881167557,1
COc1ccc(C(=O)N[C@H](COc2ccc(/C=C/C(=O)NO)cc2)Cc2c[nH]c3ccccc23)cc1,8.254152087285709,3
COc1ccc(C(=O)N[C@H](COc2ccc(/C=C/C(=O)NO)cc2OC)Cc2c[nH]c3ccccc23)cc1,7.7508447231052,2
COc1ccc(C(=O)N[C@H](COc2ccc(/C=C/C(=O)Nc3ccccc3N)cc2)Cc2c[nH]c3ccccc23)cc1,6.546681659952963,2
COc1ccc(C(=O)N[C@H](COc2ccc(C(=O)Nc3ccccc3N)cc2)Cc2c[nH]c3ccccc23)cc1,7.828295703098071,2
COc1ccc(C(=O)N[C@H](COc2cccc(/C=C/C(=O)NO)c2)Cc2c[nH]c3ccccc23)cc1,6.679141873219699,3
COc1ccc(C(=O)Nc2cc(-c3cccs3)ccc2N)cc1,7.2056057447200486,5
COc1ccc(C(=O)Nc2cc(C(=O)NO)ccc2Cl)cc1,5.3872161432802645,2
COc1ccc(C(=O)Nc2cc(C(=O)NO)ccc2OC)cc1,5.585026652029182,2
COc1ccc(C(=O)Nc2ccc(NC(=O)Nc3ccccc3N)cc2)cc1,5.818156412055227,1
COc1ccc(C(=O)Nc2ccc3c(c2)S(=O)(=O)N(CCCCCC(=O)NO)C3=O)cc1,6.806875401645538,1
COc1ccc(C(=O)Nc2ccccc2N)cc1,5.640272917984125,3
COc1ccc(C(=O)On2nnc3ccccc32)cc1,4.13608262304214,1
COc1ccc(C(=O)c2cc(/C=C/C(=O)NO)n(C)c2)cc1,5.537602002101044,1
COc1ccc(C(=O)c2cc(OC)c(OC)c(OC)c2)cc1OCC(=O)NO,6.6020599913279625,1
COc1ccc(C(=O)c2ccc3c(ccn3Cc3ccc(/C=C/C(=O)NO)cc3)c2)cc1,5.84163750790475,2
COc1ccc(C(=O)c2ccc3c(ccn3Cc3ccc(C(=O)NO)cc3)c2)cc1,5.6595558851598815,2
COc1ccc(C(=O)c2ccc3c(ccn3Cc3ccc(C(=O)NO)cc3)c2)cc1OC,5.552841968657781,2
COc1ccc(C(=O)c2ccc3c(ccn3S(=O)(=O)c3ccc(/C=C/C(=O)NO)cc3)c2)cc1,5.145086977692145,2
COc1ccc(C(=O)c2ccc3c(ccn3S(=O)(=O)c3cccc(/C=C/C(=O)NO)c3)c2)cc1,5.835647144215563,2
COc1ccc(C(=O)c2ccc3c(ccn3S(=O)(=O)c3cccc(/C=C/C(=O)NO)c3)c2)cc1OC,6.057000406633959,2
COc1ccc(C(=O)c2cn(Cc3ccc(C(=O)NO)cc3)c3cc(OC)ccc23)cc1,6.801865794937932,2
COc1ccc(C(C)(C)O)cc1-c1cn(C)c(=O)c2[nH]c(C(=O)NCc3ccc(C(=O)Nc4ccccc4N)cc3)cc12,6.47755576649368,2
COc1ccc(C(C)=O)cc1NC(=O)c1cc(C(=O)NO)ccc1OC,6.443697499232712,2
COc1ccc(C(F)(F)F)cc1-c1nc(N2CCOCC2)c2nc(CN(C)c3ncc(C(=O)NO)cn3)n(C)c2n1,8.797241446511812,2
COc1ccc(C(F)(F)F)cc1CNc1ncc(C(=O)NO)cn1,7.167491087293763,1
COc1ccc(C/C(=C\NO)C(=O)NCCSC(C)=O)cc1Br,8.301029995663981,1
COc1ccc(C/C(=N\N)C(=O)NCCS)cc1Br,8.221848749616356,1
COc1ccc(C/C(=N\N)C(=O)NCCSC)cc1Br,4.8996294548824375,1
COc1ccc(C/C(=N\N)C(=O)NCCSSCCNC(=O)/C(Cc2ccc(OC)c(Br)c2)=N/N)cc1Br,5.522878745280337,1
COc1ccc(C/C(=N\O)C(=O)NCCS)cc1Br,8.744727494896694,1
COc1ccc(C/C(=N\O)C(=O)NCCS)cc1I,9.0,1
COc1ccc(C/C(=N\O)C(=O)NCCS)cc1OC,8.522878745280337,1
COc1ccc(C/C(=N\O)C(=O)NCCSC)cc1Br,4.632644078973981,1
COc1ccc(C/C(=N\O)C(=O)NCCSSCCNC(=O)/C(Cc2ccc(OC)c(Br)c2)=N/O)cc1Br,7.366531544420414,1
COc1ccc(C/C(=N\O)C(=O)NCCSSCCNC(=O)/C(Cc2ccc(OC)c(O)c2)=N/O)cc1O,7.522878745280337,1
COc1ccc(C/C(=N\O)C(=O)NCCSSCCNC(=O)/C(Cc2ccc(OC)cc2)=N/O)cc1,6.920818753952375,1
COc1ccc(C2(C(=O)Nc3ccc(C(=O)NO)cc3)CCCCC2)cc1-c1cccc(N)c1,8.0,2
COc1ccc(C2(C(=O)Nc3ccc(C(=O)NO)cc3)CCCCC2)cc1-c1ccccc1NC(C)=O,8.045757490560675,2
COc1ccc(C2(C(=O)Nc3ccc(C(=O)NO)cc3)CCCCC2)cc1-c1cn[nH]c1,8.522878745280337,2
COc1ccc(C2(C(=O)Nc3ccc(C(=O)NO)cc3)CCCCC2)cc1Br,7.508638306165727,2
COc1ccc(C2(C(=O)Nc3ccc(C(=O)NO)cc3)CCCCC2)cc1OC,7.537602002101044,2
COc1ccc(C2(Nc3ncc(C(=O)NO)cn3)CC2)cc1OC,7.301029995663981,1
COc1ccc(C2(Nc3ncc(C(=O)NO)cn3)CCCC2)cc1,6.605548319173783,1
COc1ccc(C2(Nc3ncc(C(=O)NO)cn3)CCCCC2)cc1,6.049148541111453,1
COc1ccc(C2CC(=O)N(CCCCCC(=O)NO)c3ccccc3S2(=O)=O)cc1,6.717128993995949,3
COc1ccc(C2CC(=O)N(CCCCCC(=O)NO)c3ccccc3S2)cc1,6.927015255372069,1
COc1ccc(C2CC2)c2c1CCN(Cc1ccc(C(=O)NO)cc1)CC2,6.29929628285498,2
COc1ccc(C2c3ccccc3CCN2CCC(=O)NO)cc1,4.568636235841013,2
COc1ccc(C=C2CC(=O)N(CCCCCCC(=O)NO)C2=O)cc1,7.886056647693163,1
COc1ccc(C=C2CC(=O)N(CCCCCCC(=O)NO)C2=O)cc1OC,7.602059991327962,1
COc1ccc(C=C2Sc3c(C(=O)NO)cccc3C2=O)cc1,5.522878745280337,1
COc1ccc(C=C2Sc3cc(C(=O)NO)ccc3C2=O)cc1,6.293937796913341,2
COc1ccc(C=C2Sc3cc(C(=O)Nc4ccccc4N)ccc3C2=O)cc1,5.612741517135725,2
COc1ccc(C=C2Sc3ccc(/C=C/C(=O)NO)cc3C2=O)cc1,6.620166077655185,2
COc1ccc(C=C2Sc3ccc(C(=O)NO)cc3C2=O)cc1,6.523120154133386,2
COc1ccc(C=C2Sc3cccc(C(=O)NO)c3C2=O)cc1,5.522878745280337,1
COc1ccc(CC(=NN)C(=O)NCCS)cc1Br,8.221848749616356,1
COc1ccc(CC(=NN)C(=O)NCCSC)cc1Br,4.8996294548824375,1
COc1ccc(CC(=NN)C(=O)NCCSSCCNC(=O)C(Cc2ccc(OC)c(Br)c2)=NN)cc1Br,5.522878745280337,1
COc1ccc(CC(=O)C(=O)NCCS)cc1Br,5.958607314841775,2
COc1ccc(CC(=O)C(=O)NCCSSCCNC(=O)C(=O)Cc2ccc(OC)c(Br)c2)cc1Br,5.045757490560675,2
COc1ccc(CC(=O)NCCCCC(C(=O)NO)c2ccccc2)cc1,5.0,2
COc1ccc(CC(=O)Nc2ccc3cc(C(=O)NO)sc3c2)cc1,7.698970004336019,2
COc1ccc(CC(N=O)C(=O)NCCS)cc1Br,8.744727494896694,1
COc1ccc(CC(N=O)C(=O)NCCS)cc1I,9.0,1
COc1ccc(CC(N=O)C(=O)NCCS)cc1OC,8.522878745280337,1
COc1ccc(CC(N=O)C(=O)NCCSC)cc1Br,4.632644078973981,1
COc1ccc(CC(N=O)C(=O)NCCSSCCNC(=O)C(Cc2ccc(OC)c(Br)c2)N=O)cc1Br,7.366531544420414,1
COc1ccc(CC2C=Cc3cc(C(=O)NO)ccc32)cc1,4.438898616350944,2
COc1ccc(CCC(=O)Nc2ccc(C(=O)NO)cc2)cc1OC,5.481486060122112,1
COc1ccc(CCCn2cccc(/C=C/C(=O)NO)c2=O)cc1,6.853871964321762,1
COc1ccc(CCNc2ccc(C(=O)Nc3ccccc3N)cn2)cc1,5.522878745280337,4
COc1ccc(CCc2nc(CCC(=O)NO)cs2)cc1,7.07647168600466,2
COc1ccc(CCc2nc(CCC(=O)NO)cs2)cc1OC,6.987162775294828,2
COc1ccc(CCn2c(=O)c3ccccc3n(Cc3ccc(C(=O)NO)cc3)c2=O)cc1,5.132296866729902,2
COc1ccc(CN(C(=O)CC2CCC(C(=O)Nc3ccccc3N)CC2)c2cc(OC)c(OC)c(OC)c2)cc1O,6.279840696594043,2
COc1ccc(CN(C(=O)Cc2ccc(C(=O)Nc3ccccc3N)cc2)c2cc(OC)c(OC)c(OC)c2)cc1O,6.279840696594043,4
COc1ccc(CN(CCN(C)C)c2ccc(C(=O)Nc3ccccc3N)cn2)cc1,5.823908740944319,2
COc1ccc(CN2CCC(Nc3nc(Nc4ccc(NC(=O)CCCCCCC(=O)NO)cc4)nc4cc(OC)c(OC)cc34)CC2)cc1,6.047691990337874,2
COc1ccc(CN2CCC=C(CCC(=O)NO)C2=O)c(OC)c1,6.301029995663981,2
COc1ccc(CN2CCC=C(CCC(=O)NO)C2=O)cc1,6.356547323513812,1
COc1ccc(CN2CCN(c3ccc(C(=O)NO)cc3)C2=O)cc1,7.920818753952375,2
COc1ccc(CN2CCc3c(c4ccccc4n3Cc3ccc(C(=O)NO)cc3)C2)cc1,5.333482019445119,2
COc1ccc(CN2C[C@@H]3CN(c4ncc(C(=O)NO)cn4)C[C@@H]3C2)cc1,7.022276394711152,1
COc1ccc(CN2[C@@H](C(=O)NCc3ccc(C(=O)NO)cc3)Cc3c([nH]c4ccccc34)[C@@H]2C)cc1,6.903089986991944,2
COc1ccc(CN2[C@@H](C(=O)NCc3ccc(C(=O)NO)cc3)Cc3c([nH]c4ccccc34)[C@@H]2C2CC2)cc1,6.767003889607846,4
COc1ccc(CN2[C@H](C(=O)NCc3ccc(C(=O)NO)cc3)Cc3c([nH]c4ccccc34)[C@H]2C2CC2)cc1,5.774690718274137,6
COc1ccc(CNC(=O)CN(CCCCCC(=O)Nc2ccccc2N)C(=O)c2cc(C)cc(C)c2)cc1,5.533488387078205,4
COc1ccc(CNC(=O)N2CCN(c3ccc(C(=O)Nc4ccccc4N)cn3)C[C@@H]2C)cc1,7.327902142064282,2
COc1ccc(CNC(=O)c2cc(C(=O)Nc3ccccc3N)ccc2N2CCOCC2)cc1O,4.7823055397946215,2
COc1ccc(CNC(=O)c2cc(F)ccc2N2CCOCC2)cc1/C=C/C(=O)NO,6.939302159646388,2
COc1ccc(CNC(=O)c2cc(F)ccc2N2CCOCC2)cc1OCC(=O)NO,5.052811434473906,2
COc1ccc(CNC(=O)c2ccc(C(=O)C(F)(F)C(F)(F)F)s2)cc1,5.376750709602099,2
COc1ccc(CNC(=O)c2ccc(C(=O)C(F)(F)F)s2)cc1,6.6777807052660805,2
COc1ccc(CNC(=O)c2ccc3sc(C(=O)NO)cc3c2)cc1,7.443697499232712,2
COc1ccc(CNC(=S)SC[C@H](NC(C)=O)C(=O)O)cc1,2.5316526695878423,1
COc1ccc(CNC2[C@H]3CN(c4ncc(C(=O)NO)cn4)C[C@@H]23)cc1,7.698970004336019,1
COc1ccc(CNCCCCCCC(=O)NO)cc1OC,6.6777807052660805,2
COc1ccc(CNCCn2ccc(-c3ccc(C(=O)NO)s3)n2)cc1,7.886056647693163,3
COc1ccc(CNCCn2ccc(-c3ccc(C(=O)NO)s3)n2)cc1OC,6.970616222314791,3
COc1ccc(CNCc2ccc(/C=C/C(=O)NO)cc2)c(OC)c1,6.427962537343375,3
COc1ccc(CNCc2ccc(/C=C/C(=O)NO)cc2)cc1,6.516038479095414,3
COc1ccc(CNCc2ccc(/C=C/C(=O)NO)cc2)cc1OC,6.07616912685624,3
COc1ccc(CNCc2nc3cc(/C=C/C(=O)NO)ccc3n2C)cc1,6.630784142589857,3
COc1ccc(CNc2ccc(/C=C/C(=O)Nc3ccccc3N)cc2)cc1,5.3979400086720375,4
COc1ccc(CNc2ccc(/C=C/C(=O)Nc3ccccc3N)cn2)cc1,5.698970004336019,4
COc1ccc(CNc2ccc(C(=O)Nc3ccccc3N)cc2)cc1,5.698970004336019,2
COc1ccc(CNc2ccc(C(=O)Nc3ccccc3N)cc2)cc1OC,5.3979400086720375,4
COc1ccc(CNc2ccc(C(=O)Nc3ccccc3N)cn2)cc1,5.3979400086720375,4
COc1ccc(CNc2nc(N)nc3c2ccn3Cc2ccc(C(=O)Nc3ccccc3N)cc2)cc1,6.661543506395395,2
COc1ccc(CNc2nc(SCc3ccc(C(=O)Nc4ccc(F)cc4N)cc3)nn3cccc23)cc1,5.297569463554474,2
COc1ccc(CNc2nc(SCc3ccc(C(=O)Nc4ccc(F)cc4N)cc3)nn3cccc23)cc1OC,5.088309841246138,2
COc1ccc(CNc2nc(SCc3ccc(C(=O)Nc4ccccc4N)cc3)nn3cccc23)c(OC)c1,6.4736607226101555,2
COc1ccc(CNc2nc(SCc3ccc(C(=O)Nc4ccccc4N)cc3)nn3cccc23)cc1,6.406713932979542,2
COc1ccc(CNc2nc(SCc3ccc(C(=O)Nc4ccccc4N)cc3)nn3cccc23)cc1OC,6.391473966422806,2
COc1ccc(COC(CCCCCC(=O)NO)C(=O)Nc2ccccc2)cc1,7.274091436685327,2
COc1ccc(COc2ccc3cc(C(=O)NCc4ccc(C(=O)Nc5ccccc5N)cc4)c(=O)oc3c2)cc1,6.1487416512809245,2
COc1ccc(COc2cccc3ccc(C(=O)NCCCCCC(=O)NO)nc23)cc1,6.896196279044043,1
COc1ccc(COc2cccc3ccc(C(=O)NCc4ccc(C(=O)NO)cc4)nc23)cc1,7.053109812888863,3
COc1ccc(Cl)cc1C(=O)NCCc1ccc(/C=C/C(=O)NO)cc1,7.7188595170927385,2
COc1ccc(Cl)cc1C(=O)NCCc1ccc(CCC(=O)NO)cc1,7.141854724425363,2
COc1ccc(Cl)cc1C(=O)NCCc1cccc(/C=C/C(=O)NO)c1,7.45855348335591,2
COc1ccc(Cl)cc1C1(Nc2ncc(C(=O)NO)cn2)CC1,6.413412695328245,1
COc1ccc(Cl)cc1N1CCN(C(=O)c2ccc(C(=O)C(F)(F)F)s2)CC1,5.356547323513812,2
COc1ccc(Cn2c(=O)n(Cc3ccc(C(=O)Nc4ccccc4N)cc3)c(=O)c3ccccc32)cc1,7.0,2
COc1ccc(Cn2c(SCc3ccc(/C=C/C(=O)NO)cc3)nc3ccccc32)cc1,6.958607314841775,1
COc1ccc(Cn2cc(CCCCC(=O)NO)nn2)cc1,5.732828271596986,2
COc1ccc(Cn2ccc3ccc(C(=O)NO)cc32)cc1,4.865596082811267,32
COc1ccc(Cn2ccc3ccc(NC(=O)CCCCCCC(=O)NO)cc3c2=O)c(OC)c1,7.008596733566582,2
COc1ccc(Cn2cccc(/C=C/C(=O)NO)c2=O)cc1,6.42021640338319,1
COc1ccc(F)c(-c2ccc3c(NC(=O)CCCCCCC(=O)NO)n[nH]c3c2)c1,8.522878745280337,2
COc1ccc(F)cc1-c1cncc(/C=C/c2ccc(C(=O)NO)cc2)c1,6.173925197299173,2
COc1ccc(N(C)c2nc(C)nc3ccccc23)cc1OCCCC(=O)NO,6.374687549038326,2
COc1ccc(N(C)c2nc(C)nc3ccccc23)cc1OCCCCC(=O)NO,6.596879478824182,2
COc1ccc(N(C)c2nc(C)nc3ccccc23)cc1OCCCCCC(=O)NO,6.795880017344075,2
COc1ccc(N(CCCCCCC(=O)NO)c2ccccn2)nc1,6.739928612014925,1
COc1ccc(N(Cc2ccc3ccccc3n2)C(=O)c2ccc(/C=C/C(=O)NO)cc2)cc1,6.128427064454121,1
COc1ccc(N(Cc2cccc(C(=O)NCCc3ccc(F)cc3)c2)C(=O)CCCCCC(=O)NO)cc1,8.638272163982407,1
COc1ccc(N(Cc2noc(-c3cccc(C)c3)n2)C(=O)CCCCCC(=O)NO)cc1,7.919016691817962,2
COc1ccc(N(Cc2noc(-c3cccc(F)c3)n2)C(=O)CCCCCC(=O)NO)cc1,7.968709007885918,2
COc1ccc(N(Cc2noc(-c3ccccc3)n2)C(=O)CCCCCC(=O)NO)cc1,8.086186147616283,2
COc1ccc(N)c(NC(=O)CCCCCNC(=O)c2ccc(C)cc2)c1,6.522878745280337,1
COc1ccc(N)c(NC(=O)c2ccc(CNC(=O)OCc3cccnc3)cc2)c1,5.337242168318426,2
COc1ccc(N)c(NC(=O)c2ccc([C@H](C)n3nc(-c4ccc(CN(C)C)cc4)ccc3=O)cc2)c1,7.374006332138879,3
COc1ccc(N2CCN(S(=O)(=O)c3cccc(/C=C/C(=O)NO)c3)CC2)cc1,6.673664139071249,1
COc1ccc(N=Nc2ccc(/C=C/C(=O)Nc3cc(-c4cccs4)ccc3N)cc2)cc1,6.455931955649724,1
COc1ccc(N=Nc2ccc(/C=C/C(=O)Nc3ccccc3N)cc2)cc1,6.698970004336019,1
COc1ccc(N=Nc2ccc(/C=C/C(=O)Nc3ccccc3N)cc2F)c(F)c1,5.668621084159213,2
COc1ccc(N=Nc2ccc(C(=O)Nc3ccccc3N)cc2)cc1,6.309894379144197,2
COc1ccc(N=Nc2ccc(CCC(=O)Nc3ccccc3N)cc2)cc1,5.468521082957745,1
COc1ccc(NC(=O)/C=C\c2cn(-c3ccccc3)nc2-c2ccc(Br)cc2)cc1,5.480172006224281,2
COc1ccc(NC(=O)/C=C\c2cn(-c3ccccc3)nc2-c2ccc(C)cc2)cc1,5.392544976785331,2
COc1ccc(NC(=O)/C=C\c2cn(-c3ccccc3)nc2-c2ccc(OC)cc2)cc1,5.761953896871205,2
COc1ccc(NC(=O)/C=C\c2cn(-c3ccccc3)nc2-c2ccc([N+](=O)[O-])cc2)cc1,5.991399828238082,2
COc1ccc(NC(=O)C(Cc2c[nH]c3ccccc23)NC(=O)c2ccc(/C=C/C(=O)NO)cc2)cc1,7.045757490560675,1
COc1ccc(NC(=O)CCCCC(=O)NO)cc1,7.264111108080648,3
COc1ccc(NC(=O)CCCCCC(=O)Nc2ccccc2)c(OC)c1,3.4122890349810886,2
COc1ccc(NC(=O)CCCCCC(=O)Nc2ccccc2)cc1,3.3585258894959003,2
COc1ccc(NC(=O)CCCCCCC(=O)NO)cc1,6.554395796726403,1
COc1ccc(NC(=O)CCCCCCNC(=O)C(O)(O)C(F)(F)F)cc1,4.0,2
COc1ccc(NC(=O)CNCCCC(=O)Nc2ccccc2N)cc1,5.443697499232712,2
COc1ccc(NC(=O)CNc2ccc(C(=O)Nc3ccccc3N)cc2)cc1,5.508638306165727,2
COc1ccc(NC(=O)COc2cc(/C=C/C(=O)NO)ccc2OC)cc1,6.026872146400301,1
COc1ccc(NC(=O)COc2cc(/C=C/C(=O)Nc3ccc(C)cc3N)ccc2OC)cc1,3.783543785084258,1
COc1ccc(NC(=O)COc2cc(/C=C/C(=O)Nc3ccccc3N)ccc2OC)cc1,4.30715308072277,1
COc1ccc(NC(=O)COc2ccc(/C=C/C(=O)NO)cc2OC)cc1,4.966576244513051,1
COc1ccc(NC(=O)COc2ccc(/C=C/C(=O)Nc3ccc(C)cc3N)cc2OC)cc1,3.928117992693875,1
COc1ccc(NC(=O)COc2ccc(/C=C/C(=O)Nc3ccccc3N)cc2OC)cc1,5.048176964684088,1
COc1ccc(NC(=O)N2CCC(Nc3ncc(C(=O)NO)cn3)(c3ccccc3)CC2)cc1,7.67778070526608,1
COc1ccc(NC(=O)NCc2ccc(C(=O)NO)cc2)cc1,5.97469413473523,1
COc1ccc(NC(=O)NOCCCCCC(=O)NO)cc1,5.209838649332296,2
COc1ccc(NC(=O)NOCc2ccc(/C=C/C(=O)NO)cc2)cc1,6.276964532149497,2
COc1ccc(NC(=O)Nc2ccc(/C=C/C(=O)NO)cc2)cc1OC,6.063751752524882,5
COc1ccc(NC(=O)Nc2ccc(Oc3ccc(C(=O)c4ncc[nH]4)cc3)cc2)cc1,6.197226274708024,2
COc1ccc(NC(=O)Nc2ccc(Oc3ccnc(-c4cnn(CCCCCCC(=O)NO)c4)c3)cc2)cc1,8.1249387366083,2
COc1ccc(NC(=O)[C@H](Cc2c[nH]c3ccccc23)NC(=O)/C=C/c2ccc(C(=O)NO)cc2)cc1,7.446116973356125,1
COc1ccc(NC(=O)[C@H](Cc2ccc(OCC(=O)NO)cc2)NC(=O)CCCc2ccccc2)cc1,5.8794260687941495,1
COc1ccc(NC(=O)[C@H](Cc2ccc(OCC(=O)NO)cc2)NC(=O)CCc2ccccc2)cc1,6.051098239029786,1
COc1ccc(NC(=O)[C@H](Cc2ccc(OCC(=O)NO)cc2)NC(=O)Cc2ccccc2)cc1,5.910094888560602,1
COc1ccc(NC(=O)[C@H](Cc2ccc(OCC(=O)NO)cc2)NC(=O)c2ccccc2)cc1,6.446116973356125,1
COc1ccc(NC(=O)c2ccc(CNC(=O)OCc3cccnc3)cc2)c(N)c1,4.356547323513812,2
COc1ccc(NC(=O)c2ccc([C@H](C)n3nc(-c4ccc(CN(C)C)cc4)ccc3=O)cc2)c(N)c1,6.899629454882437,3
COc1ccc(NCc2ccc(-c3noc(C(F)(F)F)n3)cn2)cn1,6.2839966563652006,1
COc1ccc(NCc2ccc(/C=C/C(=O)Nc3ccccc3N)cc2)cc1,5.3979400086720375,4
COc1ccc(NCc2ccc(/C=C/C(=O)Nc3ccccc3N)cc2)cc1OC,5.698970004336019,2
COc1ccc(NCc2ccc(C(=O)Nc3cc(-c4ccccc4)ccc3N)cc2)cc1OC,7.221848749616356,2
COc1ccc(NCc2ccc(C(=O)Nc3cc(-c4cccs4)ccc3N)cc2)cc1OC,7.301029995663981,2
COc1ccc(NCc2ccc(C(=O)Nc3cc(-c4cccs4)ccc3O)cc2)cc1OC,7.3979400086720375,2
COc1ccc(NCc2ccc(C(=O)Nc3cc(-c4ccoc4)ccc3N)cc2)cc1OC,7.301029995663981,2
COc1ccc(NCc2ccc(C(=O)Nc3cc(-c4ccsc4)ccc3N)cc2)cc1OC,7.301029995663981,2
COc1ccc(NCc2ccc(C(=O)Nc3ccccc3N)cc2)cc1,6.221848749616356,2
COc1ccc(NCc2ccc(C(=O)Nc3ccccc3N)cc2)cc1OC,5.91816244406195,6
COc1ccc(NCc2ccc(C(=O)Nc3ccccc3N)cc2)cn1,7.0,2
COc1ccc(NCc2ccc(C(=O)Nc3ccccc3O)cc2)cc1OC,6.522878745280337,2
COc1ccc(NNc2ccc(/C=C/C(=O)N=O)cc2)cc1,6.650862711662816,2
COc1ccc(NNc2ccc(C(=O)N=O)cc2)cc1,5.957176355851572,2
COc1ccc(NS(=O)(=O)c2ccc(/C=C/C(=O)NO)cc2)cc1OC,7.285193746454456,5
COc1ccc(NS(=O)(=O)c2ccc(/C=C/C(=O)Nc3ccccc3N)cc2)cc1OC,5.545957429020751,5
COc1ccc(NS(=O)(=O)c2ccc(C=CC(=O)Nc3nnc(S)s3)cc2)cc1OC,5.301029995663981,1
COc1ccc(NS(=O)(=O)c2cccc(/C=C/C(=O)NO)c2)cc1,7.886056647693163,1
COc1ccc(NS(=O)(=O)c2cccc(/C=C/C(=O)NO)c2)cc1OC,7.638272163982407,2
COc1ccc(Nc2nc(Nc3cnn(CCCCCCC(=O)NO)c3)ncc2Cl)cc1,8.522878745280337,1
COc1ccc(Nc2ncc(C(=O)NO)cn2)cc1,6.607303046740334,1
COc1ccc(Nc2ncnc3c2ncn3Cc2ccc(C(=O)NO)cc2)cc1,6.927383145153486,2
COc1ccc(Nc2ncnc3cc(NC(=O)CCCCCCC(=O)NO)sc23)c(C)c1,6.931295090478392,2
COc1ccc(Nc2ncnc3cc(NC(=O)CCCCCCC(=O)NO)sc23)cc1,6.757297237201134,2
COc1ccc(O)c(C(=O)NCCCC[C@H](NC(=O)c2cncs2)c2ncc(-c3ccc4ccccc4c3)[nH]2)c1,6.698970004336019,2
COc1ccc(O)c(NC(=O)c2ccc(CNc3ccncc3)cc2)c1,5.0988687486446285,2
COc1ccc(OC)c(CNCc2ccc(/C=C/C(=O)NO)cc2)c1,6.316611256518357,3
COc1ccc(OCc2ccc(-c3noc(C(F)(F)F)n3)c(F)c2)nc1,5.823908740944319,1
COc1ccc(S(=O)(=O)N2CCC(CCCC(=O)NO)CC2)cc1OC,6.498940737782249,1
COc1ccc(S(=O)(=O)N2CCN(c3ncc(/C=C/C(=O)NO)s3)CC2)cc1OC,6.795880017344075,1
COc1ccc(S(=O)(=O)N2CCN(c3ncc(C(=O)NO)s3)CC2)cc1OC,7.154901959985743,1
COc1ccc(S(=O)(=O)N2CCc3cccc(NCc4ccc(C(=O)Nc5ccccc5N)cc4)c32)cc1,6.655607726314889,2
COc1ccc(S(=O)(=O)N2Cc3ccc(/C=C/C(=O)NO)cc3C2)cc1,7.455931955649724,2
COc1ccc(S(=O)(=O)NCc2ccc(/C=C/C(=O)Nc3ccccc3N)cc2)cc1OC,5.045757490560675,2
COc1ccc(S(=O)(=O)N[C@@H](CCCCCC(C)=O)c2nc(-c3ccccc3)c[nH]2)cc1,6.6020599913279625,1
COc1ccc(S(=O)(=O)N[C@@H](CCCCCC(C)=O)c2ncc(-c3ccccc3)[nH]2)cc1,6.6020599913279625,1
COc1ccc(S(=O)(=O)Nc2ccc(/C=C(C)/C=C/C(=O)NO)cc2)cc1,7.130768280269024,1
COc1ccc(S(=O)(=O)Nc2ccc(/C=C/C(=O)NO)cc2)cc1,7.147151786004879,7
COc1ccc(S(=O)(=O)Nc2ccc(/C=C/C(=O)NO)cc2)cc1OC,7.045757490560675,7
COc1ccc(S(=O)(=O)Nc2ccc(/C=C/C(=O)Nc3ccccc3N)cc2)cc1,5.879424054660802,3
COc1ccc(S(=O)(=O)Nc2ccc(/C=C/C(=O)Nc3ccccc3N)cc2)cc1OC,5.3979400086720375,5
COc1ccc(S(=O)(=O)Nc2ccc(/C=C/C=C/C(=O)NO)cc2)cc1,4.982966660701219,1
COc1ccc(S(=O)(=O)Nc2ccc(CCC(=O)Nc3ccccc3N)cc2)cc1OC,4.638272163982407,1
COc1ccc(S(=O)(=O)Nc2ccc(OCCCCCCC(=O)NO)cc2)cc1,7.656592522746341,2
COc1ccc(S(=O)(=O)Nc2cccc(/C=C/C(=O)NO)c2)cc1OC,6.863279432843593,1
COc1ccc(S(=O)(=O)Nc2ccccc2CCc2ccc(C(=O)Nc3ccccc3N)cc2)cc1,5.924453038607469,2
COc1ccc(S(=O)(=O)Nc2ccccc2NCc2ccc(C(=O)Nc3ccccc3N)cc2)cc1,5.97061622231479,4
COc1ccc(S(=O)(=O)Nc2ccccc2OCc2ccc(C(=O)Nc3ccccc3N)cc2)cc1,5.2636034977233574,2
COc1ccc(S(=O)(=O)Nc2nc(NCCCCC(=O)NO)c3ncn(CC(C)C)c3n2)cc1,6.7055337738384075,1
COc1ccc(S(=O)(=O)n2ccc(/C=C/C(=O)NO)c2)cc1NC(=O)c1[nH]c(C)c2c1CCCCC2=O,7.031517051446065,2
COc1ccc(S(=O)(=O)n2ccc3cc(/C=C/C(=O)NO)ccc32)cc1,7.325020638866984,3
COc1ccc(S(=O)(=O)n2ccc3cc(/C=C/C(=O)NO)ccc32)cc1OC,7.832623705331795,3
COc1ccc(S(=O)C/C=C/C=C/C(=O)NO)cc1,5.267606240177031,1
COc1ccc(SCc2ccc(C(=O)Nc3ccccc3N)cc2)cc1,7.795880017344075,2
COc1ccc([C@@H]2N[C@@H](C(=O)NCc3ccc(C(=O)NO)cc3)Cc3c2[nH]c2ccccc32)cc1,7.2860947136620045,2
COc1ccc([C@@H]2N[C@@H](C(=O)NCc3ccc(C(=O)NO)cc3)Cc3c2[nH]c2ccccc32)cc1OC,7.107905397309519,2
COc1ccc([C@H]2N[C@H](C(=O)NCc3ccc(C(=O)NO)cc3)Cc3c2[nH]c2ccccc32)cc1,6.306273051076353,2
COc1ccc([C@H]2N[C@H](C(=O)NCc3ccc(C(=O)NO)cc3)Cc3c2[nH]c2ccccc32)cc1OC,6.4089353929735005,2
COc1ccc([C@H]2[C@H](COC(=O)CCC(=O)NO)C(=O)N2c2cc(OC)c(OC)c(OC)c2)cc1O,6.521433504406156,2
COc1ccc([C@H]2[C@H](COC(=O)c3ccc(C(=O)NO)cc3)C(=O)N2c2cc(OC)c(OC)c(OC)c2)cc1O,6.809668301829708,2
COc1ccc2[nH]c(C(=O)NCCCCC(=O)Nc3ccccc3N)cc2c1,5.430743166671389,1
COc1ccc2[nH]c(C(=O)NCCCCCC(=O)Nc3ccccc3N)cc2c1,6.58838029403677,1
COc1ccc2[nH]c(C(=O)NCCCCCCC(=O)NO)cc2c1,8.187086643357144,2
COc1ccc2[nH]c(C(=O)c3ccc(/C=C/C(=O)NO)cc3)cc2c1,6.514180670672656,3
COc1ccc2[nH]c(C)c(CC(=O)N[C@@H](CCCCCC(=O)N(C)C)c3nc(-c4ccc5ccccc5c4)c[nH]3)c2c1,6.769551078621726,1
COc1ccc2[nH]c(C)c(CC(=O)N[C@@H](CCCCCC(=O)N(C)C)c3ncc(-c4ccc5ccccc5c4)[nH]3)c2c1,6.769551078621726,1
COc1ccc2[nH]c(C)c(CC(=O)N[C@@H](CCCCCC(=O)NC(C)C)c3nc(-c4ccc5ccccc5c4)c[nH]3)c2c1,6.318758762624412,1
COc1ccc2[nH]c(C)c(CC(=O)N[C@@H](CCCCCC(=O)NC(C)C)c3ncc(-c4ccc5ccccc5c4)[nH]3)c2c1,6.318758762624412,1
COc1ccc2[nH]c(C)c(CC(=O)N[C@@H](CCCCCC(=O)NCc3ccccc3)c3nc(-c4ccc5ccccc5c4)c[nH]3)c2c1,6.0,1
COc1ccc2[nH]c(C)c(CC(=O)N[C@@H](CCCCCC(=O)NCc3ccccc3)c3ncc(-c4ccc5ccccc5c4)[nH]3)c2c1,6.0,1
COc1ccc2[nH]c(C)c(CC(=O)N[C@@H](CCCCCC(=O)NO)C(=O)NCCc3c(-c4ccccc4)[nH]c4ccccc34)c2c1,9.096910013008056,2
COc1ccc2[nH]c(C)c(CC(=O)N[C@@H](CCCCCC(=O)NO)c3nc(-c4ccc5ccccc5c4)c[nH]3)c2c1,8.522878745280337,1
COc1ccc2[nH]c(C)c(CC(=O)N[C@@H](CCCCCC(=O)NO)c3ncc(-c4ccc5ccccc5c4)[nH]3)c2c1,8.522878745280337,1
COc1ccc2[nH]c(C)c(CC(=O)N[C@@H](CCCCCC(=O)NS(=O)(=O)C(F)(F)F)c3nc(-c4ccc5ccccc5c4)c[nH]3)c2c1,7.026872146400302,1
COc1ccc2[nH]c(C)c(CC(=O)N[C@@H](CCCCCC(=O)NS(=O)(=O)C(F)(F)F)c3ncc(-c4ccc5ccccc5c4)[nH]3)c2c1,7.026872146400302,1
COc1ccc2[nH]c(C)c(CC(=O)N[C@@H](CCCCCC(=O)NS(C)(=O)=O)c3nc(-c4ccc5ccccc5c4)c[nH]3)c2c1,7.327902142064282,1
COc1ccc2[nH]c(C)c(CC(=O)N[C@@H](CCCCCC(=O)NS(C)(=O)=O)c3ncc(-c4ccc5ccccc5c4)[nH]3)c2c1,7.327902142064282,1
COc1ccc2[nH]c(C)c(CC(=O)N[C@@H](CCCCCC(=O)Nc3ccccc3)c3nc(-c4ccc5ccccc5c4)c[nH]3)c2c1,6.698970004336019,1
COc1ccc2[nH]c(C)c(CC(=O)N[C@@H](CCCCCC(=O)Nc3ccccc3)c3ncc(-c4ccc5ccccc5c4)[nH]3)c2c1,6.698970004336019,1
COc1ccc2[nH]c(C)c(CC(=O)N[C@@H](CCCCCC(=O)Nc3ccccc3N)c3nc(-c4ccc5ccccc5c4)c[nH]3)c2c1,6.958607314841775,1
COc1ccc2[nH]c(C)c(CC(=O)N[C@@H](CCCCCC(=O)Nc3ccccc3N)c3ncc(-c4ccc5ccccc5c4)[nH]3)c2c1,6.958607314841775,1
COc1ccc2[nH]c(C)c(CC(=O)N[C@@H](CCCCCC(=O)Nc3nncs3)c3nc(-c4ccc5ccccc5c4)c[nH]3)c2c1,6.455931955649724,1
COc1ccc2[nH]c(C)c(CC(=O)N[C@@H](CCCCCC(=O)Nc3nncs3)c3ncc(-c4ccc5ccccc5c4)[nH]3)c2c1,6.455931955649724,1
COc1ccc2[nH]c(C)c(CC(=O)N[C@@H](CCCCCC(=O)O)C(=O)NCCc3c(-c4ccccc4)[nH]c4ccccc34)c2c1,6.657577319177793,2
COc1ccc2[nH]c(C)c(CC(=O)N[C@@H](CCCCCC(=O)O)c3nc(-c4ccc5ccccc5c4)c[nH]3)c2c1,7.552841968657781,1
COc1ccc2[nH]c(C)c(CC(=O)N[C@@H](CCCCCC(=O)O)c3ncc(-c4ccc5ccccc5c4)[nH]3)c2c1,7.552841968657781,1
COc1ccc2[nH]c(C)c(CC(=O)N[C@@H](CCCCCC(C)=O)C(=O)NCCc3c(-c4ccccc4)[nH]c4ccccc34)c2c1,6.198324372198418,6
COc1ccc2[nH]c(C)c(CC(=O)N[C@@H](CCCCCC(C)=O)C(=O)NCc3c(C)[nH]c4ccccc34)c2c1,6.251811972993799,2
COc1ccc2[nH]c(C)c(CC(=O)N[C@@H](CCCCCC(C)=O)C(=O)Nc3ccc(Cl)cc3)c2c1,6.638272163982407,2
COc1ccc2[nH]c(C)c(CC(=O)N[C@@H](CCCCCC(C)=O)C(=O)Nc3cccc(-c4ccccc4)c3)c2c1,7.7447274948966935,2
COc1ccc2[nH]c(C)c(CC(=O)N[C@@H](CCCCCC(C)=O)C(=O)Nc3cccc(Cl)c3)c2c1,7.356547323513812,2
COc1ccc2[nH]c(C)c(CC(=O)N[C@@H](CCCCCC(C)=O)C(=O)Nc3ccccc3)c2c1,6.7447274948966935,2
COc1ccc2[nH]c(C)c(CC(=O)N[C@@H](CCCCCC(C)=O)C(=O)Nc3ccccc3Cl)c2c1,5.481486060122112,2
COc1ccc2[nH]c(C)c(CC(=O)N[C@@H](CCCCCC(C)=O)C(=O)Nc3nc(-c4ccccc4)cs3)c2c1,7.6020599913279625,2
COc1ccc2[nH]c(C)c(CC(=O)N[C@@H](CCCCCC(C)=O)c3nc(-c4ccccc4)c[nH]3)c2c1,7.342310737518908,3
COc1ccc2[nH]c(C)c(CC(=O)N[C@@H](CCCCCC(C)=O)c3nc4ccc(Cl)cc4[nH]3)c2c1,6.173925197299173,2
COc1ccc2[nH]c(C)c(CC(=O)N[C@@H](CCCCCC(C)=O)c3ncc(-c4ccccc4)[nH]3)c2c1,7.342310737518908,3
COc1ccc2[nH]c(C)c(CC(=O)N[C@@H](CCCCCC(N)=O)C(=O)NCCc3c(-c4ccccc4)[nH]c4ccccc34)c2c1,5.75448733218585,2
COc1ccc2[nH]c(C)c(CC(=O)N[C@@H](CCCCCC(N)=O)c3nc(-c4ccc5ccccc5c4)c[nH]3)c2c1,7.522878745280337,1
COc1ccc2[nH]c(C)c(CC(=O)N[C@@H](CCCCCC(N)=O)c3ncc(-c4ccc5ccccc5c4)[nH]3)c2c1,7.522878745280337,1
COc1ccc2[nH]c(C)c(CC(=O)N[C@@H](CCCCCC=O)C(=O)NCCc3c(-c4ccccc4)[nH]c4ccccc34)c2c1,6.455931955649724,2
COc1ccc2[nH]c(C)c(CC(=O)N[C@@H](CCCCNS(N)(=O)=O)C(=O)Nc3nc(-c4ccccc4)cs3)c2c1,6.872262680130027,3
COc1ccc2[nH]c(C)c(CC(=O)N[C@H](CCCCCC(C)=O)C(=O)NCCc3c(-c4ccccc4)[nH]c4ccccc34)c2c1,5.494850021680094,2
COc1ccc2[nH]c(C)c(CN[C@@H](CCCCCC(C)=O)C(=O)Nc3cccc(-c4ccccc4)c3)c2c1,7.19149982943955,4
COc1ccc2[nH]c(C)c(CN[C@@H](CCCCCC(C)=O)C(=O)Nc3nc(-c4ccccc4)cs3)c2c1,7.6020599913279625,2
COc1ccc2[nH]c3c(c2c1)CCN(Cc1ccc(/C=C/C(=O)NO)cc1)C3,7.962591779677412,2
COc1ccc2[nH]c3c(c2c1)CCN(Cc1ccc(C(=O)NO)cc1)C3,4.6252516539898965,2
COc1ccc2[nH]c3c(c2c1)CCN1C(=O)c2cc(NCc4ccc(C(=O)Nc5ccccc5N)cc4)ccc2N(C)[C@H]31,5.575118363368933,2
COc1ccc2[nH]cc(C(=O)NCCCCCC(=O)Nc3ccccc3N)c2c1,6.661543506395395,1
COc1ccc2[nH]cc(CCN(Cc3ccc(C(=O)NO)cc3)C(=O)/C=C/c3ccc(O)c(OC)c3)c2c1,6.111506977363815,4
COc1ccc2[nH]cc(CCNCc3ccc(/C=C/C(=O)NO)cc3)c2c1,7.853871964321762,1
COc1ccc2[nH]cc(Cn3cc(COc4ccc(/C=C/C(=O)NO)cc4OC)nn3)c2c1,7.107905397309519,4
COc1ccc2c(=O)n(-c3ccccc3Cl)c(SCc3ccc(C(=O)Nc4ccccc4N)cc3)nc2c1,6.307118238130101,3
COc1ccc2c(=O)n(C)c(SCc3ccc(C(=O)Nc4ccccc4N)cc3)nc2c1,7.334788268467483,3
COc1ccc2c(=O)n(CCc3ccccc3)c(=O)n(Cc3ccc(C(=O)NO)cc3)c2c1,4.920818753952375,3
COc1ccc2c(C(=O)NCCCCCC(=O)Nc3ccccc3N)c[nH]c2c1,6.605548319173783,1
COc1ccc2c(C(=O)c3cc(OC)c(OC)c(OC)c3)cn(Cc3ccc(/C=C/C(=O)NO)cc3)c2c1,6.886776094463001,2
COc1ccc2c(C(=O)c3cc(OC)c(OC)c(OC)c3)cn(Cc3ccc(C(=O)NO)cc3)c2c1,6.241682483973683,2
COc1ccc2c(C(=O)c3cc(OC)c(OC)c(OC)c3)cn(S(=O)(=O)c3cccc(/C=C/C(=O)NO)c3)c2c1,6.329837681160779,2
COc1ccc2c(C(=O)c3cc(OC)c(OC)c(OO)c3)cn(Cc3ccc(C(=O)NO)cc3)c2c1,6.24184537803261,2
COc1ccc2c(CNC3CCC(Nc4ncc(C(=O)NO)cn4)CC3)cn(C)c2c1.Cl,8.040958607678906,1
COc1ccc2c(CN[C@H]3CC[C@@H](Nc4ncc(C(=O)NO)cn4)CC3)cn(C)c2c1,8.040958607678906,1
COc1ccc2c(NC3CCN(Cc4ccccc4)CC3)nc(NCCNC(=O)CCCCC(=O)NO)nc2c1,5.052123028963136,2
COc1ccc2c(NC3CCN(Cc4ccccc4)CC3)nc(NCCNC(=O)CCCCC(=O)NO)nc2c1.Cl,5.050983145815687,2
COc1ccc2c(NC3CCN(Cc4ccccc4)CC3)nc(NCCNC(=O)CCCCCC(=O)NO)nc2c1,5.11435135637473,3
COc1ccc2c(NC3CCN(Cc4ccccc4)CC3)nc(NCCNC(=O)CCCCCCC(=O)NO)nc2c1,4.685597428843465,2
COc1ccc2c(c1)/C(=C/C(=O)NCc1ccc(C(=O)Nc3ccc(F)cc3N)cc1)NC2=O,7.01367645421268,2
COc1ccc2c(c1)C(=O)/C(=C/c1ccc(/C=C/C(=O)NO)cc1)S2,6.911954370472159,4
COc1ccc2c(c1)C(=O)/C(=C/c1ccc(C(=O)NO)cc1)S2,6.5713337517843655,4
COc1ccc2c(c1)C(=O)/C(=C/c1ccc(C(=O)Nc3ccccc3N)cc1)S2,6.9604093769761874,4
COc1ccc2c(c1)C(=O)/C(=C/c1cccc(C(=O)NO)c1)S2,5.822178474889565,4
COc1ccc2c(c1)C(=O)/C(=C/c1ccccc1/C=C/C(=O)NO)S2,7.048455006504028,4
COc1ccc2c(c1)C(=O)N(CCCCCC(=O)NO)c1ccccc1S2,8.920818753952375,1
COc1ccc2c(c1)C(=O)N(CCCCCC(=O)NO)c1ccccc1S2(=O)=O,9.096910013008056,1
COc1ccc2c(c1)C(C)(C)C(c1cccnc1)N2Cc1ccc(C(=O)NO)cc1,5.274088367704952,2
COc1ccc2c(c1)CC(=O)N2CCCCCCC(=O)NO,7.6020599913279625,1
COc1ccc2c(c1)CC(=O)N2Cc1ccc(/C=C/C(=O)NO)cc1,5.981715691573469,1
COc1ccc2c(c1)CC(=O)N2Cc1ccc(C(=O)NO)cc1,5.56304266933055,1
COc1ccc2c(c1)CCCCN2Cc1ccc(C(=O)NO)cc1,6.590066876668706,2
COc1ccc2c(c1)CCN(Cc1ccc(C(=O)NO)cc1)CC2,6.3655227298392685,2
COc1ccc2c(c1)N(Cc1ccc(C(=O)NO)cc1)CCCC2,6.531652669587842,2
COc1ccc2c(c1)N(Cc1ccc(C(=O)NO)cc1)c1ccccc1S2,5.94133042157863,3
COc1ccc2c(c1)N(Cc1ccc(C(=O)NO)cc1)c1ccccc1S2=O,5.714442690992226,1
COc1ccc2c(c1)S/C(=C\c1ccc(/C=C/C(=O)NO)cc1)C2=O,5.922331981267469,2
COc1ccc2c(c1)S/C(=C\c1ccc(C(=O)NO)cc1)C2=O,6.457711861032834,2
COc1ccc2c(c1)S/C(=C\c1ccc(C(=O)Nc3ccccc3N)cc1)C2=O,6.197239738281265,2
COc1ccc2c(c1)S/C(=C\c1cccc(C(=O)NO)c1)C2=O,5.83027427934678,2
COc1ccc2c(c1)S/C(=C\c1ccccc1/C=C/C(=O)NO)C2=O,6.951544993495972,2
COc1ccc2c(c1)SC(=Cc1ccc(/C=C/C(=O)NO)cc1)C2=O,5.922331981267469,2
COc1ccc2c(c1)SC(=Cc1ccc(C(=O)NO)cc1)C2=O,6.457711861032834,2
COc1ccc2c(c1)SC(=Cc1ccc(C(=O)Nc3ccccc3N)cc1)C2=O,6.197239738281265,2
COc1ccc2c(c1)SC(=Cc1cccc(C(=O)NO)c1)C2=O,5.83027427934678,2
COc1ccc2c(c1)SC(=Cc1ccccc1/C=C/C(=O)NO)C2=O,6.951544993495972,2
COc1ccc2c(c1)c(-c1[nH]c3ccccc3c1N=O)c(O)n2CCCCCCC(=O)NO,7.6777807052660805,1
COc1ccc2c(c1)c(-c1[nH]c3ccccc3c1N=O)c(O)n2Cc1ccc(/C=C/C(=O)NO)cc1,8.301029995663981,1
COc1ccc2c(c1)c(-c1[nH]c3ccccc3c1N=O)c(O)n2Cc1ccc(C(=O)NO)cc1,7.6020599913279625,1
COc1ccc2c(c1)c(CC(=O)NCCCCCC(=O)NO)c(C)n2C(=O)c1ccc(Cl)cc1,5.742321425130816,2
COc1ccc2c(c1)c(CC(=O)NCCCCCCC(=O)NO)c(C)n2C(=O)c1ccc(Cl)cc1,6.008773924307505,2
COc1ccc2c(c1)c(CC(=O)NCCCCCCCC(=O)NO)c(C)n2C(=O)c1ccc(Cl)cc1,5.75448733218585,2
COc1ccc2c(c1)c(CC(=O)O)c(C)n2Cc1ccc(-c2cn(CCCCCCC(=O)NO)nn2)cc1,6.954677021213342,2
COc1ccc2c(c1)c(CCNC(C)=O)cn2Cc1ccc(C(=O)NO)cc1,6.580859095977925,4
COc1ccc2c(c1)c1[nH]c(=O)c3ccccc3c1n2CCCCC(=O)NO,6.769551078621726,2
COc1ccc2c(c1)c1c(n2Cc2ccc(C(=O)NO)cc2)CCN(C)C1,5.7258421507363195,2
COc1ccc2c(c1)cc(C(=O)NC1C3CC4CC(C3)CC1C4)n2CCCCCCC(=O)NO,8.92818038236273,2
COc1ccc2c(c1)cc(C(=O)NCCCCCC(=O)Nc1ccccc1N)n2C,7.022276394711152,1
COc1ccc2c(c1)cc(C(=O)c1ccc(/C=C/C(=O)NO)cc1)n2S(=O)(=O)c1ccccc1,6.2320204359096145,3
COc1ccc2c(ccn2CCOc2ccc(NC(=O)CCCCCCC(=O)NO)cc2)c1,8.346787486224656,2
COc1ccc2c(ccn2N2C[C@H]3CN(c4ncc(C(=O)NO)cn4)C[C@H]3C2)c1,7.522878745280337,1
COc1ccc2c(ccn2S(=O)(=O)c2ccc(C(=O)NO)cc2)c1,5.4692881620183424,2
COc1ccc2c3[nH]c(=O)c4ccccc4c3n(CCCCC(=O)NO)c2c1,6.853871964321762,2
COc1ccc2c3c(cccc13)C(=O)N(Cc1ccc(C(=O)NO)cc1)C2=O,6.96657624451305,2
COc1ccc2c3c(oc2c1)CN(C(=O)/C=C/c1ccc(C(=O)NO)cc1)CC3,6.671620396561263,2
COc1ccc2c3c(oc2c1)CN(C(=O)CCc1ccc(C(=O)NO)cc1)CC3,6.975515108268718,2
COc1ccc2c3c(oc2c1)CN(C(=O)COc1ccc(C(=O)NO)cc1)CC3,7.2276807716883305,2
COc1ccc2c3c(oc2c1)CN(CC(=O)Nc1ccc(/C=C/C(=O)NO)cc1)CC3,7.214670164989233,2
COc1ccc2c3c(oc2c1)CN(CC(=O)Nc1ccc(C(=O)NO)cc1)CC3,7.995699914119041,2
COc1ccc2c3c(oc2c1)CN(CCCC(=O)NO)CC3,6.161056517937219,2
COc1ccc2c3c(oc2c1)CN(CCCCC(=O)NO)CC3,6.667359636545021,2
COc1ccc2c3c(oc2c1)CN(CCCCCC(=O)NO)CC3,7.235079579662331,2
COc1ccc2c3c(oc2c1)CN(CCCCCCC(=O)NO)CC3,7.509339913370447,2
COc1ccc2c3c(oc2c1)CN(CCOc1ccc(C(=O)NO)cc1)CC3,7.508638306165727,2
COc1ccc2c3c(oc2c1)CN(Cc1ccc(/C=C/C(=O)NO)cc1)CC3,8.050609993355087,2
COc1ccc2c3c(oc2c1)CN(Cc1ccc(C(=O)NO)cc1)CC3,6.756961951313706,2
COc1ccc2c3c(oc2c1)CN([C@@H](C)C(=O)Nc1ccc(C(=O)NO)cc1)CC3,8.638272163982407,2
COc1ccc2c3c(oc2c1)CN([C@@H](CCSC)C(=O)Nc1ccc(C(=O)NO)cc1)CC3,8.67778070526608,2
COc1ccc2c3c(oc2c1)CN([C@@H](Cc1ccc(O)cc1)C(=O)Nc1ccc(C(=O)NO)cc1)CC3,8.721246399047171,2
COc1ccc2c3c(oc2c1)CN([C@@H](Cc1ccccc1)C(=O)Nc1ccc(/C=C/C(=O)NO)cc1)CC3,6.81191599158191,2
COc1ccc2c3c(oc2c1)CN([C@@H](Cc1ccccc1)C(=O)Nc1ccc(C(=O)NO)cc1)CC3,8.508638306165727,2
COc1ccc2c3c(oc2c1OC)CN(CC(=O)Nc1ccc(C(=O)NO)cc1)CC3,8.200659450546418,2
COc1ccc2c3ccnc(C)c3n(CC3CCN(c4ncc(C(=O)NO)cn4)CC3)c2c1,7.657577319177793,4
COc1ccc2cc(-c3cn(CCCCCC(=O)NO)nn3)ccc2c1,8.744727494896694,1
COc1ccc2cc(-c3cn(CCCCCCC(=O)NO)nn3)ccc2c1,7.815308569182401,1
COc1ccc2cc(-c3cn(CCCCCCCC(=O)NO)nn3)ccc2c1,6.64569943765464,1
COc1ccc2cc(-c3nc(C(=O)NO)co3)ccc2c1,4.648396927580871,2
COc1ccc2cc(C(=O)/C=C/C=C/c3ccc(OC)c(OC)c3)c(=O)oc2c1,4.229147988357856,2
COc1ccc2cc(C(=O)/C=C/c3ccc(/C=C/C(=O)NO)o3)ccc2c1,4.95703092660682,2
COc1ccc2cc(C(=O)NCCCCCC(=O)Nc3ccccc3N)[nH]c2c1,6.714442690992226,1
COc1ccc2cc(C(=O)NCCCCCCC(=O)NO)[nH]c2c1,8.00436480540245,1
COc1ccc2cc(C(=O)NCCCCCCC(=O)NO)ccc2n1,7.2839966563652006,2
COc1ccc2cc(C(=O)Oc3cccc(/C=C/C(=O)NO)c3)c(=O)oc2c1,6.721246399047171,4
COc1ccc2cc(OCc3ccc(-c4noc(C(F)(F)F)n4)c(F)c3)nnc2c1,6.065501548756432,1
COc1ccc2nc(/C=C/C(=O)NO)ccc2c1,7.552841968657781,1
COc1ccc2nc(CN(C(=O)Cc3ccc(/C=C/C(=O)NO)cc3)c3ccccc3)ccc2c1,6.251811972993799,1
COc1ccc2nc(CNCc3ccc(/C=C/C(=O)NO)cc3)ccc2c1,6.627087997029893,1
COc1ccc2nc(NCc3ccc(C(=O)Nc4ccccc4N)cc3)sc2c1,7.522878745280337,2
COc1ccc2nc(SCc3ccc(C(=O)Nc4ccccc4N)cc3)[nH]c2c1,7.154901959985743,2
COc1ccc2nc3cc(Cl)ccc3c(Nc3ccc(-c4cn(CCCCCC(=O)NO)nn4)cc3)c2c1,6.514136693578089,2
COc1ccc2nc3cc(Cl)ccc3c(Nc3ccc(C(=O)NO)cc3)c2n1,6.096910013008056,1
COc1ccc2nc3cc(Cl)ccc3c(Nc3ccc(CCC(=O)NO)cc3)c2c1,7.179799037509215,2
COc1ccc2nc3cc(Cl)ccc3c(Nc3cccc(-c4cn(CCCCCC(=O)NO)nn4)c3)c2c1,6.649461354041435,2
COc1ccc2nnn(OC(=O)c3cc(OC)c(OC)c(OC)c3)c2c1,4.235823867609669,1
COc1ccc2oc(-c3cccc(NC(=O)NCCCCCC(=O)NO)c3)nc2c1,7.920818753952375,1
COc1ccc2oc(C(=O)NCCCCCCC(=O)NO)cc2c1,7.823908740944319,2
COc1ccc2sc(NC(=O)CCCCCCNC(=O)C(O)(O)C(F)(F)F)nc2c1,2.3872161432802645,2
COc1cccc(-c2cc3ccc(C(=O)NO)cc3o2)c1,6.327902142064282,1
COc1cccc(-c2ccc(=O)n(C(C)c3ccc(C(=O)Nc4ccccc4N)cc3)n2)c1,6.97061622231479,1
COc1cccc(-c2ccc(=O)n(Cc3ccc(C(=O)Nc4ccccc4N)cc3)n2)c1,7.356547323513812,2
COc1cccc(-c2ccc(=O)n([C@@H](C)c3ccc(C(=O)Nc4ccccc4N)cc3)n2)c1,7.453457336521869,1
COc1cccc(-c2ccc3c(NC(=O)C4CCC(C(=O)NO)CC4)n[nH]c3c2)c1,5.615288257061717,2
COc1cccc(-c2ccc3c(NC(=O)CCCC(=O)NO)n[nH]c3c2)c1,7.119186407719209,2
COc1cccc(-c2ccc3c(NC(=O)CCCCC(=O)NO)n[nH]c3c2)c1,7.886056647693163,2
COc1cccc(-c2ccc3c(NC(=O)CCCCCC(=O)NO)n[nH]c3c2)c1,8.585026652029182,2
COc1cccc(-c2ccc3c(NC(=O)CCCCCCC(=O)NO)n[nH]c3c2)c1,8.721246399047171,2
COc1cccc(-c2ccc3c(NC(=O)CCCCCCC(=O)NO)n[nH]c3c2)c1F,8.508638306165727,2
COc1cccc(-c2ccc3c(NC(=O)CCCCCCC(=O)NO)n[nH]c3n2)c1,8.619788758288394,2
COc1cccc(-c2cn(C)c(=O)c3[nH]c(C(=O)NCc4ccc(C(=O)Nc5ccccc5N)cc4)cc23)c1,7.261620404114557,2
COc1cccc(-c2cn(CCCCCC(=O)NO)nn2)c1,7.856985199745905,1
COc1cccc(-c2cnc(C(=O)NCCCCCCC(=O)NO)o2)c1,7.071502709797299,2
COc1cccc(-c2cnc(C(=O)NCCCCCCC(=O)NO)s2)c1,7.1417646031371,2
COc1cccc(-c2cnc(C(=O)NCCCCCCCC(=O)NO)o2)c1,6.906140958716197,2
COc1cccc(-c2cnc(C(=O)NCCCCCCCC(=O)NO)s2)c1,7.16816272669216,2
COc1cccc(-c2csc(NC(=O)[C@H](CCCCNS(N)(=O)=O)NC(=O)OCc3ccccc3)n2)c1,6.056444786105648,3
COc1cccc(-c2nc(C3(C(=O)Nc4ccc(C(=O)NO)cc4)CCCC3)cs2)c1,7.823908740944319,2
COc1cccc(-c2nc(NCc3ccc(/C=C/C(=O)NO)cc3)cc3c2[nH]c2ccccc23)c1,8.744727494896694,2
COc1cccc(-c2nc(NCc3ccc(C(=O)NO)cc3)cc3c2[nH]c2ccccc23)c1,8.148741651280925,2
COc1cccc(-c2nc(NCc3cccc(/C=C/C(=O)NO)c3)cc3c2[nH]c2ccccc23)c1,8.2839966563652,2
COc1cccc(-c2ncc(/C=C/C(=O)NO)s2)c1,6.180456064458131,1
COc1cccc(-c2ncc(/C=C/C(=O)Nc3ccccc3N)s2)c1,5.32487287440861,3
COc1cccc(-c2ncc(C(=O)NCCCCCCC(=O)NO)s2)c1,5.722587407587653,3
COc1cccc(-c2ncn(Cc3ccc(C(=O)NO)cc3)n2)c1,6.777543741275348,2
COc1cccc(-n2nc(C(=O)NCC(=O)NO)nc2-c2cc(OC)c(OC)c(OC)c2)c1,7.236572006437063,2
COc1cccc(-n2nc(C(=O)NCCCCCC(=O)NO)nc2-c2cc(OC)c(OC)c(OC)c2)c1,7.42021640338319,2
COc1cccc(-n2nc(N)c(C(=O)NCc3ccc(C(=O)NO)cc3)n2)c1,8.481486060122112,2
COc1cccc(-n2nc(N)c(C(=O)NCc3ccc(C(=O)Nc4ccccc4N)cc3)n2)c1,7.167491087293763,2
COc1cccc(/C=C/c2ccc(C(=O)NO)o2)c1O,4.299815670377802,2
COc1cccc(/C=C2\CC(=O)N(CCCCCCC(=O)NO)C2=O)c1,7.732828271596986,1
COc1cccc(C(=O)N[C@H](COc2cccc(/C=C/C(=O)NO)c2)Cc2c[nH]c3ccccc23)c1,7.17134010346468,1
COc1cccc(C(=O)c2cc3cc(/C=C/C(=O)NO)ccc3[nH]2)c1,6.509081183560929,3
COc1cccc(C(=O)c2cc3cc(/C=C/C(=O)NO)ccc3n2S(=O)(=O)c2ccccc2)c1,6.732454360639063,3
COc1cccc(C(=O)c2cc3cc(/C=C/C(=O)NO)ccc3o2)c1,6.077213144259816,3
COc1cccc(C(=O)c2ccc3c(ccn3Cc3ccc(C(=O)NO)cc3)c2)c1,5.421360790031928,2
COc1cccc(C(=O)c2ccc3c(ccn3S(=O)(=O)c3cccc(/C=C/C(=O)NO)c3)c2)c1,5.917214629683549,2
COc1cccc(C2(Nc3ncc(C(=O)NO)cn3)CC2)c1,7.42021640338319,1
COc1cccc(C2c3ccccc3CCN2CCC(=O)NO)c1,4.886056647693163,2
COc1cccc(C=C2CC(=O)N(CCCCCCC(=O)NO)C2=O)c1,7.721246399047171,1
COc1cccc(CC(=O)Nc2ccc(C(=O)NO)cc2)c1,6.305394801066431,2
COc1cccc(CCCCCCCC(=O)NO)c1,6.500175525892702,2
COc1cccc(CCCn2cccc(/C=C/C(=O)NO)c2=O)c1,7.522878745280337,1
COc1cccc(CCc2nc3cc(/C=C/C(=O)NO)ccc3[nH]2)c1,7.214670164989233,2
COc1cccc(CCc2nc3cc(/C=C/C(=O)NO)ccc3n2CC(C)(C)CN(C)C)c1,7.2839966563652,3
COc1cccc(CCc2nc3ccc(C=CC(=O)NO)cc3[nH]2)c1,7.214670164989233,1
COc1cccc(CCn2cccc(/C=C/C(=O)NO)c2=O)c1,7.154901959985743,1
COc1cccc(CN2C(=O)CN(Cc3ccc(C(=O)NO)cc3)C(=O)[C@H]2Cc2ccccc2)c1,5.09151498112135,1
COc1cccc(CN2CCC=C(CCC(=O)NO)C2=O)c1,5.7121982700697735,1
COc1cccc(CN2CCc3c(c4ccccc4n3Cc3ccc(C(=O)NO)cc3)C2)c1,5.284832642151542,2
COc1cccc(CNCc2ccc(/C=C/C(=O)NO)cc2)c1,6.348529575855397,3
COc1cccc(CNCc2ccc(/C=C/C(=O)NO)cc2)c1OC,6.323171768808471,3
COc1cccc(CNCc2ccc(C(=O)NO)cc2)c1,6.3214816209598865,2
COc1cccc(CNCc2ccc(C(=O)Nc3cc(-c4ccccc4)ccc3O)cc2)c1,5.366531544420413,1
COc1cccc(Cn2ccc(CCCCC(=O)NO)n2)c1,6.465973893943865,2
COc1cccc(Cn2cccc(/C=C/C(=O)NO)c2=O)c1,6.823908740944319,1
COc1cccc(F)c1C(=O)NCCCC[C@H](NC(=O)c1cncs1)c1ncc(-c2ccc3ccccc3c2)[nH]1,4.537602002101044,2
COc1cccc(NC(=O)C(C(=O)Nc2cccc(OC)c2)c2ccc(C(=O)Nc3ccccc3N)cc2)c1,7.455931955649724,2
COc1cccc(NC(=O)[C@H](CCCCCC(C)=O)NC(=O)Cc2c(C)[nH]c3ccc(OC)cc23)c1,7.638272163982407,2
COc1cccc(NC(=O)[C@H](CCCCCC(C)=O)NC(=O)c2cncs2)c1,7.481486060122112,2
COc1cccc(NCc2ccc(-c3noc(C(F)(F)F)n3)cc2)c1,5.769551078621726,1
COc1cccc(NCc2ccc(/C=C/C(=O)Nc3ccccc3N)cc2)c1,4.769551078621726,2
COc1cccc(NCc2ccc(C(=O)Nc3ccccc3N)cc2)n1,7.0,2
COc1cccc(NS(=O)(=O)c2cccc(/C=C/C(=O)NO)c2)c1,7.657577319177793,1
COc1cccc(Nc2nc(Nc3ccc(NC(=O)CCCCCCC(=O)NO)cc3)ncc2C)c1,7.495529669311456,2
COc1cccc(Nc2ncnc3cc(NC(=O)CCCCCCC(=O)NO)sc23)c1,7.206734477366986,2
COc1cccc(OC)c1-c1cn(CCCCCC(=O)NO)nn1,6.500450374094851,1
COc1cccc(OC)c1-c1csc(CCCCCCC(=O)NO)n1,8.366531544420413,2
COc1cccc(OC)c1CNCc1ccc(/C=C/C(=O)NO)cc1,6.340672635477145,3
COc1cccc(S(=O)(=O)N2Cc3ccc(/C=C/C(=O)NO)cc3C2)c1,7.036212172654444,2
COc1cccc2[nH]c(C(=O)NCCCCCC(=O)Nc3ccccc3N)cc12,6.52432881167557,1
COc1cccc2[nH]c(C(=O)NCCCCCCC(=O)NO)cc12,8.508638306165727,3
COc1cccc2[nH]cc(C(=O)NCCCCCC(=O)Nc3ccccc3N)c12,6.705533773838408,1
COc1cccc2c(C(=O)NCCCCCC(=O)Nc3ccccc3N)c[nH]c12,6.707743928643524,1
COc1cccc2c(C(CCCCCC(=O)NO)c3c[nH]c4c(OC)cccc34)c[nH]c12,7.080921907623926,2
COc1cccc2c1C(=O)c1c(O)c3c(c(O)c1C2=O)C[C@@](O)(C(C)=O)C[C@@H]3O[C@H]1C[C@H](N)[C@H](O)[C@H](C)O1,7.327902142064282,2
COc1cccc2c1C(=O)c1c(O)c3c(c(O)c1C2=O)C[C@@](O)(C(C)=O)C[C@@H]3O[C@H]1C[C@H](NCc2ccc(-c3cn(CCCCC(=O)NO)nn3)cc2)[C@H](O)[C@H](C)O1,5.906908214967874,3
COc1cccc2c1C(=O)c1c(O)c3c(c(O)c1C2=O)C[C@@](O)(C(C)=O)C[C@@H]3O[C@H]1C[C@H](NCc2ccc(-c3cn(CCCCCC(=O)NO)nn3)cc2)[C@H](O)[C@H](C)O1,7.777030832566045,3
COc1cccc2c1C(=O)c1c(O)c3c(c(O)c1C2=O)C[C@@](O)(C(C)=O)C[C@@H]3O[C@H]1C[C@H](NCc2ccc(-c3cn(CCCCCCC(=O)NO)nn3)cc2)[C@H](O)[C@H](C)O1,8.413192505525595,3
COc1cccc2c1C(=O)c1c(O)c3c(c(O)c1C2=O)C[C@@](O)(C(C)=O)C[C@@H]3O[C@H]1C[C@H](NCc2ccc(-c3cn(CCCCCCCC(=O)NO)nn3)cc2)[C@H](O)[C@H](C)O1,8.09798844642855,3
COc1cccc2c1C(=O)c1c(O)c3c(c(O)c1C2=O)C[C@@](O)(C(C)=O)C[C@@H]3O[C@H]1C[C@H](NCc2ccc(NC(=O)CCCCCCC(=O)NO)cc2)[C@H](O)[C@H](C)O1,7.300140857517685,5
COc1cccc2c1CCCCN2Cc1ccc(C(=O)NO)cc1,6.557520230935552,2
COc1cccc2c1CCN(Cc1ccc(C(=O)NO)cc1)CC2,6.09799710864927,2
COc1cccc2cc(C(=O)NCCCCCC(=O)Nc3ccccc3N)[nH]c12,6.406713932979542,1
COc1cccc2cc(C(=O)NCCCCCCC(=O)NO)oc12,7.769551078621726,1
COc1cccc2ccc(C(=O)NCc3ccc(C(=O)NO)cc3)nc12,7.106192614759664,3
COc1cccc2ccc(CN(C(=O)c3ccc(/C=C/C(=O)NO)cc3)c3ccccc3)nc12,6.140261433802853,1
COc1cccc2ccc(CNCc3ccc(/C=C/C(=O)NO)cc3)nc12,6.686132779630847,1
COc1cccc2oc3c(c12)CCN(CC(=O)Nc1ccc(C(=O)NO)cc1)C3,8.494850021680094,2
COc1cccc2sc(C(=O)NO)cc12,5.421360790031928,1
COc1ccccc1-c1cc(/C=C/c2ccc(C(=O)NO)cc2)ccn1,5.982966660701219,2
COc1ccccc1-c1cc(C(=O)NCc2ccc(C(=O)NO)cc2)c(O)cn1,7.522083994883789,2
COc1ccccc1-c1cc(C(=O)NCc2ccc(C(=O)NO)cc2)ccn1,7.9206378732747345,2
COc1ccccc1-c1ccc(=O)n(Cc2ccc(C(=O)Nc3ccccc3N)cc2)n1,7.161781235513617,2
COc1ccccc1-c1ccc2c(NC(=O)CCCCCCC(=O)NO)n[nH]c2c1,8.337242168318426,2
COc1ccccc1-c1cn(C)c(=O)c2[nH]c(C(=O)NCc3ccc(C(=O)Nc4ccccc4N)cc3)cc12,7.238074761506926,2
COc1ccccc1-c1cn(CCCCCC(=O)NO)nn1,7.119186407719209,1
COc1ccccc1-c1cnc(C(=O)NCCCCCCC(=O)NO)o1,7.48168355648948,2
COc1ccccc1-c1cnc(C(=O)NCCCCCCC(=O)NO)s1,7.181445347449175,2
COc1ccccc1-c1nc(C(=O)N(C)Cc2ccc(C(=O)NO)cc2)cc2c1[nH]c1ccccc12,6.017728766960431,1
COc1ccccc1-c1ncc(C(=O)NCCCCCCC(=O)NO)s1,5.716133835205793,3
COc1ccccc1-n1c(=O)[nH]c2c(C(=O)NCCCCCCC(=O)NO)nc(C(C)C)nc21,6.698970004336019,1
COc1ccccc1/C=C1\CC(=O)N(CCCCCCC(=O)NO)C1=O,7.899629454882437,1
COc1ccccc1C(=O)CCCCCCC(=O)NO,7.022276394711152,6
COc1ccccc1C(=O)N(CC(=O)NC(C)(C)C)Cc1ccc(C(=O)NO)cc1,5.507239610973162,2
COc1ccccc1C(=O)N(CC(=O)NC(C)(C)C)Cc1ccc(C(=O)NO)cc1F,5.756961951313706,2
COc1ccccc1C(=O)N(CC(=O)NC1CCCCC1)Cc1ccc(C(=O)NO)cc1F,5.823908740944319,2
COc1ccccc1C(=O)NC(=O)NC1CN2CCC1CC2,6.0,1
COc1ccccc1C(=O)NCCCCCC(=O)Nc1ccccc1N,6.17134010346468,1
COc1ccccc1C(=O)NCCCC[C@H](NC(=O)c1cncs1)c1ncc(-c2ccc3ccccc3c2)[nH]1,5.180456064458131,2
COc1ccccc1C(=O)N[C@H](COc1cccc(/C=C/C(=O)NO)c1)Cc1c[nH]c2ccccc12,7.458295748969857,3
COc1ccccc1C1(Nc2ncc(C(=O)NO)cn2)CC1,6.226213555018807,1
COc1ccccc1C1CCC(=O)N1c1ccc(-c2noc(C(F)(F)F)n2)cc1F,5.6777807052660805,1
COc1ccccc1C=C1CC(=O)N(CCCCCCC(=O)NO)C1=O,7.886056647693163,1
COc1ccccc1CCNCc1ccc(-c2ccc(C(=O)NO)s2)nc1,7.769551078621726,2
COc1ccccc1CCn1c(=O)c2ccccc2n(Cc2ccc(C(=O)NO)cc2)c1=O,4.982216079224569,5
COc1ccccc1CN1C(=O)C2=C(CCN(Cc3ccc(C(=O)Nc4ccccc4N)cc3)C2)N2CCN=C12,6.806875401645538,2
COc1ccccc1CN1CCC=C(CCC(=O)NO)C1=O,6.065501548756432,1
COc1ccccc1CNC(=O)c1ccc(C(=O)NO)cc1,5.175028538876306,2
COc1ccccc1CNCc1ccc(/C=C/C(=O)NO)cc1,6.328431844686797,3
COc1ccccc1CNc1ncc(C(=O)NO)cn1,6.423658649794207,1
COc1ccccc1Cn1cnc2ccc(-c3cc(NC(=O)CCCCCC(=O)NO)n[nH]3)cc21,7.408379317788817,2
COc1ccccc1N1C(=O)CSC1c1cccc(C(=O)NCCCC(=O)NO)c1,5.30715308072277,2
COc1ccccc1N1C(=O)CSC1c1cccc(C(=O)NCCCCCC(=O)NO)c1,7.431798275933005,2
COc1ccccc1N1C(=O)CSC1c1cccc(NC(=O)CCC(=O)NO)c1,6.455931955649724,2
COc1ccccc1N1C(=O)CSC1c1cccc(NC(=O)CCCCCC(=O)NO)c1,7.769551078621726,2
COc1ccccc1N1C(=O)N(Cc2ccc(C(=O)NO)cc2)C(C)(C)C1=O,4.543633966870957,3
COc1ccccc1N1C(=O)[C@@H](C(C)C)N(Cc2ccc(C(=O)NO)cc2)C1=O,4.928117992693875,1
COc1ccccc1N1CCN(S(=O)(=O)c2cccc(/C=C/C(=O)NO)c2)CC1,7.657577319177793,1
COc1ccccc1NC(=O)C(C(=O)Nc1ccccc1OC)c1ccc(C(=O)Nc2ccccc2N)cc1,7.327902142064282,2
COc1ccccc1NC(=O)CCCCCC(=O)Nc1ccccc1,4.267606240177032,2
COc1ccccc1NC(=O)CCCCCCC(=O)Nc1ccccc1,3.327902142064283,2
COc1ccccc1NC(=O)Cn1ccc(-c2ccc(C(=O)NO)s2)n1,8.096910013008056,3
COc1ccccc1NC(=O)N(CCCN(C)C)Cc1ccc(C(=O)NO)cc1,5.593459819566044,6
COc1ccccc1NC(=O)N(CCCO)Cc1ccc(C(=O)NO)cc1,5.718966632752271,6
COc1ccccc1NC(=O)N(CCc1c[nH]c2ccccc12)Cc1ccc(C(=O)NO)cc1,5.048176964684088,6
COc1ccccc1NC(=O)N(CCc1ccc(O)cc1)Cc1ccc(C(=O)NO)cc1,5.772113295386326,6
COc1ccccc1NC(=O)NCc1ccc(C(=O)NO)cc1,6.576754126063192,4
COc1ccccc1NC(=O)NCc1ccc(C(N)=O)cc1,6.576754126063192,2
COc1ccccc1NC(=O)N[C@H](C(=O)Nc1ccc(C(=O)NO)cc1)c1ccccc1,8.318758762624412,2
COc1ccccc1NCCNCc1ccc(/C=C/C(=O)NO)cc1,6.954677021213342,1
COc1ccccc1NCc1ccc(/C=C/C(=O)Nc2ccccc2N)cc1,4.657577319177793,2
COc1ccncc1-c1[nH]c2ccccc2c1CCNCc1ccc(/C=C/C(=O)NO)cc1,8.886056647693163,2
COc1cnc(C(=O)NCC2(C)CCCC3(C)c4ccc(C(C)C)cc4CCC23)cn1,6.886056647693163,2
COc1cncc(OCc2ccc(-c3noc(C(F)(F)F)n3)c(F)c2)c1,5.920818753952375,1
COc1cnnc(OCc2ccc(-c3noc(C(F)(F)F)n3)c(F)c2)c1,5.229147988357855,1
COc1nc(-c2ccc(NC(=O)Nc3ccc(C(=O)NCCCCCC(=O)Nc4ccccc4N)cc3)cc2)nc(N2CCOCC2)n1,6.514562611807383,2
COc1nc(-c2ccc(NC(=O)Nc3ccc(C(=O)NCCCCCCC(=O)Nc4ccccc4N)cc3)cc2)nc(N2CCOCC2)n1,6.47346692764776,2
COc1nc(-c2cccc(-c3ccccc3)c2C)ccc1CNCC(=O)NO,5.30189945437661,2
COc1nc(-c2cccc(-c3ccccc3)c2C)ccc1CNCCCC(=O)NO,5.655607726314889,2
COc1nc(-c2cccc(-c3ccccc3)c2C)ccc1CNCCCCC(=O)NO,5.1487416512809245,2
COc1nc(-c2cccc(-c3ccccc3)c2C)ccc1CNCCCCCC(=O)NO,5.198596289982644,2
COc1nc(-c2cccc(-c3ccccc3)c2C)ccc1CNCCCCCCC(=O)NO,5.041914151478915,2
COc1nc(C)ccc1-c1c[nH]c([C@@H](N)CCCCCC(=O)c2ncco2)n1,8.2518119729938,1
COc1nc(C2CC2)ccc1-c1c[nH]c([C@H](CCCCCC(=O)c2ncco2)NC(=O)[C@H]2CC23CCN(C)CC3)n1,9.18045606445813,1
COc1nc(OCc2cccc(-c3ccccc3)c2C)ccc1CNCCCCCCC(=O)NO,5.153662887870195,2
COc1nc2ccccc2cc1-c1c[nH]c([C@@H](N)CCCCCC(=O)c2ncco2)n1,8.2839966563652,1
COc1nc2ccccc2cc1-c1c[nH]c([C@H](CCCCCC(=O)c2ccon2)NC(=O)C2CCN(C)CC2)n1,8.823908740944319,1
COc1nc2ccccc2cc1-c1cnc(CCCCCCC(=O)C2NC=CO2)[nH]1,8.481486060122112,1
COc1nc2ccccc2cc1-c1cnc(CNC(=O)C2CN(C)C2)[nH]1,4.3872161432802645,2
COc1nc2ccccc2cc1-c1cnc([C@@H](N)CCCCCC(=O)c2cc[nH]n2)[nH]1,6.6020599913279625,1
COc1nc2ccccc2cc1-c1cnc([C@@H](N)CCCCCC(=O)c2ccn[nH]2)[nH]1,6.6020599913279625,1
COc1nc2ccccc2cc1-c1cnc([C@@H](N)CCCCCC(=O)c2cnoc2C)[nH]1,6.684029654543082,2
COc1nc2ccccc2cc1-c1cnc([C@@H](N)CCCCCC(=O)c2ncc(CO)o2)[nH]1,6.7121982700697735,2
COc1nc2ccccc2cc1-c1cnc([C@@H](N)CCCCCC(=O)c2ncc[nH]2)[nH]1,5.795880017344075,2
COc1nc2ccccc2cc1-c1cnc([C@H](CCCCCC(=O)c2ncco2)NC(=O)C(C)(F)F)[nH]1,9.1249387366083,1
COc1nc2ccccc2cc1-c1cnc([C@H](CCCCCC(=O)c2ncco2)NC(=O)C2(c3ccncc3)CC2)[nH]1,8.698970004336019,1
COc1nc2ccccc2cc1-c1cnc([C@H](CCCCCC(=O)c2ncco2)NC(=O)C2(c3cnccn3)CC2)[nH]1,9.09151498112135,1
COc1nc2ccccc2cc1-c1cnc([C@H](CCCCCC(=O)c2ncco2)NC(=O)C2COCCO2)[nH]1,9.167491087293763,1
COc1nc2ccccc2cc1-c1cnc([C@H](CCCCCC(=O)c2ncco2)NC(=O)CCCN(C)C)[nH]1,9.522878745280336,1
COc1nc2ccccc2cc1-c1cnc([C@H](CCCCCC(=O)c2ncco2)NC(=O)CN(C)C)[nH]1,9.4089353929735,1
COc1nc2ccccc2cc1-c1cnc([C@H](CCCCCC(=O)c2ncco2)NC(=O)CN2CCC2)[nH]1,9.42021640338319,1
COc1nc2ccccc2cc1-c1cnc([C@H](CCCCCC(=O)c2ncco2)NC(=O)CN2CCCC2)[nH]1,9.2518119729938,1
COc1nc2ccccc2cc1-c1cnc([C@H](CCCCCC(=O)c2ncco2)NC(=O)CN2CCCCC2)[nH]1,8.619788758288394,1
COc1nc2ccccc2cc1-c1cnc([C@H](CCCCCC(=O)c2ncco2)NC(=O)CN2CCOCC2)[nH]1,8.698970004336019,1
COc1nc2ccccc2cc1-c1cnc([C@H](CCCCCC(=O)c2ncco2)NC(=O)Cn2cccc2)[nH]1,8.67778070526608,1
COc1nc2ccccc2cc1-c1cnc([C@H](CCCCCC(=O)c2ncco2)NC(=O)[C@@H]2CCC(=O)N2)[nH]1,9.193820026016112,1
COc1nc2ccccc2cc1-c1cnc([C@H](CCCCCC(=O)c2ncco2)NC(=O)[C@H]2CCC(=O)N2)[nH]1,8.958607314841775,1
COc1nc2ccccc2cc1-c1cnc([C@H](CCCCCC(=O)c2ncco2)NC(=O)c2cc3n(n2)CCCC3)[nH]1,8.292429823902063,1
COc1nc2ccccc2cc1-c1cnc([C@H](CCCCCC(=O)c2ncco2)NC(=O)c2ccc(OC(F)F)nc2)[nH]1,8.275724130399212,1
COc1nc2ccccc2cc1-c1cnc([C@H](CCCCCC(=O)c2ncco2)NC(=O)c2ccncn2)[nH]1,8.769551078621726,1
COc1nc2ccccc2cc1-c1cnc([C@H](CCCCCC(=O)c2ncco2)NC(=O)c2cncs2)[nH]1,8.769551078621726,1
COc1nc2ccccc2cc1-c1cnc([C@H](CCCCCC(=O)c2ncco2)NC(=O)c2nc3ccccc3o2)[nH]1,8.070581074285707,1
COc1nc2cnccc2cc1-c1c[nH]c([C@@H](N)CCCCCC(=O)c2ncco2)n1,8.744727494896694,1
COc1ncc(-c2cc(OCCCC(=O)NO)c3ncnc(C)c3c2)cc1NS(=O)(=O)c1ccc(F)cc1F,7.431798275933005,2
COc1ncc(-c2cc(OCCCC(=O)Nc3ccccc3N)c3ncnc(C)c3c2)cc1F,5.303905840004777,2
COc1ncc(-c2cc(OCCCC(=O)Nc3ccccc3N)c3ncnc(C)c3c2)cc1NS(=O)(=O)c1ccc(F)cc1F,5.327163545828602,2
COc1ncc(-c2cc(OCCCCC(=O)NO)c3ncnc(C)c3c2)cc1NS(=O)(=O)c1ccc(F)cc1F,6.518557371497695,2
COc1ncc(-c2cc(OCCCCC(=O)Nc3ccccc3N)c3ncnc(C)c3c2)cc1F,5.279014255846261,2
COc1ncc(-c2cc(OCCCCC(=O)Nc3ccccc3N)c3ncnc(C)c3c2)cc1NS(=O)(=O)c1ccc(F)cc1F,5.44891613481422,2
COc1ncc(-c2cc(OCCCCCC(=O)NO)c3ncnc(C)c3c2)cc1F,7.431798275933005,2
COc1ncc(-c2cc(OCCCCCC(=O)NO)c3ncnc(C)c3c2)cc1NS(=O)(=O)c1ccc(F)cc1F,7.4089353929735005,2
COc1ncc(-c2cc(OCCCCCC(=O)NO)c3ncnc(C)c3c2)cc1NS(C)(=O)=O,7.376750709602099,2
COc1ncc(-c2cc(OCCCCCC(=O)Nc3ccccc3N)c3ncnc(C)c3c2)cc1F,6.216096420727265,2
COc1ncc(-c2cc(OCCCCCC(=O)Nc3ccccc3N)c3ncnc(C)c3c2)cc1NS(=O)(=O)c1ccc(F)cc1F,5.883392256011751,2
COc1ncc(-c2cc(OCCCCCCC(=O)NO)c3nc(N)nc(C)c3c2)cc1F,8.853871964321762,2
COc1ncc(-c2cc(OCCCCCCC(=O)NO)c3ncnc(C)c3c2)cc1F,8.853871964321762,8
COc1ncc(-c2cc(OCCCCCCC(=O)NO)c3ncnc(C)c3c2)cc1NS(=O)(=O)c1ccc(F)cc1F,8.200659450546418,2
COc1ncc(-c2cc(OCCCCCCC(=O)NO)c3ncnc(C)c3c2)cc1NS(C)(=O)=O,8.886056647693163,2
COc1ncc(-c2cc(OCCCCCCC(=O)Nc3ccccc3N)c3ncnc(C)c3c2)cc1F,6.392544976785331,2
COc1ncc(-c2cc(OCCCCCCC(=O)Nc3ccccc3N)c3ncnc(C)c3c2)cc1NS(=O)(=O)c1ccc(F)cc1F,6.764471553092451,2
COc1ncc(-c2cc(OCCCCCCCC(=O)NO)c3ncnc(C)c3c2)cc1F,8.481486060122112,2
COc1ncc(-c2cc(OCCCCCCCC(=O)NO)c3ncnc(C)c3c2)cc1NS(=O)(=O)c1ccc(F)cc1F,8.744727494896694,2
COc1ncc(-c2cc(OCCCCCCCC(=O)NO)c3ncnc(C)c3c2)cc1NS(C)(=O)=O,8.67778070526608,2
COc1ncc(-c2cc(OCCCCCCCC(=O)Nc3ccccc3N)c3ncnc(C)c3c2)cc1F,6.675717544702307,2
COc1ncc(-c2cc(OCCCCCCCC(=O)Nc3ccccc3N)c3ncnc(C)c3c2)cc1NS(=O)(=O)c1ccc(F)cc1F,6.279840696594043,2
COc1ncc(-c2cc(OCCCCCCCCC(=O)NO)c3ncnc(C)c3c2)cc1F,8.657577319177793,2
COc1ncc(-c2cc(OCCCCCCCCC(=O)NO)c3ncnc(C)c3c2)cc1NS(=O)(=O)c1ccc(F)cc1F,8.050609993355087,2
COc1ncc(-c2cc(OCCCCCCCCC(=O)NO)c3ncnc(C)c3c2)cc1NS(C)(=O)=O,8.309803919971486,2
COc1ncc(-c2cc(OCCCCCCCCC(=O)Nc3ccccc3N)c3ncnc(C)c3c2)cc1F,6.489454989793388,2
COc1ncc(-c2cc(OCCCCCCCCC(=O)Nc3ccccc3N)c3ncnc(C)c3c2)cc1NS(=O)(=O)c1ccc(F)cc1F,6.596879478824182,2
COc1ncc(-c2cc(OCCCCCCCCCC(=O)Nc3ccccc3N)c3ncnc(C)c3c2)cc1F,5.513994813637758,2
COc1ncc(-c2cc(OCCCCCCCCCC(=O)Nc3ccccc3N)c3ncnc(C)c3c2)cc1NS(=O)(=O)c1ccc(F)cc1F,5.518700726667144,2
COc1ncc(-c2cc(OCCCCN(C)c3ncc(C(=O)NO)cn3)c3ncnc(C)c3c2)cc1F,8.481486060122112,2
COc1ncc(-c2cc(OCCCCNc3ncc(C(=O)NO)cn3)c3ncnc(C)c3c2)cc1F,7.958607314841775,2
COc1ncc(-c2cc(OCCCN(C)c3ncc(C(=O)NO)cn3)c3ncnc(C)c3c2)cc1F,8.619788758288394,2
COc1ncc(-c2cc(OCCCN(C)c3ncc(C(=O)NO)cn3)c3ncnc(C)c3c2)cc1NS(=O)(=O)c1ccc(F)cc1F,7.958607314841775,2
COc1ncc(-c2cc(OCCCNc3ncc(C(=O)NO)cn3)c3ncnc(C)c3c2)cc1F,8.397940008672037,2
COc1ncc(-c2cc(OCCCOc3ccc(C(=O)Nc4ccccc4N)cc3)c3ncnc(C)c3c2)cc1F,6.671620396561263,2
COc1ncc(-c2cc(OCCCOc3ccc(C(=O)Nc4ccccc4N)cc3)c3ncnc(C)c3c2)cc1NS(=O)(=O)c1ccc(F)cc1F,7.022276394711152,2
COc1ncc(-c2cc(OCCCc3ccc(C(=O)Nc4ccccc4N)cc3)c3ncnc(C)c3c2)cc1F,7.236572006437063,2
COc1ncc(-c2cc(OCCCc3ccc(C(=O)Nc4ccccc4N)cc3)c3ncnc(C)c3c2)cc1NS(=O)(=O)c1ccc(F)cc1F,7.552841968657781,2
COc1ncc(-c2cc(OCCN(C)c3ncc(C(=O)NO)cn3)c3nc(N)nc(C)c3c2)cc1C,8.886056647693163,2
COc1ncc(-c2cc(OCCN(C)c3ncc(C(=O)NO)cn3)c3ncnc(C)c3c2)cc1F,8.886056647693163,2
COc1ncc(-c2cc(OCCN(C)c3ncc(C(=O)NO)cn3)c3ncnc(C)c3c2)cc1NS(=O)(=O)c1ccc(F)cc1F,8.769551078621726,2
COc1ncc(-c2cc(OCCN(c3ncc(C(=O)NO)cn3)C(C)C)c3ncnc(C)c3c2)cc1F,8.698970004336019,2
COc1ncc(-c2cc(OCCNc3ncc(C(=O)NO)cn3)c3ncnc(C)c3c2)cc1F,8.275724130399212,2
COc1ncc(-c2cc(OCCOc3ccc(C(=O)Nc4ccccc4N)cc3)c3ncnc(C)c3c2)cc1F,6.826813731587726,2
COc1ncc(-c2cc(OCCOc3ccc(C(=O)Nc4ccccc4N)cc3)c3ncnc(C)c3c2)cc1NS(=O)(=O)c1ccc(F)cc1F,7.251811972993799,2
COc1ncc(-c2cc(OCCc3ccc(C(=O)Nc4ccccc4N)cc3)c3ncnc(C)c3c2)cc1F,6.818156412055227,2
COc1ncc(-c2cc(OCCc3ccc(C(=O)Nc4ccccc4N)cc3)c3ncnc(C)c3c2)cc1NS(=O)(=O)c1ccc(F)cc1F,7.468521082957745,2
COc1ncc(-c2cc(OCc3ccc(C(=O)Nc4ccccc4N)cc3)c3ncnc(C)c3c2)cc1F,6.7055337738384075,2
COc1ncc(-c2cc(OCc3ccc(C(=O)Nc4ccccc4N)cc3)c3ncnc(C)c3c2)cc1NS(=O)(=O)c1ccc(F)cc1F,7.070581074285707,2
COc1ncc(-c2ccc3ncc(C(=O)NCCCCCCC(=O)NO)cc3c2)cc1NS(=O)(=O)c1ccc(F)cc1F,8.318758762624412,2
COc1ncc(-c2ccc3nccc(C(=O)NCCCCC(=O)NO)c3c2)cc1NS(=O)(=O)c1cc(F)cc(F)c1,8.318758762624412,2
COc1ncc(-c2ccc3nccc(C(=O)NCCCCCC(=O)NO)c3c2)cc1NS(=O)(=O)c1cc(F)cc(F)c1,8.318758762624412,2
COc1ncc(-c2nc(N3CCOCC3)c3ncn(CCCCCCC(=O)NO)c3n2)cn1,8.568636235841012,2
COc1ncc(OCc2ccc(-c3noc(C(F)(F)F)n3)c(F)c2)cn1,6.1249387366083,1
COc1ncccc1-c1ccc(-c2nc3cc(C(=O)NO)ccc3o2)cc1,5.251811972993799,1
COc1ncccc1-c1cnc(C(CCCCCC(=O)C2NC=CO2)NC(=O)[C@H]2CC23CCN(C)CC3)o1,7.585026652029182,1
COc1ncccc1-c1cnc([C@H](CCCCCC(=O)c2ncco2)NC(=O)C2CN(C)C2)o1,8.886056647693163,1
COc1ncccc1OCc1ccc(-c2noc(C(F)(F)F)n2)c(F)c1,5.619788758288394,1
COc1ncccc1OCc1ccc(-c2noc(C(F)(F)F)n2)cn1,6.130768280269024,1
CP(=O)(Cc1ccc(C(=O)Nc2cc(-c3cccs3)ccc2N)cc1)OCc1cccnc1,8.455931955649724,2
CP(=O)([O-])CCCCCCC(=O)Nc1ccccc1.[Li+],2.0861861476162833,1
CP(=O)([O-])NCCCCCC(=O)Nc1ccccc1.[Li+],2.6989700043360187,1
CP(=O)([O-])OCCCCCC(=O)Nc1ccccc1.[Li+],2.214670164989233,1
CS(=N)(=O)c1ccc(C(=O)Nc2cc(-c3ccc(C(F)(F)F)cc3)ccc2N)cc1,5.903089986991944,1
CS(=N)(=O)c1ccc(C(=O)Nc2cc(-c3ccc(F)c(F)c3)ccc2N)cc1,6.522878745280337,1
CS(=N)(=O)c1ccc(C(=O)Nc2cc(-c3ccccn3)ccc2N)cc1,6.522878745280337,1
CS(=N)(=O)c1ccc(C(=O)Nc2cc(-c3cccnc3)ccc2N)cc1,6.522878745280337,1
CS(=N)(=O)c1ccc(C(=O)Nc2cc(-c3ncccn3)ccc2N)cc1,5.903089986991944,1
CS(=N)(=O)c1ncc(C(=O)Nc2cc(-c3ccc(F)cc3)ccc2N)s1,6.522878745280337,1
CS(=O)(=O)CC(=O)N(Cc1ccc(-c2noc(C(F)(F)F)n2)cc1)c1cccc(C(F)(F)F)c1,6.0,1
CS(=O)(=O)CCCCCCC(=O)Nc1ccccc1,3.638272163982407,2
CS(=O)(=O)CCn1cc(-c2nc(Nc3ccc(NC(=O)CCCCCCC(=O)NO)cc3)nc3[nH]ccc23)cn1,6.995678626217357,2
CS(=O)(=O)Cc1noc(-c2ccc(C(=O)C(F)(F)F)s2)n1,5.587969641290673,4
CS(=O)(=O)N(Cc1ccc(-c2noc(C(F)(F)F)n2)cc1)c1cccc(C(F)(F)F)c1,6.161150909262744,1
CS(=O)(=O)N(Cc1ccc(C(=O)Nc2ccccc2N)cc1)Cc1ccc(-c2cccs2)cc1,5.920818753952375,2
CS(=O)(=O)N1CC(C(=O)N(Cc2ccc(-c3noc(C(F)(F)F)n3)cn2)c2cccc(F)c2)C1,6.552841968657781,1
CS(=O)(=O)N1CCC2(CCN(c3ccc(C(=O)Nc4cc(-c5cccs5)ccc4N)cn3)CC2)C1,8.096910013008056,2
CS(=O)(=O)N1CCN(S(=O)(=O)N(Cc2ccc(-c3nnc(C(F)(F)F)o3)cc2F)c2cccc(F)c2)CC1,7.119186407719209,1
CS(=O)(=O)N1CCN(S(=O)(=O)N(Cc2ccc(-c3nnc(C(F)(F)F)o3)cc2F)c2ccccc2)CC1,6.906578314837764,1
CS(=O)(=O)N1CCN(S(=O)(=O)N(Cc2ccc(-c3nnc(C(F)F)o3)cc2F)c2cccc(F)c2)CC1,7.481486060122112,1
CS(=O)(=O)N1CCN(S(=O)(=O)N(Cc2ccc(-c3nnc(C(F)F)o3)cc2F)c2ccccc2)CC1,7.42021640338319,1
CS(=O)(=O)N1CCN(S(=O)(=O)N(Cc2ccc(-c3nnc(C(F)F)o3)cc2F)c2cccnc2)CC1,7.167491087293763,1
CS(=O)(=O)N1Cc2ccc(/C=C/C(=O)NO)cc2C1,6.200659450546418,2
CS(=O)(=O)NC(Cc1ccc(-c2noc(C(F)(F)F)n2)cn1)c1cccc(C(F)(F)F)c1,6.3872161432802645,1
CS(=O)(=O)NCCCCCC(=O)Nc1ccccc1,2.1249387366083,2
CS(=O)(=O)NCCc1cn(Cc2ccc(C(=O)NO)cc2)c2ccccc12,6.20551195334083,1
CS(=O)(=O)Nc1ccc(-c2ccnc(Nc3ccc(-c4cn(CC(=O)NCCC(=O)NO)nn4)cc3)n2)cc1,6.013228265733755,2
CS(=O)(=O)Nc1ccc(-c2ccnc(Nc3ccc(-c4cn(CC(=O)NCCCC(=O)NO)nn4)cc3)n2)cc1,6.107905397309519,2
CS(=O)(=O)Nc1ccc(-c2ccnc(Nc3ccc(-c4cn(CC(=O)NCCCCC(=O)NO)nn4)cc3)n2)cc1,6.167491087293763,2
CS(=O)(=O)Nc1ccc(-c2ccnc(Nc3ccc(-c4cn(CC(=O)NCCCCCC(=O)NO)nn4)cc3)n2)cc1,6.356547323513812,2
CS(=O)(=O)Nc1ccc(-c2ccnc(Nc3ccc(-c4cn(CC(=O)NCCCCCCC(=O)NO)nn4)cc3)n2)cc1,4.552841968657781,2
CS(=O)(=O)Nc1ccc(-c2ccnc(Nc3ccc(-c4cn(CC(=O)NCCCCCCCC(=O)NO)nn4)cc3)n2)cc1,6.7447274948966935,2
CS(=O)(=O)Nc1ccc(-c2ccnc(Nc3ccc(N4CCC(C(=O)NCCCC(=O)NO)CC4)cc3)n2)cc1,5.036212172654444,2
CS(=O)(=O)Nc1ccc(-c2ccnc(Nc3ccc(N4CCC(C(=O)NCCCCC(=O)NO)CC4)cc3)n2)cc1,5.657577319177793,2
CS(=O)(=O)Nc1ccc(-c2ccnc(Nc3ccc(N4CCC(C(=O)NCCCCCC(=O)NO)CC4)cc3)n2)cc1,6.455931955649724,2
CS(=O)(=O)Nc1ccc(-c2ccnc(Nc3ccc(N4CCC(C(=O)NCCCCCCC(=O)NO)CC4)cc3)n2)cc1,6.6020599913279625,2
CS(=O)(=O)Nc1ccc(-c2ccnc(Nc3ccc(N4CCC(C(=O)NCCCCCCCC(=O)NO)CC4)cc3)n2)cc1,7.7447274948966935,2
CS(=O)(=O)Nc1ccc(-c2ccnc(Nc3ccc(N4CCC(C(=O)NCc5ccc(C(=O)NO)cc5)CC4)cc3)n2)cc1,5.958607314841775,2
CS(=O)(=O)Nc1ccc(-c2ccnc(Nc3ccc(N4CCC(C(=O)NO)CC4)cc3)n2)cc1,5.537602002101044,2
CS(=O)(=O)Nc1ccc(-c2ccnc(Nc3ccc(N4CCC(C(=O)Nc5ccc(/C=C/C(=O)NO)cc5)CC4)cc3)n2)cc1,6.6020599913279625,2
CS(=O)(=O)Nc1ccc(-c2ccnc(Nc3ccc(N4CCC(C(=O)Nc5ccc(C(=O)NO)cc5)CC4)cc3)n2)cc1,6.42021640338319,2
CS(=O)(=O)Nc1ccc(-c2ccnc(Nc3ccc(N4CCC(C(=O)Nc5ccccc5N)CC4)cc3)n2)cc1,5.6777807052660805,2
CS(=O)(=O)Nc1ccc(-c2ccnc(Nc3ccc(N4CCN(CC(=O)NCCCC(=O)NO)CC4)cc3)n2)cc1,6.657577319177793,2
CS(=O)(=O)Nc1ccc(-c2ccnc(Nc3ccc(N4CCN(CC(=O)NCCCCC(=O)NO)CC4)cc3)n2)cc1,6.886056647693163,2
CS(=O)(=O)Nc1ccc(-c2ccnc(Nc3ccc(N4CCN(CC(=O)NCCCCCC(=O)NO)CC4)cc3)n2)cc1,6.823908740944319,2
CS(=O)(=O)Nc1ccc(-c2ccnc(Nc3ccc(N4CCN(CC(=O)NCCCCCCC(=O)NO)CC4)cc3)n2)cc1,7.292429823902063,2
CS(=O)(=O)Nc1ccc(-c2ccnc(Nc3ccc(N4CCN(CC(=O)NCCCCCCCC(=O)NO)CC4)cc3)n2)cc1,7.337242168318426,2
CS(=O)(=O)Nc1ccc(-c2ccnc(Nc3ccc(N4CCN(CC(=O)Nc5ccc(/C=C/C(=O)NO)cc5)CC4)cc3)n2)cc1,7.008773924307505,2
CS(=O)(=O)Nc1ccc(-c2ccnc(Nc3ccc(N4CCN(CC(=O)Nc5ccc(C(=O)NO)cc5)CC4)cc3)n2)cc1,7.42021640338319,2
CS(=O)(=O)Nc1ccc(-c2ccnc(Nc3ccc(N4CCN(CC(=O)Nc5ccc(C(=O)NO)s5)CC4)cc3)n2)cc1,7.657577319177793,2
CS(=O)(=O)Nc1ccc(-c2nc(N3CCOCC3)c3ncn(CCCCCCC(=O)NO)c3n2)cc1,8.920818753952375,2
CS(=O)(=O)SCCO,3.991399828238082,1
CS(=O)(=O)c1ccc(-c2cnc([C@@H](N)CCCCCC(=O)c3ncco3)[nH]2)c(F)c1,8.142667503568731,1
CS(=O)(=O)c1ccc(-c2nnc(NC(=O)CCCCCC(=O)NO)s2)cc1,6.142064735280571,1
CS(=O)(=O)c1ccc(-c2nnc(NC(=O)CCCCCCC(=O)NO)s2)cc1,6.223298816011589,1
CS(=O)(=O)c1ccc(C(=O)NCCCCC(=O)Nc2ccccc2N)cc1,4.723308471154961,1
CS(=O)(=O)c1ccc(N2CCC(Nc3ccc(C(=O)NO)cc3)C2=O)cc1,4.767003889607846,2
CS(=O)(=O)c1ccc(S(=O)NCCCCCC(=O)Nc2ccccc2N)cc1,6.2441251443275085,1
CS(=O)(=O)c1ccccc1C(=O)NCCCCCC(=O)Nc1ccccc1N,5.351932870551066,1
CS(=O)CCCCCCC(=O)Nc1ccccc1,4.318758762624412,1
CS(=O)c1ccccc1C(=O)NCCCC[C@H](NC(=O)c1cncs1)c1ncc(-c2ccc3ccccc3c2)[nH]1,4.6020599913279625,1
CSC(=S)SCC(=O)c1ccc(C)cc1,6.399996913372259,1
CSC(=S)SCC(=O)c1ccc(Cl)c(Cl)c1,7.0,1
CSCCNC(=O)/C(Cc1ccc(O)c(Br)c1)=N/N,4.301029995663981,1
CSCCNC(=O)/C(Cc1ccc(O)c(Br)c1)=N/O,5.113509274827518,1
CSCCNC(=O)C(=O)Cc1ccc(O)c(Br)c1,5.136677139879544,2
CSCCNC(=O)C(Cc1ccc(O)c(Br)c1)=NN,4.301029995663981,1
CSCCNC(=O)C(Cc1ccc(O)c(Br)c1)N=O,5.113509274827518,1
CSCC[C@@H](NC(=O)OC(C)(C)C)C(=O)N[C@H](COc1ccc(/C=C/C(=O)NO)cc1)Cc1c[nH]c2ccccc12,6.5932895413902095,1
CSCC[C@@H]1N=C(c2ccccc2)c2ccccc2N(CCCCC(=O)NO)C1=O,5.191789027075778,2
CSCC[C@@H]1NC(=O)C[C@H]2/C=C/CCSSC[C@@H](NC1=O)C(=O)N[C@@H](C(C)C)[C@H](O)CC(=O)O2,6.472885888360195,1
CSCC[C@H](NC(=O)[C@H](CCCN=C(N)N)NC(=O)[C@H](CC(C)C)NC(=O)[C@H](CCCN=C(N)N)NC(=O)[C@H](CCSC)NC(=O)[C@H](CC(C)C)NC(=O)[C@H](CCCN=C(N)N)NC(=O)[C@H](CC(C)C)NC(=O)[C@H](CC(C)C)NC(=O)[C@H](CCCN=C(N)N)NC(C)=O)C(=O)N[C@@H](CC(C)C)C(=O)N[C@@H](CC(C)C)C(=O)N[C@@H](CCCN=C(N)N)C(=O)N[C@@H](CC(C)C)C(=O)NCCCCCC(=O)NO,6.350665141287858,1
CSCC[C@H]1NC(=O)C[C@H]2/C=C/CCSSC[C@@H](NC1=O)C(=O)N[C@H](C(C)C)[C@@H](O)CC(=O)O2,9.439586254208137,3
CSCC[C@H]1NC(=O)C[C@H]2/C=C/CCSSC[C@@H](NC1=O)C(=O)N[C@H](CC(C)C)[C@@H](O)CC(=O)O2,9.0268721464003,2
CSc1ccc(-c2ccnc(NCc3ccc(C(=O)Nc4ccccc4N)cc3)n2)cn1,7.045757490560675,2
CSc1ccc(/C=C(/C(=O)NCCCCCC(=O)NO)c2ccc(C)cc2)cc1,8.0,1
CSc1ccc(/C=C(/C(=O)NCCCCCC(=O)NO)c2ccccc2Cl)cc1,8.0,1
CSc1ccc(/C=C(/C(=O)NCCCCCC(=O)NO)c2ccccc2F)cc1,7.397940008672037,1
CSc1ccc(/C=C(/C(=O)NCCCCCC(=O)NO)c2ccsc2)cc1,7.397940008672037,1
CSc1ccc(/C=C(/C(=O)NCCCCCCC(=O)NO)c2ccc(F)cc2)cc1,7.221848749616356,1
CSc1ccc(/C=C(/C(=O)NCc2ccc(/C=C/C(=O)NO)cc2)c2ccc(F)cc2)cc1,7.221848749616356,1
CSc1ccc(/C=C(/C(=O)NCc2ccc(C(=O)NO)cc2)c2ccc(C)cc2)cc1,7.397940008672037,1
CSc1ccc(/C=C(/C(=O)NCc2ccc(C(=O)NO)cc2)c2ccc(F)cc2)cc1,7.221848749616356,1
CSc1ccc(/C=C(/C(=O)NCc2ccc(C(=O)NO)cc2)c2cccnc2)cc1,7.698970004336019,1
CSc1ccc(/C=C(/C(=O)NCc2ccc(C(=O)NO)cc2)c2ccsc2)cc1,7.522878745280337,1
CSc1ccc(/C=C(/C(=O)NCc2ccc(C(=O)Nc3ccccc3N)cc2)c2ccccc2F)cc1,5.646897229059015,2
CSc1ccc(C(=O)NO)cc1NC(=O)c1ccc(-c2ccccc2)cc1,5.411168274405792,2
CSc1ccc(C/C(=N\O)C(=O)NCCS)cc1,8.698970004336019,1
CSc1ccc(C/C(=N\O)C(=O)NCCS)cc1Br,9.318758762624412,1
CSc1ccc(CC(N=O)C(=O)NCCS)cc1,8.698970004336019,1
CSc1ccc(CC(N=O)C(=O)NCCS)cc1Br,9.318758762624412,1
CSc1ccc2c(c1)N(Cc1ccc(C(=O)NO)cc1)c1ccccc1S2,6.167491087293763,1
CSc1ccc2c(c1)N(Cc1ccc(C(=O)NO)cc1)c1ccccc1S2=O,5.774690718274137,1
CSc1ccccc1C(=O)NCCCC[C@H](NC(=O)c1cncs1)c1ncc(-c2ccc3ccccc3c2)[nH]1,4.698970004336019,2
CSc1n[nH]c(NCc2ccc(C(=O)Nc3ccccc3N)cc2)n1,6.698970004336019,1
CSc1nc(NCc2ccc(C(=O)Nc3ccccc3N)cc2)cc(-c2cccnc2)n1,6.6020599913279625,2
CSc1nnc(NCc2ccc(C(=O)Nc3ccccc3N)cc2)[nH]1,6.698970004336019,1
C[C@@H](C(=O)N1CCC(C)(Nc2ncc(C(=O)NO)cn2)CC1)c1ccccc1,6.886056647693163,1
C[C@@H](C(=O)Nc1ccc(C(=O)Nc2ccc(F)cc2N)cc1)c1ccccc1,5.7447274948966935,2
C[C@@H](C(=O)Nc1ccc(C(=O)Nc2ccc(F)cc2N)nc1)c1ccccc1,6.119186407719209,2
C[C@@H](COCCC(=O)N1CC2CN(c3ncc(C(=O)NO)cn3)CC2C1)Nc1cn[nH]c(=O)c1C(F)(F)F,7.22330124493806,2
C[C@@H](COCCC(=O)N1CCC(Nc2ncc(C(=O)NO)cn2)CC1)Nc1cn[nH]c(=O)c1C(F)(F)F,6.3617604811303385,2
C[C@@H](COCCC(=O)N1CCC2(CCN(c3ncc(C(=O)NO)cn3)C2)C1)Nc1cn[nH]c(=O)c1C(F)(F)F,6.565431095965801,2
C[C@@H](COCCC(=O)N1CCN(c2ccc(C(=O)NO)cn2)CC1)Nc1cn[nH]c(=O)c1C(F)(F)F,6.917214629683549,2
C[C@@H](COCCC(=O)N1CCN(c2ncc(-c3cnn(CCCCCC(=O)NO)c3)cn2)CC1)Nc1cn[nH]c(=O)c1C(F)(F)F,8.05551732784983,2
C[C@@H](COCCC(=O)N1CCN(c2ncc(-c3cnn(CCCCCCC(=O)NO)c3)cn2)CC1)Nc1cn[nH]c(=O)c1C(F)(F)F,8.455931955649724,2
C[C@@H](COCCC(=O)N1CCN(c2ncc(C(=O)NCCCCC(=O)NO)cn2)CC1)Nc1cn[nH]c(=O)c1C(F)(F)F,6.031984286006358,2
C[C@@H](COCCC(=O)N1CCN(c2ncc(C(=O)NCCCCCC(=O)NO)cn2)CC1)Nc1cn[nH]c(=O)c1C(F)(F)F,7.056258867241896,2
C[C@@H](COCCC(=O)N1CCN(c2ncc(C(=O)NCCCCCCC(=O)NO)cn2)CC1)Nc1cn[nH]c(=O)c1C(F)(F)F,7.206908962905463,2
C[C@@H](COCCC(=O)N1CCN(c2ncc(C(=O)NO)cn2)CC1)Nc1cn[nH]c(=O)c1C(F)(F)F,7.468521082957745,2
C[C@@H](COCCC(=O)N1CCN(c2ncc(NC(=O)CCCCCC(=O)NO)cn2)CC1)Nc1cn[nH]c(=O)c1C(F)(F)F,7.014350476194981,2
C[C@@H](COCCC(=O)N1CCN(c2ncc(NC(=O)CCCCCCC(=O)NO)cn2)CC1)Nc1cn[nH]c(=O)c1C(F)(F)F,7.494850021680094,2
C[C@@H](COCCC(=O)N1CCN(c2ncc(OCCCCCC(=O)NO)cn2)CC1)Nc1cn[nH]c(=O)c1C(F)(F)F,6.511167457060318,2
C[C@@H](COCCC(=O)N1CCN(c2ncc(OCCCCCCC(=O)NO)cn2)CC1)Nc1cn[nH]c(=O)c1C(F)(F)F,7.300163139259481,2
C[C@@H](COCCC(=O)N1CCN(c2ncc(OCc3ccc(/C=C/C(=O)NO)cc3)cn2)CC1)Nc1cn[nH]c(=O)c1C(F)(F)F,7.455931955649724,2
C[C@@H](COCCC(=O)N1CCN(c2ncc(OCc3ccc(C(=O)NO)cc3)cn2)CC1)Nc1cn[nH]c(=O)c1C(F)(F)F,6.565431095965801,2
C[C@@H](COCCC(=O)NC1CCN(c2ncc(C(=O)NO)cn2)CC1)Nc1cn[nH]c(=O)c1C(F)(F)F,7.337242168318426,2
C[C@@H](COCCC(=O)NCCN(C)c1ncc(C(=O)NO)cn1)Nc1cn[nH]c(=O)c1C(F)(F)F,7.589243235797613,2
C[C@@H](N)C(=O)NCc1nnc(-c2ccccc2)o1,6.585026652029182,2
C[C@@H](NC(=O)N1CCN(c2ccc(C(=O)Nc3ccccc3N)cn2)C[C@@H]1C)c1ccccc1,6.995678626217357,2
C[C@@H](NC(=O)c1cc(Oc2ccc(NC(=O)Nc3ccc(Cl)c(C(F)(F)F)c3)cc2)ccn1)C(=O)NO,6.0,1
C[C@@H](NC(=O)c1ccc(C(=O)C(F)(F)F)s1)c1ccccc1,6.494850021680094,4
C[C@@H](NC(=O)c1ccc(C(=O)NO)s1)c1ccccc1,8.221848749616356,2
C[C@@H](NC(=O)c1cccc(=S)n1O)C(=O)O,3.568636235841013,2
C[C@@H](NC(=O)c1nc(-c2nccs2)sc1C1CC1)c1ccc(C(=O)NO)cc1,6.554395796726403,2
C[C@@H](NCc1ccccc1)c1nc2cc(C(=O)NO)ccc2n1C,6.075204004202088,2
C[C@@H](Nc1ccc(-c2noc(C(F)(F)F)n2)cn1)c1ccncc1,5.568636235841012,1
C[C@@H](Nc1ccc(-c2noc(C(F)(F)F)n2)nn1)c1ccncc1,5.494850021680094,1
C[C@@H](Nc1ccccc1)c1ccc(C(=O)Nc2ccccc2N)cc1,5.886056647693163,2
C[C@@H](Nc1cnc(-c2noc(C(F)(F)F)n2)nc1)c1ccccc1,5.3979400086720375,1
C[C@@H](Nc1ncc(-c2noc(C(F)(F)F)n2)cc1Cl)c1ccccc1,5.200659450546418,1
C[C@@H](Nc1ncc(-c2noc(C(F)(F)F)n2)cn1)c1ccccc1,5.455931955649724,1
C[C@@H](Nc1ncc(C(=O)NO)cn1)c1ccccc1,7.432433674311612,2
C[C@@H](Nc1ncnc2[nH]c(-c3ccc(C(=O)NCCNCCCCCC(=O)NO)cc3)cc12)c1ccccc1,7.0,1
C[C@@H](Nc1ncnc2[nH]c(-c3ccc(C(=O)NO)cc3)cc12)c1ccc(F)cc1,7.0,1
C[C@@H](Nc1ncnc2[nH]c(-c3ccc(C(=O)NO)cc3)cc12)c1ccccc1,7.0,1
C[C@@H](Nc1ncnc2[nH]c(-c3ccc(CN4CCC(NCCCCCC(=O)NO)CC4)cc3)cc12)c1ccccc1,6.0,1
C[C@@H](Nc1ncnc2[nH]c(-c3ccc(CN4CCC(NCCCCCCC(=O)NO)CC4)cc3)cc12)c1ccccc1,6.0,1
C[C@@H](Nc1ncnc2[nH]c(-c3ccc(CN4CCC(NCCCCCCCC(=O)NO)CC4)cc3)cc12)c1ccccc1,7.0,1
C[C@@H](Nc1ncnc2[nH]c(-c3ccc(CN4CCN(CCCC(=O)NO)CC4)cc3)cc12)c1ccccc1,6.0,1
C[C@@H](Nc1ncnc2[nH]c(-c3ccc(CN4CCN(CCCCC(=O)NO)CC4)cc3)cc12)c1ccccc1,6.0,1
C[C@@H](Nc1ncnc2[nH]c(-c3ccc(CN4CCN(CCCCCC(=O)NO)CC4)cc3)cc12)c1ccccc1,7.0,1
C[C@@H](Nc1ncnc2[nH]c(-c3ccc(CN4CCN(CCCCCCC(=O)NO)CC4)cc3)cc12)c1ccccc1,7.0,1
C[C@@H](Nc1ncnc2[nH]c(-c3ccc(CN4CCN(CCOCCCCC(=O)NO)CC4)cc3)cc12)c1ccccc1,6.0,1
C[C@@H](Nc1ncnc2[nH]c(-c3ccc(CNCC(=O)NO)cc3)cc12)c1ccccc1,6.0,1
C[C@@H](Nc1ncnc2[nH]c(-c3ccc(CNCCCCCC(=O)NO)cc3)cc12)c1ccccc1,7.0,1
C[C@@H](Nc1ncnc2[nH]c(-c3ccc(CNCCCCCCCC(=O)NO)cc3)cc12)c1ccccc1,7.0,1
C[C@@H](Nc1ncnc2[nH]c(-c3ccc(CNCc4ccc(C(=O)NO)cc4)cc3)cc12)c1ccccc1,7.0,1
C[C@@H](Nc1ncnc2[nH]c(-c3ccc(NC(=O)CCCC(=O)NO)cc3)cc12)c1ccccc1,7.0,1
C[C@@H](Nc1ncnc2[nH]c(-c3ccc(NC(=O)Nc4ccc(/C=C/C(=O)NO)cc4)cc3)cc12)c1ccccc1,6.0,1
C[C@@H](Nc1ncnc2[nH]c(-c3ccc(NC(=O)Nc4ccc(C(=O)NO)cc4)cc3)cc12)c1ccccc1,7.0,1
C[C@@H](Nc1ncnc2[nH]c(-c3ccc(NCc4ccc(/C=C/C(=O)NO)cc4)cc3)cc12)c1ccccc1,7.0,1
C[C@@H](Nc1ncnc2[nH]c(-c3ccc(NCc4ccc(C(=O)NO)cc4)cc3)cc12)c1ccccc1,7.0,1
C[C@@H](Nc1ncnc2[nH]c(-c3ccc(OCCCC(=O)NO)cc3)cc12)c1ccccc1,7.0,1
C[C@@H](Nc1ncnc2[nH]c(-c3ccc(OCCCCC(=O)NO)cc3)cc12)c1ccccc1,7.0,1
C[C@@H](Nc1ncnc2[nH]c(-c3ccc(OCCCNCCCCCC(=O)NO)cc3)cc12)c1ccccc1,6.0,1
C[C@@H](Nc1ncnc2[nH]c(-c3ccc(OCCNCCCCCC(=O)NO)cc3)cc12)c1ccccc1,7.0,1
C[C@@H](Nc1ncnc2[nH]c(-c3ccc(OCCNCCCCCCC(=O)NO)cc3)cc12)c1ccccc1,7.0,1
C[C@@H](Nc1ncnc2[nH]c(-c3ccc(OCCNCCCCCCCC(=O)NO)cc3)cc12)c1ccccc1,7.0,1
C[C@@H](Nc1ncnc2c1cc(-c1ccc(C(=O)NCCNCCCCCCC(=O)NO)cc1)n2C)c1ccccc1,7.0,1
C[C@@H](Nc1ncnc2c1cc(-c1ccc(CNCCN)cc1)n2CCCCCC(=O)NO)c1ccccc1,7.0,1
C[C@@H](Nc1ncnc2c1cc(-c1ccc(N)cc1)n2CCCCCC(=O)NO)c1ccccc1,7.0,1
C[C@@H](Nc1ncnc2ccc(OCCCCCC(=O)NO)cc12)c1ccccc1,7.0,1
C[C@@H](O)C(=O)CCCCCCC(=O)Nc1ccccc1,5.050609993355087,1
C[C@@H](O)C(=O)CCCCC[C@@H]1NC(=O)[C@H]2CCCN2C(=O)[C@H](Cc2ccccc2)NC(=O)C(C)(C)NC1=O,7.522878745280337,2
C[C@@H](O)[C@@H]1N=C(c2ccccc2)c2ccccc2N(CCCCC(=O)NO)C1=O,4.949620243738543,2
C[C@@H](OCc1ccccc1)[C@@H]1N=C(c2ccccc2)c2ccccc2N(CCCCC(=O)NO)C1=O,5.341988603342887,2
C[C@@H](c1ccc(C(=O)Nc2cc(F)c(F)cc2N)cc1)n1nc(-c2ccc(CN(C)C)cc2)ccc1=O,7.00305178008647,3
C[C@@H](c1ccc(C(=O)Nc2cc(F)ccc2N)cc1)n1nc(-c2ccc(CN(C)C)cc2)ccc1=O,7.505849877024278,3
C[C@@H](c1ccc(C(=O)Nc2ccc(Cl)cc2N)cc1)n1nc(-c2ccc(CN(C)C)cc2)ccc1=O,6.102262988564993,2
C[C@@H](c1ccc(C(=O)Nc2ccc(F)cc2N)cc1)n1nc(-c2ccc(CN(C)C)cc2)ccc1=O,7.243870197115648,5
C[C@@H](c1ccc(C(=O)Nc2cccc(F)c2N)cc1)n1nc(-c2ccc(CN(C)C)cc2)ccc1=O,6.913166306946987,3
C[C@@H](c1ccc(C(=O)Nc2ccccc2N)cc1)n1nc(-c2ccc(CN(C)C)cc2)ccc1=O,7.634520107310123,3
C[C@@H](c1ccc(C(=O)Nc2ccccc2N)cc1)n1nc(-c2cccc(Cl)c2)ccc1=O,7.280668713016273,1
C[C@@H](c1ccc(C(=O)Nc2ccccc2N)cc1)n1nc(-c2ccccc2)ccc1=O,7.296708621881338,1
C[C@@H](c1ccc(C(=O)Nc2ccccc2N)cc1)n1nc(-c2ccncc2)ccc1=O,7.218244625347531,1
C[C@@H](c1ccc(C(=O)Nc2ccccc2N)cc1)n1nc(-c2cnn(C)c2)ccc1=O,6.906578314837764,1
C[C@@H](c1ccccc1)n1c(-c2cccc(/C=C/C(=O)NO)c2)nc2ccccc21,7.200659450546418,2
C[C@@H](c1nc2c(cnn2C2CCCC2)c(=O)[nH]1)N1CC(Cc2ccc(C(=O)Nc3ccccc3N)cc2)C1,7.00436480540245,2
C[C@@H]1C(=O)N[C@H](C)C(=O)N[C@H](C)C(=O)N[C@H](Cc2ccccc2)C(=O)N[C@@H]1C/C=C\CCC(N)=O,5.886056647693163,1
C[C@@H]1CN(C(=O)Nc2ccc(-c3nc(N4CCOCC4)c4cnn(CCCCCCC(=O)NO)c4n3)cc2)CCO1,9.721246399047171,3
C[C@@H]1CN(C(=O)OCc2ccccc2)[C@@H](C)CN1c1ccc(C(=O)Nc2ccccc2N)cn1,6.5934598195660445,2
C[C@@H]1CN(Cc2ccc(C(=O)NO)cc2)C[C@H](C)N1Cc1cccc(Cl)c1,4.943095148663527,2
C[C@@H]1CN(Cc2ccc(C(=O)NO)cc2)C[C@H]1c1nc2c(cnn2C2CCCC2)c(=O)[nH]1,6.226945306635738,2
C[C@@H]1CN(Cc2ccc(C(=O)NO)cc2)C[C@H]1c1nc2c(cnn2C2CCOCC2)c(=O)[nH]1,6.226945306635738,2
C[C@@H]1CN(Cc2ccc(CC(=O)CNO)cc2)C[C@H]1c1nc2c(cnn2C2CCOCC2)c(=O)[nH]1,6.860120913598763,2
C[C@@H]1CN(S(=O)(=O)N(Cc2ccc(-c3nnc(C(F)F)o3)cc2)c2ccccc2)C[C@H](C)N1C,7.161150909262744,1
C[C@@H]1CN(S(=O)(=O)N(Cc2ccc(-c3nnc(C(F)F)o3)cc2)c2ccccc2)C[C@H](C)N1C(=O)C(F)F,6.886056647693163,1
C[C@@H]1CN(S(=O)(=O)N(Cc2ccc(-c3nnc(C(F)F)o3)cc2)c2cccnc2)C[C@H](C)N1C,7.327902142064282,1
C[C@@H]1CN(S(=O)(=O)N(Cc2ccc(-c3nnc(C(F)F)o3)cn2)c2cccc(Cl)c2)CCN1C,7.443697499232712,1
C[C@@H]1CN(S(=O)(=O)N(Cc2ccc(-c3nnc(C(F)F)o3)cn2)c2cccc(Cl)c2)CCN1C1COC1,7.387216143280264,1
C[C@@H]1CN(c2ccc(C(=O)Nc3ccccc3N)cn2)CCN1C(=O)OCc1ccccc1,7.3979400086720375,2
C[C@@H]1CN(c2ccc(C(=O)Nc3ccccc3N)cn2)C[C@H](C)N1,6.085656842880559,2
C[C@@H]1CN[C@@H](C)CN1c1ccc(C(=O)Nc2ccccc2N)cn1,6.235077015350111,2
C[C@@H]1N=C(c2ccccc2)c2cc(C#CCCCC(=O)NO)ccc2NC1=O,6.362709640966905,3
C[C@@H]1N=C(c2ccccc2)c2ccccc2N(CCCCC(=O)NO)C1=O,4.897223385116559,2
C[C@@H]1NC(=O)C(C)(C)NC(=O)[C@H](CCCCCSSc2ccccn2)NC(=O)[C@H]2CCCN2C1=O,7.526872146400301,4
C[C@@H]1NC(=O)C2(Cc3ccccc3C2)NC(=O)[C@H](CCCCCSSc2ccccn2)NC(=O)[C@H]2CCCN2C1=O,8.698970004336019,2
C[C@@H]1NC(=O)[C@@H](C)NC(=O)[C@H](CCCCCC(=O)[C@@H]2CO2)NC(=O)[C@H]2CCCN2C1=O,7.522878745280337,1
C[C@@H]1NC(=O)[C@@](C)(Cc2ccccc2)NC(=O)[C@H](CCCCCSSc2ccccn2)NC(=O)[C@H]2CCCN2C1=O,6.769551078621726,2
C[C@@H]1NC(=O)[C@@]2(CCc3ccccc32)NC(=O)[C@H](CCCCCSSc2ccccn2)NC(=O)[C@H]2CCCN2C1=O,8.568636235841012,2
C[C@@H]1NC(=O)[C@H](CCCCCC(=O)[C@@H]2CO2)NC(=O)[C@H]2CCCN2C(=O)[C@H](Cc2ccccc2)NC1=O,8.193820026016112,1
C[C@@H]1NC(=O)[C@H]2CCCCCSSCCCCC[C@H](NC(=O)[C@H]3CCCN3C1=O)C(=O)N2,7.891126463368603,2
C[C@@H]1NC(=O)[C@H]2CCCN2C(=O)[C@H](CCCCCC(=O)[C@@H]2CO2)NC(=O)[C@@H](C)NC1=O,6.366531544420413,1
C[C@@H]1NC(=O)[C@H]2CCOCCSSCCCCC[C@H](NC(=O)[C@H]3CCCN3C1=O)C(=O)N2,7.795880017344075,2
C[C@@H]1NC(=O)[C@](C)(Cc2ccccc2)NC(=O)[C@H](CCCCCSSc2ccccn2)NC(=O)[C@H]2CCCN2C1=O,8.431798275933005,2
C[C@@H]1NC(=O)[C@]2(CCc3ccccc32)NC(=O)[C@H](CCCCCSSc2ccccn2)NC(=O)[C@H]2CCCN2C1=O,7.443697499232712,2
C[C@@]1(Nc2ccc(C(=O)NO)cc2)CCN(c2ccc(Cl)cc2)C1=O,4.610833915635467,2
C[C@@]12CSC(=N1)c1csc(n1)CNC(=O)C[C@@H](/C=C/CCS)OC(=O)[C@H](CC(=O)O)NC2=O,7.4089353929735005,2
C[C@@]12CSC(=N1)c1csc(n1)CNC(=O)C[C@@H](/C=C/CCS)OC(=O)[C@H](CCCCNC(=O)O[C@@H]1CC/C=C/CCC1)NC2=O,8.721246399047171,1
C[C@@]12CSC(=N1)c1csc(n1)CNC(=O)C[C@@H](/C=C/CCS)OC(=O)[C@H](CCCN)NC2=O,8.481486060122112,2
C[C@@]12CSC(=N1)c1csc(n1)CNC(=O)C[C@@H](/C=C/CCS)OC(=O)[C@H](CCN)NC2=O,8.259637310505756,2
C[C@@]12CSC(=N1)c1csc(n1)CNC(=O)C[C@@H](/C=C/CCS)OC(=O)[C@H](Cc1c[nH]cn1)NC2=O,9.69897000433602,1
C[C@@]12CSC(=N1)c1csc(n1)CNC(=O)C[C@@H](/C=C/CCS)OC(=O)[C@H](Cc1ccc(O)cc1)NC2=O,9.67778070526608,2
C[C@@]12CSC(=N1)c1csc(n1)CNC(=O)C[C@@H](/C=C/CCS)OC(=O)[C@H](Cc1ccccc1)NC2=O,9.537602002101044,2
C[C@@]12CSC(=N1)c1csc(n1)CNC(=O)C[C@@H](/C=C/CCS)OC(=O)[C@H](Cc1cnc[nH]1)NC2=O,9.698970004336019,1
C[C@@]12Nc3ccccc3[C@]1(O)CCN2Cc1ccc(/C=C/C(=O)NO)cc1,6.853871964321762,2
C[C@@]12Nc3ccccc3[C@]1(O)CCN2Cc1ccc(/C=C/C(N)=O)cc1,6.013228265733755,2
C[C@H](/C=C/C=C/C(=O)NO)NC(=O)c1ccc(N(C)C)cc1,4.914103188868412,1
C[C@H](C(=O)Nc1ccc(C(=O)Nc2ccc(F)cc2N)cc1)c1ccccc1,5.494850021680094,2
C[C@H](C(=O)Nc1ccc(C(=O)Nc2ccc(F)cc2N)nc1)c1ccccc1,5.853871964321762,2
C[C@H](CCCCC(=O)NO)NC(=O)c1ccc(N(C)C)cc1,6.44490555142168,1
C[C@H](CN(C)Cc1ccccc1)NC(=O)c1ccc(-c2noc(C(F)(F)F)n2)cc1,5.537602002101044,1
C[C@H](CN1CCCCC1)NC(=O)c1ccc(-c2noc(C(F)(F)F)n2)cc1,5.183758700008217,1
C[C@H](CN1CCCCC1)NC(=O)c1ccc(-c2noc(C(F)(F)F)n2)cc1F,5.043351420794797,1
C[C@H](CN1CCC[C@@H]1C)NC(=O)c1ccc(-c2noc(C(F)(F)F)n2)cc1,4.847822320881967,3
C[C@H](CO)N1C[C@H](C)[C@H](CN(C)Cc2ccc(C(=O)Nc3ccccc3N)cc2)Oc2ccc(N(C)C)cc2CC1=O,7.161150909262744,2
C[C@H](C[C@@H](C)C(=O)c1ccc(N(C)C)cc1)C(=O)O,4.401537799525849,1
C[C@H](NC(=O)N1CCN(c2ccc(C(=O)Nc3ccccc3N)cn2)C[C@@H]1C)c1ccccc1,7.327902142064282,2
C[C@H](NC(=O)[C@H](CC(=O)NC(C)(C)C)NC(=O)c1ccc(C(=O)NO)cc1)C(=O)NCc1ccccc1,5.161150909262744,2
C[C@H](NC(=O)[C@H](CC(=O)NCC(C)(C)C)NC(=O)CCC(=O)Nc1ccc(C(=O)NO)cc1)C(=O)NCc1ccc(F)cc1F,7.659560412786594,2
C[C@H](NC(=O)[C@H](CC(=O)NCC(C)(C)C)NC(=O)CCCCCCC(=O)NO)C(=O)NCc1ccc(F)cc1F,6.79317412396815,2
C[C@H](NC(=O)[C@H](CC(=O)NCC(C)(C)C)NC(=O)c1c[nH]c2ccccc12)C(=O)NCc1ccc(F)cc1F,6.2636034977233574,2
C[C@H](NC(=O)[C@H](CC(=O)NCC(C)(C)C)NC(=O)c1ccc(/C=C/C(=O)NO)cc1)C(=O)NCc1ccc(F)cc1F,8.02204793888687,2
C[C@H](NC(=O)[C@H](CC(=O)NCC(C)(C)C)NC(=O)c1ccc(C(=O)NO)cc1)C(=O)NCc1ccc(F)cc1F,6.2541448048262716,2
C[C@H](NC(=O)[C@H](CC(=O)NCC(C)(C)C)NC(=O)c1ccc(C(=O)NO)cc1)C(=O)NCc1ccccc1,5.161150909262744,2
C[C@H](NC(=O)c1ccc(C(=O)C(F)(F)F)s1)c1ccccc1,5.284159418820801,6
C[C@H](NC(=O)c1nc(-c2nc3c(s2)CCCC3)sc1C1CC1)c1ccc(C(=O)NO)cc1,7.828591342682134,2
C[C@H](NC(=O)c1nc(-c2ncc(-c3ccc(F)cc3)s2)sc1C1CC1)c1ccc(C(=O)NO)cc1,8.581711362579675,2
C[C@H](NC(=O)c1nc(-c2ncc(-c3ccccc3)s2)sc1C1CC1)c1ccc(C(=O)NO)cc1,8.421120766999618,4
C[C@H](NC(=O)c1nc(-c2nccs2)sc1C1CC1)c1ccc(C(=O)NO)cc1,7.3876402591200705,2
C[C@H](Nc1ccccc1)c1ccc(C(=O)Nc2ccccc2N)cc1,5.619788758288394,2
C[C@H](Nc1nc(N)nc(N)c1C#N)c1nc2cccc(Cl)c2c(=O)n1Cc1ccc(C(=O)NO)s1,6.669586226650809,2
C[C@H](Nc1ncc(C(=O)NO)cn1)c1ccccc1,5.910942221106575,2
C[C@H](O)C(=O)CCCCCCC(=O)Nc1ccccc1,4.112945621949043,1
C[C@H](O)C(=O)CCCCC[C@@H]1NC(=O)[C@H]2CCCN2C(=O)[C@H](Cc2ccccc2)NC(=O)C(C)(C)NC1=O,6.481486060122112,2
C[C@H](O)C(=O)CCCCC[C@@H]1NC(=O)[C@H]2CCCN2C(=O)[C@H](Cc2ccccc2)NC(=O)[C@H](Cc2c[nH]c3ccccc23)NC1=O,7.071445224498551,3
C[C@H](c1ccc(C(=O)Nc2ccc(F)cc2N)cc1)n1nc(-c2ccc(CN(C)C)cc2)ccc1=O,6.425968732272281,1
C[C@H](c1ccc(C(=O)Nc2ccccc2N)cc1)n1nc(-c2ccc(CN(C)C)cc2)ccc1=O,7.14226565804329,3
C[C@H](c1ccc(C(=O)Nc2ccccc2N)cc1)n1nc(-c2ccccc2)ccc1=O,6.809668301829708,1
C[C@H](c1ccccc1)n1c(-c2cccc(/C=C/C(=O)NO)c2)nc2ccccc21,7.6020599913279625,2
C[C@H](c1nc2c(cnn2C2CCCC2)c(=O)[nH]1)N1CC(Cc2ccc(C(=O)Nc3ccccc3N)cc2)C1,7.00436480540245,2
C[C@H]1C=C2C=C[C@H](C)[C@H](CC[C@@H]3C[C@@H](O[Si](C)(C)C(C)(C)C)CC(=O)O3)[C@H]2[C@@H](OC(=O)NCCCCCCC(=O)NO)C1,6.913640169325252,3
C[C@H]1C=C2C=C[C@H](C)[C@H](CC[C@@H]3C[C@@H](O[Si](C)(C)C(C)(C)C)CC(=O)O3)[C@H]2[C@@H](OC(=O)NCc2ccc(-c3cn(CCCCCCC(=O)NO)nn3)cc2)C1,6.903785693344953,3
C[C@H]1C=C2C=C[C@H](C)[C@H](CC[C@@H]3C[C@@H](O[Si](C)(C)C(C)(C)C)CC(=O)O3)[C@H]2[C@@H](OC(=O)Nc2ccc(-c3cn(CCCCCCC(=O)NO)nn3)cc2)C1,6.798602875679549,3
C[C@H]1CCCN1C(=O)Nc1cc(-c2cccs2)ccc1N,7.301029995663981,1
C[C@H]1CN(Cc2ccc(/C=C/C(=O)NO)cc2)C[C@@H]1c1nc2c(cnn2C2CCOCC2)c(=O)[nH]1,6.860120913598763,2
C[C@H]1CN(Cc2ccc(C(=O)NO)cc2)C[C@@H]1c1nc2c(cnn2C2CCCC2)c(=O)[nH]1,6.226945306635738,2
C[C@H]1CN(S(=O)(=O)N(Cc2ccc(-c3nnc(C(F)F)o3)cn2)c2cccc(Cl)c2)CCN1C,7.537602002101044,1
C[C@H]1CN(S(=O)(=O)N(Cc2ccc(-c3nnc(C(F)F)o3)cn2)c2cccc(Cl)c2)CCN1C1COC1,7.769551078621726,1
C[C@H]1CN(c2ccc(C(=O)Nc3cc(-c4ccccc4)ccc3N)cn2)CCN1C(=O)OCc1ccccc1,7.229147988357855,2
C[C@H]1CN(c2ccc(C(=O)Nc3ccccc3N)cn2)CCN1,6.361510743045363,2
C[C@H]1CN(c2ccc(C(=O)Nc3ccccc3N)cn2)CCN1C(=O)NCCc1ccccc1,7.327902142064282,2
C[C@H]1CN(c2ccc(C(=O)Nc3ccccc3N)cn2)CCN1C(=O)NCc1ccccc1,7.4089353929735005,2
C[C@H]1CN(c2ccc(C(=O)Nc3ccccc3N)cn2)CCN1C(=O)Nc1ccccc1,7.1249387366083,2
C[C@H]1CN(c2ccc(C(=O)Nc3ccccc3N)cn2)CCN1C(=O)OC(C)(C)C,6.616184634019569,2
C[C@H]1CN(c2ccc(C(=O)Nc3ccccc3N)cn2)CCN1C(=O)OCc1ccccc1,7.119525024294552,4
C[C@H]1CN2Cc3ccccc3C[C@@H]2C(=O)N[C@@H](CCCCCSSc2ccccn2)C(=O)NC(C)(C)C(=O)N1,8.327902142064282,2
C[C@H]1COc2c(N3CCN(C)CC3)c(F)cc3c(=O)c(C(=O)NCC4CN(CC(=O)NO)N=N4)cn1c23,7.537602002101044,2
C[C@H]1COc2c(N3CCN(C)CC3)c(F)cc3c(=O)c(C(=O)NCC4CN(CCCCCCC(=O)NO)N=N4)cn1c23,7.537602002101044,2
C[C@H]1COc2c(N3CCN(C)CC3)c(F)cc3c(=O)c(C(=O)NCc4cn(CCCCCC(=O)NO)nn4)cn1c23,7.3170449950083905,3
C[C@H]1COc2c(N3CCN(C)CC3)c(F)cc3c(=O)c(C(=O)NCc4cn(CCCCCCC(=O)NO)nn4)cn1c23,7.557627531124621,7
C[C@H]1COc2c(N3CCN(C)CC3)c(F)cc3c(=O)c(C(=O)NCc4cn(CCCCCCCC(=O)NO)nn4)cn1c23,7.506071170677487,3
C[C@H]1COc2c(N3CCN(C)CC3)c(F)cc3c(=O)c(C(=O)OCc4cn(CCCCCC(=O)NO)nn4)cn1c23,7.30921939282756,3
C[C@H]1COc2c(N3CCN(C)CC3)c(F)cc3c(=O)c(C(=O)OCc4cn(CCCCCCC(=O)NO)nn4)cn1c23,7.341877033288142,3
C[C@H]1COc2c(N3CCN(C)CC3)c(F)cc3c(=O)c(C(=O)OCc4cn(CCCCCCCC(=O)NO)nn4)cn1c23,7.21457134222284,3
C[C@H]1Sc2ccc(C(=O)NO)cc2NC1=O,4.560667306169737,2
C[C@H]1[C@H](C)CC[C@]2(C)CC[C@]3(C)C(=CC(=O)[C@@H]4[C@@]5(C)CC[C@@H](O)[C@](C)(NC(=O)CCCC(=O)NO)[C@@H]5CC[C@]43C)[C@H]12,5.221848749616356,1
C[C@H]1[C@H](C)CC[C@]2(C)CC[C@]3(C)C(=CC(=O)[C@@H]4[C@@]5(C)CC[C@@H](O)[C@](C)(NC(=O)CCCCC(=O)NO)[C@@H]5CC[C@]43C)[C@H]12,4.376750709602099,1
C[C@H]1[C@H](C)CC[C@]2(C)CC[C@]3(C)C(=CC(=O)[C@@H]4[C@@]5(C)CC[C@@H](O)[C@](C)(NC(=O)CCCCCCCC(=O)NO)[C@@H]5CC[C@]43C)[C@H]12,4.318758762624412,1
C[C@H]1[C@H](C)CC[C@]2(C)CC[C@]3(C)C(=CC[C@@H]4[C@@]5(C)CC[C@@H](O)[C@](C)(NC(=O)CCCC(=O)NO)[C@@H]5CC[C@]43C)[C@H]12,4.468521082957745,1
C[C@H]1[C@H](C)CC[C@]2(C)CC[C@]3(C)C(=CC[C@@H]4[C@@]5(C)CC[C@@H](O)[C@](C)(NC(=O)CCCCCCC(=O)NO)[C@@H]5CC[C@]43C)[C@H]12,4.522878745280337,1
C[C@]1(Nc2ccc(C(=O)NO)cc2)CCN(c2ccc(Cl)cc2)C1=O,4.130181792020672,2
C[C@]12CC[C@@H]3c4ccc(O)cc4CC[C@H]3[C@@H]1CC[C@@]2(O)c1cn(CCCC(=O)NO)nn1,7.823908740944319,2
C[C@]12CC[C@@H]3c4ccc(O)cc4CC[C@H]3[C@@H]1CC[C@@]2(O)c1cn(CCCCC(=O)NO)nn1,7.110924374808178,4
C[C@]12CC[C@@H]3c4ccc(O)cc4CC[C@H]3[C@@H]1CC[C@@]2(O)c1cn(CCCCCC(=O)NO)nn1,7.1249387366083,2
C[C@]12CC[C@@H]3c4ccc(O)cc4CC[C@H]3[C@@H]1CC[C@@]2(O)c1cn(CCCCCCC(=O)NO)nn1,7.33889035263304,4
C[C@]12CC[C@@H]3c4ccc(O)cc4CC[C@H]3[C@@H]1CC[C@@]2(O)c1cn(CCCCCCCC(=O)NO)nn1,6.299299729609228,4
C[S+]([O-])c1ccccc1C(=O)NCCCC[C@H](NC(=O)c1cncs1)c1ncc(-c2ccc3ccccc3c2)[nH]1,4.6020599913279625,1
C[Si](O)(O)CCCCCCC(=O)Nc1ccccc1,5.7863737404327935,6
C[Si]1(C)CCC(NCc2ccc(-c3noc(C(F)(F)F)n3)cn2)CC1,5.920818753952375,1
Cc1[nH]c(/C=C2\C(=O)Nc3ccc(F)cc32)c(C)c1C(=O)NCCC(=O)NO,7.0,1
Cc1[nH]c(/C=C2\C(=O)Nc3ccc(F)cc32)c(C)c1C(=O)NCCCC(=O)NO,6.0,1
Cc1[nH]c(/C=C2\C(=O)Nc3ccc(F)cc32)c(C)c1C(=O)NCCCCCC(=O)NO,7.0,1
Cc1[nH]c(/C=C2\C(=O)Nc3ccc(F)cc32)c(C)c1C(=O)NCCOc1ccc(/C=C/C(=O)NO)cc1,7.0,1
Cc1[nH]c(/C=C2\C(=O)Nc3ccc(F)cc32)c(C)c1C(=O)NCCOc1ccc(C(=O)NO)cc1,7.0,1
Cc1[nH]c(C(=O)Nc2cc(S(=O)(=O)N3CCOCC3)ccc2OCCCCCCCC(=O)NO)c2c1C(=O)CCCC2,6.787812395596042,2
Cc1[nH]c2c(C(=O)NCCCCCC(=O)Nc3ccccc3N)cccc2c1C,6.684029654543082,1
Cc1[nH]c2cc(C(=O)NCCCCCC(=O)Nc3ccccc3N)ccc2c1C,6.696803942579511,1
Cc1[nH]c2cc(O)ccc2c1CCNCc1ccc(/C=C/C(N)=O)cc1,5.337242168318426,2
Cc1[nH]c2ccc(C(=O)NCCCCCC(=O)Nc3ccccc3N)cc2c1C,6.568636235841012,1
Cc1[nH]c2ccc(N3CCOCC3)cc2c1C1CCCN(Cc2ccc(/C=C/C(=O)NO)cc2)C1,8.154901959985743,2
Cc1[nH]c2ccccc2c1/C=C/c1ccccc1-c1ccc(/C=C/C(=O)NO)cc1,5.388235311828623,4
Cc1[nH]c2ccccc2c1C1=CCC(NCc2ccc(OCC(=O)NO)cc2F)CC1,8.795880017344075,2
Cc1[nH]c2ccccc2c1C1CCCN(Cc2ccc(/C=C/C(=O)NO)cc2)C1,8.261439372640169,4
Cc1[nH]c2ccccc2c1C1CCN(Cc2ccc(/C=C/C(=O)NO)cc2)C1,8.55284196865778,2
Cc1[nH]c2ccccc2c1CC(=O)N1CCC(N(c2ccccc2)c2ncc(C(=O)Nc3cc(-c4ccccc4)ccc3N)cn2)CC1,7.130768280269024,1
Cc1[nH]c2ccccc2c1CC(=O)N1Cc2ccc(/C=C/C(=O)NO)cc2C1,7.698970004336019,2
Cc1[nH]c2ccccc2c1CC(=O)NOCc1ccc(/C=C/C(=O)NO)cc1,5.7637680516965055,2
Cc1[nH]c2ccccc2c1CC1CCCCN1Cc1ccc(/C=C/C(=O)NO)cc1,7.619788758288394,2
Cc1[nH]c2ccccc2c1CCN(C(C)C)S(=O)(=O)c1ccc(/C=C/C(=O)NO)cc1,8.036212172654444,1
Cc1[nH]c2ccccc2c1CCN(C)S(=O)(=O)c1ccc(/C=C/C(=O)NO)cc1,7.324221658325915,1
Cc1[nH]c2ccccc2c1CCN(CCC(F)F)Cc1ccc(/C=C/C(=O)NO)cc1,6.886056647693163,2
Cc1[nH]c2ccccc2c1CCN(CCF)Cc1ccc(/C=C/C(=O)NO)cc1,7.886056647693163,2
Cc1[nH]c2ccccc2c1CCN(Cc1ccc(/C=C/C(=O)NO)cc1)CC(F)F,6.920818753952375,2
Cc1[nH]c2ccccc2c1CCN1CCCC1c1ccc(/C=C/C(=O)NO)cc1,8.522878745280337,2
Cc1[nH]c2ccccc2c1CCN1CCc2cc(/C=C/C(=O)NO)ccc2C1,7.3872161432802645,2
Cc1[nH]c2ccccc2c1CCN1CCc2ccc(/C=C/C(=O)NO)cc2C1,7.886056647693163,2
Cc1[nH]c2ccccc2c1CCN1CCc2ccc(/C=C/C(=O)NO)cc2CC1,7.119186407719209,2
Cc1[nH]c2ccccc2c1CCN1Cc2ccc(/C=C/C(=O)NO)cc2C1,7.576831443935097,4
Cc1[nH]c2ccccc2c1CCNCc1ccc(/C=C/C(=O)NN(C)C)cc1.O=C(O)C(F)(F)F,4.958607314841775,1
Cc1[nH]c2ccccc2c1CCNCc1ccc(/C=C/C(=O)NN2CCCC2)cc1.O=C(O)C(F)(F)F,5.06555205105103,1
Cc1[nH]c2ccccc2c1CCNCc1ccc(/C=C/C(=O)NNCCC#N)cc1.O=C(O)C(F)(F)F,7.235674394374016,1
Cc1[nH]c2ccccc2c1CCNCc1ccc(/C=C/C(=O)NNCCN)cc1.O=C(O)C(F)(F)F,5.006916639301938,1
Cc1[nH]c2ccccc2c1CCNCc1ccc(/C=C/C(=O)NO)cc1,8.284937526646623,68
Cc1[nH]c2ccccc2c1CCNCc1ccc(/C=C/C(N)=O)cc1,4.958607314841775,2
Cc1[nH]c2ccccc2c1CCNCc1ccc(/C=C/CNO)cc1.Cl,8.1249387366083,1
Cc1[nH]c2ccccc2c1CCNCc1ccc(C=CC(=O)NN(C)C)cc1,4.958607314841775,1
Cc1[nH]c2ccccc2c1CCNCc1ccc(C=CC(=O)NN2CCCC2)cc1,5.06555205105103,1
Cc1[nH]c2ccccc2c1CCNCc1ccc(C=CC(=O)NNCCC#N)cc1,7.236572006437063,1
Cc1[nH]c2ccccc2c1CCNCc1ccc(C=CC(=O)NNCCN)cc1,5.006916639301938,1
Cc1[nH]c2ccccc2c1CCNCc1cccc(/C=C/C(=O)NO)c1.Cl,8.97469413473523,1
Cc1[nH]c2ccccc2c1CCNCc1cccc(C=CC(=O)NO)c1,8.958607314841775,1
Cc1[nH]c2ccccc2c1CCNS(=O)(=O)c1ccc(/C=C/C(=O)NO)cc1,8.378384809149344,3
Cc1[nH]c2ccccc2c1CCNS(=O)(=O)c1ccc(C(=O)NO)cc1,6.112495225764622,1
Cc1[nH]c2ccccc2c1CCNS(=O)(=O)c1cccc(/C=C/C(=O)NO)c1,8.102372908709558,1
Cc1[nH]c2cncnc2c1CCNCc1ccc(/C=C/C(=O)NO)cc1,7.508638306165727,1
Cc1[nH]c2cncnc2c1CCNCc1ccc(C=CC(=O)NO)cc1,7.508638306165727,1
Cc1[nH]c2nccnc2c1CCNCc1ccc(/C=C/C(=O)NO)cc1,8.096910013008056,1
Cc1[nH]c2nccnc2c1CCNCc1ccc(C=CC(=O)NO)cc1,8.096910013008056,1
Cc1[nH]ncc1-c1ccc(C2(C(=O)Nc3ccc(C(=O)NO)cc3)CCCC2)cc1,8.301029995663981,2
Cc1c(-c2ccccc2)nc(-c2cccc(/C=C/C(=O)NO)c2)n1CCN1CCOCC1,8.0,2
Cc1c(-c2ccccc2)nc(-c2cccc(/C=C/C(=O)NO)c2)n1CCc1ccccc1,8.301029995663981,2
Cc1c(-c2ccccc2)nc(-c2cccc(/C=C/C(=O)NO)c2)n1[C@@H]1CCCN(C(C)C)C1,8.301029995663981,2
Cc1c(-c2ccccc2)nc(-c2cccc(/C=C/C(=O)NO)c2)n1[C@@H]1CCCN(C)C1,8.301029995663981,2
Cc1c(C(=O)NCCCCCC(=O)Nc2ccccc2N)[nH]c2ccccc12,6.430626090384954,1
Cc1c(C(=O)NCCCCCCC(=O)NO)oc2ccccc12,7.903089986991944,1
Cc1c(C)n(Cc2ccc(C(=O)NO)cc2)c2ccccc12,5.371206639094571,3
Cc1c(CCNS(=O)(=O)c2ccc(/C=C/C(=O)NO)cc2)c2ccccc2n1C,8.481486060122112,1
Cc1c(CCNS(=O)(=O)c2ccc(/C=C/C=C/C(=O)NO)cc2)c2ccccc2n1C,8.468521082957745,1
Cc1c(CN(C)C)c2ccccc2n1Cc1ccc(/C=C/C(=O)NO)cc1,5.671620396561263,2
Cc1c(CN(C)C)c2ccccc2n1Cc1ccc(C(=O)NO)cc1,5.011887159731648,2
Cc1c(CN(C)C)c2ccccc2n1S(=O)(=O)c1ccc(/C=C/C(=O)NO)cc1,5.396855627379818,2
Cc1c(CN(C)C)c2ccccc2n1S(=O)(=O)c1cccc(/C=C/C(=O)NO)c1,5.732828271596986,2
Cc1c(CN)c2ccccc2n1-c1ccc(C(=O)NO)cc1,5.510041520575165,1
Cc1c(CN)c2ccccc2n1Cc1ccc(C(=O)NO)cc1,5.510041520575165,1
Cc1c(CNCc2ccc(C(=O)Nc3cc(-c4ccccc4)ccc3N)cc2)cnn1C,7.886056647693163,2
Cc1c(CNc2ccc(C(=O)Nc3cc(-c4ccccc4)ccc3N)cc2)cnn1C,7.886056647693163,1
Cc1c(COc2ccc(CN(C)CCCC(=O)NO)c(F)c2)cccc1-c1ccccc1,5.304518323509802,2
Cc1c(COc2ccc(CN(C)CCCCC(=O)NO)c(F)c2)cccc1-c1ccccc1,5.1791420105603,2
Cc1c(COc2ccc(CNCCCCCC(=O)NO)c(F)c2)cccc1-c1ccc2c(c1)OCCO2,6.060480747381382,2
Cc1c(COc2ccc(CNCCCCCC(=O)NO)c(F)c2)cccc1-c1ccccc1,5.175874166083451,2
Cc1c(COc2ccc(CNCCCCCC(=O)NO)c(OCc3cccc(C#N)c3)c2)cccc1-c1ccccc1,5.447331783887806,2
Cc1c(COc2ccc(CNCCCCCCC(=O)NO)c(F)c2)cccc1-c1ccc2c(c1)OCCO2,6.251811972993799,2
Cc1c(COc2ccc(CNCCCCCCC(=O)NO)c(F)c2)cccc1-c1ccccc1,5.411168274405792,2
Cc1c(COc2ccc(CNCCCCCCC(=O)NO)c(OCc3cccc(C#N)c3)c2)cccc1-c1ccccc1,5.671620396561263,2
Cc1c(Cc2ccccc2)nc(-c2cccc(/C=C/C(=O)NO)c2)n1CCN1CCOCC1,7.920818753952375,2
Cc1c(Cc2ccccc2)nc(-c2cccc(/C=C/C(=O)NO)c2)n1CCc1ccccc1,8.102372908709558,2
Cc1c(Cc2ccccc2)nc(-c2cccc(/C=C/C(=O)NO)c2)n1[C@@H]1CCCN(C)C1,8.200659450546418,2
Cc1c(F)c(N)cc(C(=O)Nc2cc(-c3ccc(C(=O)NCCCC(=O)NO)cc3)ccc2N2CCN(C)CC2)c1Cl,6.4935813876474135,2
Cc1c(F)c(N)cc(C(=O)Nc2cc(-c3ccc(C(=O)NCCCCC(=O)NO)cc3)ccc2N2CCN(C)CC2)c1Cl,7.041378571046267,2
Cc1c(F)c(N)cc(C(=O)Nc2cc(-c3ccc(C(=O)NCCCCCC(=O)NO)cc3)ccc2N2CCN(C)CC2)c1Cl,8.212198270069774,2
Cc1c(F)c(N)cc(C(=O)Nc2cc(-c3ccc(C(=O)NCCCCCCC(=O)NO)cc3)ccc2N2CCN(C)CC2)c1Cl,8.1345120151091,2
Cc1c(F)c(N)cc(C(=O)Nc2cc(-c3ccc(C(=O)NCCCCCCCC(=O)NO)cc3)ccc2N2CCN(C)CC2)c1Cl,8.619186407719209,2
Cc1c(F)c(N)cc(C(=O)Nc2cc(-c3ccc(C(=O)NCc4ccc(/C=C/C(=O)NO)cc4)cc3)ccc2N2CCN(C)CC2)c1Cl,7.897940008672037,2
Cc1c(F)c(N)cc(C(=O)Nc2cc(-c3ccc(NC(=O)CCCC(=O)NO)cc3)ccc2N2CCN(C)CC2)c1Cl,7.005854329046256,2
Cc1c(F)c(N)cc(C(=O)Nc2cc(-c3ccc(NC(=O)CCCCC(=O)NO)cc3)ccc2N2CCN(C)CC2)c1Cl,7.5467236633326955,2
Cc1c(F)c(N)cc(C(=O)Nc2cc(-c3ccc(NC(=O)CCCCCC(=O)NO)cc3)ccc2N2CCN(C)CC2)c1Cl,8.994850021680094,2
Cc1c(F)c(N)cc(C(=O)Nc2cc(-c3ccc(NC(=O)CCCCCCC(=O)NO)cc3)ccc2N2CCN(C)CC2)c1Cl,9.008638306165729,2
Cc1c(F)c(N)cc(C(=O)Nc2cc(-c3ccc(NC(=O)CCCCCCCC(=O)NO)cc3)ccc2N2CCN(C)CC2)c1Cl,8.619186407719209,2
Cc1c(F)c(N)cc(C(=O)Nc2cc(-c3ccc(NC(=O)CCc4ccc(/C=C/C(=O)NO)cc4)cc3)ccc2N2CCN(C)CC2)c1Cl,7.5338582672609675,2
Cc1c(F)c(N)cc(C(=O)Nc2cc(-c3ccc(NC(=O)Cc4ccc(/C=C/C(=O)NO)cc4)cc3)ccc2N2CCN(C)CC2)c1Cl,7.580398976215889,2
Cc1c(F)c(N)cc(C(=O)Nc2cc(-c3ccc(NC(=O)Cc4ccc(C(=O)NO)cc4)cc3)ccc2N2CCN(C)CC2)c1Cl,8.48296666070122,2
Cc1c(F)c(N)cc(C(=O)Nc2cc(-c3ccc(NC(=O)c4ccc(/C=C/C(=O)NO)cc4)cc3)ccc2N2CCN(C)CC2)c1Cl,6.655523268681291,2
Cc1c(F)c(N)cc(C(=O)Nc2cc(-c3ccc(NC(=O)c4ccc(CC(=O)NO)cc4)cc3)ccc2N2CCN(C)CC2)c1Cl,7.386056647693163,2
Cc1c(F)cc(C(=O)NO)cc1F,4.859743430322584,2
Cc1c(N)cccc1-c1cc(C(=O)NCc2ccc(C(=O)NO)cc2)ccn1,7.494850021680094,2
Cc1c(N)cccc1-c1cn(-c2ccc(NC(=O)CCCCC(=O)NO)cc2)c2ccc(C#N)cc12,6.649558186703441,2
Cc1c(N)cccc1-c1cn(-c2ccc(NC(=O)CCCCCCC(=O)NO)cc2)c2ccc(C#N)cc12,7.442494464349773,2
Cc1c(N)cccc1-c1cn(-c2ccc(NC(=O)CCc3ccc(C(=O)NO)cc3)cc2)c2ccc(C#N)cc12,7.847754736113256,2
Cc1c(N)cccc1-c1cn(-c2ccc(NC(=O)Cc3ccc(C(=O)NO)cc3)cc2)c2ccc(C#N)cc12,6.506193677493184,2
Cc1c(N)cccc1-c1cn(-c2ccc(OCCCC(=O)NO)cc2)c2ccc(C#N)cc12,6.232028284939746,2
Cc1c(N)cccc1-c1cn(-c2ccc(OCCCCC(=O)NO)cc2)c2ccc(C#N)cc12,6.943476443302238,2
Cc1c(N)cccc1-c1cn(-c2ccc(OCCCCCC(=O)NO)cc2)c2ccc(C#N)cc12,6.531652669587842,2
Cc1c(N)cccc1-c1cn(-c2ccc(OCCCCCCC(=O)NO)cc2)c2ccc(C#N)cc12,7.768277484114786,2
Cc1c(N)cccc1-c1cn(CC(=O)NCc2ccc(C(=O)NO)cc2)c2ccc(C#N)cc12,6.97061622231479,2
Cc1c(N)cccc1-c1cn(CCCCC(=O)NO)c2ccc(C#N)cc12,7.285673477368994,2
Cc1c(N)cccc1-c1cn(CCCCCC(=O)NO)c2ccc(C#N)cc12,8.4089353929735,2
Cc1c(N)cccc1-c1cn(CCCCCC(=O)NO)c2ncc(C#N)cc12,8.698970004336019,2
Cc1c(N)cccc1-c1cn(CCCCCCC(=O)NO)c2ccc(C#N)cc12,8.853871964321762,2
Cc1c(N)cccc1-c1cn(CCCCCCC(=O)NO)c2ncc(C#N)cc12,8.853871964321762,2
Cc1c(N)cccc1-c1cn(Cc2ccc(/C=C/C(=O)NO)cc2)c2ccc(C#N)cc12,7.958607314841775,2
Cc1c(N)cccc1-c1cn(Cc2ccc(C(=O)NO)cc2)c2ccc(C#N)cc12,7.920818753952375,2
Cc1c(N2CCC(NCc3ccc(/C=C/C(=O)NO)cc3)CC2)ncc(-c2ccc(OCC(C)(C)O)c(O)c2)c1-c1ccc(C#N)c(F)c1,8.600326278518962,1
Cc1c(NC(=O)CN2C(=O)S/C(=C\c3ccc(Br)cc3)C2=O)c(=O)n(-c2ccccc2)n1C,6.339134521996131,2
Cc1c(NC(=O)NCCN2C(=O)S/C(=C\c3ccc([N+](=O)[O-])cc3)C2=O)c(=O)n(-c2ccccc2)n1C,6.795880017344075,2
Cc1c(O)c(O)c(O)c(C=O)c1-c1cc2c(C=O)c(C)c(O)c(O)c2o1,4.9516144917333875,2
Cc1c(O)c(O)c2c(c1C=O)[C@@H]1O[C@H](O2)c2c(C)c(O)c(O)c(O)c2C1=O,5.037137736531968,2
Cc1c2c(c(C(=O)Nc3cc(S(=O)(=O)N4CCOCC4)ccc3OCCCCCCCC(=O)NO)n1C)CCCCC2=O,6.481486060122112,2
Cc1c2c(n(Cc3ccc(C(=O)NO)cc3)c1C)CC(C)(C)CC2=O,5.291579099865287,2
Cc1c2c(n(Cc3ccc(C(=O)NO)cc3)c1C)CCCC2=O,5.549750891680639,2
Cc1c2ccc(N(C)c3ccnc(Nc4ccc(/C=C/C(=O)NO)cc4)n3)cc2nn1C,5.853871964321762,1
Cc1c2ccc(N(C)c3ccnc(Nc4ccc(C(=O)NCCCC(=O)NO)cc4)n3)cc2nn1C,4.703334809738469,1
Cc1c2ccc(N(C)c3ccnc(Nc4ccc(C(=O)NCCCC(=O)Nc5ccccc5N)cc4)n3)cc2nn1C,4.721246399047171,1
Cc1c2ccc(N(C)c3ccnc(Nc4ccc(C(=O)NCCCCC(=O)NO)cc4)n3)cc2nn1C,6.167491087293763,1
Cc1c2ccc(N(C)c3ccnc(Nc4ccc(C(=O)NCCCCC(=O)Nc5ccccc5N)cc4)n3)cc2nn1C,4.82102305270683,1
Cc1c2ccc(N(C)c3ccnc(Nc4ccc(C(=O)NCCCCCC(=O)NO)cc4)n3)cc2nn1C,7.769551078621726,1
Cc1c2ccc(N(C)c3ccnc(Nc4ccc(C(=O)NCCCCCC(=O)Nc5ccccc5N)cc4)n3)cc2nn1C,5.522878745280337,1
Cc1c2ccc(N(C)c3ccnc(Nc4ccc(C(=O)NCCCCCCC(=O)NO)cc4)n3)cc2nn1C,8.481486060122112,1
Cc1c2ccc(N(C)c3ccnc(Nc4ccc(C(=O)NCCCCCCC(=O)Nc5ccccc5N)cc4)n3)cc2nn1C,5.301029995663981,1
Cc1c2ccc(N(C)c3ccnc(Nc4ccc(C(=O)NCCCCCCCC(=O)NO)cc4)n3)cc2nn1C,7.6020599913279625,1
Cc1c2ccc(N(C)c3ccnc(Nc4ccc(C(=O)NCCCCCCCC(=O)Nc5ccccc5N)cc4)n3)cc2nn1C,5.5772583452708355,3
Cc1c2ccc(N(C)c3ccnc(Nc4ccc(C(=O)NO)cc4)n3)cc2nn1C,4.94692155651658,1
Cc1c2ccc(N(C)c3ccnc(Nc4ccc(C(=O)Nc5ccccc5N)cc4)n3)cc2nn1C,5.931846048344712,3
Cc1c2ccc(N(C)c3ccnc(Nc4ccc(NC(=O)CCCCCCC(=O)NO)cc4)n3)cc2nn1C,6.920818753952375,2
Cc1c2ccc(N(C)c3ccnc(Nc4cccc(/C=C/C(=O)NO)c4)n3)cc2nn1C,5.522878745280337,1
Cc1c2ccc(N(C)c3ccnc(Nc4cccc(C(=O)NCCCCCC(=O)NO)c4)n3)cc2nn1C,6.7447274948966935,1
Cc1c2ccc(N(C)c3ccnc(Nc4cccc(C(=O)Nc5ccccc5N)c4)n3)cc2nn1C,4.671620396561262,1
Cc1c2ccc(Nc3ccnc(Nc4ccc(NC(=O)CCCCCCC(=O)NO)cc4)n3)cc2nn1C,6.920818753952375,2
Cc1c2ccc(Nc3ccnc(Nc4ccc(OCCCCCCC(=O)NO)cc4)n3)cc2nn1C,6.619788758288394,2
Cc1c[nH]nc1Nc1nc(Cl)nc2c1ncn2Cc1ccc(C(=O)Nc2ccccc2N)cc1,6.782516055786093,1
Cc1cc(-c2ccc(F)cc2)n(Cc2ccc(C(=O)NO)cc2)n1,5.743602193010929,3
Cc1cc(-c2ccc(F)cc2)nn1Cc1ccc(C(=O)NO)cc1,6.678485844640288,3
Cc1cc(-c2ccc3c(c2)OCO3)n(Cc2ccc(C(=O)NO)cc2)n1,6.842981035394967,3
Cc1cc(-c2ccc3c(c2)OCO3)nn1Cc1ccc(C(=O)NO)cc1,7.778829176528281,3
Cc1cc(-c2nc3sc4c(c3c(=O)[nH]2)CCN(C)C4)cc(C)c1OCCCCCC(=O)NO,7.337242168318426,2
Cc1cc(/C=C/C(=O)NO)ccc1/C=C1/C(=O)NCC(=O)N1C,6.518478553472033,2
Cc1cc(/C=C/C(=O)Nc2ccccc2N)on1,4.823908740944319,2
Cc1cc(/C=C/C(=O)c2ccc(NC(=O)c3ccc(CN4C(=O)c5ccccc5C4=O)cc3)cc2)cc(C)c1C,6.657577319177793,2
Cc1cc(/C=C2/C(=O)NCC(=O)N2C)ccc1/C=C/C(=O)NO,6.851058273681192,2
Cc1cc(=O)[nH]c(SCC(=O)c2ccc(Cl)cc2)n1,4.08460016478773,2
Cc1cc(C(=O)CCCCC[C@H](N)c2nc(-c3ccccc3F)c[nH]2)no1,8.050609993355087,1
Cc1cc(C(=O)CCCCC[C@H](NC(=O)C2CN(C)C2)c2nc(-c3ccccc3F)c[nH]2)no1,9.795880017344077,1
Cc1cc(C(=O)CCCCC[C@H](NC(=O)C2CN(C)C2)c2ncc(-c3ccccc3F)[nH]2)no1,9.795880017344075,2
Cc1cc(C(=O)CCCCC[C@H](NC(=O)CN(C)C)c2nc(-c3ccccc3F)c[nH]2)no1,9.744727494896694,1
Cc1cc(C(=O)NCCCCCCS)n[nH]1,6.145693958198919,1
Cc1cc(C(=O)Nc2cccc(F)c2)nn1Cc1ccc(C(=O)NO)cc1,6.485452247339714,2
Cc1cc(C(=O)Nc2ccccc2)nn1Cc1ccc(C(=O)NO)cc1,6.006123085058789,2
Cc1cc(C(=O)Nc2ccccc2F)nn1Cc1ccc(C(=O)NO)cc1,6.014573525916998,2
Cc1cc(C(C)(C)Nc2ncc(C(=O)NO)cn2)ccc1F,6.223298816011589,1
Cc1cc(C(C)Nc2ncc(-c3noc(C(F)(F)F)n3)cn2)ccn1,5.795880017344075,1
Cc1cc(C(F)(F)F)cc(C2(Nc3ncc(C(=O)NO)cn3)CC2)c1,7.1938200260161125,1
Cc1cc(C)c(/C=C2\C(=O)Nc3ccc(NC(=O)CCCCCCC(=O)NO)cc32)[nH]1,6.3535962737769305,1
Cc1cc(C)c(CNC(=O)c2cc(-c3ccc(N4CCN(C(=O)CCCC(=O)NO)CC4)nc3)cc3c2cnn3C(C)C)c(=O)[nH]1,5.47755576649368,2
Cc1cc(C)c(CNC(=O)c2cc(-c3ccc(N4CCN(C(=O)CCCCC(=O)NO)CC4)nc3)cc3c2cnn3C(C)C)c(=O)[nH]1,5.121478204498794,2
Cc1cc(C)c(CNC(=O)c2cc(-c3ccc(N4CCN(C(=O)CCCCCC(=O)NO)CC4)nc3)cc3c2cnn3C(C)C)c(=O)[nH]1,5.542118103266008,2
Cc1cc(C)c(CNC(=O)c2cc(-c3ccc(N4CCN(C(=O)CCCCCCC(=O)NO)CC4)nc3)cc3c2cnn3C(C)C)c(=O)[nH]1,6.026872146400301,2
Cc1cc(C)c(CNC(=O)c2cc(-c3ccc(N4CCN(CCCCC(=O)NO)CC4)nc3)cc3c2cnn3C(C)C)c(=O)[nH]1,5.0851281824599495,2
Cc1cc(C)c(CNC(=O)c2cc(-c3ccc(N4CCN(CCCCCCC(=O)NO)CC4)nc3)cc3c2cnn3C(C)C)c(=O)[nH]1,5.2564902352715706,2
Cc1cc(C)c(CNC(=O)c2cc(-c3ccc(N4CCN(CCCCCCCC(=O)NO)CC4)nc3)cc3c2cnn3C(C)C)c(=O)[nH]1,6.1249387366083,2
Cc1cc(C)c(CNC(=O)c2cc(-c3ccc(N4CCN(CCCCCCCCC(=O)NO)CC4)nc3)cc3c2cnn3C(C)C)c(=O)[nH]1,6.154901959985743,2
Cc1cc(C)c(CNC(=O)c2cc(-c3ccc(N4CCN(CCCCCCCCCC(=O)NO)CC4)nc3)cc3c2cnn3C(C)C)c(=O)[nH]1,5.220403508742176,2
Cc1cc(C)c(CNC(=O)c2cc(-c3ccc(N4CCN(Cc5ccc(NC(=O)CCCCCCC(=O)NO)cc5)CC4)nc3)cc3c2cnn3C(C)C)c(=O)[nH]1,5.8124792791635365,2
Cc1cc(C)c(CNC(=O)c2cc(-c3ccc(N4CCN(c5ncc(C(=O)NO)cn5)CC4)nc3)cc3c2cnn3C(C)C)c(=O)[nH]1,6.920818753952375,4
Cc1cc(C)c(CNC(=O)c2cc(-c3ccc(NC(=O)CCCCCC(=O)NO)cc3)cc3c2cnn3C(C)C)c(=O)[nH]1,6.1938200260161125,2
Cc1cc(C)c(CNC(=O)c2cc(-c3ccc(NC(=O)CCCCCCC(=O)NO)cc3)cc3c2cnn3C(C)C)c(=O)[nH]1,6.494850021680094,2
Cc1cc(C)c(CNC(=O)c2cc(C)n(-c3cccc(NC(=O)CCCCCCC(=O)NO)c3)c2C)c(=O)[nH]1,6.366531544420413,4
Cc1cc(C)c(CNC(=O)c2cnn(-c3cccc(NC(=O)CCCCCCC(=O)NO)c3)c2C)c(=O)[nH]1,6.080921907623926,4
Cc1cc(C)c(NC(=O)C(Cc2c[nH]c3ccccc23)NC(=O)c2ccc(/C=C/C(=O)NO)cc2)c(C)c1,7.337242168318426,1
Cc1cc(C)c(NC(=O)NOCc2ccc(/C=C/C(=O)NO)cc2)c(C)c1,5.507941210912222,2
Cc1cc(C)c(NC(=O)[C@H](Cc2c[nH]c3ccccc23)NC(=O)/C=C/c2ccc(C(=O)NO)cc2)c(C)c1,7.653647025549361,1
Cc1cc(C)c2c3c(n(Cc4ccc(C(=O)NO)cc4)c2c1)CCN(C)C3,4.987162775294828,2
Cc1cc(C)cc(C(=O)N(CC(=O)N(C)C)Cc2ccc(C(=O)NO)cc2)c1,5.096910013008056,2
Cc1cc(C)cc(C(=O)N(CC(=O)N2CCCCC2)Cc2ccc(C(=O)NO)cc2)c1,5.392544976785331,2
Cc1cc(C)cc(C(=O)N(CC(=O)NC(C)(C)C)Cc2ccc(C(=O)NO)cc2F)c1,6.24184537803261,2
Cc1cc(C)cc(C(=O)N(CC(=O)NC2CCCCC2)Cc2ccc(C(=O)NO)cc2)c1,6.586218444372638,4
Cc1cc(C)cc(C(=O)N(CC(=O)NC2CCCCC2)Cc2ccc(C(=O)NO)cc2F)c1,6.508638306165727,2
Cc1cc(C)cc(C(=O)N(CC(=O)NCc2ccccc2)Cc2ccc(C(=O)NO)cc2F)c1,7.113509274827518,2
Cc1cc(C)cc(C(=O)N(CC(=O)NCc2ccccc2)Cc2ccc(C(=O)Nc3cc(-c4ccccc4)ccc3N)cc2)c1,6.200216076862909,6
Cc1cc(C)cc(C(=O)N(CC(=O)NCc2ccccc2)Cc2ccc(C(=O)Nc3cc(F)ccc3N)cc2)c1,6.321901641617581,4
Cc1cc(C)cc(C(=O)N(CC(=O)NCc2ccccc2)Cc2ccc(C(=O)Nc3ccccc3N)cc2)c1,6.8128647742553845,4
Cc1cc(C)cc(C(=O)N(CCC(=O)NCc2ccccc2)Cc2ccc(C(=O)NO)cc2)c1,6.891434976267165,1
Cc1cc(C)cc(C(=O)N(CCCCCC(=O)NO)CC(=O)NC2CCCCC2)c1,6.593413621602259,6
Cc1cc(C)cc(C(=O)N(CCCCCC(=O)NO)CC(=O)NCc2ccccc2)c1,6.780828143912951,6
Cc1cc(C)cc(C(=O)N(CCCCCC(=O)Nc2cc(-c3ccccc3)ccc2N)CC(=O)NCc2ccccc2)c1,6.199233966104514,6
Cc1cc(C)cc(C(=O)N(CCCCCC(=O)Nc2ccccc2N)CC(=O)NC2CCCCC2)c1,5.017673454109436,4
Cc1cc(C)cc(C(=O)N(CCCCCC(=O)Nc2ccccc2N)CC(=O)NCc2ccccc2)c1,5.584168329040768,4
Cc1cc(C)cc(C(=O)N(Cc2ccc(C(=O)NO)cc2)Cc2nnnn2Cc2ccccc2)c1,6.045757490560675,2
Cc1cc(C)cc(C(=O)NOCCCCC(=O)NO)c1,5.423147433008712,2
Cc1cc(C)cc(C(=O)NOCCCCCC(=O)NO)c1,6.517268169722348,14
Cc1cc(C)cc(C(=O)NOCc2ccc(/C=C/C(=O)NO)cc2)c1,6.0041654963100255,2
Cc1cc(C)cc(CNC(=O)CN(CCCCCC(=O)Nc2ccccc2N)C(=O)c2cc(C)cc(C)c2)c1,5.907734865175955,4
Cc1cc(C)cc(Cn2cc(CCCCC(=O)NO)nn2)c1,6.570247719997592,2
Cc1cc(C)cc(NC(=O)CCCCC(=O)NO)c1,7.665011370964392,3
Cc1cc(C)cc(NC(=O)NOCCCCCC(=O)NO)c1,5.305835702116286,2
Cc1cc(C)cc(NC(=O)NOCc2ccc(/C=C/C(=O)NO)cc2)c1,5.881630628246677,2
Cc1cc(C)cc(Nc2ncc(C(=O)NO)cn2)c1,6.600326278518962,1
Cc1cc(C)cc(SCc2ccc(C(=O)Nc3ccccc3N)cc2)c1,6.789248407771762,3
Cc1cc(C)nc(COc2cc(-c3noc(C(F)(F)F)n3)ccn2)c1,5.6020599913279625,1
Cc1cc(C)nc(COc2nccc(-c3noc(C(F)(F)F)n3)c2Cl)n1,5.09151498112135,1
Cc1cc(C)nc(NCc2ccc(C(=O)Nc3ccccc3N)cc2)n1,6.522878745280337,2
Cc1cc(C)nc(SCC(=O)Nc2ncc(Cc3ccc(C(=O)NO)cc3)s2)n1,6.6777807052660805,2
Cc1cc(C)nc(SCC(=O)Nc2ncc(Cc3cccc(C(=O)NO)c3)s2)n1,5.6777807052660805,2
Cc1cc(C)nc(SCC(=O)Nc2ncc(Cc3cccc(OCc4cn(CCCCC(=O)NCc5ccc(C(=O)NO)cc5)nn4)c3)s2)n1,5.920818753952375,2
Cc1cc(C)nc(SCC(=O)Nc2ncc(Cc3cccc(OCc4cn(CCOCCOCCOCCOCCC(=O)Nc5ccc(C(=O)NCCCCCCC(=O)NO)cc5)nn4)c3)s2)n1,6.6777807052660805,2
Cc1cc(C)nc(SCC(=O)Nc2ncc(Cc3cccc(OCc4cn(CCOCCOCCOCCOCCC(=O)Nc5ccc(C(=O)NCc6ccc(C(=O)NO)cc6)cc5)nn4)c3)s2)n1,6.221848749616356,2
Cc1cc(C)nc(SCC(=O)Nc2ncc(Cc3cccc(OCc4cn(CCOCCOCCOCCOCCOCCOCCOCCOCCOCCOCCC(=O)Nc5ccc(C(=O)NCc6ccc(C(=O)NO)cc6)cc5)nn4)c3)s2)n1,6.337242168318426,2
Cc1cc(C)nc(SCC(=O)Nc2ncc(Cc3cccc(OCc4cn(Cc5ccc(C(=O)NO)cc5)nn4)c3)s2)n1,6.207608310501746,2
Cc1cc(C2(Nc3ncc(C(=O)NO)cn3)CC2)ccc1F,7.769551078621726,1
Cc1cc(CC(=O)N(Cc2ccc(-c3noc(C(F)(F)F)n3)cn2)c2cccc(F)c2)on1,6.6777807052660805,1
Cc1cc(CN(C)c2ncc(-c3noc(C(F)(F)F)n3)cn2)ccn1,5.657577319177793,1
Cc1cc(CN2CCC2)cnc1-c1ccc(C(=O)Nc2ccccc2N)cc1,7.673886502196661,2
Cc1cc(CN2CCN(C(C)C)CC2)cnc1-c1ccc(C(=O)Nc2ccccc2N)cc1,7.720675709517766,2
Cc1cc(CNCCCCCCC(=O)NO)ccc1F,6.853871964321762,2
Cc1cc(COc2cc(-c3noc(C(F)(F)F)n3)ccn2)nn1CC(F)F,5.920818753952375,1
Cc1cc(Cc2cnc(N)nc2N)cc(C)c1N,5.080398976215889,1
Cc1cc(Cc2cnc(N)nc2N)cc(Cl)c1N,5.09151498112135,1
Cc1cc(Cl)ccc1CNc1ncc(C(=O)NO)cn1,6.732828271596986,1
Cc1cc(F)cc(C)c1Oc1ccc(C(C)(C)O)cc1-c1cn(C)c(=O)c2[nH]c(C(=O)NCCCCCCC(=O)NO)cc12,6.641779620754655,2
Cc1cc(F)cc(C)c1Oc1ccc(C(C)(C)O)cc1-c1cn(C)c(=O)c2[nH]c(C(=O)NCc3ccc(C(=O)NO)cc3)cc12,6.533280653629768,2
Cc1cc(F)cc(Nc2ncc(C(=O)NO)cn2)c1,6.876148359032914,1
Cc1cc(F)ccc1C(C)(C)Nc1ncc(C(=O)NO)cn1,5.240181122625174,1
Cc1cc(F)ccc1Nc1ncnc2cc(NC(=O)CCCCCCC(=O)NO)sc12,6.607681405786599,2
Cc1cc(NC(=O)NCc2ccc(C(=O)NO)cc2)no1,6.0,4
Cc1cc(NC(=O)Nc2ccc(Oc3ccnc(-c4cnn(CCCCCCC(=O)NO)c4)c3)cc2)no1,8.3767507096021,2
Cc1cc(NC(=O)Nc2ccc(Oc3ccnc(-c4cnn(CCCCCCC(=O)NO)c4)c3)cc2)on1,8.3767507096021,2
Cc1cc(NCc2ccc(-c3noc(C(F)(F)F)n3)cn2)on1,6.031517051446064,1
Cc1cc(Nc2nc(SCc3ccc(C(=O)Nc4ccc(F)cc4N)cc3)nn3cccc23)n[nH]1,6.392544976785331,2
Cc1cc(Nc2nc(SCc3ccc(C(=O)Nc4ccccc4N)cc3)nn3cccc23)n[nH]1,6.818156412055227,2
Cc1cc(Nc2ncc(C(=O)NO)cn2)ccn1,6.686132779630847,1
Cc1cc(OCc2ccc(-c3noc(C(F)(F)F)n3)c(F)c2)cc(C)n1,5.7447274948966935,1
Cc1cc(S(=O)(=O)N2CCC(CCCC(=O)NO)CC2)cc2ccccc12,6.906578314837764,1
Cc1cc2c(cc1C#N)c(-c1cccc(N)c1C)cn2-c1ccc(NC(=O)CCCCC(=O)NO)cc1,7.123783695369263,2
Cc1cc2c(cc1C#N)c(-c1cccc(N)c1C)cn2-c1ccc(NC(=O)CCCCCCC(=O)NO)cc1,7.2664032052940914,2
Cc1cc2c(cc1C#N)c(-c1cccc(N)c1C)cn2-c1ccc(OCCCCCC(=O)NO)cc1,6.575200013018683,2
Cc1cc2c(cc1C#N)c(-c1cccc(N)c1C)cn2-c1ccc(OCCCCCCC(=O)NO)cc1,7.818194010053928,2
Cc1cc2c(cc1C#N)c(-c1cccc(N)c1C)cn2CCCCCCC(=O)NO,8.585026652029182,2
Cc1cc2c(cn1)CN(C(=O)Nc1nc(-c3ccc(F)cc3F)ccc1N)C2,6.522878745280337,1
Cc1cc2c(cn1)CN(C(=O)Nc1nc(-c3cccnc3)ccc1N)C2,5.560667306169737,1
Cc1cc2cc(NS(=O)(=O)Cc3ccc(C(=O)NO)cc3)ccc2n(C)c1=O,6.2636034977233574,2
Cc1cc2cc(NS(=O)(=O)c3ccc(C(=O)NO)cc3)ccc2n(C)c1=O,6.098541678603888,2
Cc1cc2ccccc2n1-c1ccc(C(=O)NO)cc1,5.272458742971444,1
Cc1cc2ccccc2n1Cc1ccc(C(=O)NO)cc1,5.272458742971444,1
Cc1cc2sc(C(=O)NO)cc2cc1O,6.004803708402821,1
Cc1ccc(-c2c(-c3ccc(C#N)c(F)c3)nc(N3CCC(CCCCCCCC(=O)NO)CC3)n3ccnc23)cc1O,5.973466735476704,1
Cc1ccc(-c2c(-c3ccc(C#N)c(F)c3)nc(N3CCC(NC(=O)CCCCCCC(=O)NO)CC3)n3ccnc23)cc1O,6.192464971931146,1
Cc1ccc(-c2cc(-c3ccn(Cc4ccc(C(=O)NO)cc4)n3)ccn2)c(F)c1,8.49215250573674,2
Cc1ccc(-c2cc(-c3ccn(Cc4ccc(C(=O)NO)cc4)n3)ccn2)cc1,8.509339913370447,2
Cc1ccc(-c2cc(/C=C/c3ccc(C(=O)NO)cc3)c(F)cn2)c(F)c1,6.055517327849831,2
Cc1ccc(-c2cc(/C=C/c3ccc(C(=O)NO)cc3)c(F)cn2)cc1,5.928117992693874,2
Cc1ccc(-c2cc(/C=C/c3ccc(C(=O)NO)cc3)ccn2)c(F)c1,6.431798275933005,6
Cc1ccc(-c2cc(/C=C/c3ccc(C(=O)NO)cc3)ccn2)cc1,6.017728766960431,2
Cc1ccc(-c2cc(C(=O)NCCCCCC(=O)NO)nn2-c2ccc(S(N)(=O)=O)cc2)cc1,6.3979400086720375,2
Cc1ccc(-c2cc(C(=O)NCCCCCCC(=O)NO)nn2-c2ccc(S(C)(=O)=O)cc2)cc1,6.583359492661719,2
Cc1ccc(-c2cc(C(=O)NCCCCCCC(=O)NO)nn2-c2ccc(S(N)(=O)=O)cc2)cc1,6.681936665037238,2
Cc1ccc(-c2cc(C(=O)NCCCCCCCC(=O)NO)nn2-c2ccc(S(N)(=O)=O)cc2)cc1,7.221848749616356,2
Cc1ccc(-c2cc(C(=O)NCc3ccc(C(=O)NO)cc3)c(O)cn2)cc1,7.623806736086665,2
Cc1ccc(-c2cc(C(=O)NCc3ccc(C(=O)NO)cc3)ccn2)c(C)c1,7.920096133515285,2
Cc1ccc(-c2cc(C(=O)NCc3ccc(C(=O)NO)cc3)ccn2)c(F)c1,8.388277990095192,2
Cc1ccc(-c2cc(C(=O)NCc3ccc(C(=O)NO)cc3)ccn2)cc1,8.4219375265887,2
Cc1ccc(-c2cc(C(=O)NCc3ccc(C(=O)NO)cc3)cnc2-c2ccc(C)cc2)cc1,7.129568487865735,2
Cc1ccc(-c2cc(C(=O)NCc3ccc(C(=O)NO)cc3)cnc2-c2ccc(C)cc2F)c(F)c1,7.180225878824906,2
Cc1ccc(-c2cc(C(F)(F)F)n(CCc3ccc(C(=O)NO)cc3)n2)cc1,6.608043100909096,3
Cc1ccc(-c2cc(C(F)(F)F)n(Cc3ccc(C(=O)NO)cc3)n2)cc1,7.13290022993522,3
Cc1ccc(-c2cc(C(F)(F)F)nn2-c2ccc(C(=O)NO)cc2)cc1,6.033021240347622,3
Cc1ccc(-c2cc(C(F)(F)F)nn2-c2ccc(S(=O)(=O)NC(=O)CCCCC[Se]C#N)cc2)cc1,4.9299621333922445,1
Cc1ccc(-c2cc(C(F)(F)F)nn2-c2ccc(S(=O)(=O)NCCCCCC(=O)NO)cc2)cc1,5.7281583934635005,2
Cc1ccc(-c2cc(C(F)(F)F)nn2-c2ccc(S(=O)(=O)NCCCCCCC(=O)NO)cc2)cc1,5.987162775294828,2
Cc1ccc(-c2cc(C(F)(F)F)nn2-c2ccc(S(=O)(=O)NCCCCCCCC(=O)NO)cc2)cc1,6.014124642691606,2
Cc1ccc(-c2cc(C(F)(F)F)nn2-c2ccc(S(N)(=O)=O)cc2)cc1,5.879504873298604,3
Cc1ccc(-c2cc(C(F)(F)F)nn2CCc2ccc(C(=O)NO)cc2)cc1,5.925356067517282,3
Cc1ccc(-c2cc(C(F)(F)F)nn2Cc2ccc(C(=O)NO)cc2)cc1,6.23470151820993,3
Cc1ccc(-c2cc(C)n(Cc3ccc(C(=O)NO)cc3)n2)cc1,7.212784455252997,3
Cc1ccc(-c2cc(C)nn2Cc2ccc(C(=O)NO)cc2)cc1,6.6582861260893615,3
Cc1ccc(-c2ccc(N)c(NC(=O)C3CCCCC3)c2)s1,6.255707016877324,1
Cc1ccc(-c2ccc(N)c(NC(=O)C3CCOCC3)c2)s1,6.255707016877324,1
Cc1ccc(-c2ccc(N)c(NC(=O)N3CCCC3)c2)s1,7.301029995663981,1
Cc1ccc(-c2cn(C)c(=O)c3[nH]c(C(=O)NCc4ccc(C(=O)Nc5ccccc5N)cc4)cc23)cc1,7.026872146400302,2
Cc1ccc(-c2cn(CCCCCC(=O)NO)nn2)cc1,7.36251027048749,1
Cc1ccc(-c2cnc(C(=O)NCCCCCC(=O)NO)o2)cc1,6.515557815685185,2
Cc1ccc(-c2cnc(C(=O)NCCCCCCC(=O)NO)o2)cc1,7.354533275170068,2
Cc1ccc(-c2cnc(C(=O)NCCCCCCC(=O)NO)s2)cc1,7.090979475940088,2
Cc1ccc(-c2cnc(N(CCOc3ccccc3)Cc3ccc(C(=O)NO)cc3)s2)cc1,5.638272163982407,2
Cc1ccc(-c2cnc(N3CCC(NCc4ccc(/C=C/C(=O)NO)cc4)CC3)c(C#N)c2-c2ccc(C#N)c(F)c2)cc1O,7.787812395596042,1
Cc1ccc(-c2cnc(N3CCC(NCc4cnc(/C=C/C(=O)NO)nc4)CC3)c(C#N)c2-c2ccc(C#N)c(F)c2)cc1O,9.366531544420411,1
Cc1ccc(-c2cncc(/C=C/c3ccc(C(=O)NO)cc3)c2)c(F)c1,5.97061622231479,2
Cc1ccc(-c2cncc(/C=C/c3ccc(C(=O)NO)cc3)c2)cc1,4.360513510731414,2
Cc1ccc(-c2cncc(C(=O)NCc3ccc(C(=O)NO)cc3)c2)c(C)c1,8.143271529663215,2
Cc1ccc(-c2cncc(C(=O)NCc3ccc(C(=O)NO)cc3)c2)c(F)c1,8.229516346785378,2
Cc1ccc(-c2cncc(C(=O)NCc3ccc(C(=O)NO)cc3)c2)cc1,8.228046647496797,2
Cc1ccc(-c2csc(NC(=O)CCCCCCS)n2)cc1,7.244125144327508,2
Cc1ccc(-c2csc(NC(=O)CCCCCCS)n2)cc1F,7.301029995663981,2
Cc1ccc(-c2nc(C(=O)NO)co2)cc1,4.3971806575673,2
Cc1ccc(-c2nc(CNc3ccc(C(=O)NO)cc3)n(-c3ccccc3)n2)cc1,5.508778423760717,2
Cc1ccc(-c2nc(CNc3ccc(C(=O)NO)cc3)n(-c3ccccc3)n2)s1,5.404393565134397,2
Cc1ccc(-c2nc(N)nc3c2cnn3CCCCC(=O)NO)o1,6.642065152999546,2
Cc1ccc(-c2nc(N)nc3c2cnn3CCCCCC(=O)NO)o1,8.136677139879545,2
Cc1ccc(-c2nc(N)nc3c2cnn3CCCCCCC(=O)NO)o1,8.657577319177793,2
Cc1ccc(-c2nc(N)nc3c2cnn3CCCCCCCC(=O)NO)o1,8.142667503568731,2
Cc1ccc(-c2nc(N)nc3c2cnn3CCCOc2ccc(C(=O)Nc3ccccc3N)cc2)o1,6.645891560852599,2
Cc1ccc(-c2nc(N)nc3c2cnn3CCc2ccc(C(=O)NO)cc2)o1,7.132240470592414,2
Cc1ccc(-c2nc(N)nc3c2cnn3CCc2ccc(C(=O)Nc3ccccc3N)cc2)o1,6.897052876766103,2
Cc1ccc(-c2nc(N)nc3c2cnn3Cc2ccc(C(=O)NO)cc2)o1,7.853871964321762,2
Cc1ccc(-c2nc(N)nc3c2cnn3Cc2ccc(C(=O)Nc3ccccc3N)cc2)o1,7.346787486224656,2
Cc1ccc(-c2nc(N)nc3c2cnn3Cc2ccc(N)c(OCCCCCCC(=O)NO)c2)o1,7.346787486224656,2
Cc1ccc(-c2nc(N)nc3c2cnn3Cc2cccc(/C=C/C(=O)NO)c2)o1,7.831270369354672,2
Cc1ccc(-c2nc(N)nc3c2cnn3Cc2cccc(/C=C/C(=O)Nc3ccccc3N)c2)o1,5.596536298654683,2
Cc1ccc(-c2nc(N)nc3c2cnn3Cc2cccc(OCCCCC(=O)NO)c2)o1,6.686660476709379,2
Cc1ccc(-c2nc(N)nc3c2cnn3Cc2cccc(OCCCCC(=O)NO)n2)o1,6.24127734268237,2
Cc1ccc(-c2nc(N)nc3c2cnn3Cc2cccc(OCCCCCC(=O)NO)c2)o1,7.022276394711152,2
Cc1ccc(-c2nc(N)nc3c2cnn3Cc2cccc(OCCCCCC(=O)NO)n2)o1,6.6777807052660805,2
Cc1ccc(-c2nc(N)nc3c2cnn3Cc2cccc(OCCCCCCC(=O)NO)c2)o1,7.369071307185051,2
Cc1ccc(-c2nc(N)nc3c2cnn3Cc2cccc(OCCCCCCC(=O)NO)n2)o1,7.526528364651087,2
Cc1ccc(-c2nc(N3CCOCC3)c3nc(CN(C)c4ncc(C(=O)NO)cn4)n(C)c3n2)cc1,9.0,2
Cc1ccc(-c2nc(NCc3ccc(/C=C/C(=O)NO)cc3)cc3c2[nH]c2ccccc23)cc1,7.187086643357144,2
Cc1ccc(-c2nc(NCc3ccc(C(=O)NO)cc3)cc3c2[nH]c2ccccc23)cc1,8.55284196865778,4
Cc1ccc(-c2nc(NCc3cccc(/C=C/C(=O)NO)c3)cc3c2[nH]c2ccccc23)cc1,7.091514981121351,2
Cc1ccc(-c2nc3c4cnn(CCc5ccc(C(=O)Nc6ccccc6N)cc5)c4nc(N)n3n2)o1,6.90049286453269,2
Cc1ccc(-c2ncc(/C=C/C(=O)Nc3ccccc3N)s2)cc1,6.180456064458131,1
Cc1ccc(-c2nn(-c3ccccc3)cc2/C=C\C(=O)Nc2ccc(Br)cc2)cc1,5.47755576649368,2
Cc1ccc(-c2nn(-c3ccccc3)cc2/C=C\C(=O)Nc2ccc(Cl)cc2)cc1,5.437707135543525,2
Cc1ccc(-c2nn(-c3ccccc3)cc2/C=C\C(=O)Nc2ccccc2)cc1,5.391473966422806,2
Cc1ccc(-c2nnc(-c3ccc(C(=O)C(F)(F)F)s3)o2)cc1,5.7447274948966935,2
Cc1ccc(-c2nnc(NC(=O)CCCCCC(=O)NO)s2)cc1,6.374687549038326,1
Cc1ccc(-c2nnc(Nc3ncc(C(=O)NO)cn3)o2)cc1,7.853871964321762,2
Cc1ccc(-c2nnc(Nc3ncc(C(=O)NO)cn3)s2)cc1,7.823908740944319,2
Cc1ccc(-c2noc(-c3ccc(C(=O)C(F)(F)F)s3)n2)cc1,5.167491087293763,2
Cc1ccc(-c2noc(CCCCCCC(=O)NO)n2)cc1,6.309803919971486,2
Cc1ccc(-c2noc(CCCCCCC(=O)Nc3ccccc3N)n2)cc1,6.853871964321762,2
Cc1ccc(-c2noc(CNCc3ccc(C(=O)NO)cc3)n2)cc1,5.163675884293248,2
Cc1ccc(-c2noc(CNCc3ccc(C(=O)Nc4ccccc4N)cc3)n2)cc1,6.6777807052660805,2
Cc1ccc(-n2nc(-c3ccccc3)nc2CNc2ccc(C(=O)NO)cc2)cc1,5.765229704839084,2
Cc1ccc(/C=C/C(=O)N2CCC3=C(C2)C(=O)N(Cc2ccc(C(=O)Nc4ccccc4N)cc2)C2=NCCN23)o1,6.423658649794207,2
Cc1ccc(/C=C/C(=O)N2CCN(c3ccc(C(=O)Nc4ccccc4N)cc3)CC2)cc1,6.09799710864927,2
Cc1ccc(/C=C/C(=O)Nc2ccc3c(c2)S(=O)(=O)N(CCCCCC(=O)NO)C3=O)cc1,5.903089986991944,1
Cc1ccc(/C=C/C(=O)Nc2ccc3c(c2)S(=O)(=O)N(Cc2ccc(C(=O)NO)cc2)C3=O)cc1,5.88706002391592,1
Cc1ccc(/C=C/C(CO)N2CCN(c3ncc(C(=O)NO)cn3)CC2)cc1,9.0,1
Cc1ccc(/C=C/CC(=O)Nc2ccc(C(=O)Nc3ccc(F)cc3N)cc2)cn1,6.251811972993799,1
Cc1ccc(/C=C/CC(=O)Nc2ccc(C(=O)Nc3ccc(F)cc3N)cn2)cn1,5.169411331314856,2
Cc1ccc(/C=C/CC(=O)Nc2ccc(C(=O)Nc3ccc(F)cc3N)nc2)cn1,6.2839966563652006,2
Cc1ccc(/C=C/CC(=O)Nc2ccc(C(=O)Nc3ccccc3N)nc2)cn1,7.0,1
Cc1ccc(/C=C2\CC(=O)N(CCCCCCC(=O)NO)C2=O)cc1,7.5934598195660445,1
Cc1ccc(/C=C2\CCCN(Cc3ccc(C(=O)Nc4ccc(F)cc4N)cc3)C2=O)cc1,6.100261558633633,2
Cc1ccc(C#N)c(OCc2ccc(C(=O)Nc3ccccc3N)cc2)n1,6.522878745280337,2
Cc1ccc(C(=O)/C=C/c2ccc(/C=C/C(=O)NO)o2)cc1,4.87942606879415,2
Cc1ccc(C(=O)CSC(=S)SC(C)(C)C)cc1,6.599997654072045,1
Cc1ccc(C(=O)CSC(=S)SC(C)C)cc1,5.899998417198648,1
Cc1ccc(C(=O)CSC(=S)SCCc2ccccc2)cc1,6.499996931948306,1
Cc1ccc(C(=O)CSC(=S)SCc2ccccc2)cc1,6.599997654072045,1
Cc1ccc(C(=O)N(CC(=O)NC(C)(C)C)Cc2ccc(C(=O)NO)cc2)cc1C,6.368556230986828,2
Cc1ccc(C(=O)N(CC(=O)NC2CCCCC2)CC2CCN(c3ncc(C(=O)NO)cn3)CC2)c(C)c1,7.823908740944319,2
Cc1ccc(C(=O)N(CC(=O)NC2CCCCC2)Cc2ccc(C(=O)NO)cc2)c(C)c1,6.585026652029182,2
Cc1ccc(C(=O)N(CC(=O)NC2CCCCC2)Cc2ccc(C(=O)NO)cc2)cc1C,6.517126416391246,2
Cc1ccc(C(=O)N(CC(=O)NCc2ccccc2)Cc2ccc(C(=O)NO)cc2)c(C)c1,7.221848749616356,2
Cc1ccc(C(=O)N(CCC(=O)NCc2ccccc2)Cc2ccc(C(=O)NO)cc2)cc1,7.79317412396815,1
Cc1ccc(C(=O)N(Cc2ccc(-c3noc(C(F)(F)F)n3)cn2)c2cccc(F)c2)nn1,6.585026652029182,1
Cc1ccc(C(=O)NCC(=O)NCCC(=O)Nc2ccccc2N)cc1,4.0762380391713,2
Cc1ccc(C(=O)NCCCCCC(=O)Nc2cc(-n3cccn3)c(F)cc2N)cc1,6.354577730650908,1
Cc1ccc(C(=O)NCCCCCC(=O)Nc2ccc(Br)cc2N)cc1,4.075720713938118,1
Cc1ccc(C(=O)NCCCCCC(=O)Nc2ccc(F)cc2N)cc1,5.086186147616283,2
Cc1ccc(C(=O)NCCCCCC(=O)Nc2ccc(F)cc2O)cc1,6.0,1
Cc1ccc(C(=O)NCCCCCC(=O)Nc2ccc3c(c2N)OCO3)cc1,5.539102157243452,1
Cc1ccc(C(=O)NCCCCCC(=O)Nc2ccccc2N)c(C)c1,5.668977828958171,1
Cc1ccc(C(=O)NCCCCCC(=O)Nc2ccccc2N)cc1,6.5006971042918735,8
Cc1ccc(C(=O)NCCCCCC(=O)Nc2ccccc2O)cc1,6.649751981665837,1
Cc1ccc(C(=O)NCCCCCC(=O)Nc2ccncc2N)cc1,4.635073966210024,1
Cc1ccc(C(=O)NCCCCCCC(=O)Nc2ccccc2N)cc1,6.721246399047171,1
Cc1ccc(C(=O)NCCOCCC(=O)Nc2ccccc2N)cc1,4.513003111568177,1
Cc1ccc(C(=O)NO)cc1,5.248566918180653,2
Cc1ccc(C(=O)NO)cc1C(=O)Nc1ccc(Cl)cc1,5.4723700991286615,2
Cc1ccc(C(=O)NO)cc1F,5.165897344287206,2
Cc1ccc(C(=O)NO)cc1NC(=O)c1ccc2ccccc2n1,5.568636235841012,2
Cc1ccc(C(=O)NO)cc1NC(=O)c1ccccc1,5.075720713938118,2
Cc1ccc(C(=O)NO)cc1NCCCc1ccccc1,4.591760034688151,2
Cc1ccc(C(=O)NO)cc1NCc1ccc(Cl)cc1Cl,4.728158393463501,2
Cc1ccc(C(=O)NO)cc1NCc1ccccc1,4.661543506395395,2
Cc1ccc(C(=O)NO)cn1,4.943934070568247,2
Cc1ccc(C(=O)NOCCCCCC(=O)NO)cc1,5.418320902685778,2
Cc1ccc(C(=O)NOCCCCCC(=O)NO)cc1C,5.993030788377197,10
Cc1ccc(C(=O)N[C@@H](CCCN=C(N)N)C(=O)NCCC(=O)Nc2ccccc2N)cc1,5.036212172654444,1
Cc1ccc(C(=O)N[C@H](COc2cccc(/C=C/C(=O)NO)c2)Cc2c[nH]c3ccccc23)cc1,6.660151216962364,1
Cc1ccc(C(=O)Nc2cccc(/C=C/C(=O)Nc3ccc(F)cc3N)c2)cc1,4.522878745280337,2
Cc1ccc(C(=O)Nc2nc(C(=O)NO)co2)cc1,8.0,4
Cc1ccc(C(=O)c2cc(/C=C/C(=O)NO)n(C)c2)cc1,5.534016942635914,2
Cc1ccc(C(=O)c2ccc3c(ccn3Cc3ccc(C(=O)NO)cc3)c2)cc1,5.505845405981557,2
Cc1ccc(C(=O)c2ccc3c(ccn3S(=O)(=O)c3cccc(/C=C/C(=O)NO)c3)c2)cc1,5.847711655616944,2
Cc1ccc(C(C(=O)NC2CCCCC2)N(CCCCCC(=O)NO)C(=O)c2ccccc2)cc1,5.503795963237705,4
Cc1ccc(C)c(NC(=O)CCCCC(=O)NO)c1,6.245149559841654,3
Cc1ccc(C/C(=N\O)C(=O)NCCSSCCNC(=O)/C(Cc2ccc(C)cc2)=N/O)cc1,6.585026652029182,1
Cc1ccc(C2(Nc3ncc(C(=O)NO)cn3)CC2)cc1,7.096910013008056,1
Cc1ccc(C2=N[C@@H](CC(=O)NCc3ccc(C(=O)NO)cc3)c3nnc(C)n3-c3ccccc32)cc1,5.779263997715745,3
Cc1ccc(C2=N[C@@H](CC(=O)Nc3ccc(/C=C/C(=O)NO)cc3)c3nnc(C)n3-c3ccccc32)cc1,6.563371480113268,3
Cc1ccc(C2=N[C@@H](CC(=O)Nc3ccc(C(=O)NO)cc3)c3nnc(C)n3-c3ccccc32)cc1,5.1569720984990965,3
Cc1ccc(C2=N[C@@H](CC(=O)Nc3ccc(CC(=O)NO)cc3)c3nnc(C)n3-c3ccccc32)cc1,5.498473469195093,3
Cc1ccc(C2CC(=O)N(CCCCCC(=O)NO)c3ccccc3S2(=O)=O)cc1,6.96253997044067,3
Cc1ccc(C2CC(=O)N(CCCCCC(=O)NO)c3ccccc3S2)cc1,6.908684840302778,1
Cc1ccc(C=C2CC(=O)N(CCCCCCC(=O)NO)C2=O)cc1,7.585026652029182,1
Cc1ccc(CCC(=O)NCCC(=O)NO)cc1,4.096910013008056,2
Cc1ccc(CCCC(=O)Nc2ccc(C(=O)Nc3ccc(F)cc3N)nc2)cn1,6.431798275933005,1
Cc1ccc(CCCC(=O)Nc2ccc(C(=O)Nc3ccccc3N)nc2)cn1,6.318758762624412,1
Cc1ccc(CCNCc2ccc(-c3ccc(C(=O)NO)s3)nc2)cc1,7.853871964321762,2
Cc1ccc(CN2C(=O)N(c3ccc(Cl)cc3)C(=O)C2CCC(=O)Nc2ccc(C(=O)NO)cc2)cc1,6.018181392829336,2
Cc1ccc(CN2CCC(c3noc(CN(C)c4ncc(C(=O)NO)cn4)n3)CC2)cc1,8.744727494896694,2
Cc1ccc(CN2CCC=C(CCC(=O)NO)C2=O)cc1,5.6777807052660805,1
Cc1ccc(CNC(=O)CCN(Cc2ccc(C(=O)NO)cc2)C(=O)c2ccc(N(C)C)cc2)cc1,7.555955204081924,1
Cc1ccc(CNC(=O)CN(CCCCCC(=O)Nc2ccccc2N)C(=O)c2cc(C)cc(C)c2)cc1,5.651505103903888,4
Cc1ccc(CNC(=S)Nc2ccc(C(=O)Nc3ccccc3N)cc2)cn1,6.585026652029182,2
Cc1ccc(CNCCCCNC(=O)CCCCC(=O)NO)cc1,4.253132372149571,1
Cc1ccc(CNCCCCNC(=O)CCCCCCC(=O)NO)cc1.O=C(O)C(F)(F)F,4.329754146925876,1
Cc1ccc(CNc2ccc(-c3noc(C(F)(F)F)n3)cn2)cn1,5.619788758288394,1
Cc1ccc(CNc2ncc(-c3noc(C(F)(F)F)n3)cc2Cl)cn1,5.853871964321762,1
Cc1ccc(CNc2ncc(-c3noc(C(F)(F)F)n3)cn2)cn1,5.522878745280337,1
Cc1ccc(COc2cccc3ccc(C(=O)NCc4ccc(C(=O)NO)cc4)nc23)cc1,7.032031435302241,3
Cc1ccc(Cc2cn(CCCCCC(=O)NO)c3ccc(-c4c(C)noc4C)cc23)cc1,6.536107011014092,1
Cc1ccc(Cc2cn(CCCCCCC(=O)NO)c3ccc(-c4c(C)noc4C)cc23)cc1,6.422384156897543,3
Cc1ccc(Cn2cc(CCCCC(=O)NO)nn2)cc1,6.356547323513812,2
Cc1ccc(Cn2ccc(CCCCC(=O)NO)n2)cc1,6.490797477668897,2
Cc1ccc(F)c(NC(=O)Nc2ccc(-c3nn(CCCCCCCC(=O)NO)c4ncnc(N)c34)cc2)c1,9.327902142064282,1
Cc1ccc(F)c(NC(=O)Nc2ccc(-c3nn(CCCN(C)CCCC(=O)NO)c4ncnc(N)c34)cc2)c1,8.062983892535186,1
Cc1ccc(F)c(Nc2ncnc3cc(NC(=O)CCCCCCC(=O)NO)sc23)c1,7.124591578675123,2
Cc1ccc(N(CC(=O)NC2CCCCC2)C(=O)Cc2ccc(C(=O)NO)cc2)cc1,7.080921907623926,2
Cc1ccc(N(CCCCCCC(=O)NO)c2ccccn2)nc1,6.343901797987169,1
Cc1ccc(N)c(NC(=O)c2ccc(CNC(=O)OCc3cccnc3)cc2)c1,5.552841968657781,2
Cc1ccc(N)c(NC(=O)c2ccc([C@H](C)n3nc(-c4ccc(CN(C)C)cc4)ccc3=O)cc2)c1,7.348077152742789,3
Cc1ccc(N2CCN(CC3CCc4c(c5ccccc5n4Cc4ccc(C(=O)NO)cc4)C3=O)CC2)cc1C,5.089909454405932,2
Cc1ccc(NC(=O)C(Cc2c[nH]c3ccccc23)NC(=O)c2ccc(/C=C/C(=O)NO)cc2)cc1,6.769551078621726,1
Cc1ccc(NC(=O)CCCCC(=O)NO)c(C)c1,6.3857875107218405,3
Cc1ccc(NC(=O)CCCCC(=O)NO)cc1,7.253750520239585,3
Cc1ccc(NC(=O)CCCCC(=O)NO)cc1C,7.5815758316322315,3
Cc1ccc(NC(=O)CCCCCC(=O)Nc2ccccc2N)cc1,6.477944963288198,10
Cc1ccc(NC(=O)CCCCCCC(=O)NO)cc1,6.698970004336019,2
Cc1ccc(NC(=O)CCN(Cc2ccc(C(=O)NO)cc2)C(=O)c2cc(C)cc(C)c2)cc1,7.366531544420414,1
Cc1ccc(NC(=O)CCN(Cc2ccc(C(=O)NO)cc2)C(=O)c2ccc(N(C)C)cc2)cc1,7.889410289700751,1
Cc1ccc(NC(=O)CCN(Cc2ccc(C(=O)NO)cc2)C(=O)c2ccccc2)cc1,7.560667306169737,1
Cc1ccc(NC(=O)CN(CCCCCC(=O)NO)C(=O)c2cc(C)cc(C)c2)cc1,6.02418950913343,4
Cc1ccc(NC(=O)CN(CCCCCC(=O)NO)C(=O)c2ccc(N(C)C)cc2)cc1,6.520533513452331,6
Cc1ccc(NC(=O)CN(Cc2ccc(C(=O)NO)cc2)C(=O)c2ccc(N(C)C)cc2)cc1,7.096910013008056,4
Cc1ccc(NC(=O)CNCCCC(=O)Nc2ccccc2N)cc1,5.1249387366083,2
Cc1ccc(NC(=O)CNc2ccc(C(=O)Nc3ccccc3N)cc2)cc1,5.346787486224656,2
Cc1ccc(NC(=O)N2CCC(Nc3ncc(C(=O)NO)cn3)(c3ccccc3)CC2)cc1,7.468521082957745,1
Cc1ccc(NC(=O)NOCCCCCC(=O)NO)cc1,5.841647980149982,2
Cc1ccc(NC(=O)Nc2ccc(Oc3ccnc(-c4cnn(CCCCCCC(=O)NO)c4)c3)cc2)cc1,7.894573317342553,2
Cc1ccc(NC(=O)[C@@H](NC(=O)c2ccc(C(=O)NO)cc2)c2c[nH]c3ccccc23)cc1,6.6595558851598815,1
Cc1ccc(NC(=O)[C@H](CCCCCC(=O)NO)NC(=O)[C@H]2CCC(=O)N2)cc1,7.494850021680094,2
Cc1ccc(NC(=O)[C@H](CCCCCS)NC(=O)[C@@H]2CCCC(=O)N2)cc1,8.096910013008056,2
Cc1ccc(NC(=O)[C@H](Cc2c[nH]c3ccccc23)NC(=O)/C=C/c2ccc(C(=O)NO)cc2)cc1,7.647817481888637,1
Cc1ccc(NC(=O)[C@H](Cc2c[nH]c3ccccc23)NC(=O)c2ccc(C(=O)NO)cc2)cc1,6.97369748189931,6
Cc1ccc(NC(=O)c2ccc(/C=C/C(=O)NO)cc2)cc1Nc1nc(-c2cccnc2)cs1,7.096910013008056,1
Cc1ccc(NC(=O)c2ccc(/C=C/C(=O)NO)cc2)cc1Nc1ncc(-c2cccnc2)s1,7.096910013008056,1
Cc1ccc(NC(=O)c2ccc(/C=C/C(=O)NO)s2)cc1Nc1ncc(-c2cccnc2)s1,6.920818753952375,2
Cc1ccc(NC(=O)c2ccc(C(=O)NO)cc2)cc1Nc1ncc(-c2cccnc2)s1,6.769551078621726,2
Cc1ccc(NC(=O)c2ccc(C(=O)Nc3ccccc3N)cc2)cc1Nc1ncc(-c2cccnc2)cn1,6.568636235841012,2
Cc1ccc(NC(=O)c2ccc(C(=O)Nc3ccccc3N)cc2)cc1Nc1ncc(-c2cccnc2)s1,6.769551078621726,2
Cc1ccc(NC(=O)c2ccc(C(=O)Nc3ccccc3N)nc2)cc1Nc1ncc(-c2cccnc2)cn1,6.207608310501746,2
Cc1ccc(NC(=O)c2ccc(C(=O)Nc3ccccc3N)nc2)cc1Nc1ncc(-c2cccnc2)s1,6.508638306165727,2
Cc1ccc(NC(=O)c2ccc(C(=O)Nc3ccccc3N)s2)cc1Nc1ncc(-c2cccnc2)cn1,6.638272163982407,2
Cc1ccc(NC(=O)c2ccc(C(=O)Nc3ccccc3N)s2)cc1Nc1ncc(-c2cccnc2)s1,5.94692155651658,2
Cc1ccc(NC(=O)c2ccc(CNC(=O)/C=C3\NC(=O)c4ccccc43)cc2)c(N)c1,5.242603971206975,2
Cc1ccc(NC(=O)c2ccc(Cn3cnc4c(Cl)nc(Cl)nc43)cc2)c(N)c1,4.601365675461608,1
Cc1ccc(NC(=O)c2ccc3c(c2)N(Cc2ccc(C(=O)NO)cc2)c2ccccc2S3)nc1,7.096910013008056,1
Cc1ccc(NCc2ccc(-c3noc(C(F)(F)F)n3)c(F)c2)cn1,5.769551078621726,1
Cc1ccc(NCc2ccc(-c3noc(C(F)(F)F)n3)cn2)cn1,6.366531544420413,1
Cc1ccc(NCc2ccc(-c3noc(C(F)(F)F)n3)cn2)nn1,5.853871964321762,1
Cc1ccc(NCc2ccc(/C=C/C(=O)NO)cc2)cc1Nc1nccc(-c2cccnc2)n1,7.113509274827518,2
Cc1ccc(NCc2ccc(C(=O)Nc3ccccc3N)cc2)cc1Nc1nccc(-c2cccnc2)n1,6.681936665037238,4
Cc1ccc(NS(=O)(=O)Nc2nc(C(=O)NO)cs2)cc1,7.443697499232712,1
Cc1ccc(NS(=O)(=O)c2ccc(-c3noc(C(F)(F)F)n3)cc2)cc1,5.301029995663981,1
Cc1ccc(NS(=O)(=O)c2ccc(/C=C/C(=O)NO)cc2)cc1,6.819382002601611,5
Cc1ccc(NS(=O)(=O)c2ccc(/C=C/C(=O)Nc3ccccc3N)cc2)cc1,5.723957751657679,5
Cc1ccc(NS(=O)(=O)c2cccc(/C=C/C(=O)NO)c2)cc1,7.7447274948966935,1
Cc1ccc(Nc2nc(Cl)nc3c2ncn3CCCCCCCC(=O)NO)cc1,7.815308569182401,1
Cc1ccc(Nc2nc(Cl)nc3c2ncn3Cc2ccc(C(=O)Nc3ccccc3N)cc2)cc1,7.149661118742013,2
Cc1ccc(Nc2ncc(C(=O)NO)cn2)cc1,6.709965388637482,1
Cc1ccc(Nc2nccc(N(C)c3ccc4c(C)n(C)nc4c3)n2)cc1C(=O)NCCCCCC(=O)NO,6.086186147616283,1
Cc1ccc(Nc2nccc3ccc(NC(=O)CCCCCCC(=O)NO)cc23)c(Br)c1,7.817771407440585,2
Cc1ccc(Nc2nccc3ccc(NC(=O)CCCCCCC(=O)NO)cc23)c(Cl)c1,7.715717279964775,2
Cc1ccc(Nc2nccc3ccc(NC(=O)CCCCCCC(=O)NO)cc23)c(F)c1,7.453403014445806,2
Cc1ccc(Nc2nccc3ccc(NC(=O)CCCCCCC(=O)NO)cc23)cc1,8.378307327314172,2
Cc1ccc(Nc2nccc3ccc(NCc4ccc(/C=C/C(=O)NO)cc4)cc23)c(Br)c1,6.3575058033474345,2
Cc1ccc(Nc2nccc3ccc(NCc4ccc(/C=C/C(=O)NO)cc4)cc23)c(Cl)c1,6.243367694716366,2
Cc1ccc(Nc2nccc3ccc(NCc4ccc(/C=C/C(=O)NO)cc4)cc23)cc1,6.687886290629095,2
Cc1ccc(Nc2nccc3ccc(NCc4ccc(C(=O)NO)cc4)cc23)cc1,6.4906429077246734,2
Cc1ccc(Nc2ncnc3sc(NC(=O)CCCCCC(=O)NO)cc23)cc1,7.853716914517994,2
Cc1ccc(Nc2ncnc3sc(NC(=O)CCCCCC(=O)NO)cc23)cc1C,7.524185553081681,2
Cc1ccc(Nc2ncnc3sc(NC(=O)CCCCCCC(=O)NO)cc23)cc1,8.697886973457765,2
Cc1ccc(Nc2ncnc3sc(NC(=O)CCCCCCC(=O)NO)cc23)cc1C,8.950851231752651,2
Cc1ccc(O)c(NC(=O)c2ccc(CNc3ccncc3)cc2)c1,4.686765708305276,2
Cc1ccc(OCC(=O)NCCC(=O)NO)cc1,4.075720713938118,2
Cc1ccc(OCCCCN(Cc2ccccc2)Cc2ccc(/C=C/C(=O)NO)o2)cc1,5.511002140956204,3
Cc1ccc(OCCCN(Cc2ccc(-c3ccccc3)cc2)Cc2ccc(/C=C/C(=O)NO)o2)cc1,5.779891911959945,1
Cc1ccc(OCCCN(Cc2ccccc2)Cc2ccc(/C=C/C(=O)NO)o2)cc1,5.208404010183025,3
Cc1ccc(OCCN(CCc2ccc3c(c2)OCO3)Cc2ccc(/C=C/C(=O)NO)o2)cc1,5.191626903106777,3
Cc1ccc(OCCN(Cc2ccc(-c3ccccc3)cc2)Cc2ccc(/C=C/C(=O)NO)o2)cc1,5.51451909119772,3
Cc1ccc(OCCN(Cc2ccc(C(=O)NO)cc2)c2ncc(-c3ccc(C)cc3)s2)cc1,5.978810700930062,2
Cc1ccc(OCCN(Cc2ccccc2)Cc2ccc(/C=C/C(=O)NO)o2)cc1,4.9116175049872215,3
Cc1ccc(OCc2ccc(-c3noc(C(F)(F)F)n3)c(F)c2)nn1,5.275724130399211,1
Cc1ccc(Oc2ccc(Nc3ncnc4ccc(-c5cn(CCCCCC(=O)NO)nn5)cc34)cc2C)cn1,8.161150909262744,2
Cc1ccc(Oc2ccc(Nc3ncnc4ccc(-c5cn(CCCCCCC(=O)NO)nn5)cc34)cc2C)cn1,8.2839966563652,2
Cc1ccc(S(=O)(=O)N2CCC(Nc3ncc(C(=O)NO)cn3)(c3ccccc3)CC2)cc1,6.2441251443275085,1
Cc1ccc(S(=O)(=O)N2CCN(c3ncc(/C=C/C(=O)NO)s3)CC2)cc1,6.259637310505756,1
Cc1ccc(S(=O)(=O)N2CCN(c3ncc(C(=O)NO)s3)CC2)cc1,8.545757490560675,2
Cc1ccc(S(=O)(=O)N2Cc3ccc(/C=C/C(=O)NO)cc3C2)cc1,7.327902142064282,2
Cc1ccc(S(=O)(=O)N[C@H](COc2ccc(/C=C/C(=O)NO)cc2)Cc2c[nH]c3ccccc23)cc1,6.195928751114339,1
Cc1ccc(S(=O)(=O)Nc2ccc(/C=C/C(=O)NO)cc2)cc1,6.522878745280337,7
Cc1ccc(S(=O)(=O)Nc2ccc(/C=C/C(=O)Nc3ccccc3N)cc2)cc1,5.522878745280337,5
Cc1ccc(S(=O)(=O)Nc2ccc(CN3CCC=C(CCC(=O)NO)C3=O)cc2)cc1,6.229147988357855,1
Cc1ccc(S(=O)(=O)Nc2cccc(/C=C/C(=O)NO)c2)cc1,6.910094888560602,1
Cc1ccc2[nH]c(C(=O)NCCCCCC(=O)Nc3ccccc3N)cc2c1,6.370590400897282,1
Cc1ccc2[nH]c(C(=O)NCCCCCCC(=O)NO)cc2c1,8.200659450546418,1
Cc1ccc2[nH]c3c(c2c1)CN(Cc1ccc(C(=O)NO)cc1)CC3,4.930701987884471,2
Cc1ccc2[nH]nc(C(=O)NCCCCCC(=O)Nc3ccccc3N)c2c1,6.657577319177793,1
Cc1ccc2c(=O)n(CCc3ccccc3)c(=O)n(Cc3ccc(C(=O)NO)cc3)c2c1,4.963770455913705,3
Cc1ccc2c(=O)n(Cc3ccc(/C=C/C(=O)NO)cc3)cnc2c1,6.769551078621726,1
Cc1ccc2c(CNC3CCC(Nc4ncc(C(=O)NO)cn4)CC3)cn(C)c2c1.Cl,8.309803919971486,1
Cc1ccc2c(CN[C@H]3CC[C@@H](Nc4ncc(C(=O)NO)cn4)CC3)cn(C)c2c1,8.309803919971486,1
Cc1ccc2c(c1)C(=O)N(CCCCCC(=O)Nc1ccccc1N)C2=O,5.522878745280337,2
Cc1ccc2c(c1)C1(OCCO1)C(=O)N2CC(=O)Nc1ccc(C(=O)NO)cc1,6.552841968657781,1
Cc1ccc2c(c1)N(Cc1ccc(C(=O)NO)cc1)CCCC2,6.423658649794207,2
Cc1ccc2c(c1)c(-c1[nH]c3ccccc3c1N=O)c(O)n2CCCCCCC(=O)NO,7.7447274948966935,1
Cc1ccc2c(c1)c(-c1[nH]c3ccccc3c1N=O)c(O)n2Cc1ccc(/C=C/C(=O)NO)cc1,7.698970004336019,1
Cc1ccc2c(c1)c(-c1[nH]c3ccccc3c1N=O)c(O)n2Cc1ccc(C(=O)NO)cc1,8.301029995663981,1
Cc1ccc2c(c1)c1c(n2Cc2ccc(C(=O)NO)cc2)CCN(C)C1,5.684029654543082,2
Cc1ccc2c(c1)cc(C(=O)NCCCCCC(=O)Nc1ccccc1N)n2C,7.031517051446065,1
Cc1ccc2c(c1CCC(=O)NCCCCCC(=O)CNc1ccccc1N)C(=O)C(=O)C(C(C)C)=C2,6.337242168318426,2
Cc1ccc2c(c1CCC(=O)NCCCCCC(=O)Nc1ccccc1N)C(=O)C(=O)C(C(C)C)=C2,6.337242168318426,2
Cc1ccc2c(n1)=CCC(C1=CN(C)C([C@@H](N)CCCCCC(=O)C3NC=CO3)N1)C=2,7.823908740944319,1
Cc1ccc2c(n1)=CCC(C1=CNC(C(N)CCCCCC(=O)C3NC=CO3)O1)C=2,7.958607314841775,1
Cc1ccc2c(n1)=CCC(C1=CNC([C@@H](N)CCCCCC(=O)C3NC=CO3)N1)C=2,8.619788758288394,1
Cc1ccc2c(n1)=CCC(C1=CNC([C@H](CCCCCC(=O)C3NC=CO3)NC(=O)C3=NOC4(CCN(C)CC4)C3)O1)C=2,8.318758762624412,1
Cc1ccc2c(n1)=CCC(C1=CNC([C@H](CCCCCC(=O)C3NC=CO3)NC(=O)[C@H]3CC34CCN(C)CC4)O1)C=2,8.1249387366083,1
Cc1ccc2c(n1)=CCC(C1=CNC([C@H](CCCCCC(=O)C3NC=CO3)NC3CCN(C)CC3)N1)C=2,8.55284196865778,1
Cc1ccc2c(n1)=CCC(C1=CNC([C@H](CCCCCC(=O)C3NC=CO3)NCc3ccccc3)N1)C=2,8.468521082957745,1
Cc1ccc2c3c(n(Cc4ccc(C(=O)NO)cc4)c2c1)CCN(C)C3,5.392544976785331,2
Cc1ccc2c3c(nn2c1)CCC(NCc1ccc(-c2noc(C(F)(F)F)n2)cc1)C3,7.337653043069112,2
Cc1ccc2cc(-c3c[nH]c([C@H](CCCCCC(=O)c4ccon4)NC(=O)C4CN(C)C4)n3)ccc2n1,9.69897000433602,1
Cc1ccc2cc(-c3c[nH]c([C@H](CCCCCC(=O)c4ccon4)NC(=O)[C@H]4CC45CCN(C)CC5)n3)ccc2n1,9.619788758288394,1
Cc1ccc2cc(-c3cnc(C(CCCCCC(=O)c4ncco4)NC(=O)[C@H]4CC45CCN(C)CC5)o3)ccc2n1,9.119186407719209,1
Cc1ccc2cc(-c3cnc([C@@H](N)CCCCCC(=O)c4ncco4)[nH]3)c(Cl)cc2n1,8.0,1
Cc1ccc2cc(-c3cnc([C@H](CCCCCC(=O)C4NC=CO4)N4CCOCC4)[nH]3)ccc2n1,7.853871964321762,1
Cc1ccc2cc(-c3cnc([C@H](CCCCCC(=O)C4NC=CO4)NC4CCOCC4)[nH]3)ccc2n1,8.18045606445813,1
Cc1ccc2cc(C(=O)NCCCCCC(=O)Nc3ccccc3N)[nH]c2c1,6.752026733638193,1
Cc1ccc2cc(C(=O)NO)sc2c1,5.75448733218585,1
Cc1ccc2cc(C(=O)NO)sc2c1F,6.339134521996131,1
Cc1ccc2nc3c4ccccc4c(NCCCCCCC(=O)NO)nn3c(=O)c2c1,7.917229461638813,2
Cc1ccc2nc3c4ccccc4c(NCCCCCCC(=O)Nc4ccccc4N)nn3c(=O)c2c1,7.1414644686857915,2
Cc1ccc2nc3c4ccccc4c(NCCCCCCCC(=O)NO)nn3c(=O)c2c1,7.8569964389602625,2
Cc1ccc2oc(SCC(=O)c3ccc(CNC(=O)C(C)(C)C)s3)nc2n1,5.259637310505756,1
Cc1cccc(-c2cn(C)c(=O)c3[nH]c(C(=O)NCc4ccc(C(=O)Nc5ccccc5N)cc4)cc23)c1,7.260032483027832,2
Cc1cccc(-c2cn(CCCCCC(=O)NO)nn2)c1,7.496209316942819,1
Cc1cccc(-c2cnc(C(=O)NCCCCCCC(=O)NO)o2)c1,7.269139715265085,2
Cc1cccc(-c2cnc(C(=O)NCCCCCCC(=O)NO)s2)c1,7.174834579834745,2
Cc1cccc(-c2nc(CNc3ccc(C(=O)NO)cc3)n(-c3ccccc3)n2)c1,5.257903597696755,2
Cc1cccc(-c2ncc(/C=C/C(=O)Nc3ccccc3N)s2)c1,6.09151498112135,1
Cc1cccc(-c2ncn(Cc3ccc(C(=O)NO)cc3)n2)c1,6.774949380890727,2
Cc1cccc(-c2noc(-c3ccc(C(=O)C(F)(F)F)s3)n2)c1,5.184422251675732,2
Cc1cccc(-n2nc(-c3ccccc3)nc2CNc2ccc(C(=O)NO)cc2)c1,5.414539270491499,2
Cc1cccc(/C=C2\CCCN(Cc3ccc(C(=O)Nc4ccc(F)cc4N)cc3)C2=O)c1,6.032381836663912,2
Cc1cccc(C(=O)NCCCCCC(=O)Nc2ccccc2N)c1,6.278189384787453,1
Cc1cccc(C(=O)NOCCCCCC(=O)NO)c1,6.010930015636467,10
Cc1cccc(C)c1CNc1ncc(C(=O)NO)cn1,5.863279432843593,1
Cc1cccc(C)c1Cn1cnc2ccc(-c3cc(NC(=O)CCCCCC(=O)NO)n[nH]3)cc21,7.215026436178179,2
Cc1cccc(C)c1NC(=O)CCCCC(=O)NO,5.360387080276657,3
Cc1cccc(C2(Nc3ncc(C(=O)NO)cn3)CC2)c1,7.327902142064282,1
Cc1cccc(C2CC(=O)N2C2CCN(C(=O)NCc3ccc(C(=O)NO)cc3)CC2)c1,5.508638306165727,2
Cc1cccc(CCNC(=O)CCCCCCS)c1,5.493494967595128,2
Cc1cccc(CCNC(=O)[C@H](CCCCCS)NC(=O)[C@@H]2CCCC(=O)N2)c1,7.036212172654444,2
Cc1cccc(CCNCc2ccc(-c3ccc(C(=O)NO)s3)nc2)c1,8.045757490560675,2
Cc1cccc(CCOc2cc(-c3noc(C(F)(F)F)n3)ccn2)n1,5.468521082957745,1
Cc1cccc(CN2CCC=C(CCC(=O)NO)C2=O)c1,5.721246399047171,1
Cc1cccc(CNc2ncc(-c3noc(C(F)(F)F)n3)cn2)n1,6.292429823902063,1
Cc1cccc(Cc2cn(CCCCCC(=O)NO)c3ccc(-c4c(C)noc4C)cc23)c1,6.6144670207042715,3
Cc1cccc(Cc2cn(CCCCCCC(=O)NO)c3ccc(-c4c(C)noc4C)cc23)c1,6.576621989554152,3
Cc1cccc(Cl)c1Cn1cnc2ccc(-c3cc(NC(=O)CCCCCC(=O)NO)n[nH]3)cc21,7.497581469530845,2
Cc1cccc(Cl)c1Cn1cnc2ccc(-c3cc(NC(=O)CCCCCCC(=O)NO)n[nH]3)cc21,7.338662984124287,2
Cc1cccc(Cn2cc(/C=C/C(=O)Nc3ccccc3N)cn2)n1,5.522878745280337,2
Cc1cccc(Cn2nc(C(=O)NCCCCCCC(=O)NO)c3c2-c2ccc(-c4c(C)noc4C)cc2CC3)c1,6.481486060122112,2
Cc1cccc(Cn2nc3c(c2C(=O)NCCCCCCC(=O)NO)CCc2cc(-c4c(C)noc4C)ccc2-3)c1,6.346787486224656,2
Cc1cccc(Cn2nc3c(c2C(=O)NCCCCCCC(=O)NO)CCc2ccccc2-3)c1,6.4089353929735005,2
Cc1cccc(N(CC(=O)NC2CCCCC2)C(=O)Cc2ccc(C(=O)NO)cc2)c1,6.504455662453552,2
Cc1cccc(N(Cc2ccc(-c3nnc(C(F)F)o3)cn2)S(=O)(=O)N2CCN(C)[C@@H](C)C2)c1,7.2839966563652,1
Cc1cccc(N(Cc2ccc(-c3nnc(C(F)F)o3)cn2)S(=O)(=O)N2CCN(C)[C@H](C)C2)c1,7.318758762624412,1
Cc1cccc(N(Cc2ccc(-c3nnc(C(F)F)o3)cn2)S(=O)(=O)N2CCN(C3COC3)CC2)c1,7.309803919971486,1
Cc1cccc(N(Cc2ccc(-c3nnc(C(F)F)o3)cn2)S(=O)(=O)N2CCN(C3COC3)[C@@H](C)C2)c1,7.376750709602099,1
Cc1cccc(N(Cc2ccc(-c3nnc(C(F)F)o3)cn2)S(=O)(=O)N2CCN(C3COC3)[C@H](C)C2)c1,7.301029995663981,1
Cc1cccc(N2CCC(NCc3ccc(-c4noc(C(F)(F)F)n4)cc3)CC2)c1,6.136677139879544,1
Cc1cccc(NC(=O)CCCCC(=O)NO)c1,7.337043011311785,3
Cc1cccc(NC(=O)CCCCC(=O)NO)c1C,6.19849560735251,3
Cc1cccc(NC(=O)CCCCCCC(=O)NO)c1,6.7055337738384075,2
Cc1cccc(NC(=O)NOCCCCCC(=O)NO)c1,5.193346593189365,2
Cc1cccc(NC(=O)Nc2ccc(-c3nn(CCCCCCCC(=O)NO)c4ncnc(N)c34)cc2)c1,8.962573502059376,1
Cc1cccc(NC(=O)Nc2ccc(-c3nn(CCCN(C)CCCC(=O)NO)c4ncnc(N)c34)cc2)c1,7.860120913598763,1
Cc1cccc(NC(=O)[C@H](CCCCCC(=O)NO)NC(=O)[C@H]2CCC(=O)N2)c1,8.154901959985743,4
Cc1cccc(NC(=O)[C@H](CCCCCS)NC(=O)[C@@H]2CCC(=O)N2)c1,8.301029995663981,2
Cc1cccc(NC(=O)[C@H](CCCCCS)NC(=O)[C@@H]2CCCC(=O)N2)c1,8.698970004336019,2
Cc1cccc(NC(=O)[C@H](CCCCCS)NC(=O)[C@H]2CCC(=O)N2)c1,8.397940008672037,2
Cc1cccc(NC(=O)[C@H](CCCCCS)NC(=O)[C@H]2CCC(=O)N2C)c1,8.522878745280337,2
Cc1cccc(NS(=O)(=O)c2ccc(-c3noc(C(F)(F)F)n3)cc2)c1,5.443697499232712,1
Cc1cccc(Nc2ccccc2C(=O)N[C@H](COc2ccc(/C=C/C(=O)NO)cc2)Cc2c[nH]c3ccccc23)c1C,6.171539899102793,1
Cc1cccc(Nc2nc(Nc3ccc(NC(=O)CCCCCCC(=O)NO)cc3)ncc2C)c1,8.657577319177793,2
Cc1cccc(OS(=O)(=O)C2CC3OC2C(c2ccc(NC(=O)CCCCCCC(=O)O)cc2)=C3c2ccc(O)cc2)c1,5.525783735923745,2
Cc1cccc(S(=O)(=O)N2Cc3ccc(/C=C/C(=O)NO)cc3C2)c1,7.207608310501746,2
Cc1cccc(S(=O)(=O)Nc2ccc(/C=C/C(=O)NO)cc2)c1,7.0,3
Cc1cccc2c(C(=O)N3CCN(Cc4ccc(C(=O)NO)cc4)CC3)c[nH]c12,5.856985199745905,2
Cc1cccc2c3c(n(Cc4ccc(C(=O)NO)cc4)c12)CCN(C)C3,4.655607726314889,2
Cc1cccc2cc(C(=O)NCCCCCC(=O)Nc3ccccc3N)[nH]c12,7.229147988357855,1
Cc1ccccc1-c1ccc(/C=N/NC(=O)CCCCCC(=O)NO)cc1,8.096910013008056,2
Cc1ccccc1-c1ccc(N)c(NC(=O)C2CCCCC2)c1,5.515700160653214,1
Cc1ccccc1-c1cn(C)c(=O)c2[nH]c(C(=O)NCc3ccc(C(=O)Nc4ccccc4N)cc3)cc12,7.194159583928856,2
Cc1ccccc1-c1cn(CCCCCC(=O)NO)nn1,7.7594507517174005,1
Cc1ccccc1-c1cn(CCCCCCC(=O)NO)nn1,8.55284196865778,1
Cc1ccccc1-c1cnc(C(=O)NCCCCCCC(=O)NO)o1,6.938736426175844,2
Cc1ccccc1/C=C/C(=O)Nc1ccc(C(=O)NS(=O)(=O)c2ccc(NCCCCCCC(=O)NO)c([N+](=O)[O-])c2)c(Oc2ccccc2)c1,6.991399828238082,2
Cc1ccccc1/C=C1\CC(=O)N(CCCCCCC(=O)NO)C1=O,7.66354026615147,1
Cc1ccccc1/C=C1\CCCN(Cc2ccc(C(=O)Nc3ccc(F)cc3N)cc2)C1=O,5.611011214875286,2
Cc1ccccc1C(=O)N(CC(=O)NC(C)(C)C)Cc1ccc(C(=O)NO)cc1,5.617982957425132,2
Cc1ccccc1C(=O)N(CC(=O)NC(C)(C)C)Cc1ccc(C(=O)NO)cc1F,5.756961951313706,2
Cc1ccccc1C(=O)N(CC(=O)NC12CC3CC(CC(C3)C1)C2)Cc1ccc(C(=O)NO)cc1,7.0,2
Cc1ccccc1C(=O)N(CC(=O)NC1CCCCC1)Cc1ccc(C(=O)NO)cc1F,6.027797161620935,2
Cc1ccccc1C(=O)N(CC(=O)NCc1ccccc1)Cc1ccc(C(=O)NO)cc1,6.552841968657781,2
Cc1ccccc1C(=O)N(Cc1ccc(C(=O)NO)cc1)Cc1nnnn1C1CCCCC1,5.518557371497695,2
Cc1ccccc1C(=O)NOCCCCCC(=O)NO,4.789741584385691,2
Cc1ccccc1C1(Nc2ncc(C(=O)NO)cn2)CC1,7.301029995663981,1
Cc1ccccc1C=C1CC(=O)N(CCCCCCC(=O)NO)C1=O,7.657577319177793,1
Cc1ccccc1CCNCc1ccc(-c2ccc(C(=O)NO)s2)nc1,8.096910013008056,2
Cc1ccccc1CCc1cn(CCCCCC(=O)NO)c2ccc(-c3c(C)noc3C)cc12,6.503070351926786,2
Cc1ccccc1CN1C(=O)C2=C(CCN(Cc3ccc(C(=O)Nc4ccccc4N)cc3)C2)N2CCN=C12,6.596879478824182,2
Cc1ccccc1CN1CCC=C(CCC(=O)NO)C1=O,5.527243550682788,1
Cc1ccccc1Cc1cn(CCCCCC(=O)NO)c2ccc(-c3c(C)noc3C)cc12,6.536107011014092,1
Cc1ccccc1Cc1cn(CCCCCCC(=O)NO)c2ccc(-c3c(C)noc3C)cc12,6.61708721645656,3
Cc1ccccc1Cn1c(SCc2ccc(C(=O)NO)cc2)nc2ccccc21,4.468521082957745,1
Cc1ccccc1Cn1cc(CCCCC(=O)NO)nn1,5.978810700930062,2
Cc1ccccc1Cn1cnc2ccc(-c3cc(NC(=O)CCCCCC(=O)NO)n[nH]3)cc21,7.366531544420414,2
Cc1ccccc1N(CC(=O)NC1CCCCC1)C(=O)Cc1ccc(C(=O)NO)cc1,6.860120913598763,2
Cc1ccccc1N(CC(=O)NC1CCCCC1)C(=O)Cc1ccc(C(=O)NO)cc1F,6.642065152999546,2
Cc1ccccc1NC(=O)C(Cc1c[nH]c2ccccc12)NC(=O)c1ccc(/C=C/C(=O)NO)cc1,6.638272163982407,1
Cc1ccccc1NC(=O)CCCCC(=O)NO,6.359827103890846,3
Cc1ccccc1NC(=O)NOCCCCCC(=O)NO,4.992190208183394,2
Cc1ccccc1Nc1ncnc2cc(NC(=O)CCCCCCC(=O)NO)sc12,6.860357071578486,2
Cc1ccccc1OS(=O)(=O)C1CC2OC1C(c1ccc(NC(=O)CCCCCCC(=O)NO)cc1)=C2c1ccc(O)cc1,7.657577319177793,2
Cc1ccccc1OS(=O)(=O)C1CC2OC1C(c1ccc(NC(=O)CCCCCCC(=O)O)cc1)=C2c1ccc(O)cc1,7.657577319177793,2
Cc1ccccc1S(=O)(=O)N1CCC(Nc2ncc(C(=O)NO)cn2)(c2ccccc2)CC1,6.429457060118103,1
Cc1ccccc1S(=O)(=O)N1Cc2ccc(/C=C/C(=O)NO)cc2C1,6.886056647693163,2
Cc1cccnc1Nc1nc(SCc2ccc(C(=O)Nc3ccc(F)cc3N)cc2)nn2cccc12,5.8794260687941495,2
Cc1cccnc1Nc1nc(SCc2ccc(C(=O)Nc3ccccc3N)cc2)nn2cccc12,6.690369832574101,2
Cc1ccnc(NC(=O)NCc2ccc(C(=O)NO)cc2)c1,6.237321436272564,4
Cc1ccncc1COc1ccc(-c2noc(C(F)(F)F)n2)cn1,5.657577319177793,1
Cc1ccnnc1OCc1ccc(-c2noc(C(F)(F)F)n2)c(F)c1,5.180456064458131,1
Cc1ccoc1C(=O)N1CCC2(CC1)C(=O)N(Cc1ccc(C(=O)NO)cc1)CN2c1ccccc1,6.032569052747027,2
Cc1ccsc1-c1nc(CNc2ccc(C(=O)NO)cc2)n(-c2ccccc2)n1,5.494850021680094,2
Cc1cn(-c2ccc(C(=O)NO)cc2)c2ccccc12,5.168130225719498,1
Cc1cn(C(C)C(=O)N(Cc2ccc(-c3noc(C(F)(F)F)n3)cn2)c2cccc(F)c2)nn1,6.698970004336019,1
Cc1cn(C)nc1CN1CCC(c2ccc(C(=O)Nc3ccccc3N)cc2)CC1,7.0,2
Cc1cn(Cc2ccc(C(=O)NO)cc2)c2c1C(=O)CC(C)(C)C2,5.486782399932061,2
Cc1cn(Cc2ccc(C(=O)NO)cc2)c2c1C(=O)CCC2,5.94692155651658,2
Cc1cn(Cc2ccc(C(=O)NO)cc2)c2ccccc12,5.168130225719498,1
Cc1cn(Cc2ccccc2)nc1CCCCC(=O)NO,6.189767482004916,2
Cc1cn([C@@H]2C[C@H](C3(c4ccc(NC(=O)CCCCC(=O)NO)cc4)SCCCS3)[C@@H](CO[Si](C)(C)C(C)(C)C)O2)c(=O)[nH]c1=O,5.552841968657781,2
Cc1cn([C@@H]2C[C@H](C3(c4ccc(NC(=O)CCCCCC(=O)NO)cc4)SCCCS3)[C@@H](CO[Si](C)(C)C(C)(C)C)O2)c(=O)[nH]c1=O,6.229147988357855,2
Cc1cn([C@@H]2C[C@H](C3(c4ccc(NC(=O)CCCCCCC(=O)NO)cc4)SCCCS3)[C@@H](CO[Si](C)(C)C(C)(C)C)O2)c(=O)[nH]c1=O,5.958607314841775,2
Cc1cn([C@H]2C[C@H](C3(c4ccc(NC(=O)CCCCC(=O)NO)cc4)SCCCS3)[C@@H](CO[Si](C)(C)C(C)(C)C)O2)c(=O)[nH]c1=O,5.6020599913279625,2
Cc1cn([C@H]2C[C@H](C3(c4ccc(NC(=O)CCCCCC(=O)NO)cc4)SCCCS3)[C@@H](CO[Si](C)(C)C(C)(C)C)O2)c(=O)[nH]c1=O,6.045757490560675,2
Cc1cn([C@H]2C[C@H](C3(c4ccc(NC(=O)CCCCCCC(=O)NO)cc4)SCCCS3)[C@@H](CO[Si](C)(C)C(C)(C)C)O2)c(=O)[nH]c1=O,6.136677139879544,2
Cc1cn2ccc(/C=C/C(=O)NO)cc2n1,5.886056647693163,1
Cc1cn[nH]c1Nc1nc(Cl)nc2c1ncn2Cc1ccc(C(=O)Nc2ccccc2N)cc1,6.782516055786093,1
Cc1cnc(-c2nc(C(=O)NCCCCC(=O)C(F)(F)F)c(C3CC3)s2)s1,7.47109090278395,2
Cc1cnc(-c2nc(C(=O)NCCCCC(=O)NO)c(C3CC3)s2)s1,7.1938200260161125,1
Cc1cnc(-c2nc(C(=O)NCCCCC(=O)NO)c(CC(C)C)s2)s1,6.03763066432998,1
Cc1cnc(-c2nc(C(=O)N[C@@H](C)c3ccc(C(=O)NO)cc3)c(C3CC3)s2)s1,7.700386068613102,2
Cc1cnc(C(=O)NCCCCC(=O)Nc2ccccc2N)s1,4.409492537991417,1
Cc1cnc(C(=O)NCCCCCC(=O)Nc2ccccc2N)s1,6.088309841246138,1
Cc1cnc(COc2cc(-c3noc(C(F)(F)F)n3)ccn2)cn1,5.721246399047171,1
Cc1cnc(COc2nccc(-c3noc(C(F)(F)F)n3)c2Cl)cn1,5.09151498112135,1
Cc1cnc(Nc2ccc(/C=C/C(=O)NO)cc2)nc1Nc1ccc(Cl)c(NS(=O)(=O)C(C)(C)C)c1,6.42021640338319,2
Cc1cnc(Nc2ccc(C(=O)NO)cc2)nc1Nc1ccc(Cl)c(NS(=O)(=O)C(C)(C)C)c1,6.657577319177793,2
Cc1cnc(Nc2ccc(C(=O)Nc3ccccc3N)cc2)nc1Nc1ccc(Cl)c(NS(=O)(=O)C(C)(C)C)c1,6.301029995663981,2
Cc1cnc(Nc2ccc(C(=O)Nc3ccccc3N)cc2)nc1Nc1cccc(S(=O)(=O)NC(C)(C)C)c1,6.568636235841012,2
Cc1cnc(Nc2ccc(N3CCN(C)CC3)cc2)nc1-c1ccc(NC(=O)CCCCCCC(=O)NO)cc1,6.856985199745905,2
Cc1cnc(Nc2ccc(N3CCOCC3)cc2)nc1-c1ccc(NC(=O)CCCCCCC(=O)NO)cc1,6.539102157243452,2
Cc1cnc(Nc2ccc(OCCCCCCC(=O)NO)c(F)c2)nc1Nc1cccc(S(=O)(=O)NC(C)(C)C)c1,9.47734436439228,3
Cc1cnc(Nc2ccc(OCCCCCCC(=O)NO)cc2)nc1Nc1cccc(S(=O)(=O)NC(C)(C)C)c1,9.56886441484574,3
Cc1cnc(Nc2ccc(OCCN3CCCC3)cc2)nc1Nc1ccc(C(=O)NO)cc1,6.920818753952375,2
Cc1cnc(Nc2ccc(OCCN3CCCC3)cc2)nc1Nc1ccc(C(=O)Nc2ccccc2N)cc1,6.207608310501746,2
Cc1cncc(OCc2ccc(-c3noc(C(F)(F)F)n3)c(F)c2)c1,5.1487416512809245,1
Cc1cncnc1OCc1ccc(-c2noc(C(F)(F)F)n2)c(F)c1,5.481486060122112,1
Cc1cncnc1OCc1ccc(-c2noc(C(F)(F)F)n2)cn1,5.657577319177793,1
Cc1coc(C(=O)CCCCC[C@H](NC(=O)C2CCN(C)CC2)c2nc(-c3ccc(F)cc3)c[nH]2)n1,8.080921907623926,1
Cc1coc(C(=O)CCCCC[C@H](NC(=O)C2CCN(C)CC2)c2ncc(-c3ccc(F)cc3)[nH]2)n1,8.080921907623926,2
Cc1csc(-c2ccc(N)c(NC(=O)C3CCCCC3)c2)c1,6.255707016877324,1
Cc1csc(-c2ccc(N)c(NC(=O)C3CCOCC3)c2)c1,5.515700160653214,1
Cc1csc(-c2ccc(N)c(NC(=O)N3CCCC3)c2)c1,6.255707016877324,1
Cc1csc(-c2ccc(N)c(NC(=O)c3ccc(CNc4ccncc4)cc3)c2)c1,7.823908740944319,1
Cc1csc(-c2ccc(N)c(NC(=O)c3ccc(N4CCC5(CC4)CNC(=O)O5)nc3)c2)c1,7.853871964321762,2
Cc1csc(-c2nc(C(=O)NCCCCC(=O)NO)c(C3CC3)s2)n1,7.301029995663981,1
Cc1csc(-c2nc(C(=O)N[C@@H](C)c3ccc(C(=O)NO)cc3)c(C3CC3)s2)n1,7.775770517818682,2
Cc1csc(C(=O)NCCCCCC(=O)Nc2ccccc2N)n1,6.142064735280571,1
Cc1csc(OCc2ccc(-c3noc(C(F)(F)F)n3)c(F)c2)n1,5.568636235841012,1
Cc1cscc1-c1ccc(N)c(NC(=O)c2ccc(CNc3ccncc3)cc2)c1,6.7447274948966935,1
Cc1n[nH]c(C)c1-c1ccc(C2(C(=O)Nc3ccc(C(=O)NO)cc3)CCCC2)cc1,8.096910013008056,2
Cc1n[nH]c(CC(=O)N(Cc2ccc(-c3noc(C(F)(F)F)n3)cn2)c2cccc(F)c2)n1,6.3872161432802645,1
Cc1n[nH]c2c1CC(NCc1ccc(-c3noc(C(F)(F)F)n3)cn1)CC2,6.3979400086720375,1
Cc1nc(-c2ccc(OCC(C)C)c(C#N)c2)sc1C(=O)NCCCCCCC(=O)NO,6.872895201635192,2
Cc1nc(-c2cccc(/C=C/C(=O)NO)c2)n(CCN2CCOCC2)c1-c1ccccc1,7.508638306165727,2
Cc1nc(-c2cccc(/C=C/C(=O)NO)c2)n(CCN2CCOCC2)c1C,7.508638306165727,2
Cc1nc(-c2cccc(/C=C/C(=O)NO)c2)n(CCN2CCOCC2)c1Cc1ccccc1,8.0,2
Cc1nc(-c2cccc(/C=C/C(=O)NO)c2)n(CCc2ccccc2)c1-c1ccccc1,8.102372908709558,2
Cc1nc(-c2cccc(/C=C/C(=O)NO)c2)n(CCc2ccccc2)c1C,8.102372908709558,2
Cc1nc(-c2cccc(/C=C/C(=O)NO)c2)n(CCc2ccccc2)c1Cc1ccccc1,8.301029995663981,2
Cc1nc(-c2cccc(/C=C/C(=O)NO)c2)n([C@@H]2CCCN(C(C)C)C2)c1-c1ccccc1,8.200659450546418,2
Cc1nc(-c2cccc(/C=C/C(=O)NO)c2)n([C@@H]2CCCN(C)C2)c1-c1ccccc1,8.0,2
Cc1nc(-c2ccccc2)n(CCc2ccccc2)c1-c1cccc(/C=C/C(=O)NO)c1,7.102372908709558,2
Cc1nc(-c2ccccc2)sc1CNCc1ccc(C(=O)Nc2cc(-c3ccccc3)ccc2O)cc1,6.161150909262744,1
Cc1nc(-c2ccccn2)sc1C(=O)NCCCCCC(=O)Nc1ccccc1N,6.316052869248487,1
Cc1nc(-c2cccnc2)sc1C(=O)NCCCCCC(=O)Nc1ccccc1N,6.453457336521868,1
Cc1nc(-c2nc(C(=O)NCCCCC(=O)NO)c(C3CC3)s2)sc1C,7.301029995663981,1
Cc1nc(-c2nc(C(=O)NCCCCC(=O)NO)c(CC(C)C)s2)cs1,6.3585258894959,1
Cc1nc(-c2nc(C(=O)NCCCCC(=O)NO)cs2)cs1,6.503741244851852,3
Cc1nc(-c2nc(C(=O)N[C@H](C(=O)NCCC(=O)NO)C(C)C)cs2)cs1,5.575390733773459,3
Cc1nc(-c2nc(C(=O)N[C@H](C(=O)NCCCC(=O)NO)C(C)C)cs2)cs1,5.610656761021517,3
Cc1nc(-c2nc(C(=O)N[C@H](C(=O)OC/C=C/CCS)C(C)C)cs2)cs1,6.924483882052862,3
Cc1nc(/C=C/C(=O)Nc2ccccc2N)cs1,5.522878745280337,2
Cc1nc(C(=O)N(C)Cc2ccc(C(=O)NO)cc2)cc2c1[nH]c1ccccc12,5.514278573518419,1
Cc1nc(C(=O)NCC(=O)NO)cc2c1[nH]c1ccccc12,5.270025714300445,1
Cc1nc(C(=O)NCCC(=O)NO)cc2c1[nH]c1ccccc12,5.610833915635467,1
Cc1nc(C(=O)NCCCC(=O)NO)cc2c1[nH]c1ccccc12,5.917214629683549,1
Cc1nc(C(=O)NCCCCC(=O)NO)cc2c1[nH]c1ccccc12,5.899629454882437,1
Cc1nc(C(=O)NCCCCCC(=O)NO)cc2c1[nH]c1ccccc12,5.844663962534938,1
Cc1nc(C)c(C(=O)Nc2cccc(C(=O)NO)c2)nc1C,6.329754146925875,2
Cc1nc(C)n(CC(=O)N(Cc2ccc(-c3noc(C(F)(F)F)n3)cc2)c2cccc(C(F)(F)F)c2)n1,5.853871964321762,1
Cc1nc(C)n(CCc2ccccc2)c1-c1cccc(/C=C/C(=O)NO)c1,7.102372908709558,2
Cc1nc(C2=N[C@](C)(C(=O)N[C@H](C(=O)OC/C=C/CCS)C(C)C)CS2)cs1,4.858236769724212,2
Cc1nc(COc2cc(-c3noc(C(F)(F)F)n3)ccn2)no1,5.823908740944319,1
Cc1nc(Cc2ccccc2)n(CCc2ccccc2)c1-c1cccc(/C=C/C(=O)NO)c1,7.3979400086720375,2
Cc1nc(Cl)cnc1COc1ccc(-c2noc(C(F)(F)F)n2)cn1,5.638272163982407,1
Cc1nc(N(C)c2ccc(OCC(=O)NO)cc2)c2ccccc2n1,6.764471553092451,2
Cc1nc(N(C)c2ccc(OCCCC(=O)NO)cc2)c2ccccc2n1,7.075720713938118,2
Cc1nc(N(C)c2ccc(OCCCCC(=O)NO)cc2)c2ccccc2n1,6.690369832574101,2
Cc1nc(N(C)c2ccc(OCCCCCC(=O)NO)cc2)c2ccccc2n1,6.565431095965801,2
Cc1nc(N(C)c2cccc(OCCCCC(=O)NO)c2)c2ccccc2n1,6.514278573518419,2
Cc1nc(N(C)c2cccc(OCCCCCC(=O)NO)c2)c2ccccc2n1,7.136677139879544,2
Cc1nc(NC(=O)N2C[C@H](NC(=O)c3ccc(C(=O)NO)cn3)C[C@H]2C(N)=O)sc1-c1ccnc(C(C)(C)C(F)(F)F)c1,6.326979092871104,2
Cc1nc(NCc2ccc(/C=C/C(=O)NO)cc2)cc2c1[nH]c1ccccc12,6.913640169325252,2
Cc1nc(NCc2ccc(C(=O)NO)cc2)cc2c1[nH]c1ccccc12,7.318758762624412,2
Cc1nc(NCc2cccc(/C=C/C(=O)NO)c2)cc2c1[nH]c1ccccc12,7.031517051446065,2
Cc1nc(Nc2ncc(C(=O)Nc3c(C)cccc3Cl)s2)cc(N2CCN(CC(=O)NO)CC2)n1,6.0,1
Cc1nc(Nc2ncc(C(=O)Nc3c(C)cccc3Cl)s2)cc(N2CCN(CCC(=O)NO)CC2)n1,6.0,1
Cc1nc(Nc2ncc(C(=O)Nc3c(C)cccc3Cl)s2)cc(N2CCN(CCCC(=O)NO)CC2)n1,6.0,1
Cc1nc(Nc2ncc(C(=O)Nc3c(C)cccc3Cl)s2)cc(N2CCN(CCCCC(=O)NO)CC2)n1,7.0,1
Cc1nc(Nc2ncc(C(=O)Nc3c(C)cccc3Cl)s2)cc(N2CCN(CCCCCCC(=O)NO)CC2)n1,7.0,1
Cc1nc(OCc2ccc(-c3noc(C(F)(F)F)n3)c(F)c2)c2cnn(C)c2n1,5.585026652029182,1
Cc1nc(SCC(=O)c2ccc(CNC(=O)C(C)(C)C)s2)c2ccccc2n1,5.259637310505756,1
Cc1nc(SCC(=O)c2ccc(CNC(=O)C(C)(C)C)s2)c2cccnc2n1,5.259637310505756,1
Cc1nc(SCC(=O)c2ccc(CNS(C)(=O)=O)s2)c2ccccc2n1,5.259637310505756,1
Cc1nc2c(/C=C/C(=O)NO)cccc2c(=O)n1-c1ccccc1,4.314258261397736,1
Cc1nc2c(F)cc(-c3nc(Nc4cc(C(=O)NO)ccn4)ncc3F)cc2n1C(C)C,6.522878745280337,1
Cc1nc2c(F)cc(-c3nc(Nc4ccc(-c5ccc(C(=O)NO)cn5)cn4)ncc3F)cc2n1C(C)C,6.1249387366083,1
Cc1nc2c(F)cc(-c3nc(Nc4ccc(/C=C/C(=O)NO)cn4)ncc3F)cc2n1C(C)C,6.1249387366083,1
Cc1nc2c(F)cc(-c3nc(Nc4ccc(C(=O)NO)cn4)ncc3F)cc2n1C(C)C,6.522878745280337,1
Cc1nc2c(F)cc(-c3nc(Nc4ccc(C(=O)NO)nc4)ncc3F)cc2n1C(C)C,6.1249387366083,1
Cc1nc2c(F)cc(-c3nc(Nc4ccc(CN5CCN(CCCCCCC(=O)NO)CC5)cn4)ncc3F)cc2n1C(C)C,6.522878745280337,1
Cc1nc2c(F)cc(-c3nc(Nc4ccc(CNC(=O)CC(=O)NO)cc4)ncc3F)cc2n1C(C)C,7.585026652029182,2
Cc1nc2c(F)cc(-c3nc(Nc4ccc(CNC(=O)CCCCCCC(=O)NO)cc4)ncc3F)cc2n1C(C)C,7.585026652029182,2
Cc1nc2c(F)cc(-c3nc(Nc4ccc(N(C)CCCCCCC(=O)NO)cn4)ncc3F)cc2n1C(C)C,7.259637310505756,1
Cc1nc2c(F)cc(-c3nc(Nc4ccc(N(C)Cc5ccc(/C=C/C(=O)NO)cc5)cn4)ncc3F)cc2n1C(C)C,6.522878745280337,2
Cc1nc2c(F)cc(-c3nc(Nc4ccc(N5CCC(C(=O)NO)CC5)cn4)ncc3F)cc2n1C(C)C,6.1249387366083,1
Cc1nc2c(F)cc(-c3nc(Nc4ccc(N5CCN(C(=O)CCCCCCC(=O)NO)CC5)cn4)ncc3F)cc2n1C(C)C,6.522878745280337,1
Cc1nc2c(F)cc(-c3nc(Nc4ccc(N5CCN(CCC(=O)NO)CC5)cn4)ncc3F)cc2n1C(C)C,6.1249387366083,1
Cc1nc2c(F)cc(-c3nc(Nc4ccc(N5CCN(CCCCC(=O)NO)CC5)cn4)ncc3F)cc2n1C(C)C,6.1249387366083,1
Cc1nc2c(F)cc(-c3nc(Nc4ccc(N5CCN(CCCCCCC(=O)NO)CC5)cn4)ncc3F)cc2n1C(C)C,6.1249387366083,1
Cc1nc2c(F)cc(-c3nc(Nc4ccc(N5CCN(Cc6ccc(C(=O)NO)cc6)CC5)cn4)ncc3F)cc2n1C(C)C,7.259637310505756,1
Cc1nc2c(c(=O)[nH]1)CC(NCc1ccc(-c3noc(C(F)(F)F)n3)cc1)CC2,5.920818753952375,1
Cc1nc2c(c(N(C)c3ccc(OCC(=O)NO)cc3)n1)CCC2,6.578396073130168,2
Cc1nc2c(c(N(C)c3ccc(OCCCC(=O)NO)cc3)n1)CCC2,6.709965388637482,2
Cc1nc2c(c(N(C)c3ccc(OCCCCC(=O)NO)cc3)n1)CCC2,6.673664139071249,2
Cc1nc2c(c(N(C)c3ccc(OCCCCCC(=O)NO)cc3)n1)CCC2,6.920818753952375,2
Cc1nc2c(n1C)CN(C(=O)Nc1nc(-c3ccc(F)cc3)ccc1N)C2,5.560667306169737,1
Cc1nc2c(s1)CN(C(=O)Nc1nc(-c3ccc(F)cc3F)ccc1N)C2,6.522878745280337,1
Cc1nc2cc(/C=C/C(=O)NO)ccc2c(=O)n1-c1ccccc1,5.493581481644914,3
Cc1nc2cc(/C=C/C(=O)NO)ccc2c(=O)n1CCc1c[nH]c2ccccc12,6.120330794367947,1
Cc1nc2cc(/C=C/C(=O)NO)ccc2c(=O)n1CCc1ccccc1,5.7258421507363195,1
Cc1nc2cc(/C=C/C(=O)NO)ccc2c(=O)n1Cc1ccccc1,5.838631997765026,1
Cc1nc2cc(/C=C/C(=O)NO)ccc2n1C,5.732828271596986,2
Cc1nc2cc(/C=C/C(=O)NO)ccn2c1CN(C)CC(C)(C)C,6.107905397309519,1
Cc1nc2cc(F)ccc2n1Cc1ccc(-c2noc(C(F)(F)F)n2)cc1F,5.795880017344075,1
Cc1nc2cc(F)ccc2n1Cc1ccc(-c2noc(C(F)(F)F)n2)cn1,6.075720713938118,1
Cc1nc2cc(NC(=O)CCCCCCCNC(=O)COc3cccc4c3C(=O)N(C3CCC(=O)NC3=O)C4=O)ccc2n1Cc1ccc(C(=O)NO)cc1F,6.189095719331299,2
Cc1nc2cc(NC(=O)CCOCCOCCOCCNC(=O)COc3cccc4c3C(=O)N(C3CCC(=O)NC3=O)C4=O)ccc2n1Cc1ccc(C(=O)NO)cc1F,5.8814046347762385,2
Cc1nc2cc(NC(=O)CCOCCOCCOCCOCCNC(=O)CNc3cccc4c3C(=O)N(C3CCC(=O)NC3=O)C4=O)ccc2n1Cc1ccc(C(=O)NO)cc1F,5.847711655616944,2
Cc1nc2cc(NC(=O)CCOCCOCCOCCOCCNC(=O)COc3cccc4c3C(=O)N(C3CCC(=O)NC3=O)C4=O)ccc2n1Cc1ccc(C(=O)NO)cc1F,5.82564940252062,2
Cc1nc2ccc(-c3nc(Nc4ccc(NC(=O)CCCCCC(=O)NO)cc4)ncc3F)cc2n1C(C)C,7.769551078621726,2
Cc1nc2ccc(/C=C/C(=O)NO)cc2c(=O)n1-c1ccccc1,5.679853713888946,1
Cc1nc2ccc(/C=C/CC(=O)NO)cc2c(=O)n1-c1ccccc1,4.761953896871205,2
Cc1nc2ccc(Br)cn2c1-c1ccnc(NCc2ccc(C(=O)Nc3ccccc3N)cc2)n1,6.903089986991944,2
Cc1nc2ccc(Cl)cc2c(=O)n1Cc1ccc(C(=O)NO)cc1,6.119186407719209,1
Cc1nc2ccc(F)cc2n1Cc1ccc(-c2noc(C(F)(F)F)n2)cc1F,5.721246399047171,1
Cc1nc2ccc(F)cc2n1Cc1ccc(-c2noc(C(F)(F)F)n2)cn1,6.142667503568731,1
Cc1nc2cccc(/C=C/C(=O)NO)c2c(=O)n1-c1ccccc1,4.730487055782084,1
Cc1nc2ccccc2c(=O)n1-c1ccccc1Cn1cc(-c2ccccc2)nn1,5.528708288941061,1
Cc1nc2ccccc2c(=O)n1Cc1ccc(C(=O)Nc2ccccc2N)cc1,7.096910013008056,2
Cc1nc2ccccc2n1CCNCc1ccc(/C=C/C(=O)NO)cc1,7.42021640338319,1
Cc1nc2ccccc2n1Cc1ccc(C(=O)NO)cc1,5.056011124926228,1
Cc1nc2ccccc2n1Cc1ccc(C(=O)NO)cc1F,5.205620496817181,8
Cc1nc2ccccn2c1-c1ccnc(NCCc2ccc(C(=O)Nc3ccccc3N)cc2)n1,6.882728704344236,2
Cc1nc2ccccn2c1-c1ccnc(NCc2ccc(C(=O)Nc3cc(F)ccc3N)cc2)n1,7.013228265733755,2
Cc1nc2ccccn2c1-c1ccnc(NCc2ccc(C(=O)Nc3ccc(F)cc3N)cc2)n1,6.8696662315049934,2
Cc1nc2ccccn2c1-c1ccnc(NCc2ccc(C(=O)Nc3ccccc3N)cc2)n1,6.96657624451305,2
Cc1nc2ccccn2c1/C=C/C(=O)NCCc1ccc(C(=O)Nc2ccccc2N)cc1,6.7495799976911055,2
Cc1nc2ccccn2c1/C=C/C(=O)NCc1ccc(C(=O)Nc2ccccc2N)cc1,6.761953896871205,2
Cc1nc2cnccn2c1-c1ccnc(NCc2ccc(C(=O)Nc3ccccc3N)cc2)n1,7.013228265733755,2
Cc1nc2ncccn2c1-c1ccnc(NCc2ccc(C(=O)Nc3ccccc3N)cc2)n1,6.896196279044043,2
Cc1ncc(-c2ccc(N)c(NC(=O)N3Cc4cn(C)nc4C3)n2)s1,5.560667306169737,1
Cc1ncc(-c2ccc(N)c(NC(=O)N3Cc4cn(CC(F)F)nc4C3)n2)s1,6.212984366136141,2
Cc1ncc(-c2ccc(N)c(NC(=O)c3ccc(S(C)(=N)=O)cc3)c2)s1,6.522878745280337,1
Cc1ncc(/C=C/C(=O)Nc2ccccc2N)s1,5.1249387366083,2
Cc1ncc(C(=O)N(Cc2ccc(-c3noc(C(F)(F)F)n3)cn2)c2cccc(F)c2)cn1,6.537602002101044,1
Cc1ncc(CC(=O)N(Cc2ccc(-c3noc(C(F)(F)F)n3)cn2)c2cccc(F)c2)s1,6.136677139879544,1
Cc1ncc(CO)c(CNc2ccc(OCCCCCCC(=O)NO)cc2)c1O,7.657577319177793,2
Cc1ncc(CO)c(CNc2ccc(OCCCCCCC(=O)NO)cc2F)c1O,7.154901959985743,2
Cc1ncc(COc2nccc(-c3noc(C(F)(F)F)n3)c2Cl)c(C)n1,5.187086643357144,1
Cc1ncc(OCc2ccc(-c3noc(C(F)(F)F)n3)c(F)c2)cn1,5.3979400086720375,1
Cc1ncc(OCc2ccc(-c3noc(C(F)(F)F)n3)cn2)cn1,5.3979400086720375,1
Cc1ncc2c(n1)CN(C(=O)Nc1nc(-c3ccc(F)cc3)ccc1N)C2,6.212984366136141,2
Cc1ncc2c(n1)CN(C(=O)Nc1nc(-c3ccc(F)cc3F)ccc1N)C2,5.560667306169737,1
Cc1ncc2c(n1)CN(C(=O)Nc1nc(-c3ccc(F)s3)ccc1N)C2,6.212984366136141,2
Cc1nccc(OCc2ccc(-c3noc(C(F)(F)F)n3)c(F)c2)n1,5.494850021680094,1
Cc1nccn1C(C)C(=O)N(Cc1ccc(-c2noc(C(F)(F)F)n2)cn1)c1cccc(F)c1,6.366531544420413,1
Cc1nccn1CC1C(=O)c2c(n(Cc3ccc(C(=O)NO)cc3)c3ccccc23)CC1(C)C,5.236572006437063,2
Cc1nccn1CC1CCc2c(c3cc(F)ccc3n2Cc2ccc(C(=O)NO)cc2)C1=O,5.289882634888183,2
Cc1nccnc1C(=O)N(Cc1ccc(-c2noc(C(F)(F)F)n2)cn1)c1cccc(F)c1,6.6020599913279625,1
Cc1ncsc1-c1ccc(CNC(=O)[C@@H]2C[C@@H](O)CN2C(=O)[C@@H](NC(=O)CCCCCCCCCCC(=O)Nc2ccc(C(=O)Nc3ccccc3N)cc2)C(C)(C)C)cc1,5.537860356969059,2
Cc1ncsc1-c1ccc(CNC(=O)[C@@H]2C[C@@H](O)CN2C(=O)[C@@H](NC(=O)CCCCCCCCOCC(=O)Nc2ccc(C(=O)Nc3ccccc3N)cc2)C(C)(C)C)cc1,6.657577319177793,2
Cc1ncsc1-c1ccc(CNC[C@@H]2C[C@@H](O)CN2C(=O)[C@@H](NC(=O)CCCCCCCCOCC(=O)Nc2ccc(C(=O)Nc3ccccc3N)cc2)C(C)(C)C)cc1,6.657577319177793,2
Cc1ncsc1-c1ccc(CNC[C@H]2C[C@@H](O)CN2C(=O)[C@@H](NC(=O)COCCCCCCCCCOCC(=O)Nc2ccc(C(=O)Nc3ccccc3N)cc2)C(C)(C)C)cc1,6.2441251443275085,2
Cc1ncsc1-c1ccc(NC(=O)[C@@H]2C[C@@H](O)CN2C(=O)[C@@H](NC(=O)C2(F)CC2)C(C)(C)C)c(CCCCCCCCCCCCC(=O)Nc2ccc(C(=O)Nc3ccccc3N)cc2)c1,4.2097852297560205,2
Cc1ncsc1CCn1cc(NC(=O)CCS/C=C\c2ccccc2)cn1,4.525783735923745,1
Cc1nn(-c2ccccc2)nc1C(=O)NCc1ccc(C(=O)NO)cc1,8.346787486224656,2
Cc1nn(-c2ccccc2)nc1C(=O)NCc1ccc(C(=O)Nc2ccccc2N)cc1,7.017728766960431,2
Cc1nn(C/C=C/c2ccccc2)c(C)c1/C=C/C(=O)Nc1ccccc1N,5.522878745280337,2
Cc1nn(Cc2ccc(C(=O)NO)cc2)c2c1C(=O)CC(C)(C)C2,5.782516055786093,2
Cc1nn2ccccc2c1CCN(Cc1ccc(/C=C/C(=O)NO)cc1)C(C)C,9.0,2
Cc1nn2ccccc2c1CCN1CCCC1c1ccc(/C=C/C(=O)NO)cc1,9.221848749616356,2
Cc1nn2ccccc2c1CCNCc1ccc(/C=C/C(=O)NO)cc1,8.522878745280337,2
Cc1nnc(CC(=O)N(Cc2ccc(-c3noc(C(F)(F)F)n3)cc2)c2cccc(C(F)(F)F)c2)n1C,6.065501548756432,1
Cc1nnc(CC(=O)N(Cc2ccc(-c3noc(C(F)(F)F)n3)cn2)c2cccc(F)c2)s1,6.481486060122112,1
Cc1nnc(N(CCCCCCC(=O)NO)c2ccccn2)s1,6.1249387366083,1
Cc1nnc(N(CCCCCCCC(=O)NO)c2ccccn2)s1,5.259637310505756,1
Cc1nnc2n1-c1ccc(Cl)cc1C(c1ccccc1Cl)=N[C@H]2CC(=O)NCc1ccc(C(=O)NO)cc1,5.637004627017362,3
Cc1nnc2n1-c1ccc(Cl)cc1C(c1ccccc1Cl)=N[C@H]2CC(=O)Nc1ccc(/C=C/C(=O)NO)cc1,6.4093484170120165,3
Cc1nnc2n1-c1ccc(Cl)cc1C(c1ccccc1Cl)=N[C@H]2CC(=O)Nc1ccc(CC(=O)NO)cc1,5.757920651065787,3
Cc1nnc2n1-c1ccccc1C(c1ccc(Cl)cc1)=N[C@H]2CC(=O)NCc1ccc(C(=O)NO)cc1,6.024086727276203,3
Cc1nnc2n1-c1ccccc1C(c1ccc(Cl)cc1)=N[C@H]2CC(=O)Nc1ccc(/C=C/C(=O)NO)cc1,6.259356536898312,3
Cc1nnc2n1-c1ccccc1C(c1ccc(Cl)cc1)=N[C@H]2CC(=O)Nc1ccc(C(=O)NO)cc1,6.904364882342541,3
Cc1nnc2n1-c1ccccc1C(c1ccc(Cl)cc1)=N[C@H]2CC(=O)Nc1ccc(CC(=O)NO)cc1,5.597473161744856,3
Cc1nnc2n1-c1ccccc1C(c1ccccc1)=N[C@H]2CC(=O)NCc1ccc(C(=O)NO)cc1,6.252320650437902,3
Cc1nnc2n1-c1ccccc1C(c1ccccc1)=N[C@H]2CC(=O)Nc1ccc(/C=C/C(=O)NO)cc1,7.265293339114692,3
Cc1nnc2n1-c1ccccc1C(c1ccccc1)=N[C@H]2CC(=O)Nc1ccc(C(=O)NO)cc1,7.200767754786878,3
Cc1nnc2n1-c1ccccc1C(c1ccccc1)=N[C@H]2CC(=O)Nc1ccc(CC(=O)NO)cc1,5.820146974372078,3
Cc1nnc2n1-c1sc3c(c1C(c1ccc(Cl)cc1)=N[C@H]2CC(=O)NCc1ccc(C(=O)NO)cc1)CCCC3,5.535369686999066,3
Cc1nnc2n1-c1sc3c(c1C(c1ccc(Cl)cc1)=N[C@H]2CC(=O)Nc1ccc(/C=C/C(=O)NO)cc1)CCCC3,6.342884852787812,3
Cc1nnc2n1-c1sc3c(c1C(c1ccc(Cl)cc1)=N[C@H]2CC(=O)Nc1ccc(C(=O)NO)cc1)CCCC3,6.537745716400582,3
Cc1nnc2n1-c1sc3c(c1C(c1ccc(Cl)cc1)=N[C@H]2CC(=O)Nc1ccc(CC(=O)NO)cc1)CCCC3,5.788440415940439,3
Cc1noc(-c2ccc(C(=O)C(F)(F)F)s2)n1,5.119186407719209,4
Cc1noc(-c2cccc(F)c2)c1C#CCCCCCNC(=O)C(C)S,5.431798275933005,2
Cc1noc(-c2ccccc2)c1C#CCCCCCNC(=O)C(C)S,5.568636235841012,2
Cc1noc(-c2ccccc2)c1CCN1Cc2ccc(/C=C/C(=O)NO)cc2C1,6.769551078621726,2
Cc1noc(C)c1-c1[nH]c2ccccc2c1CCNCc1ccc(/C=C/C(=O)NO)cc1,7.769551078621726,2
Cc1noc(C)c1-c1cc(NC(=O)CCCCC(=O)NO)cc(C(=O)c2ccccc2)c1,6.119186407719209,2
Cc1noc(C)c1-c1cc(NC(=O)CCCCCC(=O)NO)cc(C(=O)c2ccccc2)c1,6.653727070875448,6
Cc1noc(C)c1-c1cc(NC(=O)CCCCCCC(=O)NO)cc(C(=O)c2ccccc2)c1,6.823908740944319,6
Cc1noc(C)c1-c1cc(OCCCCC(=O)NO)cc(C(=O)c2ccccc2)c1,5.2636034977233574,2
Cc1noc(C)c1-c1cc(OCCCCCC(=O)NO)cc(C(=O)c2ccccc2)c1,5.826813731587726,2
Cc1noc(C)c1-c1cc(OCCCCCCC(=O)NO)cc(C(=O)c2ccccc2)c1,5.844663962534938,2
Cc1noc(C)c1-c1cc(OCCCCCCC(=O)NO)cc(C(O)c2ccccc2)c1,6.013228265733755,2
Cc1noc(C)c1-c1cc(OCCCCCCCC(=O)NO)cc(C(=O)c2ccccc2)c1,5.7594507517174005,2
Cc1noc(C)c1-c1cc2cc(C(=O)NO)ccc2s1,4.853871964321762,1
Cc1noc(C)c1-c1ccc2c(c1)CCc1c-2nn(Cc2cccc(F)c2)c1C(=O)NCCCCCCC(=O)NO,6.698970004336019,2
Cc1noc(C)c1-c1ccc2c(c1)CCc1c-2nn(Cc2ccccc2)c1C(=O)NCCCCCCC(=O)NO,6.657577319177793,2
Cc1noc(C)c1-c1ccc2c(c1)c(CCc1ccc(F)cc1)cn2CCCCCC(=O)NO,6.569835827617196,3
Cc1noc(C)c1-c1ccc2c(c1)c(CCc1ccc(F)cc1)cn2CCCCCCC(=O)NO,6.536107011014092,1
Cc1noc(C)c1-c1ccc2c(c1)c(CCc1ccccc1)cn2CCCCCC(=O)NO,6.536107011014092,1
Cc1noc(C)c1-c1ccc2c(c1)c(CCc1ccccc1)cn2CCCCCCC(=O)NO,6.5918948425302935,3
Cc1noc(C)c1-c1ccc2c(c1)c(Cc1ccc(F)cc1)cn2CCCCCC(=O)NO,6.490199417676366,3
Cc1noc(C)c1-c1ccc2c(c1)c(Cc1ccc(F)cc1)cn2CCCCCCC(=O)NO,6.738073909246598,9
Cc1noc(C)c1-c1ccc2c(c1)c(Cc1cccc(C(F)(F)F)c1)cn2CCCCCC(=O)NO,6.536107011014092,1
Cc1noc(C)c1-c1ccc2c(c1)c(Cc1cccc(C(F)(F)F)c1)cn2CCCCCCC(=O)NO,7.508638306165727,2
Cc1noc(C)c1-c1ccc2c(c1)c(Cc1ccccc1)cn2CCCCCC(=O)NO,6.536107011014092,1
Cc1noc(C)c1-c1ccc2c(c1)c(Cc1ccccc1)cn2CCCCCCC(=O)NO,6.676800316351436,3
Cc1noc(C)c1-c1cccc(NC(=O)CCCCCC(=O)NO)c1,6.443697499232712,2
Cc1noc(C2CCCC(=O)N2c2ccc(-c3noc(C(F)(F)F)n3)cc2)n1,5.657577319177793,1
Cc1noc(CC(=O)N(Cc2ccc(-c3noc(C(F)(F)F)n3)cn2)c2cccc(F)c2)n1,6.42021640338319,1
Cc1noc(N(CCCCCCCC(=O)NO)c2ccc(F)cn2)n1,5.259637310505756,1
Cc1noc(N(CCCCCCCC(=O)NO)c2ccccn2)n1,5.259637310505756,1
Cc1noc([C@@H]2CCC(=O)N2c2cc(F)c(-c3noc(C(F)(F)F)n3)cc2F)n1,5.958607314841775,1
Cc1noc([C@@H]2CCC(=O)N2c2ccc(-c3noc(C(F)(F)F)n3)c(F)c2)n1,5.481486060122112,1
Cc1noc([C@@H]2CCC(=O)N2c2ccc(-c3noc(C(F)(F)F)n3)c(F)c2F)n1,5.698970004336019,1
Cc1noc([C@@H]2CCC(=O)N2c2ccc(-c3noc(C(F)(F)F)n3)cc2)n1,6.136677139879544,1
Cc1noc([C@@H]2CCC(=O)N2c2ccc(-c3noc(C(F)(F)F)n3)cc2F)n1,6.0,1
Cc1noc([C@@H]2CCCCN2c2ccc(-c3noc(C(F)(F)F)n3)cn2)n1,6.031517051446064,1
Cc1noc([C@@H]2COCC(=O)N2c2ccc(-c3noc(C(F)(F)F)n3)cc2)n1,5.823908740944319,1
Cc1noc([C@H]2CCCCN2c2cc(F)c(-c3noc(C(F)(F)F)n3)cc2F)n1,4.585026652029182,1
Cc1noc([C@H]2CCCCN2c2ncc(-c3noc(C(F)(F)F)n3)cc2Cl)n1,5.045757490560675,1
Cc1noc([C@H]2CCCCN2c2ncc(-c3noc(C(F)(F)F)n3)cn2)n1,6.2839966563652006,1
Cc1noc2cc(-c3c(-c4ccc(C#N)c(F)c4)nc(N4CCC(NCc5ccc(/C=C/C(=O)NO)cc5)CC4)n4ccnc34)c(F)cc12,6.928117992693874,1
Cc1noc2cc(-c3cnc(N4CCC(NCc5ccc(/C=C/C(=O)NO)cc5)CC4)c(C#N)c3-c3ccc(C#N)c(F)c3)c(F)cc12,6.806875401645538,1
Cc1nonc1CC(=O)N(Cc1ccc(-c2noc(C(F)(F)F)n2)cn1)c1cccc(F)c1,6.318758762624412,1
Cc1nsc(N(CCCCCCC(=O)NO)c2cc(-c3ccc(F)cc3)ccn2)n1,5.259637310505756,1
Cc1nsc(N(CCCCCCC(=O)NO)c2ccc(F)cn2)n1,6.1249387366083,1
Cc1nsc(N(CCCCCCC(=O)NO)c2ccccn2)n1,6.645891560852599,1
Cc1nsc(N(CCCCCCCC(=O)NO)c2cc(-c3ccc(F)cc3)ccn2)n1,5.259637310505756,1
Cc1nsc(N(CCCCCCCC(=O)NO)c2ccc(F)cn2)n1,5.259637310505756,1
Cc1onc(-c2ccccc2)c1/C=C/CCCCCNC(=O)CS,4.552841968657781,2
Cc1onc(-c2ccccc2)c1C(=O)NCCCCCCC(=O)NO,5.522878745280337,2
Cc1onc(-c2ccccc2)c1C(=O)NCCCCCNC(=O)CS,5.244125144327508,7
Cc1onc(-c2ccccc2)c1COCCCCCNC(=O)C(C)S,5.017728766960431,2
Cc1onc(-c2ccccc2)c1COCCCCCNC(=O)[C@@H](C)S,5.823908740944319,2
Cc1sc(-c2nccs2)nc1C(=O)NCCCCC(=O)NO,6.2156225686040605,3
Cc1sc2c(c1C)C(c1ccc(Cl)cc1)=N[C@@H](CC(=O)NCCCC(=O)Nc1ccccc1N)c1nnc(C)n1-2,7.505474451857011,3
Cc1sc2c(c1C)C(c1ccc(Cl)cc1)=N[C@@H](CC(=O)Nc1ccc(C(=O)NO)cc1)c1nnc(C)n1-2,7.67778070526608,14
Cc1sc2c(c1C)C(c1ccc(Cl)cc1)=N[C@@H](CC(=O)Nc1ccc(C(=O)Nc3ccccc3N)cc1)c1nnc(C)n1-2,6.537602002101044,8
Cc1sc2c(c1C)C(c1ccc(Cl)cc1)=N[C@@H](CC(=O)Nc1ccc(C(=O)Nc3ccccc3[N+](=O)[O-])cc1)c1nnc(C)n1-2,6.537602002101044,2
Cc1sc2c(c1C)C(c1ccc(Cl)cc1)=N[C@@H](CC(=O)Nc1ccc(NC(=O)CCCCCCC(=O)NO)cc1)c1nnc(C)n1-2,5.954677021213342,4
Cc1sc2c(c1C)C(c1ccc(Cl)cc1)=N[C@@H](CC(=O)OC(C)(C)C)c1nnc(C)n1-2,6.536107011014092,1
Cl.Cl.NCc1ccc(OCc2ccc(C(=O)Nc3ccccc3N)cc2)cc1,7.0,1
Cl.Cl.Nc1ccccc1NC(=O)c1ccc(COc2ccc(CNC(=O)[C@@H]3CCCN3)cc2)cc1,7.259637310505756,1
Cl.Cl.Nc1ccccc1NC(=O)c1ccc(COc2ccc(CNC(=O)[C@H]3CCCN3)cc2)cc1,6.586700235918748,1
Cl.Cn1cc(CN2CC3(CCN(c4ncc(C(=O)NO)cn4)C3)C2)c2ccc(C#N)cc21,8.657577319177793,1
Cl.Cn1cc(CNCC2CCN(c3ncc(C(=O)NO)cn3)CC2)c2ccccc21,9.337242168318426,1
Cl.NCCCCNCCCCNCCCN1C(=O)c2ccc3c4c(ccc(c24)C1=O)C(=O)N(CCCCCC(=O)NO)C3=O,5.818457378480332,2
Cl.NCCCNCCCCNCCCN1C(=O)c2ccc3c4c(ccc(c24)C1=O)C(=O)N(CCCCCC(=O)NO)C3=O,6.2839966563652006,1
Cl.NCCCNCCCN1C(=O)c2ccc3c4c(ccc(c24)C1=O)C(=O)N(CCCCCC(=O)NO)C3=O,6.3872161432802645,1
Cl.NCCCNCCCNCCCN1C(=O)c2ccc3c4c(ccc(c24)C1=O)C(=O)N(CCCCCC(=O)NO)C3=O,6.431798275933005,1
Cl.NCCCNCCNCCCN1C(=O)c2ccc3c4c(ccc(c24)C1=O)C(=O)N(CCCCCC(=O)NO)C3=O,6.259637310505756,1
Cl.N[C@@H](Cc1ccc(O)cc1)C(=O)N1CC2(C[C@H]1C(=O)NCCCCCC(=O)NO)SCCS2,6.346787486224656,1
Cl.Nc1cccc(-c2csc(NC(=O)CCCCCCC(=O)NO)n2)c1,8.119186407719209,1
Cl.O=C(/C=C/c1ccc(-c2cc(CN3CCOCC3)on2)cc1)NO,5.20342566678957,1
Cl.O=C(/C=C/c1ccc(OC[C@H](Cc2c[nH]c3ccccc23)NCc2ccc(Cl)cc2)cc1)NO,6.56698240820074,3
Cl.O=C(/C=C/c1ccc(OC[C@H](Cc2c[nH]c3ccccc23)NCc2ccc(F)cc2)cc1)NO,6.8297382846050425,1
Cl.O=C(/C=C/c1ccc(OC[C@H](Cc2c[nH]c3ccccc23)NCc2ccccc2)cc1)NO,6.702239488900866,1
Cl.O=C(CCCCCCNC(=O)c1ccc(/C=C2\CCn3c2nc2cc(NCCCN4CCCC4)c(F)cc2c3=O)cc1)NO,7.301029995663981,1
Cl.O=C(NO)c1ccc(CN2c3ccccc3Sc3ccccc32)nc1,6.129011186239424,1
Cl.O=C(NO)c1cnc(N2CCC3(CCN(Cc4c[nH]c5ccccc45)C3)CC2)nc1,9.236572006437063,1
Cn1c(-c2ccc(-c3ccccc3)cc2)nc2cc(C(=O)NO)ccc21,6.486782399932061,1
Cn1c(-c2cccc(/C=C/C(=O)NO)c2)nc2ccccc21,6.920818753952375,2
Cn1c(/C=C/C(=O)NO)ccc1C(=O)c1ccccc1,6.6401645176601125,1
Cn1c(=N)n(C)c2cc(-c3cn(Cc4ccc(-c5nnc(C(F)F)o5)cc4)nn3)ccc21,4.345736800463711,1
Cn1c(=O)c(OCc2ccc(C(=O)NO)cc2)c(-c2cccnc2)c2ccccc21,5.300162274132754,2
Cn1c(=O)c(OCc2ccc(C(=O)NO)cc2)c(C2CCCCC2)c2ccccc21,5.522878745280337,2
Cn1c(=O)c2ccc(Cl)cc2n(Cc2ccc(C(=O)NO)cc2)c1=O,5.565431095965801,1
Cn1c(=O)ccc2cc(-c3c[nH]c([C@@H](N)CCCCCC(=O)c4ccon4)n3)ccc21,9.292429823902063,1
Cn1c(=O)ccc2cc(C(=O)NCCCCCCC(=O)NO)ccc21,7.050609993355087,2
Cn1c(=O)n(CCCCCC(=O)Nc2ccccc2N)c(=O)c2ccccc21,5.3979400086720375,2
Cn1c(=O)n(Cc2ccc(C(=O)Nc3ccccc3N)cc2)c(=O)c2ccccc21,7.0,2
Cn1c(C(=O)N(CC(=O)NC(C)(C)C)Cc2ccc(C(=O)NO)cc2)cc2ccccc21,6.522878745280337,2
Cn1c(C(=O)NCCCCCC(=O)Nc2ccccc2N)cc2cc(Cl)ccc21,7.214670164989233,1
Cn1c(C(=O)NCCCCCC(=O)Nc2ccccc2N)cc2cc(F)ccc21,7.091514981121351,1
Cn1c(C(=O)NCCCCCC(=O)Nc2ccccc2N)cc2ccccc21,6.8696662315049934,1
Cn1c(C(=O)NCCCCCCC(=O)NO)cc2ccccc21,7.327902142064282,1
Cn1c(CCCC(=O)O)nc2cc(N(CCCl)CCCl)ccc21,7.923183692873908,3
Cn1c(CCCCCCC(=O)NO)nc2cc(N(CCCl)CCCl)ccc21,7.952190181371961,5
Cn1c(CCCCCCC(=O)NO)nc2ccc(N(CCCl)CCCl)cc21,7.769551078621726,2
Cn1c(CCCc2ccccc2)nc2cc(/C=C/C(=O)NO)ccc21,6.795880017344075,2
Cn1c(CCc2ccccc2)nc2cc(/C=C/C(=O)NO)ccc21,6.545739362901602,5
Cn1c(CCc2ccccc2)nc2cc(C3CC3C(=O)NO)ccc21,5.886056647693163,2
Cn1c(CCc2ccccc2)nc2ccc(/C=C/C(=O)NO)cc21,6.417936637088291,2
Cn1c(CN(Cc2ccccc2)Cc2ccccc2)nc2cc(/C=C/C(=O)NO)ccc21,6.707743928643524,3
Cn1c(CNC(=O)Cc2ccc(F)cc2)nc2cc(/C=C/C(=O)NO)ccc21,6.835647144215563,3
Cn1c(CNC(=O)Cc2ccccc2)nc2cc(/C=C/C(=O)NO)ccc21,7.0,2
Cn1c(CNC(=O)c2ccncc2)nc2cc(/C=C/C(=O)NO)ccc21,6.863279432843593,2
Cn1c(CNCCn2ccc(-c3ccc(C(=O)NO)s3)n2)cc2ccccc21,8.221848749616356,3
Cn1c(CNCc2ccccc2)nc2cc(/C=C/C(=O)NO)ccc21,6.935542010773081,3
Cn1c(CNCc2ccccc2)nc2cc(C(=O)NO)ccc21,6.010550182333308,2
Cn1c(CNc2cccc3ccccc23)nc2cc(C(=O)NO)ccc21,6.078833949362261,2
Cn1c(Cc2ccccc2)[n+]([O-])c2cc(/C=C/C(=O)NO)ccc21,7.207608310501746,2
Cn1c(N(CCCCCCC(=O)C(=O)NO)c2ccc(F)cn2)nc2ccccc21,5.259637310505756,1
Cn1c(N(CCCCCCC(=O)NO)c2ccc(F)cn2)nc2ccccc21,6.1249387366083,1
Cn1c(N(CCCCCCC(=O)NO)c2ccccn2)nc2ccccc21,5.259637310505756,1
Cn1c(N(CCCCCCCC(=O)NO)c2ccccn2)nc2ccccc21,5.259637310505756,1
Cn1c(N)nc2cc(-c3cn(Cc4ccc(-c5nnc(C(F)F)o5)c(F)c4F)nn3)ccc21,3.7741740085381066,1
Cn1c(N)nc2cc(-c3cn(Cc4ccc(-c5nnc(C(F)F)o5)cc4)nn3)ccc21,4.518270803039984,1
Cn1c(N)nc2cc(-c3cn(Cc4ccc(-c5nnc(C(F)F)o5)cc4Cl)nn3)ccc21,4.073914913074856,1
Cn1c(N)nc2cc(-c3cn(Cc4ccc(-c5nnc(C(F)F)o5)cc4F)nn3)ccc21,3.70071066591232,1
Cn1c(N)nc2cc(-c3cn(Cc4ncc(-c5nnc(C(F)F)o5)cc4F)nn3)ccc21,3.750801642608887,1
Cn1c(N)nc2cc(-n3cc(Cc4ccc(-c5nnc(C(F)F)o5)cc4)nn3)ccc21,3.000000434294699,1
Cn1c(OCc2ccc(-c3noc(C(F)(F)F)n3)c(F)c2)nc2ccccc21,6.2839966563652006,1
Cn1c(OCc2ccc(-c3noc(C(F)(F)F)n3)c(F)c2)nc2cccnc21,6.292429823902063,1
Cn1c(OCc2ccc(-c3noc(C(F)(F)F)n3)c(F)c2)nc2ncccc21,6.142667503568731,1
Cn1c(OCc2ccc(-c3noc(C(F)(F)F)n3)cn2)nc2ccccc21,6.537602002101044,1
Cn1c(OCc2ccc(-c3noc(C(F)(F)F)n3)cn2)nc2cccnc21,6.6020599913279625,1
Cn1c(SCCCCCC(=O)NO)nnc1-c1ccncc1,2.9097419470686834,2
Cn1c(SCCCCCC(=O)Nc2ccccc2N)nnc1-c1ccncc1,4.3959900675877694,2
Cn1c(SCCCCCC(=O)O)nnc1-c1ccncc1,5.049148541111453,2
Cn1c(SCc2ccc(C(=O)NO)cc2)nnc1-c1ccncc1,4.847711655616943,2
Cn1c(SCc2ccc(C(=O)Nc3ccccc3N)cc2)nc2cc(Br)ccc2c1=O,6.1271590184261475,3
Cn1c(SCc2ccc(C(=O)Nc3ccccc3N)cc2)nnc1-c1ccncc1,5.11690664142431,2
Cn1c([C@@H](Cc2ccccc2)NCc2ccccc2)nc2cc(C(=O)NO)ccc21,5.948847477552619,2
Cn1c([C@@H]2CCC(=O)N2c2ccc(-c3noc(C(F)(F)F)n3)cc2)nc2ccccc21,5.698970004336019,1
Cn1c([C@@H]2CCC(=O)N2c2ccc(-c3noc(C(F)(F)F)n3)cc2F)nc2ccccc21,6.522878745280337,1
Cn1c([C@@H]2C[C@@H](OC(=O)NCCc3ccc(C(=O)NO)cc3)CN2c2nc(N)nc(N)c2C#N)nc2cccc(Cl)c2c1=O,6.5406075122407685,2
Cn1c([C@@H]2C[C@@H](OC(=O)NCc3ccc(C(=O)NO)cc3)CN2c2nc(N)nc(N)c2C#N)nc2cccc(Cl)c2c1=O,6.991399828238082,2
Cn1c([C@@H]2C[C@@H](OC(=O)NCc3ccc(C(=O)NO)s3)CN2c2nc(N)nc(N)c2C#N)nc2cccc(Cl)c2c1=O,6.739928612014925,2
Cn1c([C@@H]2C[C@@H](OCc3ccc(C(=O)NO)cc3)CN2c2nc(N)nc(N)c2C#N)nc2cccc(Cl)c2c1=O,7.142667503568731,2
Cn1c([C@@H]2C[C@@H](OCc3ccc(C(=O)NO)s3)CN2c2nc(N)nc(N)c2C#N)nc2cccc(Cl)c2c1=O,7.055517327849831,2
Cn1c2c(c3ccccc31)CN(C(=O)OCc1ccc(C(=O)NO)cc1)CC2,5.670602120638957,2
Cn1cc(-c2cc(C(=O)NCCCCC(=O)Nc3ccccc3N)on2)cn1,5.1382267032813065,1
Cn1cc(-c2cc(C(C)(C)O)ccc2OC2CC2)c2cc(C(=O)NCCCCCCC(=O)NO)[nH]c2c1=O,7.5243312406020415,2
Cn1cc(-c2cc(C(C)(C)O)ccc2OC2CC2)c2cc(C(=O)NCc3ccc(C(=O)NO)cc3)[nH]c2c1=O,7.679858685151659,2
Cn1cc(-c2cc(C(C)(C)O)ccc2OC2CC2)c2cc(C(=O)NCc3ccc(C(=O)Nc4ccccc4N)cc3)[nH]c2c1=O,7.161781235513617,2
Cn1cc(-c2cc(C(C)(C)O)ccc2Oc2ccc(F)cc2F)c2cc(C(=O)NCCCCCCC(=O)NO)[nH]c2c1=O,7.2839966563652006,2
Cn1cc(-c2cc(C(C)(C)O)ccc2Oc2ccc(F)cc2F)c2cc(C(=O)NCc3ccc(C(=O)NO)cc3)[nH]c2c1=O,7.130768280269024,2
Cn1cc(-c2cc(C(C)(C)O)ccc2Oc2ccc(F)cc2F)c2cc(C(=O)NCc3ccc(C(=O)Nc4ccccc4N)cc3)[nH]c2c1=O,6.785156151952302,2
Cn1cc(-c2cc(C(C)(C)O)ccc2Oc2ccccc2)c2cc(C(=O)NCc3ccc(C(=O)Nc4ccccc4N)cc3)[nH]c2c1=O,6.6401645176601125,2
Cn1cc(-c2ccc(=O)n(CCOc3ccnc4cc(-c5ccc(C(=O)Nc6ccccc6N)s5)ccc34)n2)cn1,6.330683119433887,2
Cn1cc(-c2ccc(=O)n(CCOc3ccnc4cc(Nc5ccc(C(=O)Nc6ccccc6N)nc5)ccc34)n2)cn1,6.889410289700751,2
Cn1cc(-c2ccc(=O)n(CCOc3ccnc4cc(OCCCCCC(=O)NO)ccc34)n2)cn1,6.665546248849069,2
Cn1cc(-c2ccc(=O)n(CCOc3ccnc4cc(OCCCCCC(=O)Nc5ccccc5N)ccc34)n2)cn1,6.655607726314889,2
Cn1cc(-c2ccc(=O)n(CCOc3ccnc4cc(OCCCCCCC(=O)NO)ccc34)n2)cn1,7.7447274948966935,2
Cn1cc(-c2ccc(=O)n(CCOc3ccnc4cc(OCCCCCS)ccc34)n2)cn1,6.482804102050025,2
Cn1cc(-c2ccc(=O)n(CCOc3ccnc4cc(OCCCOc5ccc(C(=O)Nc6ccccc6N)nc5)ccc34)n2)cn1,7.42021640338319,2
Cn1cc(-c2ccc(=O)n(CCOc3ccnc4cc(OCc5ccc(/C=C/C(=O)Nc6ccccc6N)nc5)ccc34)n2)cn1,6.204119982655925,2
Cn1cc(-c2ccc(=O)n(CCOc3ccnc4cc(OCc5ccc(C(=O)Nc6ccccc6N)cc5)ccc34)n2)cn1,6.806875401645538,2
Cn1cc(-c2ccc(=O)n(Cc3ccc(C(=O)Nc4ccccc4N)cc3)n2)cn1,7.138169566654275,2
Cn1cc(-c2ccc(C(F)(F)F)cc2)c2cc(C(=O)NCc3ccc(C(=O)Nc4ccccc4N)cc3)[nH]c2c1=O,6.619879255160281,2
Cn1cc(-c2ccc(Cl)cc2)c2cc(C(=O)NCc3ccc(C(=O)Nc4ccccc4N)cc3)[nH]c2c1=O,7.228046647496797,2
Cn1cc(-c2ccc(F)cc2)c2cc(C(=O)NCc3ccc(C(=O)Nc4ccccc4N)cc3)[nH]c2c1=O,7.326520500663236,2
Cn1cc(-c2ccc(N)c(NC(=O)c3ccc(N4CCC5(CC4)CNC(=O)O5)nc3)c2)cn1,7.7447274948966935,2
Cn1cc(-c2ccc(N)c(NC(=O)c3ccc(N4CCC5(CCNC5)CC4)nc3)c2)cn1,7.443697499232712,2
Cn1cc(-c2ccc(S(=O)(=O)n3ccc(/C=C/C(=O)Nc4ccccc4N)c3)cc2)cn1,6.395831006630715,20
Cn1cc(-c2cccc(C(C)(C)O)c2)c2cc(C(=O)NCc3ccc(C(=O)Nc4ccccc4N)cc3)[nH]c2c1=O,7.55206782437635,2
Cn1cc(-c2cccc(Cl)c2)c2cc(C(=O)NCc3ccc(C(=O)Nc4ccccc4N)cc3)[nH]c2c1=O,6.872733211891797,2
Cn1cc(-c2cccc(F)c2)c2cc(C(=O)NCc3ccc(C(=O)Nc4ccccc4N)cc3)[nH]c2c1=O,7.275314804658871,2
Cn1cc(-c2ccccc2)c2cc(C(=O)NCc3ccc(C(=O)Nc4ccccc4N)cc3)[nH]c2c1=O,7.2839966563652006,2
Cn1cc(-c2ccccc2C(F)(F)F)c2cc(C(=O)NCc3ccc(C(=O)Nc4ccccc4N)cc3)[nH]c2c1=O,6.678091137400369,2
Cn1cc(-c2ccccc2Cl)c2cc(C(=O)NCc3ccc(C(=O)Nc4ccccc4N)cc3)[nH]c2c1=O,7.310692048984388,2
Cn1cc(-c2ccccc2F)c2cc(C(=O)NCc3ccc(C(=O)Nc4ccccc4N)cc3)[nH]c2c1=O,7.679858685151659,2
Cn1cc(-c2ccccc2Oc2ccccc2)c2cc(C(=O)NCCCCC(=O)NO)[nH]c2c1=O,6.847711655616944,2
Cn1cc(-c2ccccc2Oc2ccccc2)c2cc(C(=O)NCCCCCC(=O)NO)[nH]c2c1=O,7.354582176699596,2
Cn1cc(-c2ccccc2Oc2ccccc2)c2cc(C(=O)NCCCCCC(=O)Nc3ccccc3N)[nH]c2c1=O,6.7543639881092865,2
Cn1cc(-c2ccccc2Oc2ccccc2)c2cc(C(=O)NCCCCCCC(=O)NO)[nH]c2c1=O,7.526528364651087,2
Cn1cc(-c2ccccc2Oc2ccccc2)c2cc(C(=O)NCc3ccc(C(=O)NO)cc3)[nH]c2c1=O,6.774174315555253,2
Cn1cc(-c2ccccc2Oc2ccccc2)c2cc(C(=O)NCc3ccc(C(=O)Nc4ccccc4N)cc3)[nH]c2c1=O,6.897052876766103,2
Cn1cc(-c2ccnc(Nc3ccc(C(=O)NCCCCCCC(=O)NO)cc3)n2)c2ccccc21,6.978810700930062,1
Cn1cc(-c2ccnc(Nc3ccc(NC(=O)CCCCCC(=O)NO)cc3)n2)c2ccccc21,7.638272163982407,2
Cn1cc(-c2ccnc(Nc3ccc(NC(=O)CCCCCCC(=O)NO)cc3)n2)c2ccccc21,6.978810700930062,2
Cn1cc(/C=C/C(=O)NO)c(C(=O)c2ccccc2)c1,5.309981219211305,1
Cn1cc(/C=C/C(=O)NO)cc1C(=O)c1ccccc1,6.110138278741811,1
Cn1cc(/C=C/C(=O)Nc2cc(F)ccc2N)cn1,5.522878745280337,2
Cn1cc(/C=C/C(=O)Nc2ccccc2N)cn1,5.1249387366083,2
Cn1cc(C(=O)/C=C/c2ccccc2)cc1/C=C/C(=O)NO,6.0,1
Cn1cc(C(=O)Cc2ccccc2)cc1/C=C/C(=O)NO,7.0,1
Cn1cc(C(=O)Cc2ccccc2)cc1C=C1C(=O)NC(=O)NC1=O,3.9829666607012193,1
Cn1cc(C(=O)Cc2ccccc2)cc1C=C1C(=O)NC(=S)NC1=O,4.070581074285707,1
Cn1cc(C(=O)Cc2ccccc2)cc1C=CC(=O)NO,6.289882634888183,1
Cn1cc(C(=O)N(CC(=O)NC(C)(C)C)Cc2ccc(C(=O)NO)cc2)c2ccccc21,6.958607314841775,2
Cn1cc(C(=O)N(CC(=O)NC(C)(C)C)Cc2ccc(C(=O)NO)cc2)c2ncccc21,6.130768280269024,2
Cn1cc(C(=O)N(CC(=O)NC2CCCCC2)Cc2ccc(C(=O)NO)cc2)c2ccccc21,7.080921907623926,2
Cn1cc(C(=O)N(CC(=O)NCc2ccccc2)Cc2ccc(C(=O)NO)cc2)c2ccccc21,8.154901959985743,2
Cn1cc(C(=O)N2CCN(Cc3ccc(C(=O)NO)cc3)CC2)c2ccccc21,5.661543506395395,2
Cn1cc(C(=O)NCCCCCC(=O)Nc2ccccc2N)c2ccccc21,6.7594507517174005,1
Cn1cc(C(=O)NCCCCCCC(=O)NO)c2ccccc21,7.251811972993799,1
Cn1cc(C(=O)c2ccc(Cl)cc2)cc1/C=C/C(=O)NO,5.619788758288394,1
Cn1cc(C(=O)c2ccc(F)cc2)cc1/C=C/C(=O)NO,5.42021640338319,1
Cn1cc(C(=O)c2ccc([N+](=O)[O-])cc2)cc1/C=C/C(=O)NO,5.4089353929735005,1
Cn1cc(C(=O)c2ccccc2)cc1/C=C/C#N,4.154901959985743,1
Cn1cc(C(=O)c2ccccc2)cc1/C=C/C(=N)N,4.638272163982407,1
Cn1cc(C(=O)c2ccccc2)cc1/C=C/C(=O)NO,5.365010161677338,2
Cn1cc(C(=O)c2ccccc2)cc1CCC(=O)NO,4.434152181326482,1
Cn1cc(CCCC(=O)Nc2ccc(C(=O)NO)cc2)c2ccccc21,7.855428582033833,2
Cn1cc(CCN2CCN(c3ccc(C(=O)NO)cc3)C2=O)c2ccccc21,8.397940008672037,2
Cn1cc(CCN2CCN(c3cnc(C(=O)Nc4cc(-c5cccs5)ccc4[N+](=O)[O-])cn3)CC2)c2ccccc21,6.585026652029182,2
Cn1cc(CCNCc2ccc(/C=C/C(=O)NO)cc2)c2ccccc21,9.01207072421815,3
Cn1cc(CCNS(=O)(=O)c2ccc(/C=C/C(=O)NO)cc2)c2ccccc21,8.244125144327509,1
Cn1cc(CN2CC3(CC(=O)c4cc(/C=C/C(=O)NO)ccc4O3)C2)c2ccccc21,7.207608310501746,1
Cn1cc(CN2CC3(CCN(c4ncc(C(=O)NO)cn4)C3)C2)c2ccc(C#N)cc21,8.657577319177793,1
Cn1cc(CN2CCC3(CC(=O)c4cc(/C=C/C(=O)NO)ccc4O3)C2)c2ccccc21,7.070581074285707,1
Cn1cc(CN2CCCC3(CC(=O)c4cc(/C=C/C(=O)NO)ccc4O3)C2)c2ccccc21,6.73754891026957,1
Cn1cc(CN2CCCC3(CC2)CC(=O)c2cc(/C=C/C(=O)NO)ccc2O3)c2ccccc21,6.943095148663527,1
Cn1cc(CNCC2CCN(c3ncc(C(=O)NO)cn3)CC2)c2ccccc21,9.436336829414078,27
Cn1cc(COc2nccc(-c3noc(C(F)(F)F)n3)c2Cl)nn1,5.346787486224656,1
Cn1cc(C[C@@H](COc2ccc(/C=C/C(=O)NO)cc2)NC(=O)OC(C)(C)C)c2ccccc21,6.2217763732339035,1
Cn1cc2c(n1)CN(C(=O)Nc1nc(-c3cccnc3)ccc1N)C2,5.560667306169737,1
Cn1cc2cc(-c3cc([C@@H](N)CCCCCC(=O)c4ccon4)no3)ccc2n1,8.259637310505756,1
Cn1cc2cc(-n3ccc([C@@H](N)CCCCCC(=O)c4ncco4)n3)ccc2n1,8.096910013008056,1
Cn1cc2cc(-n3ccc([C@H](N)CCCCCC(=O)c4ncco4)n3)ccc2n1,6.318758762624412,1
Cn1ccc(/C=C/C(=O)Nc2ccccc2N)n1,5.522878745280337,2
Cn1ccc(CN(Cc2ccc(-c3noc(C(F)(F)F)n3)cc2)c2cccc(C(F)(F)F)c2)n1,5.619788758288394,1
Cn1ccc(COc2nccc(-c3noc(C(F)(F)F)n3)c2Cl)n1,5.075720713938118,1
Cn1ccc(N(CCCCCCC(=O)NO)c2ccc(F)cn2)n1,5.259637310505756,1
Cn1ccc(N(CCCCCCCC(=O)NO)c2ccccn2)n1,5.259637310505756,1
Cn1ccc(NCc2ccc(-c3noc(C(F)(F)F)n3)cn2)cc1=O,6.050609993355087,1
Cn1ccc2c(C(=O)NCCCCCC(=O)Nc3ccccc3N)cccc21,6.348721986001856,1
Cn1ccc2c(CCNS(=O)(=O)c3ccc(/C=C/C(=O)NO)cc3)cccc21,8.879475924664177,2
Cn1ccc2cc(C(=O)NCCCCCC(=O)Nc3ccccc3N)ccc21,6.661543506395395,1
Cn1ccc2ccc(C(=O)NCCCCCC(=O)Nc3ccccc3N)cc21,6.422508200162774,1
Cn1cccc(OCc2ccc(-c3noc(C(F)(F)F)n3)c(F)c2)c1=O,5.795880017344075,1
Cn1cccc(OCc2ccc(-c3noc(C(F)(F)F)n3)cn2)c1=O,5.886056647693163,1
Cn1cccc1C(=O)N1CCC2(CC1)C(=O)N(Cc1ccc(C(=O)NO)cc1)CN2c1ccccc1,6.013676222949234,2
Cn1cccc1C(=O)N1CCC2(CC1)C(=O)N(Cc1ccc(C(=O)NO)cc1F)CN2c1ccccc1,5.741135334992783,2
Cn1cccc1C(=O)N1CCc2cc(C(=O)NO)ccc2C1,4.346787486224656,3
Cn1cccc1C(=O)N1CCn2cc(C(=O)NO)cc2C1,4.823908740944319,2
Cn1cccc1C(=O)NCc1ccc(C(=O)NO)cc1,5.236572006437063,3
Cn1cccc1C(=O)Nc1cccc(CCC(=O)NO)c1,5.892111974817201,2
Cn1ccnc1SCc1ccc(C(=O)Nc2ccccc2N)cc1,6.0,2
Cn1cnc(-c2ccc(N)c(NC(=O)c3ccc(N4CCC5(CC4)CNC(=O)O5)nc3)c2)c1,7.292429823902063,2
Cn1cnc(-c2ccc(N)c(NC(=O)c3ccc(N4CCC5(CCNC5)CC4)nc3)c2)c1,7.657577319177793,2
Cn1cnc(/C=C/C(=O)Nc2ccccc2N)c1,5.522878745280337,2
Cn1cnc(S(=O)(=O)N2Cc3ccc(/C=C/C(=O)NO)cc3C2)c1,6.853871964321762,2
Cn1cnc2cc(/C=C/C(=O)NO)ccc21,5.873794699322925,3
Cn1cnc2cc(COc3nccc(-c4noc(C(F)(F)F)n4)c3Cl)ccc21,5.769551078621726,1
Cn1cncc1-c1cn(Cc2ccc(C(=O)NO)cc2)c2ccccc12,6.199984406468948,2
Cn1nc(-c2ccc(F)cc2)cc1C(=O)NCCCCCCS,5.494850021680094,1
Cn1nc(C(=O)N(Cc2ccc(-c3noc(C(F)(F)F)n3)cc2)c2cccc(C(F)(F)F)c2)ccc1=O,6.026872146400301,1
Cn1nc(C(=O)NCCCCCC(=O)Nc2ccccc2N)c2ccccc21,6.52432881167557,1
Cn1nc(C(F)(F)F)cc1-c1ccc(C(=O)NO)s1,6.1249387366083,5
Cn1nc(COc2cc(-c3noc(C(F)(F)F)n3)ccn2)cc1C(C)(C)C,5.920818753952375,1
Cn1nc([C@H](CCCCNS(N)(=O)=O)NC(=O)OCc2ccccc2)nc1-c1ccccc1,5.366531544420413,2
Cn1ncc(NCc2ccc(-c3noc(C(F)(F)F)n3)cn2)n1,5.886056647693163,1
Cn1ncc2c(SCC(=O)c3nnc(CNC(=O)C(C)(C)C)s3)ncnc21,6.1249387366083,1
Cn1nccc1CCOc1cc(-c2noc(C(F)(F)F)n2)ccn1,5.508638306165727,1
Cn1nccc1COc1cc(-c2noc(C(F)(F)F)n2)ccn1,5.552841968657781,1
Cn1nccc1OCc1ccc(-c2noc(C(F)(F)F)n2)c(F)c1,5.431798275933005,1
FC(COc1cc(-c2noc(C(F)(F)F)n2)ccn1)CN1CCOCC1,5.292429823902063,1
FC(F)(F)Cn1nc(COc2cc(-c3noc(C(F)(F)F)n3)ccn2)cc1C1CC1,6.036212172654444,1
FC(F)(F)c1nc(-c2ccc(CN(c3ccccn3)c3ccccn3)cc2)no1,5.431798275933005,1
FC(F)(F)c1nc(-c2ccc(CNC3CCN(c4ccccn4)CC3)nc2)no1,5.721246399047171,1
FC(F)(F)c1nc(-c2ccc(CNC3CCN(c4ncccn4)C3)cc2)no1,5.795880017344075,1
FC(F)(F)c1nc(-c2ccc(CNC3CCc4[nH]nc(C(F)(F)F)c4C3)cc2)no1,6.3872161432802645,1
FC(F)(F)c1nc(-c2ccc(CNC3CCc4ncccc4C3)cc2)no1,6.2839966563652006,1
FC(F)(F)c1nc(-c2ccc(CNC3CCc4ncccc4C3)nc2)no1,6.346787486224656,1
FC(F)(F)c1nc(-c2ccc(CNC3Cc4ccccc4C3)nc2)no1,6.200659450546418,1
FC(F)(F)c1nc(-c2ccc(CNc3[nH]nc4ccccc34)nc2)no1,6.275724130399211,1
FC(F)(F)c1nc(-c2ccc(CNc3c[nH]nn3)nc2)no1,5.366531544420413,1
FC(F)(F)c1nc(-c2ccc(CNc3cc4ccccn4n3)nc2)no1,5.920818753952375,1
FC(F)(F)c1nc(-c2ccc(CNc3ccc4c[nH]nc4c3)cc2)no1,6.0,1
FC(F)(F)c1nc(-c2ccc(CNc3ccc4ccncc4c3)nc2)no1,7.167491087293763,1
FC(F)(F)c1nc(-c2ccc(CNc3ccc4nccn4c3)nc2)no1,6.6777807052660805,1
FC(F)(F)c1nc(-c2ccc(CNc3cccc(-c4cnco4)c3)nc2)no1,8.119186407719209,1
FC(F)(F)c1nc(-c2ccc(CNc3cccc(-n4cncn4)c3)nc2)no1,7.221848749616356,1
FC(F)(F)c1nc(-c2ccc(CNc3cccc4[nH]ncc34)cc2)no1,5.795880017344075,1
FC(F)(F)c1nc(-c2ccc(CNc3ccccn3)cc2)no1,5.795880017344075,1
FC(F)(F)c1nc(-c2ccc(CNc3cccnc3)cc2)no1,5.769551078621726,1
FC(F)(F)c1nc(-c2ccc(CNc3cnccn3)cc2)no1,5.585026652029182,1
FC(F)(F)c1nc(-c2ccc(CNc3cnccn3)nc2)no1,6.0,1
FC(F)(F)c1nc(-c2ccc(CNc3cncnc3)cc2)no1,5.585026652029182,1
FC(F)(F)c1nc(-c2ccc(CNc3cncnc3)nc2)no1,6.031517051446064,1
FC(F)(F)c1nc(-c2ccc(CNc3cnoc3)nc2)no1,5.958607314841775,1
FC(F)(F)c1nc(-c2ccc(CNc3cnsc3)nc2)no1,6.050609993355087,1
FC(F)(F)c1nc(-c2ccc(CNc3ncccn3)cc2)no1,5.275724130399211,1
FC(F)(F)c1nc(-c2ccc(COc3cc(Cl)ncn3)nc2)no1,5.376750709602099,1
FC(F)(F)c1nc(-c2ccc(COc3ccc(Cl)nc3)nc2)no1,5.619788758288394,1
FC(F)(F)c1nc(-c2ccc(COc3ccc4ccccc4n3)nc2)no1,6.301029995663981,1
FC(F)(F)c1nc(-c2ccc(COc3ccc4cnccc4n3)nc2)no1,6.055517327849831,1
FC(F)(F)c1nc(-c2ccc(COc3ccc4ncnn4c3)nc2)no1,5.619788758288394,1
FC(F)(F)c1nc(-c2ccc(COc3cccc4[nH]nnc34)nc2)no1,6.508638306165727,1
FC(F)(F)c1nc(-c2ccc(COc3nc(C4CC4)no3)nc2)no1,5.431798275933005,1
FC(F)(F)c1nc(-c2ccc(COc3nccc4nccn34)nc2)no1,6.004364805402449,1
FC(F)(F)c1nc(-c2ccc(COc3ncccn3)cc2)no1,5.585026652029182,1
FC(F)(F)c1nc(-c2ccc(COc3nncc4ccccc34)nc2)no1,6.0,1
FC(F)(F)c1nc(-c2ccc(N3CCOCC3c3ccccc3Cl)nc2)no1,6.318758762624412,1
FC(F)(F)c1nc(-c2ccc(N3CCOCC3c3cccnc3)nc2)no1,6.00174416392291,2
FC(F)(F)c1nc(-c2ccc(N3CCOC[C@@H]3c3ccccc3)nc2)no1,6.455931955649724,1
FC(F)(F)c1nc(-c2ccc(N3CC[NH2+]C[C@@H]3c3ccccc3)nc2)no1,6.6777807052660805,1
FC(F)(F)c1nc(-c2ccc(NCc3ccccc3)cn2)no1,5.017728766960431,1
FC(F)(F)c1nc(-c2ccc(NCc3ccccc3)nn2)no1,5.102372908709558,1
FC(F)(F)c1nc(-c2ccc(NCc3cccnc3)nc2)no1,5.214670164989233,1
FC(F)(F)c1nc(-c2ccc(NCc3ccncc3)nc2)no1,5.346787486224656,1
FC(F)(F)c1nc(-c2ccc(N[C@@H]3CCCC[C@H]3c3ccccc3)nc2)no1,5.337242168318426,1
FC(F)(F)c1nc(-c2ccnc(OC3CCCc4ccc(Cl)nc43)c2)no1,5.958607314841775,1
FC(F)(F)c1nc(-c2ccnc(OCCc3cccc4cn[nH]c34)c2)no1,5.6020599913279625,1
FC(F)(F)c1nc(-c2ccnc(OC[C@@H]3C[C@@H]3c3ncccn3)c2)no1,5.585026652029182,1
FC(F)(F)c1nc(-c2ccnc(OCc3c(Cl)nc4sccn34)c2)no1,5.508638306165727,1
FC(F)(F)c1nc(-c2ccnc(OCc3cc4n(n3)CCCO4)c2)no1,5.920818753952375,1
FC(F)(F)c1nc(-c2ccnc(OCc3ccn(C4CC4)n3)c2)no1,5.455931955649724,1
FC(F)(F)c1nc(-c2ccnc(OCc3ccnn3-c3cccnc3)c2)no1,5.721246399047171,1
FC(F)(F)c1nc(-c2ccnc(OCc3ccno3)c2)no1,5.823908740944319,1
FC(F)(F)c1nc(-c2ccnc(OCc3cnc(Cl)cn3)c2)no1,5.853871964321762,1
FC(F)(F)c1nc(-c2ccnc(OCc3cncc(Cl)n3)c2)no1,5.920818753952375,1
FC(F)(F)c1nc(-c2ccnc(OCc3cncc(N4CCNCC4)n3)c2)no1,5.958607314841775,1
FC(F)(F)c1nc(-c2ccnc(OCc3cnn4c3OCCC4)c2)no1,5.167491087293763,1
FC(F)(F)c1nc(-c2ccnc(OCc3nc4ccccc4[nH]3)c2)no1,6.346787486224656,1
FC(F)(F)c1nc(-c2ccnc(OCc3ncccc3Cl)c2)no1,5.42021640338319,1
FC(F)(F)c1nc(-c2ccnc(OCc3ncccc3Cl)c2Cl)no1,4.769551078621726,1
FC(F)(F)c1nc(-c2ccnc(OCc3nccnc3Cl)c2Cl)no1,4.920818753952375,1
FC(F)(F)c1nc(-c2cnc(COc3ccc4ccccc4n3)nc2)no1,6.795880017344075,1
FC(F)(F)c1nc(-c2cnc(NCc3ccccn3)c(Cl)c2)no1,5.6020599913279625,1
FC(F)(F)c1nc(-c2cnc(NCc3cccnc3)c(Cl)c2)no1,5.920818753952375,1
FC(F)(F)c1nc(-c2cnc(NCc3cccnc3)nc2)no1,5.180456064458131,3
FC(F)(F)c1nc(-c2cnc(NCc3ccncc3)c(Cl)c2)no1,5.958607314841775,1
FC(F)(F)c1nc(-c2cnc(NCc3ccncc3)nc2)no1,6.207608310501746,1
FC(F)(F)c1nc(-c2ncc(NCc3ccncc3)cn2)no1,5.327902142064282,1
FC(F)Cn1nc(COc2cc(-c3noc(C(F)(F)F)n3)ccn2)cc1C1CC1,6.060480747381382,1
FC(F)c1cc(OCc2ccc(-c3noc(C(F)(F)F)n3)cn2)ncn1,5.886056647693163,1
FC(F)c1nnc(-c2ccc(Cn3cnc(-c4ccc(NC5=NCCN5)cc4)c3)c(Cl)c2)o1,3.907279355315901,1
FC(F)c1nnc(-c2ccc(Cn3nnc(-c4ccc5cnccc5c4)n3)c(Cl)c2)o1,3.000000434294699,1
FC(F)c1nnc(-c2ccc(Cn3nnc(-c4cccc(-c5nc6c([nH]5)CCNC6)c4)n3)cc2)o1,4.176786686717333,1
FC(F)c1nnc(-c2ccc(Cn3nnc(-c4cccc(-c5nc6c([nH]5)CCNC6)c4)n3)nc2)o1,3.783042792638903,1
FC(F)c1nnc(-c2ccc(Cn3nnc(-c4csc5ccccc45)n3)cc2)o1,3.000434511774018,1
Fc1c(-c2noc(C(F)(F)F)n2)ccnc1OCc1nc(C2CC2)no1,5.823908740944319,1
Fc1cc(-c2nnc(C(F)F)o2)c(F)cc1Cn1nnc(-c2cccc(-c3nc4c([nH]3)CCNC4)c2)n1,3.775466937393914,1
Fc1cc(-c2nnc(C(F)F)o2)ccc1Cn1nnc(-c2cccc(-c3nc4c([nH]3)CCNC4)c2)n1,3.737786294523583,1
Fc1cc(-c2noc(C(F)(F)F)n2)ccc1COc1ccccc1,4.823908740944319,1
Fc1cc(-c2noc(C(F)(F)F)n2)ccc1Cn1cnc2c(Cl)ncnc21,5.494850021680094,2
Fc1cc(Br)cc2c1C1=NCCN1C(=S)S2,4.301029995663981,2
Fc1cc(CNc2ccc3ccncc3c2)ccc1-c1noc(C(F)(F)F)n1,5.795880017344075,1
Fc1cc(COc2[nH]nc3c2COCC3)ccc1-c1noc(C(F)(F)F)n1,5.508638306165727,1
Fc1cc(COc2cc(C(F)F)ncn2)ccc1-c1noc(C(F)(F)F)n1,5.537602002101044,1
Fc1cc(COc2cc[nH]n2)ccc1-c1noc(C(F)(F)F)n1,5.522878745280337,1
Fc1cc(COc2ccc(Cl)nc2)ccc1-c1noc(C(F)(F)F)n1,4.346787486224656,1
Fc1cc(COc2ccc3cccc(F)c3n2)ccc1-c1noc(C(F)(F)F)n1,6.142667503568731,1
Fc1cc(COc2ccc3cnccc3n2)ccc1-c1noc(C(F)(F)F)n1,6.431798275933005,1
Fc1cc(COc2ccc3cncnc3c2)ccc1-c1noc(C(F)(F)F)n1,5.468521082957745,1
Fc1cc(COc2ccc3ncnn3c2)ccc1-c1noc(C(F)(F)F)n1,5.823908740944319,1
Fc1cc(COc2cccc(Cl)n2)ccc1-c1noc(C(F)(F)F)n1,5.568636235841012,1
Fc1cc(COc2cccc3[nH]ncc23)ccc1-c1noc(C(F)(F)F)n1,5.431798275933005,1
Fc1cc(COc2cccc3[nH]nnc23)ccc1-c1noc(C(F)(F)F)n1,5.823908740944319,1
Fc1cc(COc2cccc3c2CNCC3)ccc1-c1noc(C(F)(F)F)n1,5.251811972993799,1
Fc1cc(COc2ccccc2)ccc1-c1noc(C(F)(F)F)n1,4.346787486224656,1
Fc1cc(COc2cccnn2)ccc1-c1noc(C(F)(F)F)n1,5.1938200260161125,1
Fc1cc(COc2cnc(C3CC3)nc2)ccc1-c1noc(C(F)(F)F)n1,5.823908740944319,1
Fc1cc(COc2cnc3[nH]ccc3c2)ccc1-c1noc(C(F)(F)F)n1,5.376750709602099,1
Fc1cc(COc2cnc3c(c2)COC3)ccc1-c1noc(C(F)(F)F)n1,5.823908740944319,1
Fc1cc(COc2cncc(Cl)c2)ccc1-c1noc(C(F)(F)F)n1,5.7447274948966935,1
Fc1cc(COc2cncnc2)ccc1-c1noc(C(F)(F)F)n1,5.508638306165727,1
Fc1cc(COc2nc3cccnc3n2C2CC2)ccc1-c1noc(C(F)(F)F)n1,6.200659450546418,1
Fc1cc(COc2nc3cccnc3n2CC(F)(F)F)ccc1-c1noc(C(F)(F)F)n1,6.107905397309519,1
Fc1cc(COc2nc3ncccc3n2CC(F)(F)F)ccc1-c1noc(C(F)(F)F)n1,5.698970004336019,1
Fc1cc(COc2nc[nH]n2)ccc1-c1noc(C(F)(F)F)n1,5.259637310505756,1
Fc1cc(COc2nccc3nccn23)ccc1-c1noc(C(F)(F)F)n1,5.537602002101044,1
Fc1cc(COc2nnc(C3CC3)o2)ccc1-c1noc(C(F)(F)F)n1,5.657577319177793,1
Fc1cc(COc2nncc3ccccc23)ccc1-c1noc(C(F)(F)F)n1,5.366531544420413,1
Fc1cc(COc2nnnc3ccccc23)ccc1-c1noc(C(F)(F)F)n1,5.537602002101044,1
Fc1cc(Cn2nnc(-c3cccc(-c4nc5c([nH]4)CNCC5)c3)n2)ccc1-c1nnc(C(F)F)o1,3.243820483156191,1
Fc1cc(F)c(OCc2ccc(-c3noc(C(F)(F)F)n3)c(F)c2)cn1,4.346787486224656,1
Fc1ccc(C2COCCN2c2ccc(-c3noc(C(F)(F)F)n3)cn2)cc1,6.301029995663981,1
Fc1ccc(NCc2ccc(-c3noc(C(F)(F)F)n3)cc2)cc1,5.6777807052660805,1
Fc1ccc(OCc2ccc(-c3noc(C(F)(F)F)n3)c(F)c2)cn1,4.920818753952375,1
Fc1ccc2c(c1)N(Cc1ccc(-c3noc(C(F)(F)F)n3)cn1)CCO2,6.221848749616356,1
Fc1ccc2ccc(OCc3ccc(-c4noc(C(F)(F)F)n4)c(F)c3)nc2n1,6.070581074285707,1
Fc1ccc2ccc(OCc3ccc(-c4noc(C(F)(F)F)n4)cn3)nc2c1,4.455931955649724,1
Fc1cccc(C2COCCN2c2ccc(-c3noc(C(F)(F)F)n3)cn2)c1,6.356547323513812,1
Fc1cccc(NCc2ccc(-c3noc(C(F)(F)F)n3)cc2)c1,5.4089353929735005,1
Fc1ccccc1C1COCCN1c1ccc(-c2noc(C(F)(F)F)n2)cn1,6.6777807052660805,1
Fc1ccccc1NCc1ccc(-c2noc(C(F)(F)F)n2)cc1,5.337242168318426,1
Fc1ccccc1OCc1cc(-c2noc(C(F)(F)F)n2)ccn1,5.508638306165727,1
Fc1ccccc1OCc1ccc(-c2noc(C(F)(F)F)n2)cn1,5.920818753952375,1
Fc1cccnc1COc1nccc(-c2noc(C(F)(F)F)n2)c1Cl,5.031517051446064,1
Fc1cnc(OCc2ccc(-c3noc(C(F)(F)F)n3)c(F)c2)nc1,5.070581074285707,1
N#CC1(CNc2cccc(-c3cc(Nc4cnn(CCCCCC(=O)NO)c4)ncc3Cl)n2)CCOCC1,5.778846678045294,2
N#CC1(CNc2cccc(-c3cc(Nc4cnn(CCCCCC(=O)Nc5ccccc5N)c4)ncc3Cl)n2)CCOCC1,5.713992877920525,2
N#CC1(CNc2cccc(-c3cc(Nc4cnn(CCCCCCC(=O)NO)c4)ncc3Cl)n2)CCOCC1,5.938547520912807,2
N#CC1(CNc2cccc(-c3cc(Nc4cnn(CCCCCCC(=O)Nc5ccccc5N)c4)ncc3Cl)n2)CCOCC1,5.30111686324741,2
N#CC1(CNc2cccc(-c3cc(Nc4cnn(Cc5ccc(C(=O)NO)cc5)c4)ncc3Cl)n2)CCOCC1,6.008330992620051,2
N#CC1(CNc2cccc(-c3cc(Nc4cnn(Cc5ccc(C(=O)Nc6ccccc6N)cc5)c4)ncc3Cl)n2)CCOCC1,6.772241822907659,2
N#CCCN(C(=O)CCl)c1ccc2c(c1)OCCN2CC(=O)N1CCC(C(=O)Nc2ccc(C(=O)NCCCCCCC(=O)NO)cc2)CC1,7.026872146400302,1
N#CCCN(C(=O)CCl)c1ccc2c(c1)OCCN2CC(=O)N1CCC(C(=O)Nc2ccc(C(=O)NCCCCCCC(=O)NO)cc2)CC1.O=C(O)C(F)(F)F,7.026872146400302,1
N#CCCN(C(=O)CCl)c1ccc2c(c1)OCCN2CC(=O)NCC(=O)Nc1ccc(C(=O)NCCCCCCC(=O)NO)cc1,7.130768280269024,2
N#CCCN(C(=O)CCl)c1ccc2c(c1)OCCN2CC(=O)NCCCCCCCC(=O)Nc1ccc(C(=O)NCCCCCCC(=O)NO)cc1,7.154901959985743,1
N#CCCN(C(=O)CCl)c1ccc2c(c1)OCCN2CC(=O)NCCCCCCCC(=O)Nc1ccc(C(=O)NCCCCCCC(=O)NO)cc1.O=C(O)C(F)(F)F,7.154901959985743,1
N#CCCn1cc(-c2nc(Nc3ccc(NC(=O)CCCCCCC(=O)NO)cc3)nc3[nH]ccc23)cn1,7.346787486224656,2
N#CCNC(=O)c1ccc(-c2ccnc(Nc3ccc(N4CCC(C(=O)NO)CC4)cc3)n2)cc1,5.568636235841012,2
N#CCNC(=O)c1ccc(-c2ccnc(Nc3ccc(N4CCC(C(=O)Nc5ccc(/C=C/C(=O)NO)cc5)CC4)cc3)n2)cc1,5.292429823902063,2
N#CCNC(=O)c1ccc(-c2ccnc(Nc3ccc(N4CCC(C(=O)Nc5ccc(C(=O)NO)cc5)CC4)cc3)n2)cc1,4.619788758288394,2
N#CCNC(=O)c1ccc(-c2ccnc(Nc3ccc(N4CCC(C(=O)Nc5ccccc5N)CC4)cc3)n2)cc1,5.769551078621726,2
N#CCNC(=O)c1ccc(-c2ccnc(Nc3ccc(N4CCOCC4)cc3)n2)cc1,7.3979400086720375,2
N#CCc1ccc(-c2ccc(/C=C/C(=O)NO)cc2Cl)cc1C12CC3CC(CC(C3)C1)C2,4.312031090684611,2
N#CCc1ccc(-c2ccc(N)c(NC(=O)c3cccnc3)c2)cc1,6.6020599913279625,2
N#C[Se]CCCCCC(=O)Nc1ccccc1,8.050609993355087,1
N#Cc1c(N)nc(N)nc1N1CC2(CC2)C[C@H]1c1nc2cccc(Cl)c2c(=O)n1Cc1ccc(C(=O)NO)s1,6.638272163982407,2
N#Cc1c(N)nc(N)nc1N1CC2(CC2)C[C@H]1c1nc2cccc(F)c2c(=O)n1Cc1ccc(C(=O)NO)cc1,6.542118103266008,2
N#Cc1c(N)nc(N)nc1N1CC2(CC2)C[C@H]1c1nc2cccc(F)c2c(=O)n1Cc1ccc(C(=O)NO)s1,7.086186147616283,2
N#Cc1c(N)nc(N)nc1N1CCC[C@H]1c1nc2cccc(Cl)c2c(=O)n1Cc1ccc(C(=O)NO)s1,6.954677021213342,2
N#Cc1c(N)nc(N)nc1N1C[C@H](OC(=O)NCc2ccc(C(=O)NO)cc2)C[C@H]1c1nc2cccc(Cl)c2c(=O)n1-c1ccccc1,6.567030709125595,2
N#Cc1cc(CN2CCC2)cnc1-c1ccc(C(=O)Nc2ccccc2N)cc1,8.0050082708493,2
N#Cc1ccc(-c2c(-c3ccc(/C=C/C(=O)NO)c(O)c3)cnc(N3CCC(N)CC3)c2C#N)cc1F,7.761953896871205,1
N#Cc1ccc(-c2c(-c3ccc(/C=C/C(=O)NO)c(O)c3)cnc(N3CCC(NCc4ccc(/C=C/C(=O)NO)cc4)CC3)c2C#N)cc1F,7.97469413473523,1
N#Cc1ccc(-c2c(-c3ccc(/C=C/C(=O)NO)cc3)cnc(N3CCC(N)CC3)c2C#N)cc1F,8.032452023781138,1
N#Cc1ccc(-c2c(-c3ccc(Br)c(O)c3)cnc(N3CCC(NCc4ccc(/C=C/C(=O)NO)cc4)CC3)c2C#N)cc1F,8.235077015350111,1
N#Cc1ccc(-c2c(-c3ccc(C4CC4)c(O)c3)cnc(N3CCC(NCc4ccc(/C=C/C(=O)NO)cc4)CC3)c2C#N)cc1F,7.080398976215889,1
N#Cc1ccc(-c2c(-c3ccc(CO)c(O)c3)cnc(N3CCC(NCc4ccc(/C=C/C(=O)NO)cc4)CC3)c2C#N)cc1F,9.657577319177792,1
N#Cc1ccc(-c2c(-c3ccc(Cl)c(O)c3)cnc(N3CCC(NCc4ccc(/C=C/C(=O)NO)cc4)CC3)c2C#N)cc1F,7.866461091629782,1
N#Cc1ccc(-c2c(-c3ccc(Cl)c(O)c3)cnc(N3CCC(NCc4ccc(/C=C/C(=O)NO)cc4)CC3)c2C#N)cn1,8.88941028970075,1
N#Cc1ccc(-c2c(-c3ccc(Cl)c(O)c3)cnc(N3CCC(NCc4ccc(/C=C/C(=O)NO)cc4F)CC3)c2C#N)cn1,8.730487055782083,1
N#Cc1ccc(-c2c(-c3ccc(Cl)c(O)c3)cnc(N3CCC(NCc4ccc(/C=C/C(=O)NO)cn4)CC3)c2C#N)cn1,8.790484985457368,1
N#Cc1ccc(-c2c(-c3ccc(F)c(O)c3)cnc(N3CCC(NCc4ccc(/C=C/C(=O)NO)cc4)CC3)c2C#N)cc1F,8.080921907623926,1
N#Cc1ccc(-c2c(-c3ccc(N4CCOCC4)c(O)c3)cnc(N3CCC(NCc4ccc(/C=C/C(=O)NO)cc4)CC3)c2C#N)cc1F,8.801342913045577,1
N#Cc1ccc(-c2c(-c3ccc(N4CCOCC4)c(O)c3)cnc(N3CCC(NCc4ccc(/C=C/C(=O)NO)cc4)CC3)c2C#N)cn1,9.292429823902063,1
N#Cc1ccc(-c2c(-c3ccc(NC(=O)CCCCCCC(=O)NO)c(O)c3)cnc(N3CCC(N)CC3)c2C#N)cc1F,7.324221658325915,1
N#Cc1ccc(-c2c(-c3ccc(O)c(O)c3)cnc(N3CCC(NCc4ccc(/C=C/C(=O)NO)cc4)CC3)c2C#N)cc1F,9.2839966563652,1
N#Cc1ccc(-c2c(-c3ccc(OC(F)(F)F)c(O)c3)cnc(N3CCC(NCc4ccc(/C=C/C(=O)NO)cc4)CC3)c2C#N)cc1F,8.252588192113576,1
N#Cc1ccc(-c2c(-c3ccc(OC(F)F)c(O)c3)cnc(N3CCC(NCc4ccc(/C=C/C(=O)NO)cc4)CC3)c2C#N)cc1F,8.40340290437354,1
N#Cc1ccc(-c2c(-c3ccc4cn[nH]c4c3)cnc(N3CCC(NCc4ccc(/C=C/C(=O)NO)cc4)CC3)c2C#N)cc1F,9.221848749616356,1
N#Cc1ccc(-c2c(-c3ccc4cn[nH]c4c3)cnc(N3CCC(NCc4ccc(/C=C/C(=O)NO)nc4)CC3)c2C#N)cc1F,8.886056647693163,1
N#Cc1ccc(-c2c(-c3ccc4cn[nH]c4c3)cnc(N3CCC(NCc4cnc(/C=C/C(=O)NO)nc4)CC3)c2C#N)cc1F,8.772113295386326,1
N#Cc1ccc(-c2c(-c3cccc(O)c3)cnc(N3CCC(NCc4ccc(/C=C/C(=O)NO)cc4)CC3)c2C#N)cc1F,9.275724130399212,1
N#Cc1ccc(-c2cc(OCCCCCCC(=O)NO)cc(N3CCC(N)CC3)n2)cc1F,8.749579997691106,1
N#Cc1ccc(-c2ccc(C(=O)C(F)(F)F)s2)cc1,5.568636235841012,2
N#Cc1ccc(-c2ccc(OCCCCCCC(=O)NO)cc2)cc1,8.036212172654444,1
N#Cc1ccc(-c2ccnc(NCc3ccc(C(=O)Nc4ccccc4N)cc3)n2)cn1,6.795880017344075,2
N#Cc1ccc(-c2cnc(N3CCC(NCc4ccc(/C=C/C(=O)NO)cc4)CC3)c(C#N)c2-c2ccc(C#N)c(F)c2)cc1O,7.761953896871205,1
N#Cc1ccc(-c2cncc(C(=O)NCc3ccc(C(=O)NO)cc3)c2)cc1,7.9993495334897915,2
N#Cc1ccc(-c2nc(N3CCC(N)CC3)n3ccnc3c2-c2ccc(OCCCCCCC(=O)ON)c(O)c2)cc1F,6.3979400086720375,1
N#Cc1ccc(-c2nc(N3CCC(N)CC3)n3ccnc3c2-c2ccc(OCc3ccc(/C=C/C(=O)NO)cc3)c(O)c2)cc1F,6.703334809738469,1
N#Cc1ccc(C(=O)NCCCCCC(=O)Nc2ccccc2N)cc1,6.154901959985743,1
N#Cc1ccc(CCc2nc(CCC(=O)NO)cs2)cc1,6.921362301772982,2
N#Cc1ccc(CN2C(=O)C3=C(CCN(Cc4ccc(C(=O)Nc5ccccc5N)cc4)C3)N3CCN=C23)cc1,6.7594507517174005,2
N#Cc1ccc(CNC2[C@H]3CN(c4ncc(C(=O)NO)cn4)C[C@@H]23)cc1,7.522878745280337,1
N#Cc1ccc(Cn2cc(CCCCC(=O)NO)nn2)cc1,6.154281982033341,2
N#Cc1ccc(N2CCC(Nc3ccc(C(=O)NO)cc3)C2=O)cc1,4.892790030352131,2
N#Cc1ccc2c(=O)n(CCc3ccccc3)c(=O)n(Cc3ccc(C(=O)NO)cc3)c2c1,4.920939441601967,3
N#Cc1ccc2c(c1)CCCCN2Cc1ccc(C(=O)NO)cc1,6.605548319173783,2
N#Cc1ccc2c(c1)CCCN2Cc1ccc(C(=O)NO)cc1,6.85078088734462,2
N#Cc1ccc2c(c1)SC(=S)N1CCN=C21,4.752026733638194,2
N#Cc1ccc2c(c1)c(-c1ccc(N)c(F)c1)cn2-c1ccc(OCCCCC(=O)NO)cc1,7.009439680294366,2
N#Cc1ccc2c(c1)c(-c1ccc(N)c(F)c1)cn2-c1ccc(OCCCCCC(=O)NO)cc1,6.6947561558048685,2
N#Cc1ccc2c(c1)c(-c1ccc(N)c(F)c1)cn2-c1ccc(OCCCCCCC(=O)NO)cc1,8.318758762624412,2
N#Cc1ccc2c(c1)c(-c1cccc(N)c1)cn2CCCCCCC(=O)NO,9.619788758288394,2
N#Cc1cccc(-c2cn(CCCCCCn3cccc(/C=C/C(=O)NO)c3=O)nn2)c1,7.455931955649724,1
N#Cc1cccc(-c2nc3c4cnn(CCc5ccc(C(=O)Nc6ccccc6N)cc5)c4nc(N)n3n2)c1,6.94692155651658,2
N#Cc1cccc(NC(=O)C(C(=O)Nc2cccc(C#N)c2)c2ccc(C(=O)Nc3ccccc3N)cc2)c1,7.468521082957745,2
N#Cc1cccc(NCc2ccc(-c3noc(C(F)(F)F)n3)cc2)c1,6.0,1
N#Cc1cccc(Nc2ncnc3cc(NC(=O)CCCCCCC(=O)NO)sc23)c1,7.346690997780078,2
N#Cc1ccccc1/C=C1\CC(=O)N(CCCCCCC(=O)NO)C1=O,7.396855627379818,1
N#Cc1ccccc1C(=O)NCCCCCC(=O)Nc1ccccc1N,6.370590400897282,1
N#Cc1ccccc1C=C1CC(=O)N(CCCCCCC(=O)NO)C1=O,7.397940008672037,1
N#Cc1cccnc1-c1ccc(C(=O)Nc2ccccc2N)cc1,7.915456821256488,2
N#Cc1cnc(-c2cnc([C@@H](N)CCCCCC(=O)c3ncco3)[nH]2)cn1,6.42021640338319,1
N#Cc1cncc(-c2cnc([C@@H](N)CCCCCC(=O)c3ncco3)[nH]2)n1,6.585026652029182,1
N#Cc1nc(-c2ccc(F)cc2)[nH]c1[C@@H](N)CCCCCC(=O)C1NC=CO1,8.537602002101044,1
N#Cc1nc(-c2ccc(F)cc2)[nH]c1[C@H](CCCCCC(=O)c1ncco1)NC(=O)c1nccs1,9.721246399047171,1
N#Cc1nc(-c2ccc(F)cc2)oc1[C@@H](N)CCCCCC(=O)C1NC=CO1,7.585026652029182,1
N#Cc1nc(-c2ccc(F)cc2)oc1[C@H](CCCCCC(=O)c1ncco1)NC(=O)c1nccs1,8.040958607678906,1
N/C(=N/O)c1ccc2nc(-c3cccc(-c4cn5ccccc5n4)c3)[nH]c2c1,6.259637310505756,1
N/C(=N\O)c1ccc(NC(=O)CCCNCCc2ccccc2)cc1,6.15676722190199,1
N/C(=N\O)c1ccc(NC(=O)CCNCCc2ccccc2)cc1,6.5638373529592435,1
N/C(=N\O)c1ccc(NC(=O)CNCCc2ccccc2)cc1,7.031517051446065,1
N/C(=N\O)c1ccc(NC(=O)NCCc2ccccc2)cc1,6.517126416391246,1
N/N=C(\Cc1ccc(O)c(Br)c1)C(=O)NCCS,8.301029995663981,1
N/N=C(\Cc1ccc(O)c(Br)c1)C(=O)NCCSSCCNC(=O)/C(Cc1ccc(O)c(Br)c1)=N/N,5.214670164989233,1
N=C(N)NCCC[C@@H]1N=C(c2ccccc2)c2ccccc2N(CCCCC(=O)NO)C1=O,5.84163750790475,1
N=C(NO)c1ccc2nc(-c3cccc(-c4cn5ccccc5n4)c3)[nH]c2c1,6.259637310505756,1
N=C/C=N/c1ccc(C(=O)Nc2cc(-c3cccs3)ccc2N)cc1,7.221848749616356,1
N=C1N=C2N=CC(CNc3ccc(C(=O)N[C@@H](CCC(=O)NCCCCCCS)C(=O)O)cc3)=NC2C(=O)N1,4.6777807052660805,1
N=C1N=C2N=CC(CNc3ccc(C(=O)N[C@@H](CCC(=O)NCCCCCCSSCCCCCCNC(=O)CC[C@H](NC(=O)c4ccc(NCC5=NC6C(=O)NC(=N)N=C6N=C5)cc4)C(=O)O)C(=O)O)cc3)=NC2C(=O)N1,5.045757490560675,1
N=C1N=C2N=CC(CNc3ccc(C(=O)N[C@@H](CCC(=O)NCCOCCOCCSSCCCCCCC(=O)Nc4ncc(-c5ccccc5)s4)C(=O)O)cc3)=NC2C(=O)N1,5.522878745280337,1
N=C1N=C2N=CC(CNc3ccc(C(=O)N[C@@H](CCC(=O)NCCSSCCCCCCC(=O)Nc4ncc(-c5ccccc5)s4)C(=O)O)cc3)=NC2C(=O)N1,6.568636235841012,1
N=C1Sc2ccccc2C2=NCCCN12,5.3979400086720375,2
N=CC=Nc1ccc(C(=O)Nc2cc(-c3cccs3)ccc2N)cc1,7.221848749616356,1
N=S(=O)(c1ccc(C(=O)Nc2cc(-c3ccccn3)ccc2N)cc1)C1CC1,6.522878745280337,1
NC(/C=C/c1ccccc1)CN1CCN(c2ncc(C(=O)NO)cn2)CC1,8.42021640338319,1
NC(=O)/C=C/c1ccc(COc2ccc(-c3nc4c(C(N)=O)cccc4[nH]3)cc2)cc1,5.102372908709558,1
NC(=O)/C=C/c1ccc(COc2ccc(-n3cc4cccc(C(N)=O)c4n3)cc2)cc1,4.97469413473523,1
NC(=O)C(=O)NCCSSCCNC(=O)/C(Cc1ccc(O)c(Br)c1)=N/O,6.481486060122112,1
NC(=O)C(=O)Nc1cc(-c2cccs2)ccc1N,5.515700160653214,1
NC(=O)CCC(c1nc2ccccc2o1)n1cc(/C=C/C(=O)NO)nn1,7.309803919971486,1
NC(=O)CCCN1CCc2c(c3ccccc3n2Cc2ccc(C(=O)NO)cc2)C1,5.127843727251707,2
NC(=O)CCN1CCc2c(c3ccccc3n2Cc2ccc(C(=O)NO)cc2)C1,5.79317412396815,2
NC(=O)CC[C@@H]1N=C(c2ccccc2)c2ccccc2N(CCCCC(=O)NO)C1=O,4.855425792390384,2
NC(=O)CN1CCC2(CCN(c3ccc(C(=O)Nc4cc(-c5cccs5)ccc4N)cn3)CC2)C1,7.886056647693163,2
NC(=O)CN1CCc2c(c3ccccc3n2Cc2ccc(C(=O)NO)cc2)C1,5.400116927926312,2
NC(=O)C[C@@H]1N=C(c2ccccc2)c2ccccc2N(CCCCC(=O)NO)C1=O,4.647238808276169,2
NC(=O)Nc1ccc(Oc2ccnc(-c3cnn(CCCCCCC(=O)NO)c3)c2)cc1,8.468521082957745,2
NC(=O)c1cc(CNC(=O)CCCCCC(=O)NO)nc2ccc(-c3ccccc3)cc12,6.818156412055227,1
NC(=O)c1cc(Oc2ccc(NC(=O)c3ccc(Cl)c(C(F)(F)F)c3)cc2)ccc1N,5.554395796726403,3
NC(=O)c1ccc(-c2nc(N3CCOCC3)c3ncn(CCCCCCC(=O)NO)c3n2)cc1,9.214670164989233,2
NC(=O)c1ccc(COc2ccc(-c3nc4c(C(N)=O)cccc4[nH]3)cc2)cc1,5.113509274827518,1
NC(=O)c1ccc(COc2ccc(-n3cc4cccc(C(N)=O)c4n3)cc2)cc1,4.966576244513051,1
NC(=O)c1ccc(NCc2ccc(-c3noc(C(F)(F)F)n3)cc2)cc1,6.221848749616356,1
NC(=O)c1ccc2c(c1)CCCCN2Cc1ccc(C(=O)NO)cc1,6.823908740944319,2
NC(=O)c1ccc2c(c1)CCCN2Cc1ccc(C(=O)NO)cc1,5.882301435637806,4
NC(=O)c1ccc2c(c1)N(Cc1ccc(/C=C/C(=O)NO)cc1)c1ccccc1S2,7.698970004336019,1
NC(=O)c1ccc2c(c1)N(Cc1ccc(C(=O)NO)cc1)c1ccccc1S2,6.799313336224013,3
NC(=O)c1ccc2c(c1)N(Cc1ccc(C(=O)NO)cc1)c1ccccc1S2=O,5.772113295386326,1
NC(=O)c1cccc(-c2nc(N3CCOCC3)c3ncn(CCCCCCC(=O)NO)c3n2)c1,9.075720713938118,2
NC(=O)c1cccc(CCOc2cc(-c3noc(C(F)(F)F)n3)ccn2)c1,5.7447274948966935,1
NC(=O)c1cccc(NCc2ccc(-c3noc(C(F)(F)F)n3)cc2)c1,6.045757490560675,1
NC(=O)c1cccc(NCc2ccc(-c3noc(C(F)(F)F)n3)cn2)c1,6.508638306165727,1
NC(=O)c1cccc(OCc2ccc(-c3noc(C(F)(F)F)n3)c(F)c2)c1,5.657577319177793,1
NC(=O)c1cccc2[nH]c(-c3ccc(NCc4ccc(C(=O)Nc5ccccc5N)cc4)cc3)nc12,7.301029995663981,2
NC(=O)c1cccc2[nH]c(-c3ccc(OCCCCCC(=O)NO)cc3)nc12,5.259637310505756,1
NC(=O)c1cccc2[nH]c(-c3ccc(OCCCCCCC(=O)NO)cc3)nc12,5.154901959985743,1
NC(=O)c1cccc2cn(-c3ccc(OCCCCCCCC(=O)NO)cc3)nc12,4.863279432843593,1
NC(=O)c1ccccc1NCc1ccc(-c2noc(C(F)(F)F)n2)cc1,5.259637310505756,1
NC(=O)c1ccccc1NCc1ccc(-c2noc(C(F)(F)F)n2)cn1,6.522878745280337,1
NC(=O)c1ccnc(NCc2ccc(-c3noc(C(F)(F)F)n3)cn2)c1,6.552841968657781,1
NC(=O)c1ncccc1NCc1ccc(-c2noc(C(F)(F)F)n2)cn1,6.070581074285707,1
NC(CCCCCC(=O)c1ccon1)c1cnn(-c2ccc(F)cc2)c1,7.06246936830415,2
NC(CCCCCC(=O)c1ccon1)c1cnn(-c2ccc(F)cc2)n1,6.974423738776309,2
NC(N)=NCCC[C@@H]1N=C(c2ccccc2)c2ccccc2N(CCCCC(=O)NO)C1=O,5.84163750790475,1
NC(N)=NCCC[C@@H]1NC(=O)CNC(=O)[C@H](CCCCCC(=O)Nc2ccccc2N)NC(=O)CNC1=O,3.718966632752273,1
NC(N)=NCCC[C@@H]1NC(=O)C[C@H](Cc2ccc(O)cc2)NC(=O)[C@H](CC(=O)O)NC(=O)[C@H](CCCCCC(=O)NO)NC1=O,6.920818753952375,1
NC(N)=NCCC[C@H](N)C(=O)NCC(=O)N[C@@H](CCCCCC(=O)Nc1ccccc1N)C(=O)Nc1ccccc1N,5.327902142064282,1
NC/C(=C\C(=O)c1ccccc1)c1ccccc1,5.143868816397475,4
NC1=C(CCCc2ccccc2)C(=O)N(Cc2ccc(C(=O)Nc3ccc(F)cc3N)cc2)C2=NCCN21,6.384049948343598,2
NC1=C(CCCc2ccccc2)C(=O)N(Cc2ccc(C(=O)Nc3ccccc3N)cc2)C2=NCCN21,7.174249539765675,2
NC1=C(CCNC(=O)c2ccccc2)C(=O)N(Cc2ccc(C(=O)Nc3ccccc3N)cc2)C2=NCCN21,6.5638373529592435,2
NC1CC1c1ccc(NC(=O)CCC(=O)NCCCNCCCCNCCCNC(=O)c2ccc(NC(=O)CCCCCCC(=O)NO)cc2)cc1,7.368969144284577,2
NCC(=O)Nc1ccccc1-c1ccc(NC(=O)CCCCCCC(=O)NO)cc1,6.698970004336019,1
NCC(=O)Nc1ccccc1-c1ccc(NC(=O)CCCCCNC(=O)CS)cc1,5.442496124476437,3
NCCCCNCCCCNCCCN1C(=O)c2ccc3c4c(ccc(c24)C1=O)C(=O)N(CCCCCC(=O)NO)C3=O,5.3851027839668655,1
NCCCC[C@@H]1N=C(c2ccccc2)c2ccccc2N(CCCCC(=O)NO)C1=O,5.184422251675732,2
NCCCn1cc(CNc2ccc(C(=O)NCCCCCCC(=O)NO)cc2)nn1,7.236572006437063,1
NCCNCc1ccc(C(=O)Nc2cc(-c3ccccc3)ccc2O)cc1,7.142667503568731,1
NCCn1c(C2CC2c2ccccc2)nc2cc(/C=C/C(=O)NO)ccc21,7.075720713938118,2
NCc1ccc(-c2ccc(N)c(NC(=O)c3cccnc3)c2)cc1,5.6777807052660805,2
NCc1ccc(-c2cn(Cc3c(F)cc(-c4nnc(C(F)F)o4)cc3F)nn2)cc1,3.7871015872546936,1
NCc1ccc(-c2nnn(Cc3ccc(-c4nnc(C(F)F)o4)cc3)n2)cc1,4.125396434559166,1
NCc1ccc(C(=O)Nc2cc(-c3ccccc3)ccc2O)cc1,7.552841968657781,1
NCc1ccc(NC(=O)N(CCCCO)Cc2ccc(C(=O)NO)cc2)cc1,6.931814138253838,2
NCc1ccc(OCc2ccc(C(=O)Nc3ccccc3N)cc2)cc1,7.0,1
NCc1cccc(OCc2ccc(-c3noc(C(F)(F)F)n3)c(F)c2)c1,5.958607314841775,1
NCc1ccccc1OCc1ccc(-c2noc(C(F)(F)F)n2)c(F)c1,5.638272163982407,1
NN=C(Cc1ccc(O)c(Br)c1)C(=O)NCCS,8.301029995663981,1
NN=C(Cc1ccc(O)c(Br)c1)C(=O)NCCSSCCNC(=O)C(Cc1ccc(O)c(Br)c1)=NN,5.214670164989233,1
NNC(=O)NCCCCCC(=O)Nc1ccccc1,3.8239087409443187,3
NNC(=O)NCCCCCCC(=O)Nc1ccccc1,3.1870866433571443,1
NNC(=O)Nc1cc(-c2cccs2)ccc1N,7.301029995663981,1
NS(=O)(=O)NCCCC[C@H](NC(=O)Cc1ccccc1)C(=O)Nc1nc(-c2ccccc2)cs1,5.841491361653573,3
NS(=O)(=O)NCCCC[C@H](NC(=O)NCc1ccc(F)cc1)C(=O)Nc1nc(-c2ccccc2)cs1,5.8164886378001635,3
NS(=O)(=O)NCCCC[C@H](NC(=O)Nc1ccccc1)C(=O)Nc1nc(-c2ccccc2)cs1,5.638272163982407,2
NS(=O)(=O)NCCCC[C@H](NC(=O)OCc1ccc(Cl)cc1)C(=O)Nc1nc(-c2ccccc2)cs1,5.885247125316259,3
NS(=O)(=O)NCCCC[C@H](NC(=O)OCc1cccc(Cl)c1)C(=O)Nc1nc(-c2ccccc2)cs1,6.118520470177387,3
NS(=O)(=O)NCCCC[C@H](NC(=O)OCc1ccccc1)C(=O)Nc1nc(-c2ccc(Cl)cc2)cs1,6.319207133953374,3
NS(=O)(=O)NCCCC[C@H](NC(=O)OCc1ccccc1)C(=O)Nc1nc(-c2ccccc2)c(-c2ccccc2)s1,5.761276550713382,3
NS(=O)(=O)NCCCC[C@H](NC(=O)OCc1ccccc1)C(=O)Nc1nc(-c2ccccc2)cs1,6.29976236590336,7
NS(=O)(=O)NCCCC[C@H](NC(=O)OCc1ccccc1)C(=O)Nc1nc2ccccc2s1,5.138273790498828,3
NS(=O)(=O)NCCCC[C@H](NC(=O)OCc1ccccc1)c1cnc(-c2ccccc2)[nH]1,6.244260441126627,3
NS(=O)(=O)NCCCC[C@H](NC(=O)OCc1ccccc1)c1csc(-c2ccccc2)n1,5.81377260795206,3
NS(=O)(=O)NCCCC[C@H](NC(=O)OCc1ccccc1)c1nc(-c2ccccc2)cs1,5.180142197965115,3
NS(=O)(=O)NCCCC[C@H](NC(=O)OCc1ccccc1)c1nc(-c2ccccc2)n[nH]1,5.406804392152253,2
NS(=O)(=O)NCCCC[C@H](NC(=O)OCc1ccccc1)c1nc2cc(-c3cccs3)ccc2[nH]1,6.698970004336019,1
NS(=O)(=O)NCCCC[C@H](NC(=O)OCc1ccccc1)c1nc2ccc(-c3cccs3)cc2[nH]1,6.453289157418882,2
NS(=O)(=O)NCCCC[C@H](NC(=O)OCc1ccccc1)c1nc2ccccc2[nH]1,5.365826799637747,3
NS(=O)(=O)NCCCC[C@H](NC(=O)OCc1ccccc1)c1nnc(-c2ccccc2)[nH]1,5.619788758288394,1
NS(=O)(=O)NCCCC[C@H](NC(=O)OCc1ccccc1)c1nnc(-c2ccccc2)o1,5.331354949587546,3
NS(=O)(=O)NCCCC[C@H](NC(=O)OCc1cccnc1)C(=O)Nc1nc(-c2ccccc2)cs1,5.464181658928443,3
NS(=O)(=O)NCCCC[C@H](NS(=O)(=O)Cc1ccccc1)C(=O)Nc1nc(-c2ccccc2)cs1,5.375986777342238,3
NS(=O)(=O)c1ccc(S(=O)(=O)Nc2ccc(/C=C/C(=O)NO)cc2)cc1,6.096910013008056,3
N[C@@H](CCCCCC(=O)C1COC=N1)C1NC=C(c2ccccc2F)N1,6.769551078621726,1
N[C@@H](CCCCCC(=O)C1NC=CO1)C1NC=C(C2C=c3cccnc3=CC2)N1,8.568636235841012,1
N[C@@H](CCCCCC(=O)C1NC=CO1)c1[nH]c(-c2ccc(F)cc2)nc1Cl,9.18045606445813,1
N[C@@H](CCCCCC(=O)c1ccon1)C1NC(Cl)=C(c2ccc(F)cc2)N1,8.744727494896694,1
N[C@@H](CCCCCC(=O)c1ccon1)C1NC=C(c2ccccc2F)N1,8.853871964321762,1
N[C@@H](CCCCCC(=O)c1ccon1)c1cc(-c2ccc(F)cc2)on1,8.619788758288394,1
N[C@@H](CCCCCC(=O)c1ccon1)c1cc(-c2ccccc2F)on1,8.508638306165727,3
N[C@@H](CCCCCC(=O)c1ccon1)c1ccn(-c2ccc(F)cc2)n1,7.6777807052660805,3
N[C@@H](CCCCCC(=O)c1ccon1)c1cnn(-c2ccc(F)cc2)c1,7.795880017344075,2
N[C@@H](CCCCCC(=O)c1ccon1)c1cnn(-c2ccc(F)cc2)n1,7.6020599913279625,2
N[C@@H](CCCCCC(=O)c1ccon1)c1ncc(-c2ccccc2F)[nH]1,8.853871964321762,2
N[C@@H](CCCCCC(=O)c1cocn1)c1ncc(-c2ccccc2F)[nH]1,6.769551078621726,2
N[C@@H](CCCCCC(=O)c1ncco1)c1nc(-c2ccc3nn(C4CC4)cc3c2)c[nH]1,9.045757490560677,1
N[C@@H](CCCCCC(=O)c1ncco1)c1ncc(-c2cc(C(F)(F)F)ccc2F)[nH]1,7.214670164989233,1
N[C@@H](CCCCCC(=O)c1ncco1)c1ncc(-c2cc(F)ccc2F)[nH]1,7.040958607678906,1
N[C@@H](CCCCCC(=O)c1ncco1)c1ncc(-c2cc(OC(F)(F)F)ccc2F)[nH]1,8.0,1
N[C@@H](CCCCCC(=O)c1ncco1)c1ncc(-c2cc(OC3CCC3)ccc2F)[nH]1,7.207608310501746,1
N[C@@H](CCCCCC(=O)c1ncco1)c1ncc(-c2ccc(-c3cnccn3)cc2)[nH]1,8.823908740944319,1
N[C@@H](CCCCCC(=O)c1ncco1)c1ncc(-c2ccc(C(F)(F)F)cc2F)[nH]1,8.2518119729938,1
N[C@@H](CCCCCC(=O)c1ncco1)c1ncc(-c2ccc(OC(F)(F)F)cc2F)[nH]1,8.397940008672037,1
N[C@@H](CCCCCC(=O)c1ncco1)c1ncc(-c2ccc3nc(N4CCCC4)ccc3c2)[nH]1,8.698970004336019,1
N[C@@H](CCCCCC(=O)c1ncco1)c1ncc(-c2cccc(C(F)(F)F)c2F)[nH]1,8.366531544420413,1
N[C@@H](CCCCCC(=O)c1ncco1)c1ncc(-c2cccc(F)c2F)[nH]1,6.958607314841775,1
N[C@@H](CCCCCC(=O)c1ncco1)c1ncc(-c2cnc(C3CC3)cn2)[nH]1,8.481486060122112,1
N[C@@H](CCCCCS)C(=O)NC1CCCC1,4.281498311132726,2
N[C@@H](Cc1c[nH]c2ccccc12)C(=O)Nc1ccccc1-c1ccc(NC(=O)CCCCCCC(=O)NO)cc1,7.482669157644945,3
N[C@@H](Cc1c[nH]c2ccccc12)C(=O)Nc1ccccc1-c1ccc(NC(=O)CCCCCNC(=O)CS)cc1,5.149353764816933,2
N[C@@H](Cc1ccc(O)cc1)C(=O)N1CC2(C[C@H]1C(=O)NCCCCCC(=O)NO)SCCS2,6.346787486224656,1
N[C@@H](Cc1ccc(O)cc1)C(=O)Nc1ccccc1-c1ccc(NC(=O)CCCCCCC(=O)NO)cc1,7.462942004320738,3
N[C@@H](Cc1ccccc1)C(=O)Nc1ccccc1-c1ccc(NC(=O)CCCCCCC(=O)NO)cc1,7.242593352500357,4
N[C@@H](Cc1ccccc1)C(=O)Nc1ccccc1-c1ccc(NC(=O)CCCCCNC(=O)CS)cc1,5.4243612652851025,3
N[C@H](CCCCCC(=O)c1ccon1)c1cc(-c2ccc(F)cc2)on1,7.017728766960431,1
N[C@H](Cc1ccc(Cl)cc1Cl)C(=O)N1Cc2ccccc2C1,5.467844609613763,8
Nc1c(F)cc(C(=O)NO)cc1F,4.801425381852719,2
Nc1cc(-c2cccnc2)nc(NCc2ccc(C(=O)Nc3ccccc3N)cc2)n1,6.769551078621726,2
Nc1cc(Br)ccc1NC(=O)c1ccc(Cn2cnc3c(Cl)nc(Cl)nc32)cc1,5.040958607678906,1
Nc1cc(C(=O)NC(=O)NCCCCCC(=O)NO)ccc1Cl,6.930848650916859,4
Nc1cc(Cl)ccc1NC(=O)c1ccc(CNC(=O)/C=C2\NC(=O)c3ccccc32)cc1,6.33161408331,2
Nc1cc(Cl)ccc1NC(=O)c1ccc(CNC(=O)OCc2cccnc2)cc1,4.3979400086720375,2
Nc1cc(F)ccc1NC(=O)/C=C/c1cnn(C/C=C/c2ccccc2)c1,5.0435971753984,18
Nc1cc(F)ccc1NC(=O)/C=C/c1cnn(CCOc2ccccc2)c1,5.522878745280337,2
Nc1cc(F)ccc1NC(=O)C1CCC(CNC(=O)c2cc(Cc3n[nH]c(=O)c4ccccc34)ccc2F)CC1,6.050609993355087,1
Nc1cc(F)ccc1NC(=O)C1CCN(C(=O)c2cc(Cc3n[nH]c(=O)c4ccccc34)ccc2F)CC1,6.026872146400301,2
Nc1cc(F)ccc1NC(=O)C=Cc1cnn(CC=Cc2ccccc2)c1,5.38921809112165,8
Nc1cc(F)ccc1NC(=O)CCCCCCN1C(=O)C/C(=C\c2ccccc2)C1=O,6.843148098929989,1
Nc1cc(F)ccc1NC(=O)CCCCCCN1C(=O)CC(=Cc2ccccc2)C1=O,6.84163750790475,1
Nc1cc(F)ccc1NC(=O)CCCCCCNC(=O)/C=C1\NC(=O)c2ccccc21,5.795880017344075,2
Nc1cc(F)ccc1NC(=O)CCCCCN1C(=O)C/C(=C\c2ccccc2)C1=O,6.980053318321158,1
Nc1cc(F)ccc1NC(=O)CCCCCN1C(=O)CC(=Cc2ccccc2)C1=O,6.978810700930062,1
Nc1cc(F)ccc1NC(=O)CCCCCN1CCc2cc(F)ccc2C1=O,5.0284458465539394,1
Nc1cc(F)ccc1NC(=O)CCCCCNC(=O)/C=C1\NC(=O)c2ccccc21,5.192464971931146,2
Nc1cc(F)ccc1NC(=O)CCCCCNC(=O)c1cc(Cc2n[nH]c(=O)c3ccccc23)ccc1F,6.09151498112135,2
Nc1cc(F)ccc1NC(=O)CCCCCNC(=O)c1cc2ccccc2o1,6.119186407719209,1
Nc1cc(F)ccc1NC(=O)CCCCCNC(=O)c1ccc(F)cc1,4.7447274948966935,2
Nc1cc(F)ccc1NC(=O)CCCCCNC(=O)c1ccccn1,5.410050398674292,1
Nc1cc(F)ccc1NC(=O)CCCCCNC(=O)c1cccnc1,4.7447274948966935,1
Nc1cc(F)ccc1NC(=O)CCCCCNC(=O)c1nccs1,4.7447274948966935,2
Nc1cc(F)ccc1NC(=O)CCCCCNS(=O)(=O)c1ccc(F)cc1,4.522878745280337,1
Nc1cc(F)ccc1NC(=O)CCCCN1C(=O)C/C(=C\c2ccccc2)C1=O,6.761452112318672,1
Nc1cc(F)ccc1NC(=O)CCCCN1C(=O)CC(=Cc2ccccc2)C1=O,6.761953896871205,1
Nc1cc(F)ccc1NC(=O)CCCCNC(=O)c1cc(Cc2n[nH]c(=O)c3ccccc23)ccc1F,6.0,2
Nc1cc(F)ccc1NC(=O)CCCN1C(=O)C/C(=C\c2ccccc2)C1=O,6.636200054520891,1
Nc1cc(F)ccc1NC(=O)CCCN1C(=O)CC(=Cc2ccccc2)C1=O,6.636388020107855,1
Nc1cc(F)ccc1NC(=O)N1Cc2ccccc2C1,5.289036881004725,1
Nc1cc(F)ccc1NC(=O)[C@H]1CC[C@H](CNC(=O)c2cc(Cc3n[nH]c(=O)c4ccccc34)ccc2F)CC1,6.050609993355087,1
Nc1cc(F)ccc1NC(=O)c1cc2ccc(N3CCNCC3)c(C3CC3)c2cn1,6.335358024443874,1
Nc1cc(F)ccc1NC(=O)c1ccc(CCCn2ncc3c2nc(N)n2nc(-c4ccco4)nc32)cc1,5.571055709964426,2
Nc1cc(F)ccc1NC(=O)c1ccc(CCNc2nc(N)n3nc(-c4ccco4)nc3n2)cc1,6.760075636295254,2
Nc1cc(F)ccc1NC(=O)c1ccc(CCn2ncc3c2nc(N)n2nc(-c4ccco4)nc32)cc1,6.642541876003207,2
Nc1cc(F)ccc1NC(=O)c1ccc(CN2CC/C(=C\c3ccccc3)C2=O)cc1,6.372736595516246,2
Nc1cc(F)ccc1NC(=O)c1ccc(CN2CC/C(=C\c3ccccn3)C2=O)cc1,6.062482107982653,2
Nc1cc(F)ccc1NC(=O)c1ccc(CN2CCC/C(=C\c3ccc(Br)cc3)C2=O)cc1,5.708631149548417,2
Nc1cc(F)ccc1NC(=O)c1ccc(CN2CCC/C(=C\c3ccc(Cl)cc3)C2=O)cc1,6.209714835966759,2
Nc1cc(F)ccc1NC(=O)c1ccc(CN2CCC/C(=C\c3ccc(F)cc3)C2=O)cc1,5.579714115058082,2
Nc1cc(F)ccc1NC(=O)c1ccc(CN2CCC/C(=C\c3ccc4ccccc4c3)C2=O)cc1,5.922632094715844,2
Nc1cc(F)ccc1NC(=O)c1ccc(CN2CCC/C(=C\c3cccc(Cl)c3)C2=O)cc1,5.712646227285253,2
Nc1cc(F)ccc1NC(=O)c1ccc(CN2CCC/C(=C\c3ccccc3)C2=O)cc1,5.656000930942838,2
Nc1cc(F)ccc1NC(=O)c1ccc(CN2CCC/C(=C\c3ccccc3Cl)C2=O)cc1,5.961777361631281,2
Nc1cc(F)ccc1NC(=O)c1ccc(CN2CCC/C(=C\c3ccccn3)C2=O)cc1,5.8696662315049934,2
Nc1cc(F)ccc1NC(=O)c1ccc(CN2CCC/C(=C\c3cccnc3)C2=O)cc1,5.630784142589857,2
Nc1cc(F)ccc1NC(=O)c1ccc(CN2CCC/C(=C\c3ccco3)C2=O)cc1,5.920456992597094,2
Nc1cc(F)ccc1NC(=O)c1ccc(CN2CCC/C(=C\c3ccncc3)C2=O)cc1,5.599462010608054,2
Nc1cc(F)ccc1NC(=O)c1ccc(CNC(=O)/C=C/c2ccccc2)cc1,7.585026652029182,2
Nc1cc(F)ccc1NC(=O)c1ccc(CNC(=O)/C=C/c2cccnc2)cc1,6.791373583804678,38
Nc1cc(F)ccc1NC(=O)c1ccc(CNC(=O)/C=C/c2ccncc2)cc1,7.481486060122112,2
Nc1cc(F)ccc1NC(=O)c1ccc(CNC(=O)/C=C/c2cnc3cccnn23)cc1,6.882728704344236,2
Nc1cc(F)ccc1NC(=O)c1ccc(CNC(=O)/C=C2\NC(=O)c3cc(Cl)c(Cl)cc32)cc1,6.310691140876379,2
Nc1cc(F)ccc1NC(=O)c1ccc(CNC(=O)/C=C2\NC(=O)c3ccc(C(F)(F)F)cc32)cc1,6.308918507877031,2
Nc1cc(F)ccc1NC(=O)c1ccc(CNC(=O)/C=C2\NC(=O)c3ccc(F)cc32)cc1,6.777283528852417,2
Nc1cc(F)ccc1NC(=O)c1ccc(CNC(=O)/C=C2\NC(=O)c3ccccc32)cc1,7.186752827394477,2
Nc1cc(F)ccc1NC(=O)c1ccc(CNC(=O)/C=C2\NC(=O)c3ncccc32)cc1,5.077793722560983,2
Nc1cc(F)ccc1NC(=O)c1ccc(CNC(=O)OCc2cccnc2)cc1,6.920818753952375,1
Nc1cc(F)ccc1NC(=O)c1ccc(CNC(=O)c2cc(Cc3n[nH]c(=O)c4ccccc34)ccc2F)cc1,6.468521082957745,2
Nc1cc(F)ccc1NC(=O)c1ccc(CNc2cccc3c2C(=O)N(C2CCC(=O)NC2=O)C3=O)cc1,6.340036289320409,2
Nc1cc(F)ccc1NC(=O)c1ccc(CNc2nccc(-c3cccnc3)n2)cc1,7.920818753952375,1
Nc1cc(F)ccc1NC(=O)c1ccc(CSc2nc(N3CCOCC3)c3cccn3n2)cc1,5.636388020107855,2
Nc1cc(F)ccc1NC(=O)c1ccc(CSc2nc(NC3CCNCC3)c3cccn3n2)cc1,5.625251653989896,2
Nc1cc(F)ccc1NC(=O)c1ccc(CSc2nc(Nc3cc[nH]n3)c3cccn3n2)cc1,6.22548303427145,1
Nc1cc(F)ccc1NC(=O)c1ccc(CSc2nc(Nc3ccn[nH]3)c3cccn3n2)cc1,6.22548303427145,1
Nc1cc(F)ccc1NC(=O)c1ccc(Cn2cnc3c(Cl)nc(Cl)nc32)cc1,5.578396073130168,1
Nc1cc(F)ccc1NC(=O)c1ccc(F)cc1,5.083019952679617,1
Nc1cc(F)ccc1NC(=O)c1ccc(NC(=O)C/C=C/c2cccnc2)cn1,6.42021640338319,1
Nc1cc(F)ccc1NC(=O)c1ccc(NC(=O)C2CC2c2ccccc2)cn1,5.920818753952375,2
Nc1cc(F)ccc1NC(=O)c1ccc(NC(=O)CCCCNC(=O)CNc2cccc3c2C(=O)N(C2CCC(=O)NC2=O)C3=O)cc1,5.443697499232712,2
Nc1cc(F)ccc1NC(=O)c1ccc(NC(=O)CCc2ccccc2)cc1,5.920818753952375,2
Nc1cc(F)ccc1NC(=O)c1ccc(NC(=O)CCc2ccccc2)cn1,5.886056647693163,2
Nc1cc(F)ccc1NC(=O)c1ccc(NC(=O)Cc2ccc(C(F)(F)F)cc2)cc1,5.823908740944319,2
Nc1cc(F)ccc1NC(=O)c1ccc(NC(=O)Cc2ccc(F)cc2)cc1,5.259637310505756,2
Nc1cc(F)ccc1NC(=O)c1ccc(NC(=O)Cc2ccc(F)cc2)cn1,6.431798275933005,2
Nc1cc(F)ccc1NC(=O)c1ccc(NC(=O)Cc2ccccc2)cc1,5.638272163982407,2
Nc1cc(F)ccc1NC(=O)c1ccc(NC(=O)Cc2ccccc2)cn1,5.958607314841775,2
Nc1cc(F)ccc1NC(=O)c1ccc(NC(=O)[C@@H]2C[C@@H]2c2ccccc2)cc1,5.886056647693163,2
Nc1cc(F)ccc1NC(=O)c1ccc2c(cnn2CC2CC2)c1,5.522878745280337,1
Nc1cc(F)ccc1NC(=O)c1ccccc1,5.0996328713435295,1
Nc1cc2cc(-c3cn(Cc4cc(F)c(-c5nnc(C(F)F)o5)cc4F)nn3)ccc2cn1,3.000000434294699,1
Nc1cc2cc(-c3cn(Cc4ccc(-c5nnc(C(F)F)o5)cc4Cl)nn3)ccc2cn1,3.000000434294699,1
Nc1cc2cc(-c3cn(Cc4ccc(-c5nnc(C(F)F)o5)cc4F)nn3)ccc2cn1,3.000000434294699,1
Nc1ccc(-c2cc(C(=O)NCCCCC(=O)NO)no2)cc1,6.443697499232712,2
Nc1ccc(-c2cc(C(=O)NCCCCCCC(=O)NO)no2)cc1,7.249491605148654,2
Nc1ccc(-c2cc[nH]n2)cc1NC(=O)c1ccc(N2CCC3(CCNC3)CC2)nc1,7.744727494896693,1
Nc1ccc(-c2ccc(C(=O)OCc3ccccc3)cc2)cc1NC(=O)c1cccnc1,5.886056647693163,2
Nc1ccc(-c2ccc(CCC(=O)O)cc2)cc1NC(=O)c1cccnc1,4.886056647693163,2
Nc1ccc(-c2ccc(Cl)cc2)cc1NC(=O)C1CCOCC1,6.255707016877324,1
Nc1ccc(-c2ccc(Cl)s2)cc1NC(=O)C1CCOCC1,6.255707016877324,1
Nc1ccc(-c2ccc(Cl)s2)cc1NC(=O)N1CCCC1,7.301029995663981,1
Nc1ccc(-c2ccc(F)cc2)cc1NC(=O)C1=CCCC1,7.301029995663981,1
Nc1ccc(-c2ccc(F)cc2)cc1NC(=O)C1C2COCC21,6.910094888560602,2
Nc1ccc(-c2ccc(F)cc2)cc1NC(=O)C1CCCCC1,7.301029995663981,1
Nc1ccc(-c2ccc(F)cc2)cc1NC(=O)C1CCCOC1,5.913640169325252,2
Nc1ccc(-c2ccc(F)cc2)cc1NC(=O)C1CCOCC1,7.458744666622024,3
Nc1ccc(-c2ccc(F)cc2)cc1NC(=O)C1CCc2ccccc2O1,5.252588192113577,2
Nc1ccc(-c2ccc(F)cc2)cc1NC(=O)C1COc2ccccc2C1,7.142667503568731,2
Nc1ccc(-c2ccc(F)cc2)cc1NC(=O)C1C[C@H]2CC[C@@H](C1)O2,6.277665384530738,2
Nc1ccc(-c2ccc(F)cc2)cc1NC(=O)C1Cc2ccccc2CO1,7.346787486224656,2
Nc1ccc(-c2ccc(F)cc2)cc1NC(=O)N(N)Cc1ccccc1,5.515700160653214,1
Nc1ccc(-c2ccc(F)cc2)cc1NC(=O)N1CC2(COC2)C1,7.301029995663981,1
Nc1ccc(-c2ccc(F)cc2)cc1NC(=O)N1CCCC1,7.301029995663981,1
Nc1ccc(-c2ccc(F)cc2)cc1NC(=O)N1CCOCC1,7.301029995663981,1
Nc1ccc(-c2ccc(F)cc2)cc1NC(=O)OCC1CCNCC1,5.515700160653214,1
Nc1ccc(-c2ccc(F)cc2)cc1NC(=O)OCC1CCOCC1,6.255707016877324,1
Nc1ccc(-c2ccc(F)cc2)cc1NC(=O)[C@@H]1CCCCO1,5.844663962534938,2
Nc1ccc(-c2ccc(F)cc2)cc1NC(=O)[C@@H]1C[C@H]2CC[C@@H](C1)O2,6.71669877129645,1
Nc1ccc(-c2ccc(F)cc2)cc1NC(=O)[C@H]1CCCCO1,6.330683119433887,2
Nc1ccc(-c2ccc(F)cc2)cc1NC(=O)[C@H]1C[C@H]2CC[C@@H](C1)O2,5.838631997765026,1
Nc1ccc(-c2ccc(F)cc2)cc1NC(=O)c1ccc(C(=O)N2CCC3(CCCN3)CC2)cc1,7.920818753952375,2
Nc1ccc(-c2ccc(F)cc2)cc1NC(=O)c1ccc(CN2CCC3(CCCN3)CC2)cc1,7.886056647693163,1
Nc1ccc(-c2ccc(F)cc2)cc1NC(=O)c1ccc(CN2CCC3(CCNC3)CC2)cc1,7.886056647693163,1
Nc1ccc(-c2ccc(F)cc2)cc1NC(=O)c1ccc(N2CCC3(CC2)CNC(=O)O3)nc1,7.698970004336019,2
Nc1ccc(-c2ccc(F)cc2)cc1NC(=O)c1cccnc1,6.853871964321762,2
Nc1ccc(-c2ccc(F)cc2)cc1NC(=O)c1nc(N2CCNCC2)cs1,6.5934598195660445,2
Nc1ccc(-c2ccc(F)cc2)nc1NC(=O)N1Cc2cn(C3COC3)nc2C1,6.212984366136141,2
Nc1ccc(-c2ccc(F)cc2)nc1NC(=O)c1ccc(N2CCNCC2)nc1,6.221848749616356,1
Nc1ccc(-c2ccc(F)cc2)nc1NC(=O)c1cnc(NC2CC2)nc1,4.5934598195660445,1
Nc1ccc(-c2ccc(F)cc2F)nc1NC(=O)N1Cc2cn(C3COC3)nc2C1,6.522878745280337,1
Nc1ccc(-c2ccc(F)cc2F)nc1NC(=O)N1Cc2cnc(CN3CC(F)C3)cc2C1,6.522878745280337,1
Nc1ccc(-c2ccc(F)cc2F)nc1NC(=O)N1Cc2nn(C3COC3)nc2C1,5.903089986991944,1
Nc1ccc(-c2ccc(N)c(NC(=O)c3cccnc3)c2)cc1,6.481486060122112,2
Nc1ccc(-c2cccc(F)c2)cc1NC(=O)c1ccc(CN2CCC3(CCCN3)CC2)cc1,7.327902142064282,2
Nc1ccc(-c2cccc(F)c2)cc1NC(=O)c1ccc(CNc2ccncc2)cc1,7.568636235841012,1
Nc1ccc(-c2cccc(F)c2)cc1NC(=O)c1ccc(N2CCNCC2)nc1,6.5934598195660445,2
Nc1ccc(-c2ccccc2)cc1NC(=O)C1CCOCC1,7.301029995663981,1
Nc1ccc(-c2ccccc2)cc1NC(=O)CCCCCCNC(=O)c1cccnc1,7.180456064458131,1
Nc1ccc(-c2ccccc2)cc1NC(=O)c1cc(N2CCNCC2)cs1,6.5934598195660445,2
Nc1ccc(-c2ccccc2)cc1NC(=O)c1ccc(C(=O)N2CCC3(CCCN3)CC2)cc1,8.096910013008056,2
Nc1ccc(-c2ccccc2)cc1NC(=O)c1ccc(CN(Cc2cccnc2)C(=O)[O-])cc1,7.795880017344075,1
Nc1ccc(-c2ccccc2)cc1NC(=O)c1ccc(CN2C(=O)OC[C@@H]2Cc2ccccc2)cc1,7.017728766960431,1
Nc1ccc(-c2ccccc2)cc1NC(=O)c1ccc(CN2C(=O)OC[C@@H]2c2ccccc2)cc1,7.1938200260161125,1
Nc1ccc(-c2ccccc2)cc1NC(=O)c1ccc(CN2C(=O)OC[C@H]2Cc2ccccc2)cc1,7.050609993355087,1
Nc1ccc(-c2ccccc2)cc1NC(=O)c1ccc(CN2C(=O)OC[C@H]2c2ccccc2)cc1,7.236572006437063,1
Nc1ccc(-c2ccccc2)cc1NC(=O)c1ccc(CN2CCC3(CCCN3)CC2)cc1,8.096910013008056,2
Nc1ccc(-c2ccccc2)cc1NC(=O)c1ccc(CN2CCC3(CCNC3)CC2)cc1,7.481486060122112,2
Nc1ccc(-c2ccccc2)cc1NC(=O)c1ccc(CNC(=O)C2CC2)cc1,7.823908740944319,1
Nc1ccc(-c2ccccc2)cc1NC(=O)c1ccc(CNC(=O)C2CCC2)cc1,7.638272163982407,1
Nc1ccc(-c2ccccc2)cc1NC(=O)c1ccc(CNC(=O)C2CCCC2)cc1,7.67778070526608,1
Nc1ccc(-c2ccccc2)cc1NC(=O)c1ccc(CNC(=O)C2CCCCC2)cc1,7.618415180652539,4
Nc1ccc(-c2ccccc2)cc1NC(=O)c1ccc(CNC(=O)CCc2ccccc2)cc1,7.853871964321762,1
Nc1ccc(-c2ccccc2)cc1NC(=O)c1ccc(CNC(=O)CCc2cccnc2)cc1,7.91792549046735,4
Nc1ccc(-c2ccccc2)cc1NC(=O)c1ccc(CNC(=O)Cc2ccccc2)cc1,7.4561092910952285,2
Nc1ccc(-c2ccccc2)cc1NC(=O)c1ccc(CNC(=O)Cc2ccccn2)cc1,7.721246399047171,1
Nc1ccc(-c2ccccc2)cc1NC(=O)c1ccc(CNC(=O)Cc2cccnc2)cc1,6.853871964321762,1
Nc1ccc(-c2ccccc2)cc1NC(=O)c1ccc(CNC(=O)Cc2ccncc2)cc1,7.823908740944319,1
Nc1ccc(-c2ccccc2)cc1NC(=O)c1ccc(CNC(=O)OCc2ccccc2)cc1,6.272088922954743,7
Nc1ccc(-c2ccccc2)cc1NC(=O)c1ccc(CNC(=O)OCc2ccccn2)cc1,7.997425010840047,4
Nc1ccc(-c2ccccc2)cc1NC(=O)c1ccc(CNC(=O)OCc2cccnc2)cc1,8.18309083132096,9
Nc1ccc(-c2ccccc2)cc1NC(=O)c1ccc(CNC(=O)Oc2ccccc2)cc1,7.362203352122748,3
Nc1ccc(-c2ccccc2)cc1NC(=O)c1ccc(CNC(=O)[C@@H]2CCCN2)cc1,7.619788758288394,1
Nc1ccc(-c2ccccc2)cc1NC(=O)c1ccc(CNC(=O)c2ccccc2)cc1,7.758563208195623,2
Nc1ccc(-c2ccccc2)cc1NC(=O)c1ccc(CNc2ccncc2)cc1,8.0,3
Nc1ccc(-c2ccccc2)cc1NC(=O)c1ccc(N2CCC3(CC2)CNC(=O)O3)nc1,7.769551078621726,2
Nc1ccc(-c2ccccc2)cc1NC(=O)c1ccc(N2CCC3(CCNC3)CC2)nc1,7.958607314841775,2
Nc1ccc(-c2ccccc2)cc1NC(=O)c1ccc2c(c1)cc(C1CC1)n2CCN1CCOCC1,7.823908740944319,1
Nc1ccc(-c2ccccc2)cc1NC(=O)c1ccc2c(c1)ncn2CCN1CCOCC1,9.0,2
Nc1ccc(-c2ccccc2)cc1NC(=O)c1ccc2c(cnn2CCN2CCOCC2)c1,8.130768280269024,1
Nc1ccc(-c2ccccc2)cc1NC(=O)c1ccc2nn(CCN3CCOCC3)cc2c1,7.958607314841775,1
Nc1ccc(-c2ccccc2)cc1NC(=O)c1ccccc1,6.964353849753941,6
Nc1ccc(-c2ccccc2)cc1NC(=O)c1cccnc1,7.318758762624412,4
Nc1ccc(-c2ccccc2)cc1NC(=O)c1cnc(N(c2ccccc2)C2CCN(C(=O)Cc3c[nH]c4ccccc34)CC2)nc1,7.031517051446065,1
Nc1ccc(-c2ccccc2)cc1NC(=O)c1cnc(NC2CCN(C(=O)Cc3c[nH]c4ccccc34)CC2)nc1,7.657577319177793,1
Nc1ccc(-c2ccccc2)cc1NC(=O)c1cnc(NC2CCNCC2)nc1,7.769551078621726,1
Nc1ccc(-c2ccccc2)cc1NC(=O)c1cnc(NC2CCNc3ccccc32)nc1,6.995678626217357,1
Nc1ccc(-c2ccccc2)cc1NC(=O)c1cnc2c(C3CC3)c(N3CCNCC3)ccc2c1,8.10790539730952,1
Nc1ccc(-c2ccccc2)cc1NC(=O)c1cnc2c(C3CC3)c(N3CCOCC3)ccc2c1,6.530177984021837,1
Nc1ccc(-c2ccccc2)cc1NC(=O)c1cnc2c(C3CC3)c(NCc3ccccc3)ccc2c1,6.185752404268079,1
Nc1ccc(-c2ccccc2)cc1NC(=O)c1cnc2c(N3CCNCC3)c(C3CC3)ccc2c1,6.987162775294828,1
Nc1ccc(-c2ccccc2)cc1NC(=O)c1cnc2c(ccn2CCN2CCOCC2)c1,8.167491087293763,1
Nc1ccc(-c2ccccc2)nc1NC(=O)c1cnc2cc(N3CCNCC3)ccc2c1,5.705974905904677,1
Nc1ccc(-c2ccccc2F)cc1NC(=O)c1ccc(C(=O)N2CCC3(CCCN3)CC2)cc1,7.958607314841775,2
Nc1ccc(-c2ccccc2F)cc1NC(=O)c1ccc(CN2CCC3(CCCN3)CC2)cc1,7.795880017344075,2
Nc1ccc(-c2ccccc2F)cc1NC(=O)c1ccc(CNc2ccncc2)cc1,7.638272163982407,1
Nc1ccc(-c2ccccn2)cc1NC(=O)c1ccc(N2CCNCC2)cn1,6.5934598195660445,2
Nc1ccc(-c2ccccn2)cc1NC(=O)c1ccc(N2CCNCC2)nc1,6.5934598195660445,2
Nc1ccc(-c2ccccn2)cc1NC(=O)c1cnc(N2CCNCC2)s1,6.5934598195660445,2
Nc1ccc(-c2cccnc2)cc1NC(=O)C1CCCCC1,6.255707016877324,1
Nc1ccc(-c2cccnc2)cc1NC(=O)C1CCOCC1,5.515700160653214,1
Nc1ccc(-c2cccnc2)cc1NC(=O)N1CCCC1,6.255707016877324,1
Nc1ccc(-c2cccnc2)cc1NC(=O)c1ccc(CNC(=O)OCc2cccnc2)cc1,7.769551078621726,1
Nc1ccc(-c2cccnc2)cc1NC(=O)c1ccc(N2CCNCC2)nc1,6.5934598195660445,2
Nc1ccc(-c2cccnc2)cc1NC(=O)c1cnc(N2CCNCC2)s1,6.5934598195660445,2
Nc1ccc(-c2cccnc2)nc1NC(=O)N1Cc2cn(CC(F)F)nc2C1,5.560667306169737,1
Nc1ccc(-c2cccnc2)nc1NC(=O)N1Cc2cnc(C(F)F)cc2C1,5.560667306169737,1
Nc1ccc(-c2cccs2)cc1NC(=O)C1=CCCC1,7.301029995663981,1
Nc1ccc(-c2cccs2)cc1NC(=O)C1=CCCCC1,7.301029995663981,1
Nc1ccc(-c2cccs2)cc1NC(=O)C1CC(=O)C1,6.255707016877324,1
Nc1ccc(-c2cccs2)cc1NC(=O)C1CC1,6.255707016877324,1
Nc1ccc(-c2cccs2)cc1NC(=O)C1CCC1,7.301029995663981,1
Nc1ccc(-c2cccs2)cc1NC(=O)C1CCCC1,7.301029995663981,1
Nc1ccc(-c2cccs2)cc1NC(=O)C1CCCCC1,7.301029995663981,1
Nc1ccc(-c2cccs2)cc1NC(=O)C1CCCCO1,7.301029995663981,1
Nc1ccc(-c2cccs2)cc1NC(=O)C1CCCO1,7.301029995663981,1
Nc1ccc(-c2cccs2)cc1NC(=O)C1CCOC1,6.255707016877324,1
Nc1ccc(-c2cccs2)cc1NC(=O)C1CCOCC1,7.301029995663981,1
Nc1ccc(-c2cccs2)cc1NC(=O)CC1CC1,5.515700160653214,1
Nc1ccc(-c2cccs2)cc1NC(=O)CC1CCOCC1,5.515700160653214,1
Nc1ccc(-c2cccs2)cc1NC(=O)CCC1CCNCC1,7.301029995663981,1
Nc1ccc(-c2cccs2)cc1NC(=O)CCCCCCNC(=O)c1cccnc1,7.67778070526608,1
Nc1ccc(-c2cccs2)cc1NC(=O)N(N)Cc1ccccc1,6.255707016877324,1
Nc1ccc(-c2cccs2)cc1NC(=O)N1C2CCC1CC2,5.515700160653214,1
Nc1ccc(-c2cccs2)cc1NC(=O)N1CC(F)C1,7.301029995663981,1
Nc1ccc(-c2cccs2)cc1NC(=O)N1CC2(COC2)C1,7.301029995663981,1
Nc1ccc(-c2cccs2)cc1NC(=O)N1CC2CCC(C1)O2,6.255707016877324,1
Nc1ccc(-c2cccs2)cc1NC(=O)N1CCC(F)(F)CC1,7.301029995663981,1
Nc1ccc(-c2cccs2)cc1NC(=O)N1CCC(F)C1,7.301029995663981,1
Nc1ccc(-c2cccs2)cc1NC(=O)N1CCC(N)C1,6.255707016877324,1
Nc1ccc(-c2cccs2)cc1NC(=O)N1CCC1,7.301029995663981,1
Nc1ccc(-c2cccs2)cc1NC(=O)N1CCCC(F)(F)C1,7.301029995663981,1
Nc1ccc(-c2cccs2)cc1NC(=O)N1CCCC1,7.301029995663981,1
Nc1ccc(-c2cccs2)cc1NC(=O)N1CCCCC1,7.301029995663981,1
Nc1ccc(-c2cccs2)cc1NC(=O)N1CCCN1,7.301029995663981,1
Nc1ccc(-c2cccs2)cc1NC(=O)N1CCOCC1,7.301029995663981,1
Nc1ccc(-c2cccs2)cc1NC(=O)NC1CC1,6.255707016877324,1
Nc1ccc(-c2cccs2)cc1NC(=O)NC1COC1,4.755722879198157,1
Nc1ccc(-c2cccs2)cc1NC(=O)NCC1CC1,7.301029995663981,1
Nc1ccc(-c2cccs2)cc1NC(=O)NCC1CCNCC1,6.255707016877324,1
Nc1ccc(-c2cccs2)cc1NC(=O)NNCc1ccccc1,6.255707016877324,1
Nc1ccc(-c2cccs2)cc1NC(=O)OC1CCCCC1,4.755722879198157,1
Nc1ccc(-c2cccs2)cc1NC(=O)OC1COC1,5.135711519925685,2
Nc1ccc(-c2cccs2)cc1NC(=O)OCC1CC1,5.515700160653214,1
Nc1ccc(-c2cccs2)cc1NC(=O)OCC1CCC1,6.255707016877324,1
Nc1ccc(-c2cccs2)cc1NC(=O)OCC1CCCC1,5.515700160653214,1
Nc1ccc(-c2cccs2)cc1NC(=O)OCC1CCCCC1,6.255707016877324,1
Nc1ccc(-c2cccs2)cc1NC(=O)OCC1CCCCO1,6.255707016877324,1
Nc1ccc(-c2cccs2)cc1NC(=O)OCC1CCCNC1,4.755722879198157,1
Nc1ccc(-c2cccs2)cc1NC(=O)OCC1CCCOC1,6.255707016877324,1
Nc1ccc(-c2cccs2)cc1NC(=O)OCC1CCNCC1,6.255707016877324,1
Nc1ccc(-c2cccs2)cc1NC(=O)OCC1CCOC1,6.255707016877324,1
Nc1ccc(-c2cccs2)cc1NC(=O)OCC1CCOCC1,6.255707016877324,1
Nc1ccc(-c2cccs2)cc1NC(=O)OCC1CNC1,4.755722879198157,1
Nc1ccc(-c2cccs2)cc1NC(=O)OCC1COC1,6.255707016877324,1
Nc1ccc(-c2cccs2)cc1NC(=O)OCCC1CCCC1,6.255707016877324,1
Nc1ccc(-c2cccs2)cc1NC(=O)OCc1ccccc1,6.255707016877324,1
Nc1ccc(-c2cccs2)cc1NC(=O)OCc1ccccn1,7.301029995663981,1
Nc1ccc(-c2cccs2)cc1NC(=O)OCc1cccnc1,6.255707016877324,1
Nc1ccc(-c2cccs2)cc1NC(=O)OCc1ccncc1,6.255707016877324,1
Nc1ccc(-c2cccs2)cc1NC(=O)c1ccc(-c2cn(CCc3ccccn3)nn2)cc1,8.187086643357144,2
Nc1ccc(-c2cccs2)cc1NC(=O)c1ccc(-c2cn(CS(=O)(=O)c3ccccc3)nn2)cc1,7.920818753952375,2
Nc1ccc(-c2cccs2)cc1NC(=O)c1ccc(-c2cn(CS(=O)c3ccccc3)nn2)cc1,8.086186147616283,1
Nc1ccc(-c2cccs2)cc1NC(=O)c1ccc(-c2cn(C[S+]([O-])c3ccccc3)nn2)cc1,8.086186147616283,1
Nc1ccc(-c2cccs2)cc1NC(=O)c1ccc(C(=O)N2CCC3(CCCN3)CC2)cc1,7.958607314841775,2
Nc1ccc(-c2cccs2)cc1NC(=O)c1ccc(CN(CCO)Cc2ccc3c(c2)OCO3)cc1,7.221848749616356,2
Nc1ccc(-c2cccs2)cc1NC(=O)c1ccc(CN2C(=O)OC[C@H]2Cc2ccccc2)cc1,7.075720713938118,1
Nc1ccc(-c2cccs2)cc1NC(=O)c1ccc(CN2CCC3(CCCN3)CC2)cc1,8.397940008672037,2
Nc1ccc(-c2cccs2)cc1NC(=O)c1ccc(CNC(=O)C2CC2)cc1,7.823908740944319,1
Nc1ccc(-c2cccs2)cc1NC(=O)c1ccc(CNC(=O)C2CCC2)cc1,7.958607314841775,1
Nc1ccc(-c2cccs2)cc1NC(=O)c1ccc(CNC(=O)C2CCCC2)cc1,7.698970004336019,1
Nc1ccc(-c2cccs2)cc1NC(=O)c1ccc(CNC(=O)C2CCCCC2)cc1,7.74687812611469,3
Nc1ccc(-c2cccs2)cc1NC(=O)c1ccc(CNC(=O)CCc2ccccc2)cc1,7.619788758288394,1
Nc1ccc(-c2cccs2)cc1NC(=O)c1ccc(CNC(=O)CCc2cccnc2)cc1,7.886056647693163,1
Nc1ccc(-c2cccs2)cc1NC(=O)c1ccc(CNC(=O)CN2C(=O)C3(OCCCO3)c3cc(Cl)ccc32)cc1,7.638272163982407,2
Nc1ccc(-c2cccs2)cc1NC(=O)c1ccc(CNC(=O)Cc2ccccc2)cc1,7.795880017344075,1
Nc1ccc(-c2cccs2)cc1NC(=O)c1ccc(CNC(=O)Cc2ccccn2)cc1,7.920818753952375,1
Nc1ccc(-c2cccs2)cc1NC(=O)c1ccc(CNC(=O)Cc2cccnc2)cc1,8.0,1
Nc1ccc(-c2cccs2)cc1NC(=O)c1ccc(CNC(=O)Cc2ccncc2)cc1,7.744727494896693,1
Nc1ccc(-c2cccs2)cc1NC(=O)c1ccc(CNC(=O)N2CCOCC2)cc1,7.0,2
Nc1ccc(-c2cccs2)cc1NC(=O)c1ccc(CNC(=O)OCc2ccccc2)cc1,7.275724130399211,1
Nc1ccc(-c2cccs2)cc1NC(=O)c1ccc(CNC(=O)OCc2cccnc2)cc1,7.210108201691595,4
Nc1ccc(-c2cccs2)cc1NC(=O)c1ccc(CNC(=O)Oc2ccccc2)cc1,7.113509274827518,1
Nc1ccc(-c2cccs2)cc1NC(=O)c1ccc(CNC(=O)[C@@H]2CCCN2)cc1,7.744727494896693,1
Nc1ccc(-c2cccs2)cc1NC(=O)c1ccc(CNC(=O)c2ccccc2)cc1,7.886056647693163,1
Nc1ccc(-c2cccs2)cc1NC(=O)c1ccc(CNCC(=O)O)cc1,7.468521082957745,1
Nc1ccc(-c2cccs2)cc1NC(=O)c1ccc(CP(=O)(O)c2ccccc2)cc1,7.552841968657781,2
Nc1ccc(-c2cccs2)cc1NC(=O)c1ccc(N2CCC3(CC2)C(=O)NCN3c2ccccc2)nc1,7.568636235841012,2
Nc1ccc(-c2cccs2)cc1NC(=O)c1ccc(N2CCC3(CC2)CCN(c2ncccn2)C3)nc1,7.552841968657781,2
Nc1ccc(-c2cccs2)cc1NC(=O)c1ccc(N2CCC3(CC2)CNC(=O)C3)nc1,7.886056647693163,2
Nc1ccc(-c2cccs2)cc1NC(=O)c1ccc(N2CCC3(CC2)CNC(=O)N3)nc1,8.154901959985743,2
Nc1ccc(-c2cccs2)cc1NC(=O)c1ccc(N2CCC3(CC2)CNC(=O)O3)nc1,7.857067001427493,5
Nc1ccc(-c2cccs2)cc1NC(=O)c1ccc(N2CCC3(CC2)CNC3=O)nc1,8.005980480788649,3
Nc1ccc(-c2cccs2)cc1NC(=O)c1ccc(N2CCC3(CC2)CNc2ccccc23)nc1,6.638272163982407,2
Nc1ccc(-c2cccs2)cc1NC(=O)c1ccc(N2CCC3(CC2)COC(=O)N3)nc1,8.096910013008056,2
Nc1ccc(-c2cccs2)cc1NC(=O)c1ccc(N2CCC3(CC2)NC(=O)NC3=O)nc1,7.795880017344075,2
Nc1ccc(-c2cccs2)cc1NC(=O)c1ccc(N2CCC3(CC2)NCNC3=O)nc1,7.958607314841775,2
Nc1ccc(-c2cccs2)cc1NC(=O)c1ccc(N2CCC3(CCCC3=O)CC2)nc1,7.886056647693163,2
Nc1ccc(-c2cccs2)cc1NC(=O)c1ccc(N2CCC3(CCCC3O)CC2)nc1,7.537602002101044,2
Nc1ccc(-c2cccs2)cc1NC(=O)c1ccc(N2CCC3(CCN(CC(=O)O)C3)CC2)nc1,7.769551078621726,2
Nc1ccc(-c2cccs2)cc1NC(=O)c1ccc(N2CCC3(CCN(CC(F)(F)F)C3)CC2)nc1,7.769551078621726,2
Nc1ccc(-c2cccs2)cc1NC(=O)c1ccc(N2CCC3(CCN(CCO)C3)CC2)nc1,8.221848749616356,2
Nc1ccc(-c2cccs2)cc1NC(=O)c1ccc(N2CCC3(CCNC3)CC2)nc1,8.096910013008056,2
Nc1ccc(-c2cccs2)cc1NC(=O)c1ccc(N2CCC3(CCNC3=O)CC2)nc1,7.6777807052660805,2
Nc1ccc(-c2cccs2)cc1NC(=O)c1ccc(NC2CCN(C(=O)C3(O)CCCC3)CC2)cc1,8.154901959985743,1
Nc1ccc(-c2cccs2)cc1NC(=O)c1ccc(NC2CCN(C(=O)C3(O)CCCCC3)CC2)cc1,8.221848749616356,1
Nc1ccc(-c2cccs2)cc1NC(=O)c1ccc(NC2CCN(C(=O)C3CCCCC3)CC2)cc1,7.823908740944319,1
Nc1ccc(-c2cccs2)cc1NC(=O)c1ccc(NC2CCN(C(=O)C3CCOCC3)CC2)cc1,8.301029995663981,1
Nc1ccc(-c2cccs2)cc1NC(=O)c1ccc(NC2CCN(C(=O)N3CCCC3)CC2)cc1,8.327902142064282,1
Nc1ccc(-c2cccs2)cc1NC(=O)c1ccc(NC2CCN(C(=O)N3CCOCC3)CC2)cc1,8.73877788324684,2
Nc1ccc(-c2cccs2)cc1NC(=O)c1ccc(NC2CCN(c3ccccc3)CC2)cc1,7.130768280269024,1
Nc1ccc(-c2cccs2)cc1NC(=O)c1ccc(NC=O)cc1,6.9604093769761874,2
Nc1ccc(-c2cccs2)cc1NC(=O)c1ccc2c(c1)CC(=O)N2CCCN1CCOCC1,9.0,2
Nc1ccc(-c2cccs2)cc1NC(=O)c1ccc2c(c1)CC(=O)N2CCN1CCOCC1,9.0,2
Nc1ccc(-c2cccs2)cc1NC(=O)c1ccc2nc(N3CCNCC3)ccc2c1,8.235914642881175,3
Nc1ccc(-c2cccs2)cc1NC(=O)c1ccc2nc(N3CCNCC3)cnc2c1,8.154901959985743,1
Nc1ccc(-c2cccs2)cc1NC(=O)c1ccc2nccnc2c1,6.829818329931129,3
Nc1ccc(-c2cccs2)cc1NC(=O)c1ccccc1,7.318758762624412,2
Nc1ccc(-c2cccs2)cc1NC(=O)c1cccnc1,7.187086643357144,4
Nc1ccc(-c2cccs2)cc1NC(=O)c1cnc(N2CCCC23CCN(C(=O)N2CCCC2)CC3)nc1,7.920818753952375,1
Nc1ccc(-c2cccs2)cc1NC(=O)c1cnc(NC2CCN(C(=O)N3CCCCC3)CC2)nc1,7.494850021680094,1
Nc1ccc(-c2cccs2)cc1NC(=O)c1cnc(NC2CCN(C(=O)N3CCOCC3)CC2)nc1,7.823908740944319,1
Nc1ccc(-c2cccs2)cc1NC(=O)c1cnc(NC2CCN(c3ccccc3)CC2)nc1,6.917214629683549,1
Nc1ccc(-c2cccs2)cc1NC(=O)c1cnc2c(C3CC3)c(N3CCNCC3)ccc2c1,8.508638306165727,1
Nc1ccc(-c2cccs2)cc1NC(=O)c1cnc2c(c1)cc(C1CC1)n2CCN1CCOCC1,8.221848749616356,1
Nc1ccc(-c2ccn[nH]2)cc1NC(=O)c1ccc(N2CCC3(CCNC3)CC2)nc1,7.7447274948966935,1
Nc1ccc(-c2ccncc2)cc1NC(=O)C1CCOCC1,5.515700160653214,1
Nc1ccc(-c2ccncc2)cc1NC(=O)c1ccc(NC2CCN(C(=O)N3CCCC3)CC2)cc1,7.769551078621726,1
Nc1ccc(-c2ccncc2)cc1NC(=O)c1cccnc1,6.187086643357144,2
Nc1ccc(-c2ccncc2)cc1NC(=O)c1cnc(N2CCNCC2)cn1,6.5934598195660445,2
Nc1ccc(-c2ccncc2)cc1NC(=O)c1cnc2c(c1)cc(C1CC1)n2CCN1CCOCC1,7.568636235841012,1
Nc1ccc(-c2ccoc2)cc1NC(=O)c1cccnc1,6.795880017344075,2
Nc1ccc(-c2ccoc2)cc1NC(=O)c1nc(N2CCNCC2)cs1,6.5934598195660445,2
Nc1ccc(-c2ccsc2)cc1NC(=O)c1ccc(CN2CCC3(CCCN3)CC2)cc1,8.096910013008056,2
Nc1ccc(-c2ccsc2)cc1NC(=O)c1ccc(CNC(=O)OCc2cccnc2)cc1,8.236572006437063,1
Nc1ccc(-c2ccsc2)cc1NC(=O)c1ccc(CNCC(=O)O)cc1,7.376750709602099,1
Nc1ccc(-c2ccsc2)cc1NC(=O)c1ccc(N2CCC3(CC2)CNC(=O)O3)nc1,7.958607314841775,2
Nc1ccc(-c2ccsc2)cc1NC(=O)c1ccc(N2CCC3(CCNC3)CC2)nc1,8.0,2
Nc1ccc(-c2ccsc2)cc1NC(=O)c1cccnc1,7.2839966563652006,2
Nc1ccc(-c2cn(C(CCN3CCCC3)c3ccc(-c4nnc(C(F)F)o4)cc3)nn2)cn1,4.319392571008212,1
Nc1ccc(-c2cn(Cc3ccc(-c4nnc(C(F)F)o4)c(F)c3F)nn2)cn1,3.000000434294699,1
Nc1ccc(-c2cn(Cc3ccc(C(=O)NNC(=O)C(F)F)s3)nn2)cn1,4.790029483290656,1
Nc1ccc(-c2cnccn2)cc1NC(=O)C1CCCCC1,5.515700160653214,1
Nc1ccc(-c2cnccn2)cc1NC(=O)N1CCCC1,6.255707016877324,1
Nc1ccc(-c2nc(N3CCOCC3)c3cnn(CCCCCCC(=O)NO)c3n2)cc1,9.67778070526608,3
Nc1ccc(-c2nc(N3CCOCC3)c3ncn(CCCCCC(=O)NO)c3n2)cn1,7.455931955649724,2
Nc1ccc(-c2nc(N3CCOCC3)c3ncn(CCCCCCC(=O)NO)c3n2)cn1,9.035290537142853,4
Nc1ccc(-c2nn(CCCCCCC(=O)NO)c3ncnc(N)c23)cn1,8.136677139879545,2
Nc1ccc(-c2nnc(Nc3ncc(C(=O)NO)cn3)o2)cc1,7.958607314841775,2
Nc1ccc(-c2nnc(Nc3ncc(C(=O)NO)cn3)s2)cc1,7.886056647693163,2
Nc1ccc(-n2cc(-c3cccc(NC(=O)CCCCCCC(=O)NO)c3)nn2)cc1,8.995678626217357,2
Nc1ccc(-n2cc(Cc3ccc(-c4nnc(C(F)F)o4)cc3)nn2)cn1,3.000000434294699,1
Nc1ccc(-n2ccnc2)cc1NC(=O)c1cccnc1,6.0,2
Nc1ccc(C(=O)NCCNC(=O)CCCC(=O)NO)cc1,7.0,1
Nc1ccc(C(=O)NCCNC(=O)CCCCC(=O)NO)cc1,6.0,1
Nc1ccc(C(=O)NO)cc1,5.146423456380358,2
Nc1ccc(C(=O)NO)cc1F,5.131120553762912,2
Nc1ccc(C(=O)NO)cn1,5.012780770091995,2
Nc1ccc(C(=O)Nc2cc(-c3ccccc3)ccc2O)cc1,6.3979400086720375,2
Nc1ccc(C2(C(=O)Nc3ccc(C(=O)NO)cc3)CCOCC2)cc1,7.657577319177793,2
Nc1ccc(C2=CCCC2)cc1NC(=O)C1CCOCC1,5.515700160653214,1
Nc1ccc(C2=CCCC2)cc1NC(=O)N1CCCC1,7.301029995663981,1
Nc1ccc(C2=CCCC2)cc1NC(=O)N1CCOCC1,6.255707016877324,1
Nc1ccc(C2=CCCC2)cc1NC(=O)OCC1CCOCC1,5.515700160653214,1
Nc1ccc(C2=CCCCC2)cc1NC(=O)C1=CCCCC1,6.255707016877324,1
Nc1ccc(C2=CCCCC2)cc1NC(=O)C1CCCCC1,5.515700160653214,1
Nc1ccc(C2=CCCCC2)cc1NC(=O)C1CCOCC1,4.755722879198157,1
Nc1ccc(C2=CCCCC2)cc1NC(=O)N1CCCC1,5.515700160653214,1
Nc1ccc(C2CC2)cc1NC(=O)N1CCCC1,4.755722879198157,1
Nc1ccc(C2CCCC2)cc1NC(=O)C1=CCCCC1,6.255707016877324,1
Nc1ccc(C2CCCC2)cc1NC(=O)N1CC(F)C1,6.255707016877324,1
Nc1ccc(C2CCCC2)cc1NC(=O)N1CCC(F)(F)CC1,4.755722879198157,1
Nc1ccc(C2CCCC2)cc1NC(=O)c1cccnc1,5.376750709602099,2
Nc1ccc(CCc2nc(CCC(=O)NO)cs2)cc1,5.97469413473523,2
Nc1ccc(CNC(=O)Nc2ccc(C(=O)Nc3ccccc3N)cc2)cn1,6.481486060122112,2
Nc1ccc(CNC(=S)Nc2ccc(C(=O)Nc3ccccc3N)cc2)cn1,6.698970004336019,2
Nc1ccc(Cl)cc1NC(=O)c1ccc(CNC(=O)OCc2cccnc2)cc1,5.113509274827518,2
Nc1ccc(F)cc1NC(=O)C1CCN(C(=O)c2cc(Cc3n[nH]c(=O)c4ccccc34)ccc2F)CC1,6.022276394711152,2
Nc1ccc(F)cc1NC(=O)CCCCCNC(=O)c1cc(Cc2n[nH]c(=O)c3ccccc23)ccc1F,6.2839966563652006,2
Nc1ccc(F)cc1NC(=O)CCCCCNC(=O)c1ccc(F)cc1,5.2441251443275085,2
Nc1ccc(F)cc1NC(=O)CCCCNC(=O)c1cc(Cc2n[nH]c(=O)c3ccccc23)ccc1F,6.040958607678906,2
Nc1ccc(F)cc1NC(=O)c1cc2ccccc2o1,5.920818753952375,2
Nc1ccc(F)cc1NC(=O)c1ccc(CNC(=O)/C=C/c2cccnc2)cc1,6.43983274606852,32
Nc1ccc(F)cc1NC(=O)c1ccc(CNC(=O)/C=C/c2cnc3cccnn23)cc1,6.863279432843593,2
Nc1ccc(F)cc1NC(=O)c1ccc(CNC(=O)/C=C2\NC(=O)c3ccccc32)cc1,7.15397331748296,2
Nc1ccc(F)cc1NC(=O)c1ccc(CNC(=O)OCc2cccnc2)cc1,5.221848749616356,2
Nc1ccc(F)cc1NC(=O)c1ccc(CNc2ncnc3ccccc23)cc1,6.286509456906058,1
Nc1ccc(F)cc1NC(=O)c1cnc2c(C3CC3)c(N3CCNCC3)ccc2c1,6.329754146925875,1
Nc1ccc(N2CCCC2)cc1NC(=O)c1cccnc1,6.173925197299173,2
Nc1ccc(NC(=O)CCCCCC(=O)Nc2ccccc2)cc1,3.910094888560602,2
Nc1ccc(NC(=O)CCCCCCC(=O)Nc2ccccc2)cc1,3.730487055782084,2
Nc1cccc(-c2cc(C(=O)NCCCCC(=O)NO)no2)c1,6.145086977692145,2
Nc1cccc(-c2cc(C(=O)NCCCCCCC(=O)NO)no2)c1,7.684029654543082,2
Nc1cccc(-c2ccc(C3(C(=O)Nc4ccc(C(=O)NO)cc4)CCCC3)cc2)c1,8.397940008672037,2
Nc1cccc(-c2cn(Cc3c(F)cc(-c4nnc(C(F)F)o4)cc3F)nn2)c1,4.187093324862109,1
Nc1cccc(-c2csc(NC(=O)CCCCCC(=O)NO)n2)c1,8.42021640338319,2
Nc1cccc(-c2csc(NC(=O)CCCCCC(=O)Nc3ccccc3N)n2)c1,5.603800652904264,2
Nc1cccc(-c2csc(NC(=O)CCCCCCC(=O)NO)n2)c1,8.325431355831407,4
Nc1cccc(-c2csc(NC(=O)CCCCCCC(=O)Nc3ccccc3N)n2)c1,5.603800652904264,2
Nc1cccc(-c2csc(NC(=O)CCCCc3cc(C(=O)NO)no3)n2)c1,6.856985199745905,2
Nc1cccc(C(=O)Nc2cc(-c3ccccc3)ccc2O)c1,6.356547323513812,2
Nc1cccc(CNC(=S)Nc2ccc(C(=O)Nc3ccccc3N)cc2)c1,6.657577319177793,2
Nc1cccc(F)c1C(=O)NCCCC[C@H](NC(=O)c1cncs1)c1ncc(-c2ccc3ccccc3c2)[nH]1,7.3979400086720375,2
Nc1cccc(NC(=O)CCCCCC(=O)Nc2ccccc2)c1,3.3010299956639813,2
Nc1cccc(NC(=O)CCCCCCC(=O)Nc2ccccc2)c1,4.070581074285707,2
Nc1ccccc1-c1ccc(NC(=O)CCCCCCC(=O)NO)cc1,7.096910013008056,1
Nc1ccccc1C(=O)Nc1cc(-c2ccccc2)ccc1O,5.7447274948966935,2
Nc1ccccc1NC(=O)/C=C/C#Cc1ccc(NS(=O)(=O)c2ccccc2)cc1,5.301029995663981,2
Nc1ccccc1NC(=O)/C=C/C#Cc1cccc(NS(=O)(=O)c2ccccc2)c1,5.522878745280337,1
Nc1ccccc1NC(=O)/C=C/c1ccc(-c2ncc(CNc3ccccc3)s2)cc1,6.508638306165727,2
Nc1ccccc1NC(=O)/C=C/c1ccc(-c2nnc(Cc3c[nH]c4ccccc34)o2)cc1,5.823908740944319,2
Nc1ccccc1NC(=O)/C=C/c1ccc(-c2nnc(Cc3ccc4ccccc4c3)o2)cc1,5.619788758288394,2
Nc1ccccc1NC(=O)/C=C/c1ccc(-c2nnc(Cc3cccc4ccccc34)o2)cc1,6.0,2
Nc1ccccc1NC(=O)/C=C/c1ccc(C(=O)NCC2CCN(Cc3ccccc3)CC2)cc1,6.7447274948966935,1
Nc1ccccc1NC(=O)/C=C/c1ccc(C(NCCC2CCOCC2)C(=O)Nc2ccc(C(F)(F)F)cc2)cc1,6.698970004336019,2
Nc1ccccc1NC(=O)/C=C/c1ccc(C(NCCN2CCCCC2)C(=O)Nc2ccc(-c3ccc(C4CC4)cc3)cc2)cc1,7.301029995663981,1
Nc1ccccc1NC(=O)/C=C/c1ccc(C(NCCN2CCCCC2)C(=O)Nc2ccc(C3CC3)cc2)cc1,7.301029995663981,1
Nc1ccccc1NC(=O)/C=C/c1ccc(C(NCCN2CCOCC2)C(=O)Nc2ccc(C(F)(F)F)cc2)cc1,7.221848749616356,4
Nc1ccccc1NC(=O)/C=C/c1ccc(CNC(=O)c2ccc(-c3ncc(CNc4ccccc4)s3)cc2)cc1,6.142667503568731,2
Nc1ccccc1NC(=O)/C=C/c1ccc(CNC(=O)c2nn(-c3ccccc3)nc2N)cc1,7.107905397309519,2
Nc1ccccc1NC(=O)/C=C/c1ccc(CNC2CC2c2ccccc2)cc1,6.503070351926786,2
Nc1ccccc1NC(=O)/C=C/c1ccc(CNc2ccccc2)cc1,4.769551078621726,2
Nc1ccccc1NC(=O)/C=C/c1ccc(CNc2nccc(-c3cccnc3)n2)cc1,5.920818753952375,2
Nc1ccccc1NC(=O)/C=C/c1ccc(Cc2nnc(Cc3cccc4ccccc34)o2)cc1,5.3872161432802645,2
Nc1ccccc1NC(=O)/C=C/c1ccc(NC(=O)C(Cc2ccccc2)c2ccccc2)cn1,6.304518323509802,2
Nc1ccccc1NC(=O)/C=C/c1ccc(NC(=O)Cc2ccc3ccccc3c2)cn1,6.692503962086787,2
Nc1ccccc1NC(=O)/C=C/c1ccc(NC(=O)Cc2cccc3ccccc23)cn1,7.200659450546418,2
Nc1ccccc1NC(=O)/C=C/c1ccc(NC(=O)Cc2ccccc2)cn1,6.96657624451305,2
Nc1ccccc1NC(=O)/C=C/c1ccc(NCCCc2ccccc2)nc1,5.522878745280337,2
Nc1ccccc1NC(=O)/C=C/c1ccc(NCCNc2ccccc2)nc1,5.698970004336019,2
Nc1ccccc1NC(=O)/C=C/c1ccc(NCc2ccc(F)cc2)nc1,5.301029995663981,2
Nc1ccccc1NC(=O)/C=C/c1ccc(NCc2ccc(OC(F)(F)F)cc2)cc1,5.301029995663981,2
Nc1ccccc1NC(=O)/C=C/c1ccc(NCc2ccc(OC(F)(F)F)cc2)nc1,5.698970004336019,2
Nc1ccccc1NC(=O)/C=C/c1ccc(NCc2ccc([N+](=O)[O-])cc2)cc1,5.3979400086720375,2
Nc1ccccc1NC(=O)/C=C/c1ccc(NCc2ccccc2)nc1,5.522878745280337,4
Nc1ccccc1NC(=O)/C=C/c1ccc(NCc2ccncc2)cc1,5.0,2
Nc1ccccc1NC(=O)/C=C/c1ccc(NCc2ccncc2)nc1,5.3979400086720375,2
Nc1ccccc1NC(=O)/C=C/c1ccc(NS(=O)(=O)c2ccc(-c3ccccc3)cc2)cc1,6.0,5
Nc1ccccc1NC(=O)/C=C/c1ccc(NS(=O)(=O)c2ccc(-c3ccccc3)cc2)nc1,5.405365473575755,3
Nc1ccccc1NC(=O)/C=C/c1ccc(NS(=O)(=O)c2cccc3ccccc23)cc1,5.448929162074886,3
Nc1ccccc1NC(=O)/C=C/c1ccc(NS(=O)(=O)c2cccc3oc4ccccc4c23)cc1,6.3979400086720375,2
Nc1ccccc1NC(=O)/C=C/c1ccc(S(=O)(=O)Nc2ccc(-c3ccccc3)cc2)cc1,5.984163750790475,5
Nc1ccccc1NC(=O)/C=C/c1cccc(C(=O)NCC2CCN(Cc3ccccc3)CC2)c1,5.790484985457369,1
Nc1ccccc1NC(=O)/C=C/c1cn2ccccc2n1,5.522878745280337,2
Nc1ccccc1NC(=O)/C=C/c1cn2ccnc2s1,5.522878745280337,2
Nc1ccccc1NC(=O)/C=C/c1cnc(-c2ccc3cc[nH]c3c2)s1,6.200659450546418,1
Nc1ccccc1NC(=O)/C=C/c1cnc2ccccn12,5.1249387366083,2
Nc1ccccc1NC(=O)/C=C/c1cnn(-c2ccccc2)c1,5.522878745280337,2
Nc1ccccc1NC(=O)/C=C/c1cnn(C/C=C/c2ccccc2)c1,4.552841968657781,2
Nc1ccccc1NC(=O)/C=C/c1cnn(CC2CC2)c1,5.522878745280337,2
Nc1ccccc1NC(=O)C#Cc1ccc(NS(=O)(=O)c2ccc(-c3ccccc3)cc2)cc1,5.522878745280337,3
Nc1ccccc1NC(=O)C1CCC(CNC(=O)c2cc(Cc3n[nH]c(=O)c4ccccc34)ccc2F)CC1,6.468521082957745,1
Nc1ccccc1NC(=O)C1CCCCC1,4.755722879198157,1
Nc1ccccc1NC(=O)C1CCN(C(=O)c2cc(Cc3n[nH]c(=O)c4ccccc34)ccc2F)CC1,6.086186147616283,2
Nc1ccccc1NC(=O)CCCCC(=O)Nc1ccc2c(c1)/C(=C/c1ccc[nH]1)C(=O)N2,5.899629454882437,1
Nc1ccccc1NC(=O)CCCCC(=O)Nc1ccccc1,3.6234230429434877,1
Nc1ccccc1NC(=O)CCCCCC(=O)Nc1ccc(-c2ncc(CNc3ccccc3)s2)cc1,6.468521082957745,2
Nc1ccccc1NC(=O)CCCCCC(=O)Nc1ccccc1,6.182498618334138,5
Nc1ccccc1NC(=O)CCCCCC(=O)Nc1ccccc1N,4.853871964321762,1
Nc1ccccc1NC(=O)CCCCCC(=O)Nc1ccccn1,4.040958607678906,1
Nc1ccccc1NC(=O)CCCCCC(=O)c1ccccc1,5.721246399047171,2
Nc1ccccc1NC(=O)CCCCCC(c1c[nH]c2ccccc12)c1c[nH]c2ccccc12,4.6777807052660805,2
Nc1ccccc1NC(=O)CCCCCCC(=O)NO,7.173277962122674,2
Nc1ccccc1NC(=O)CCCCCCC(=O)Nc1ccc2c(c1)/C(=C/c1ccc[nH]1)C(=O)N2,6.428291168191312,1
Nc1ccccc1NC(=O)CCCCCCC(=O)Nc1cccc(-c2ccccc2)c1,6.309803919971486,2
Nc1ccccc1NC(=O)CCCCCCC(=O)Nc1ccccc1,5.486427025279914,16
Nc1ccccc1NC(=O)CCCCCCC(=O)Nc1ccccc1N,4.835647144215563,1
Nc1ccccc1NC(=O)CCCCCCC(=O)c1ccc(-c2ccccc2)cc1,5.698970004336019,2
Nc1ccccc1NC(=O)CCCCCCC(=O)c1ccc(-c2ccccc2)nc1,5.522878745280337,2
Nc1ccccc1NC(=O)CCCCCCC(=O)c1ccc(-c2cccnc2)cc1,5.0,2
Nc1ccccc1NC(=O)CCCCCCC(=O)c1ccc(Br)cc1,5.221848749616356,2
Nc1ccccc1NC(=O)CCCCCCC(=O)c1ccc2ccccc2c1,5.698970004336019,2
Nc1ccccc1NC(=O)CCCCCCC(=O)c1cccc(-c2ccccc2)c1,6.0,2
Nc1ccccc1NC(=O)CCCCCCC(=O)c1ccccc1,5.045757490560675,2
Nc1ccccc1NC(=O)CCCCCCCC(=O)NCC1CCN(Cc2ccccc2)CC1,5.943095148663527,1
Nc1ccccc1NC(=O)CCCCCCCNC(=O)/C=C/c1cccnc1,6.832682665251824,1
Nc1ccccc1NC(=O)CCCCCCCNC(=O)c1ccc(NC(=O)Nc2ccc(-c3nc(N4CCOCC4)nc(N4CCOCC4)n3)cc2)cc1,6.461929285847643,2
Nc1ccccc1NC(=O)CCCCCCCNc1nn2c(=O)c3cc(Br)ccc3nc2c2ccccc12,6.508638306165727,2
Nc1ccccc1NC(=O)CCCCCCCOc1no[n+]([O-])c1S(=O)(=O)c1ccccc1,6.180456064458131,2
Nc1ccccc1NC(=O)CCCCCCCn1cc(-c2cccnc2)nn1,7.251295416827159,3
Nc1ccccc1NC(=O)CCCCCCNC(=O)/C=C1\NC(=O)c2ccccc21,6.494850021680094,2
Nc1ccccc1NC(=O)CCCCCCNC(=O)c1ccc(-c2ccccc2)cc1,5.698970004336019,2
Nc1ccccc1NC(=O)CCCCCCNC(=O)c1ccc(-c2ccccc2)nc1,5.522878745280337,2
Nc1ccccc1NC(=O)CCCCCCNC(=O)c1ccc(NC(=O)Nc2ccc(-c3nc(N4CCOCC4)nc(N4CCOCC4)n3)cc2)cc1,6.393403743985216,2
Nc1ccccc1NC(=O)CCCCCCNC(=O)c1ccc(NC(=O)Nc2ccc(-c3nc(OC4CCOC4)nc(N4CCOCC4)n3)cc2)cc1,6.659853551061122,2
Nc1ccccc1NC(=O)CCCCCCNC(=O)c1ccc(NC(=O)Nc2ccc(-c3nc(OC4COC4)nc(N4CCOCC4)n3)cc2)cc1,6.7495799976911055,2
Nc1ccccc1NC(=O)CCCCCCNC(=O)c1cccc(-c2ccccc2)c1,6.0,2
Nc1ccccc1NC(=O)CCCCCCNc1nn2c(=O)c3cc(Br)ccc3nc2c2ccccc12,6.950781977329818,2
Nc1ccccc1NC(=O)CCCCCCNc1nn2c(=O)c3cc(Cl)ccc3nc2c2ccccc12,6.889410289700751,2
Nc1ccccc1NC(=O)CCCCCCNc1nn2c(=O)c3cc(F)ccc3nc2c2ccccc12,6.889410289700751,2
Nc1ccccc1NC(=O)CCCCCCNc1nn2c(=O)c3ccccc3nc2c2ccccc12,7.008773924307505,2
Nc1ccccc1NC(=O)CCCCCCOc1ccc(-c2cc(=S)ss2)cc1,4.494850021680094,1
Nc1ccccc1NC(=O)CCCCCCc1nc(-c2ccc(C(F)(F)F)cc2)no1,5.517126416391246,2
Nc1ccccc1NC(=O)CCCCCCc1nc(-c2ccc(Cl)cc2)no1,5.806875401645538,2
Nc1ccccc1NC(=O)CCCCCCc1nc(-c2ccc(F)cc2)no1,6.055517327849831,2
Nc1ccccc1NC(=O)CCCCCCc1nc(-c2ccc([N+](=O)[O-])cc2)no1,5.061980902523789,2
Nc1ccccc1NC(=O)CCCCCCc1nc(-c2cccc([N+](=O)[O-])c2)no1,6.086186147616283,2
Nc1ccccc1NC(=O)CCCCCCc1nc(-c2ccccc2)no1,6.6777807052660805,2
Nc1ccccc1NC(=O)CCCCCCc1nc(-c2ccccc2Cl)no1,5.384049948343598,2
Nc1ccccc1NC(=O)CCCCCCc1nc(-c2cccnc2)no1,5.978810700930062,2
Nc1ccccc1NC(=O)CCCCCCc1nc(-c2cccs2)no1,6.119186407719209,2
Nc1ccccc1NC(=O)CCCCCN(CC(=O)NC1CCCCC1)C(=O)c1cccc2ccccc12,4.933105243791531,4
Nc1ccccc1NC(=O)CCCCCN(CC(=O)NC1CCCCC1)C(=O)c1ccccc1,4.886421027620455,4
Nc1ccccc1NC(=O)CCCCCN(CC(=O)NCc1ccccc1)C(=O)c1cccc2ccccc12,5.482504208571628,4
Nc1ccccc1NC(=O)CCCCCN1C(=O)c2cc(O)c(CN3CCCCC3)cc2C1=O,5.522878745280337,2
Nc1ccccc1NC(=O)CCCCCN1C(=O)c2cc(O)c(CN3CCOCC3)cc2C1=O,5.3979400086720375,2
Nc1ccccc1NC(=O)CCCCCN1C(=O)c2ccc(O)cc2C1=O,5.522878745280337,2
Nc1ccccc1NC(=O)CCCCCN1C(=O)c2cccc3c(Br)ccc(c23)C1=O,6.0,2
Nc1ccccc1NC(=O)CCCCCN1C(=O)c2cccc3c(CN4CCCCC4)c(O)cc(c23)C1=O,5.698970004336019,2
Nc1ccccc1NC(=O)CCCCCN1C(=O)c2cccc3c(CN4CCOCC4)c(O)cc(c23)C1=O,6.301029995663981,2
Nc1ccccc1NC(=O)CCCCCN1C(=O)c2cccc3c(N4CCOCC4)ccc(c23)C1=O,6.366531544420413,2
Nc1ccccc1NC(=O)CCCCCN1C(=O)c2cccc3cc(O)cc(c23)C1=O,6.0,2
Nc1ccccc1NC(=O)CCCCCN1C(=O)c2cccc3cccc(c23)C1=O,5.826823512774681,4
Nc1ccccc1NC(=O)CCCCCN1C(=O)c2ccccc2C1=O,5.698970004336019,2
Nc1ccccc1NC(=O)CCCCCN1C(=O)c2cccnc2C1=O,5.301029995663981,2
Nc1ccccc1NC(=O)CCCCCN1Cc2ccccc2C1=O,5.3979400086720375,2
Nc1ccccc1NC(=O)CCCCCNC(=O)/C=C1\NC(=O)c2ccccc21,6.059483515067432,2
Nc1ccccc1NC(=O)CCCCCNC(=O)C1CCN(c2ccncc2)CC1,5.763210900590707,1
Nc1ccccc1NC(=O)CCCCCNC(=O)CCC(=O)c1cccs1,6.107905397309519,1
Nc1ccccc1NC(=O)CCCCCNC(=O)CCc1ncc(-c2ccccc2)o1,6.505845405981557,1
Nc1ccccc1NC(=O)CCCCCNC(=O)c1c[nH]c2c(Cl)cccc12,6.764471553092451,1
Nc1ccccc1NC(=O)CCCCCNC(=O)c1c[nH]c2ccc(Cl)cc12,6.580044251510242,1
Nc1ccccc1NC(=O)CCCCCNC(=O)c1c[nH]c2ccccc12,6.609064892896621,1
Nc1ccccc1NC(=O)CCCCCNC(=O)c1cc(-c2ccccc2)n[nH]1,6.411168274405792,1
Nc1ccccc1NC(=O)CCCCCNC(=O)c1cc(-c2ccsc2)on1,6.315154638355588,1
Nc1ccccc1NC(=O)CCCCCNC(=O)c1cc(C2CC2)on1,6.171984935776023,1
Nc1ccccc1NC(=O)CCCCCNC(=O)c1cc(Cc2n[nH]c(=O)c3ccccc23)ccc1F,6.468521082957745,2
Nc1ccccc1NC(=O)CCCCCNC(=O)c1cc(Cl)cc(Cl)c1,6.3979400086720375,1
Nc1ccccc1NC(=O)CCCCCNC(=O)c1cc2c(Cl)cccc2[nH]1,6.5951662833800615,1
Nc1ccccc1NC(=O)CCCCCNC(=O)c1cc2c(F)cccc2[nH]1,6.360513510731414,1
Nc1ccccc1NC(=O)CCCCCNC(=O)c1cc2c(OC(F)F)cccc2[nH]1,7.387216143280264,1
Nc1ccccc1NC(=O)CCCCCNC(=O)c1cc2cc(Cl)ccc2[nH]1,6.692503962086787,1
Nc1ccccc1NC(=O)CCCCCNC(=O)c1cc2cc(F)ccc2[nH]1,6.415668775632469,1
Nc1ccccc1NC(=O)CCCCCNC(=O)c1cc2cc(OC(F)(F)F)ccc2[nH]1,6.259637310505756,1
Nc1ccccc1NC(=O)CCCCCNC(=O)c1cc2cccc(F)c2[nH]1,7.102372908709558,1
Nc1ccccc1NC(=O)CCCCCNC(=O)c1cc2ccccc2[nH]1,7.022276394711152,1
Nc1ccccc1NC(=O)CCCCCNC(=O)c1cc2ccccc2cn1,6.578396073130168,1
Nc1ccccc1NC(=O)CCCCCNC(=O)c1cc2ccccc2o1,6.3788237182249645,1
Nc1ccccc1NC(=O)CCCCCNC(=O)c1ccc(-c2nnn[nH]2)cc1,6.430626090384954,1
Nc1ccccc1NC(=O)CCCCCNC(=O)c1ccc(-n2cccc2)cc1,6.58838029403677,1
Nc1ccccc1NC(=O)CCCCCNC(=O)c1ccc(C(F)(F)F)cc1,5.958607314841775,1
Nc1ccccc1NC(=O)CCCCCNC(=O)c1ccc(C(F)F)cc1,6.441291429466834,1
Nc1ccccc1NC(=O)CCCCCNC(=O)c1ccc(Cl)c(Cl)c1,6.417936637088291,1
Nc1ccccc1NC(=O)CCCCCNC(=O)c1ccc(Cl)cc1,6.154901959985743,1
Nc1ccccc1NC(=O)CCCCCNC(=O)c1ccc(Cl)cc1Cl,5.6439741428068775,1
Nc1ccccc1NC(=O)CCCCCNC(=O)c1ccc(F)c(F)c1,6.1123826996642645,1
Nc1ccccc1NC(=O)CCCCCNC(=O)c1ccc(F)cc1,5.7447274948966935,1
Nc1ccccc1NC(=O)CCCCCNC(=O)c1ccc(N2CCC2)cc1,6.565431095965801,1
Nc1ccccc1NC(=O)CCCCCNC(=O)c1ccc(N2CCOCC2)cc1,6.476253533188435,1
Nc1ccccc1NC(=O)CCCCCNC(=O)c1ccc(NC(=O)Nc2ccc(-c3nc(N4CCOCC4)nc(N4CCOCC4)n3)cc2)cc1,6.643782907883948,2
Nc1ccccc1NC(=O)CCCCCNC(=O)c1ccc(NC(=O)Nc2ccc(-c3nc(OC4CCOC4)nc(N4CCOCC4)n3)cc2)cc1,6.675614655697325,2
Nc1ccccc1NC(=O)CCCCCNC(=O)c1ccc(NC(=O)Nc2ccc(-c3nc(OC4COC4)nc(N4CCOCC4)n3)cc2)cc1,7.087514269438153,2
Nc1ccccc1NC(=O)CCCCCNC(=O)c1ccc(NC2CC2)cc1,6.501689446210399,1
Nc1ccccc1NC(=O)CCCCCNC(=O)c1ccc(OC(F)(F)F)cc1,6.300162274132754,1
Nc1ccccc1NC(=O)CCCCCNC(=O)c1ccc(S(N)(=O)=O)cc1,5.957030926606819,1
Nc1ccccc1NC(=O)CCCCCNC(=O)c1ccc([N+](=O)[O-])cc1,5.920818753952375,1
Nc1ccccc1NC(=O)CCCCCNC(=O)c1ccc2[nH]ccc2c1,6.828295703098071,2
Nc1ccccc1NC(=O)CCCCCNC(=O)c1ccc2c(c1)NC(=O)C2,6.139661993429007,1
Nc1ccccc1NC(=O)CCCCCNC(=O)c1ccc2c(c1)OCCO2,6.122628654130226,1
Nc1ccccc1NC(=O)CCCCCNC(=O)c1ccc2cc[nH]c2c1,6.630784142589857,1
Nc1ccccc1NC(=O)CCCCCNC(=O)c1ccc2ccccc2c1,6.7281583934635005,1
Nc1ccccc1NC(=O)CCCCCNC(=O)c1ccc2cccnc2c1,6.209714835966759,1
Nc1ccccc1NC(=O)CCCCCNC(=O)c1ccc2cn[nH]c2c1,6.235077015350111,1
Nc1ccccc1NC(=O)CCCCCNC(=O)c1ccc2nccnc2c1,5.988429556402721,1
Nc1ccccc1NC(=O)CCCCCNC(=O)c1ccc2ncsc2c1,6.363512103646634,1
Nc1ccccc1NC(=O)CCCCCNC(=O)c1ccc2nonc2c1,5.9072793553159,1
Nc1ccccc1NC(=O)CCCCCNC(=O)c1ccc[nH]1,6.334419008982047,1
Nc1ccccc1NC(=O)CCCCCNC(=O)c1cccc(-c2nnn[nH]2)c1,6.33161408331,1
Nc1ccccc1NC(=O)CCCCCNC(=O)c1cccc(C(F)(F)F)c1,6.154901959985743,1
Nc1ccccc1NC(=O)CCCCCNC(=O)c1cccc(Cl)c1,5.698970004336019,1
Nc1ccccc1NC(=O)CCCCCNC(=O)c1cccc(OC(F)(F)F)c1,6.329754146925875,1
Nc1ccccc1NC(=O)CCCCCNC(=O)c1cccc([N+](=O)[O-])c1,6.096910013008056,1
Nc1ccccc1NC(=O)CCCCCNC(=O)c1cccc2[nH]ccc12,6.280668713016274,1
Nc1ccccc1NC(=O)CCCCCNC(=O)c1cccc2cc[nH]c12,6.555955204081924,1
Nc1ccccc1NC(=O)CCCCCNC(=O)c1cccc2cn[nH]c12,6.430626090384954,1
Nc1ccccc1NC(=O)CCCCCNC(=O)c1ccccc1-c1ccccc1,5.241693818274693,1
Nc1ccccc1NC(=O)CCCCCNC(=O)c1ccccc1Br,5.5655907924125,1
Nc1ccccc1NC(=O)CCCCCNC(=O)c1ccccc1C(=O)C(F)(F)F,4.576918041702769,1
Nc1ccccc1NC(=O)CCCCCNC(=O)c1ccccc1C(=O)c1ccccc1,5.565431095965801,1
Nc1ccccc1NC(=O)CCCCCNC(=O)c1ccccc1C(F)(F)F,5.448062304635163,1
Nc1ccccc1NC(=O)CCCCCNC(=O)c1ccccc1C1CCCCC1,5.55783391421528,1
Nc1ccccc1NC(=O)CCCCCNC(=O)c1ccccc1Cl,5.691435586438761,1
Nc1ccccc1NC(=O)CCCCCNC(=O)c1ccccc1F,5.945004138470859,1
Nc1ccccc1NC(=O)CCCCCNC(=O)c1ccccc1OC(F)F,5.830031826003108,1
Nc1ccccc1NC(=O)CCCCCNC(=O)c1ccco1,6.004364805402449,1
Nc1ccccc1NC(=O)CCCCCNC(=O)c1cccs1,6.182793611915807,2
Nc1ccccc1NC(=O)CCCCCNC(=O)c1ccnc(N2CCCCC2)c1,6.623423042943488,1
Nc1ccccc1NC(=O)CCCCCNC(=O)c1ccncc1,5.899629454882437,1
Nc1ccccc1NC(=O)CCCCCNC(=O)c1ccnnc1,5.590912630552165,1
Nc1ccccc1NC(=O)CCCCCNC(=O)c1ccno1,5.862645888629267,1
Nc1ccccc1NC(=O)CCCCCNC(=O)c1ccoc1,5.906578314837764,1
Nc1ccccc1NC(=O)CCCCCNC(=O)c1ccsc1,6.119186407719209,1
Nc1ccccc1NC(=O)CCCCCNC(=O)c1cnc2ccccc2c1,6.319664486585436,1
Nc1ccccc1NC(=O)CCCCCNC(=O)c1cnc2ccccc2n1,6.411168274405792,1
Nc1ccccc1NC(=O)CCCCCNC(=O)c1cnccn1,5.689306687656639,1
Nc1ccccc1NC(=O)CCCCCNC(=O)c1cnnc2ccccc12,5.365321247821318,1
Nc1ccccc1NC(=O)CCCCCNC(=O)c1csc(-c2ccncc2)n1,6.522878745280337,1
Nc1ccccc1NC(=O)CCCCCNC(=O)c1cscn1,5.983384452442823,1
Nc1ccccc1NC(=O)CCCCCNC(=O)c1n[nH]c2ccccc12,6.97061622231479,1
Nc1ccccc1NC(=O)CCCCCNC(=O)c1nccs1,6.011887159731648,1
Nc1ccccc1NC(=O)CCCCCNC(=O)c1nnc[nH]1,5.570409197776698,1
Nc1ccccc1NC(=O)CCCCCNS(=O)(=O)c1ccc(F)cc1,4.859097333618219,3
Nc1ccccc1NC(=O)CCCCCNS(=O)(=O)c1ccccc1,5.154901959985743,1
Nc1ccccc1NC(=O)CCCCCNc1ccccc1,5.920818753952375,2
Nc1ccccc1NC(=O)CCCCCNc1nn2c(=O)c3cc(Br)ccc3nc2c2ccccc12,6.379863945026242,2
Nc1ccccc1NC(=O)CCCCCONC(=O)Nc1ccccc1,4.4130282813578114,2
Nc1ccccc1NC(=O)CCCCCOc1no[n+]([O-])c1S(=O)(=O)c1ccccc1,6.327902142064282,2
Nc1ccccc1NC(=O)CCCCCSc1nnc(-c2ccncc2)n1-c1ccccc1,3.591149737087971,2
Nc1ccccc1NC(=O)CCCCC[C@@H]1NC(=O)[C@@H]2CCCN2C(=O)[C@H](Cc2ccccc2)NC(=O)[C@H](Cc2ccccc2)NC1=O,4.688246138944246,2
Nc1ccccc1NC(=O)CCCCC[C@H](NC(=O)CNC(=O)[C@@H](N)Cc1ccccc1)C(=O)NCC(=O)O,3.2740883677049517,2
Nc1ccccc1NC(=O)CCCCC[C@H](NC(=O)[C@@H]1CCCN1C(=O)[C@@H](N)Cc1ccccc1)C(=O)N[C@@H](Cc1ccccc1)C(=O)O,4.074687908500351,2
Nc1ccccc1NC(=O)CCCCC[C@H](NC(=O)[C@@H]1CCCN1C(=O)[C@@H](N)Cc1ccccc1)C(=O)Nc1ccccc1N,5.136677139879544,2
Nc1ccccc1NC(=O)CCCCCn1c(=O)[nH]c2ccccc2c1=O,5.3979400086720375,2
Nc1ccccc1NC(=O)CCCCCn1cnc2ccccc2c1=O,4.920818753952375,2
Nc1ccccc1NC(=O)CCCCCn1nnc2ccccc2c1=O,5.096910013008056,2
Nc1ccccc1NC(=O)CCCCNC(=O)C1=NN=C(c2ccccc2)C1,5.693360558975739,1
Nc1ccccc1NC(=O)CCCCNC(=O)c1cc(Cc2n[nH]c(=O)c3ccccc23)ccc1F,6.130768280269024,2
Nc1ccccc1NC(=O)CCCCNC(=O)c1ccc2c(c1)OCCO2,5.33582829463807,1
Nc1ccccc1NC(=O)CCCCNC(=O)c1ccc2ncsc2c1,4.9434762759209,1
Nc1ccccc1NC(=O)CCCCNC(=O)c1ccccc1,5.376750709602099,2
Nc1ccccc1NC(=O)CCCCNC(=O)c1ccnc(N2CCCCC2)c1,4.738975166007602,1
Nc1ccccc1NC(=O)CCCCNC(=O)c1ccno1,4.4834646261042,1
Nc1ccccc1NC(=O)CCCCNC(=O)c1csc(-c2ccncc2)n1,5.558147824226708,1
Nc1ccccc1NC(=O)CCCCNC(=O)c1nc(-c2nccs2)sc1C1CC1,5.734248504191346,2
Nc1ccccc1NC(=O)CCCCOc1no[n+]([O-])c1S(=O)(=O)c1ccccc1,6.207608310501746,2
Nc1ccccc1NC(=O)CCCNCC(=O)Nc1cc(Cl)ccc1Cl,5.050609993355087,2
Nc1ccccc1NC(=O)CCCNCC(=O)Nc1ccc(Br)cc1,5.769551078621726,2
Nc1ccccc1NC(=O)CCCNCC(=O)Nc1ccc(Cl)cc1,5.853871964321762,2
Nc1ccccc1NC(=O)CCCNCC(=O)Nc1ccc([N+](=O)[O-])cc1,6.045757490560675,2
Nc1ccccc1NC(=O)CCCNCC(=O)Nc1cccc(Cl)c1,5.7447274948966935,2
Nc1ccccc1NC(=O)CCCNCC(=O)Nc1cccc([N+](=O)[O-])c1,5.638272163982407,2
Nc1ccccc1NC(=O)CCCNCC(=O)Nc1ccccc1,5.036212172654444,2
Nc1ccccc1NC(=O)CCCNCC(=O)Nc1ccccc1Cl,5.537602002101044,2
Nc1ccccc1NC(=O)CCCNCC(=O)Nc1ccccc1[N+](=O)[O-],5.508638306165727,2
Nc1ccccc1NC(=O)CCc1ccc(C(=O)NCC2CCN(Cc3ccccc3)CC2)cc1,6.337242168318426,1
Nc1ccccc1NC(=O)CCc1ccc(CC(=O)c2ccccc2)o1,5.161150909262744,1
Nc1ccccc1NC(=O)CCc1cccc(C(=O)NCC2CCN(Cc3ccccc3)CC2)c1,5.920818753952375,1
Nc1ccccc1NC(=O)CNC(=O)c1ccc(NC(=O)Nc2ccc(-c3nc(N4CCOCC4)nc(N4CCOCC4)n3)cc2)cc1,5.709954253167058,2
Nc1ccccc1NC(=O)Cc1ccc(NC(=O)c2[nH]ncc2NC(=O)c2c(Cl)cccc2Cl)cc1,3.6197887582883936,1
Nc1ccccc1NC(=O)Cc1ccc(NC(=O)c2n[nH]cc2NC(=O)c2c(Cl)cccc2Cl)cc1,3.6197887582883936,1
Nc1ccccc1NC(=O)Nc1ccc(NC(=O)c2cccnc2)cc1,6.026872146400301,1
Nc1ccccc1NC(=O)[C@H]1CC[C@H](CNC(=O)c2cc(Cc3n[nH]c(=O)c4ccccc34)ccc2F)CC1,6.468521082957745,1
Nc1ccccc1NC(=O)c1cc2ccc(N3CCNCC3)c(C3CC3)c2cn1,6.642065152999546,1
Nc1ccccc1NC(=O)c1cc2ccc(N3CCNCC3)cc2cn1,6.52432881167557,1
Nc1ccccc1NC(=O)c1ccc(-c2cn(CCc3ccsc3)nn2)cc1,5.029604054588714,8
Nc1ccccc1NC(=O)c1ccc(-c2ncc(CN3CCC3)cc2Cl)cc1,7.725633361200924,2
Nc1ccccc1NC(=O)c1ccc(-c2ncc(CN3CCC3)cc2F)cc1,7.300509466670935,2
Nc1ccccc1NC(=O)c1ccc(-c2ncc(CN3CCCCC3)s2)cc1,7.6587650007581995,2
Nc1ccccc1NC(=O)c1ccc(-c2ncc(CNc3ccccc3)s2)cc1,6.292429823902063,2
Nc1ccccc1NC(=O)c1ccc(-c2nccs2)cc1,6.280027892097237,3
Nc1ccccc1NC(=O)c1ccc(-c2nnc(Cc3cccc4ccccc34)o2)cc1,6.522878745280337,2
Nc1ccccc1NC(=O)c1ccc(/C=C/C(=O)NCCc2c[nH]c3ccccc23)cc1,6.0,2
Nc1ccccc1NC(=O)c1ccc(/C=C/C(=O)NCc2cccnc2)cc1,5.522878745280337,2
Nc1ccccc1NC(=O)c1ccc(/C=C/CNc2nccc(-c3cccnc3)n2)cc1,6.292513326014591,4
Nc1ccccc1NC(=O)c1ccc(/C=C2\CCn3c2nc2cc(NCCCN4CCCC4)c(F)cc2c3=O)cc1,5.065501548756432,1
Nc1ccccc1NC(=O)c1ccc(C(=O)NCCNc2nonc2/C(=N/O)Nc2ccc(F)c(Br)c2)cc1,7.173925197299173,1
Nc1ccccc1NC(=O)c1ccc(C(=O)NCCNc2nonc2/C(=N/O)Nc2ccc(F)c(Br)c2)cn1,6.218963061378869,1
Nc1ccccc1NC(=O)c1ccc(C(=O)NCCNc2nonc2/C(=N/O)Nc2ccc(F)c(Br)c2)s1,5.844663962534938,1
Nc1ccccc1NC(=O)c1ccc(C(=O)NCCNc2nonc2C(=Nc2ccc(F)c(Br)c2)NO)cc1,7.175551775998034,2
Nc1ccccc1NC(=O)c1ccc(C(=O)NCCNc2nonc2C(=Nc2ccc(F)c(Br)c2)NO)cn1,6.218675544333012,1
Nc1ccccc1NC(=O)c1ccc(C(=O)NCCNc2nonc2C(=Nc2ccc(F)c(Br)c2)NO)s1,5.844815840305992,1
Nc1ccccc1NC(=O)c1ccc(C(=O)Nc2cccc(Nc3ncc(-c4cccnc4)cn3)c2)cc1,6.119186407719209,2
Nc1ccccc1NC(=O)c1ccc(C(=O)Nc2cccc(Nc3ncc(-c4cccnc4)s3)c2)cc1,6.638272163982407,2
Nc1ccccc1NC(=O)c1ccc(C(=O)Nc2cccc(Nc3ncc(-c4cccnc4)s3)c2)cn1,6.346787486224656,2
Nc1ccccc1NC(=O)c1ccc(C(=O)Nc2cccc(Nc3ncc(-c4cccnc4)s3)c2)s1,6.327902142064282,2
Nc1ccccc1NC(=O)c1ccc(C(=O)Nc2ccccc2)cc1,5.522878745280337,2
Nc1ccccc1NC(=O)c1ccc(C(C(=O)NCCCc2ccccc2)C(=O)NCCCc2ccccc2)cc1,6.6401645176601125,2
Nc1ccccc1NC(=O)c1ccc(C(C(=O)NCc2ccccc2)C(=O)NCc2ccccc2)cc1,6.701146923590294,2
Nc1ccccc1NC(=O)c1ccc(C(C(=O)Nc2ccc(F)cc2)C(=O)Nc2ccc(F)cc2)cc1,7.200659450546418,2
Nc1ccccc1NC(=O)c1ccc(C(C(=O)Nc2ccc3c(c2)OCCO3)C(=O)Nc2ccc3c(c2)OCCO3)cc1,7.6777807052660805,2
Nc1ccccc1NC(=O)c1ccc(C(C(=O)Nc2cccc(F)c2)C(=O)Nc2cccc(F)c2)cc1,7.251811972993799,2
Nc1ccccc1NC(=O)c1ccc(C(C(=O)Nc2cccc(N3CCOCC3)c2)C(=O)Nc2cccc(N3CCOCC3)c2)cc1,7.346787486224656,2
Nc1ccccc1NC(=O)c1ccc(C(C(=O)Nc2cccc3cccnc23)C(=O)Nc2cccc3cccnc23)cc1,6.987162775294828,2
Nc1ccccc1NC(=O)c1ccc(C(C(=O)Nc2ccccc2)C(=O)Nc2ccccc2)cc1,7.443697499232712,2
Nc1ccccc1NC(=O)c1ccc(C(F)(C(=O)Nc2ccccc2)C(=O)Nc2ccccc2)cc1,7.318758762624412,2
Nc1ccccc1NC(=O)c1ccc(C(O)(C(=O)Nc2ccccc2)C(=O)Nc2ccccc2)cc1,7.026872146400302,2
Nc1ccccc1NC(=O)c1ccc(C2CCN(CCC(=O)Nc3ccccc3F)CC2)cc1,7.168740075678823,2
Nc1ccccc1NC(=O)c1ccc(C2CCN(Cc3ccc(C(=O)NC4CC4)cc3)CC2)cc1,7.238301074441377,2
Nc1ccccc1NC(=O)c1ccc(C2CCN(Cc3ccccc3)CC2)cc1,6.422256898445873,3
Nc1ccccc1NC(=O)c1ccc(CC(C(=O)Nc2ccccc2)C(=O)Nc2ccccc2)cc1,7.327902142064282,2
Nc1ccccc1NC(=O)c1ccc(CC2COc3ccccc3C2)cc1,6.0,2
Nc1ccccc1NC(=O)c1ccc(CC2COc3ccccc3C2=O)cc1,7.045757490560675,2
Nc1ccccc1NC(=O)c1ccc(CC2Cc3ccccc3C2=O)cc1,7.0,2
Nc1ccccc1NC(=O)c1ccc(CCCC(=O)Nc2ccc(C3CC3N)cc2)cc1,6.749887623761306,10
Nc1ccccc1NC(=O)c1ccc(CCCC(=O)Nc2ccc([C@@H]3C[C@H]3N)cc2)cc1,6.6777807052660805,6
Nc1ccccc1NC(=O)c1ccc(CCCN2CCC(CN[C@@H]3C[C@H]3c3ccc(F)cc3)CC2)cc1,5.1123826996642645,1
Nc1ccccc1NC(=O)c1ccc(CCCN2CCC(CN[C@@H]3C[C@H]3c3cnn(-c4ccccc4)c3)CC2)cc1,6.581698708680255,1
Nc1ccccc1NC(=O)c1ccc(CCCN2CCC(CN[C@H]3C[C@@H]3c3ccc(F)cc3)CC2)cc1,6.530177984021837,1
Nc1ccccc1NC(=O)c1ccc(CCCN2CCC(CN[C@H]3C[C@@H]3c3cnn(-c4ccccc4)c3)CC2)cc1,5.065501548756432,1
Nc1ccccc1NC(=O)c1ccc(CCCNc2nc(N)n3nc(-c4ccco4)nc3n2)cc1,7.223665891943903,2
Nc1ccccc1NC(=O)c1ccc(CCCn2ncc3c2nc(N)n2nc(-c4ccco4)nc32)cc1,6.690902709506431,2
Nc1ccccc1NC(=O)c1ccc(CCNC(=O)/C=C/c2c[nH]c3ccccc23)cc1,6.772113295386326,2
Nc1ccccc1NC(=O)c1ccc(CCNC(=O)/C=C/c2cnc3ccccn23)cc1,6.66354026615147,2
Nc1ccccc1NC(=O)c1ccc(CCNC(=O)/C=C/c2cnc3cccnn23)cc1,6.8124792791635365,2
Nc1ccccc1NC(=O)c1ccc(CCNc2nc(N)n3nc(-c4ccco4)nc3n2)cc1,6.863279432843593,2
Nc1ccccc1NC(=O)c1ccc(CCNc2nccc(-c3cnc4ncccn34)n2)cc1,6.8124792791635365,2
Nc1ccccc1NC(=O)c1ccc(CCn2cc(-c3cccnc3)nn2)cc1,6.7447274948966935,2
Nc1ccccc1NC(=O)c1ccc(CCn2ccc3c2nc(N)n2nc(-c4ccco4)nc32)cc1,7.045757490560675,2
Nc1ccccc1NC(=O)c1ccc(CCn2ncc3c2nc(N)n2nc(-c4ccco4)nc32)cc1,7.096367822361946,2
Nc1ccccc1NC(=O)c1ccc(CN(CC(=O)NCc2ccccc2)C(=O)c2cccnc2)cc1,6.48617457788556,4
Nc1ccccc1NC(=O)c1ccc(CN(CCO)Cc2ccc(-c3ccccc3)cc2)cc1,6.154901959985743,2
Nc1ccccc1NC(=O)c1ccc(CN(CCO)Cc2ccc(-c3cccs3)cc2)cc1,6.096910013008056,2
Nc1ccccc1NC(=O)c1ccc(CN(CCO)Cc2ccc3c(c2)OCO3)cc1,5.931814138253838,2
Nc1ccccc1NC(=O)c1ccc(CN2C(=O)C(CCCc3ccccc3)=C(O)N3CCN=C23)cc1,6.221848749616356,2
Nc1ccccc1NC(=O)c1ccc(CN2C(=O)C3=C(CCN(C(=O)/C=C/c4ccc(Cl)cc4F)C3)N3CCN=C23)cc1,6.555955204081924,2
Nc1ccccc1NC(=O)c1ccc(CN2C(=O)C3=C(CCN(Cc4ccccc4)C3)N3CCN=C23)cc1,6.703334809738469,2
Nc1ccccc1NC(=O)c1ccc(CN2C(=O)c3ccccc3C2=O)cc1,6.698970004336019,2
Nc1ccccc1NC(=O)c1ccc(CN2CC/C(=C\c3ccccn3)C2=O)cc1,7.086080247959977,2
Nc1ccccc1NC(=O)c1ccc(CN2CCC/C(=C\c3ccc(Cl)c(C(F)(F)F)c3)C2=O)cc1,5.82564940252062,2
Nc1ccccc1NC(=O)c1ccc(CN2CCC/C(=C\c3ccc(Cl)c(F)c3)C2=O)cc1,6.242717889496351,2
Nc1ccccc1NC(=O)c1ccc(CN2CCC/C(=C\c3ccc(Cl)cc3)C2=O)cc1,6.312337313702036,2
Nc1ccccc1NC(=O)c1ccc(CN2CCC/C(=C\c3ccc4ccccc4c3)C2=O)cc1,6.159423493825853,2
Nc1ccccc1NC(=O)c1ccc(CN2CCC/C(=C\c3cccc(Cl)c3)C2=O)cc1,6.196679497908122,2
Nc1ccccc1NC(=O)c1ccc(CN2CCC/C(=C\c3ccccc3)C2=O)cc1,6.709631572674814,2
Nc1ccccc1NC(=O)c1ccc(CN2CCC/C(=C\c3ccccc3Cl)C2=O)cc1,6.4014831507916305,2
Nc1ccccc1NC(=O)c1ccc(CN2CCC/C(=C\c3ccccn3)C2=O)cc1,7.070836692020877,2
Nc1ccccc1NC(=O)c1ccc(CN2CCC/C(=C\c3cccnc3)C2=O)cc1,6.659258626741179,2
Nc1ccccc1NC(=O)c1ccc(CN2CCC/C(=C\c3ccco3)C2=O)cc1,6.518342480593516,2
Nc1ccccc1NC(=O)c1ccc(CN2CCC/C(=C\c3ccncc3)C2=O)cc1,6.568555825826781,2
Nc1ccccc1NC(=O)c1ccc(CN2Cc3ccccc3C2=O)cc1,7.0,2
Nc1ccccc1NC(=O)c1ccc(CN=C2NC(=O)C(Cc3c[nH]c4ccccc34)N2)cc1,6.721246399047171,1
Nc1ccccc1NC(=O)c1ccc(CN=C2NC(=O)C(c3ccccc3)N2)cc1,6.455931955649724,1
Nc1ccccc1NC(=O)c1ccc(CN=C2NC(c3ccc(F)cc3)CO2)cc1,6.721246399047171,1
Nc1ccccc1NC(=O)c1ccc(CN=C2NC(c3cccc(F)c3)CO2)cc1,6.619788758288394,1
Nc1ccccc1NC(=O)c1ccc(CN=C2N[C@@H](Cc3ccccc3)CO2)cc1,6.698970004336019,1
Nc1ccccc1NC(=O)c1ccc(CN=C2N[C@@H](Cc3ccccc3)CS2)cc1,6.036212172654444,1
Nc1ccccc1NC(=O)c1ccc(CN=C2N[C@@H](Cc3cnc[nH]3)CO2)cc1,7.107905397309519,1
Nc1ccccc1NC(=O)c1ccc(CN=C2N[C@@H](c3ccc(O)cc3)CO2)cc1,6.537602002101044,1
Nc1ccccc1NC(=O)c1ccc(CN=C2N[C@@H](c3ccc(O)cc3)CS2)cc1,6.7447274948966935,1
Nc1ccccc1NC(=O)c1ccc(CN=C2N[C@@H](c3ccccc3)CO2)cc1,6.275724130399211,1
Nc1ccccc1NC(=O)c1ccc(CN=C2N[C@@H](c3ccccc3)CS2)cc1,6.031517051446064,1
Nc1ccccc1NC(=O)c1ccc(CN=C2N[C@@H](c3cccnc3)CO2)cc1,6.585026652029182,1
Nc1ccccc1NC(=O)c1ccc(CN=C2N[C@H](Cc3ccccc3)CS2)cc1,6.3872161432802645,1
Nc1ccccc1NC(=O)c1ccc(CN=C2N[C@H](Cc3cnc[nH]3)CO2)cc1,6.886056647693163,1
Nc1ccccc1NC(=O)c1ccc(CN=C2N[C@H](c3ccccc3)CO2)cc1,7.086186147616283,1
Nc1ccccc1NC(=O)c1ccc(CN=C2N[C@H](c3ccccc3)CS2)cc1,6.431798275933005,1
Nc1ccccc1NC(=O)c1ccc(CN=C2N[C@H](c3ccccc3)[C@H](c3ccccc3)O2)cc1,7.096910013008056,1
Nc1ccccc1NC(=O)c1ccc(CNC(=O)/C(=C/c2ccnc3ccccc23)c2ccc(F)cc2)cc1,5.494850021680094,1
Nc1ccccc1NC(=O)c1ccc(CNC(=O)/C(=C/c2ccncc2)c2ccc(F)cc2)cc1,5.42021640338319,1
Nc1ccccc1NC(=O)c1ccc(CNC(=O)/C=C/c2c[nH]c3ccccc23)cc1,6.920818753952375,2
Nc1ccccc1NC(=O)c1ccc(CNC(=O)/C=C/c2cccnc2)cc1,8.397940008672037,1
Nc1ccccc1NC(=O)c1ccc(CNC(=O)/C=C/c2cnc3ccccn23)cc1,6.889410289700751,2
Nc1ccccc1NC(=O)c1ccc(CNC(=O)/C=C/c2cnc3cccnn23)cc1,6.928117992693874,2
Nc1ccccc1NC(=O)c1ccc(CNC(=O)/C=C2\NC(=O)c3ccccc32)cc1,7.181776112541235,2
Nc1ccccc1NC(=O)c1ccc(CNC(=O)/C=C2\NC(=O)c3ncccc32)cc1,6.120330794367947,2
Nc1ccccc1NC(=O)c1ccc(CNC(=O)CCCCCCC(=O)NCCCNCCCCNCCC(c2ccccc2)c2ccccc2)cc1,5.42021640338319,1
Nc1ccccc1NC(=O)c1ccc(CNC(=O)CCCc2ccccc2)cc1,5.366531544420413,1
Nc1ccccc1NC(=O)c1ccc(CNC(=O)CN2C(=O)C3(OCCCO3)c3cc(Cl)ccc32)cc1,6.863279432843593,2
Nc1ccccc1NC(=O)c1ccc(CNC(=O)Cc2ccccc2)cc1,5.2839966563652006,1
Nc1ccccc1NC(=O)c1ccc(CNC(=O)OC2CCCCC2)cc1,6.619066137851304,4
Nc1ccccc1NC(=O)c1ccc(CNC(=O)OC2CCN(S(=O)(=O)CCl)CC2)cc1,6.432973633840939,2
Nc1ccccc1NC(=O)c1ccc(CNC(=O)OC2CCN(S(=O)(=O)c3c(F)c(F)c(F)c(F)c3F)CC2)cc1,6.789379068039473,4
Nc1ccccc1NC(=O)c1ccc(CNC(=O)OCc2ccc(OCCOc3no[n+]([O-])c3S(=O)(=O)c3ccccc3)nc2)cc1,5.991399828238082,4
Nc1ccccc1NC(=O)c1ccc(CNC(=O)OCc2ccccc2)cc1,6.26440110030182,2
Nc1ccccc1NC(=O)c1ccc(CNC(=O)OCc2cccnc2)cc1,6.443212361976268,185
Nc1ccccc1NC(=O)c1ccc(CNC(=O)c2[nH]c(-c3ccc(O)cc3)cc2-c2ccccc2)cc1,6.96657624451305,1
Nc1ccccc1NC(=O)c1ccc(CNC(=O)c2[nH]c(-c3ccc(O)cc3)cc2-c2ccoc2)cc1,6.478861916295964,1
Nc1ccccc1NC(=O)c1ccc(CNC(=O)c2[nH]c(-c3ccc(O)cc3)cc2-c2ccsc2)cc1,6.987162775294828,1
Nc1ccccc1NC(=O)c1ccc(CNC(=O)c2[nH]c(-c3ccoc3)cc2-c2ccc(O)cc2)cc1,7.0655015487564325,1
Nc1ccccc1NC(=O)c1ccc(CNC(=O)c2[nH]c(-c3ccsc3)cc2-c2ccc(O)cc2)cc1,6.653647025549361,1
Nc1ccccc1NC(=O)c1ccc(CNC(=O)c2[nH]ncc2NC(=O)c2c(Cl)cccc2Cl)cc1,5.1938200260161125,1
Nc1ccccc1NC(=O)c1ccc(CNC(=O)c2cc(Cc3n[nH]c(=O)c4ccccc34)ccc2F)cc1,6.853871964321762,2
Nc1ccccc1NC(=O)c1ccc(CNC(=O)c2cc3ccc(OCc4ccc(Br)cc4)cc3oc2=O)cc1,6.301029995663981,2
Nc1ccccc1NC(=O)c1ccc(CNC(=O)c2cc3ccc(OCc4ccc(Cl)c(Cl)c4)cc3oc2=O)cc1,6.327902142064282,2
Nc1ccccc1NC(=O)c1ccc(CNC(=O)c2cc3cccnc3[nH]2)cc1,7.481486060122112,2
Nc1ccccc1NC(=O)c1ccc(CNC(=O)c2cc3ccncc3[nH]2)cc1,7.1487416512809245,2
Nc1ccccc1NC(=O)c1ccc(CNC(=O)c2cc3cnccc3[nH]2)cc1,7.075720713938118,2
Nc1ccccc1NC(=O)c1ccc(CNC(=O)c2cc3cnccc3s2)cc1,7.080921907623926,2
Nc1ccccc1NC(=O)c1ccc(CNC(=O)c2ccc(-c3ncc(CNc4ccccc4)s3)cc2)cc1,6.4089353929735005,2
Nc1ccccc1NC(=O)c1ccc(CNC(=O)c2ccc3cncn3c2)cc1,7.031517051446065,2
Nc1ccccc1NC(=O)c1ccc(CNC(=O)c2ccc3nccn3c2)cc1,7.060480747381382,2
Nc1ccccc1NC(=O)c1ccc(CNC(=O)c2cnc(-c3ccc4c(c3)OCCO4)[nH]2)cc1,5.436518914605589,2
Nc1ccccc1NC(=O)c1ccc(CNC(=O)c2cnc(-c3ccc4ccccc4c3)[nH]2)cc1,5.335358024443874,2
Nc1ccccc1NC(=O)c1ccc(CNC(=O)c2cnc(-c3ccc4occc4c3)[nH]2)cc1,5.3788237182249645,2
Nc1ccccc1NC(=O)c1ccc(CNC(=O)c2cnc(-c3cccc4ccccc34)[nH]2)cc1,5.614393726401688,2
Nc1ccccc1NC(=O)c1ccc(CNC(=O)c2cnc(-c3ccccc3)[nH]2)cc1,5.85078088734462,2
Nc1ccccc1NC(=O)c1ccc(CNC(=O)c2cnc3cn[nH]c3c2)cc1,6.619788758288394,2
Nc1ccccc1NC(=O)c1ccc(CNC(=O)c2cnn(-c3ccccc3)n2)cc1,7.026872146400302,2
Nc1ccccc1NC(=O)c1ccc(CNC(=O)c2n[nH]cc2NC(=O)c2c(Cl)cccc2Cl)cc1,5.1938200260161125,1
Nc1ccccc1NC(=O)c1ccc(CNC(=O)c2ncc(CNc3ccccc3)s2)cc1,6.638272163982407,2
Nc1ccccc1NC(=O)c1ccc(CNC(=O)c2nn(-c3cc(Cl)cc(Cl)c3)nc2N)cc1,6.651695136951839,2
Nc1ccccc1NC(=O)c1ccc(CNC(=O)c2nn(-c3ccc(Br)cc3)nc2N)cc1,6.950781977329818,2
Nc1ccccc1NC(=O)c1ccc(CNC(=O)c2nn(-c3ccc(C(F)(F)F)cc3)nc2N)cc1,6.7495799976911055,2
Nc1ccccc1NC(=O)c1ccc(CNC(=O)c2nn(-c3ccc(Cl)c(Cl)c3)nc2N)cc1,6.559090917934782,2
Nc1ccccc1NC(=O)c1ccc(CNC(=O)c2nn(-c3ccc(Cl)cc3)nc2N)cc1,6.991399828238082,2
Nc1ccccc1NC(=O)c1ccc(CNC(=O)c2nn(-c3ccc(F)cc3)nc2N)cc1,7.113509274827518,2
Nc1ccccc1NC(=O)c1ccc(CNC(=O)c2nn(-c3ccc4c(c3)OCO4)nc2N)cc1,7.301029995663981,2
Nc1ccccc1NC(=O)c1ccc(CNC(=O)c2nn(-c3ccc4ccccc4c3)nc2N)cc1,6.747146969020107,2
Nc1ccccc1NC(=O)c1ccc(CNC(=O)c2nn(-c3ccc4ncccc4c3)nc2N)cc1,7.431798275933005,2
Nc1ccccc1NC(=O)c1ccc(CNC(=O)c2nn(-c3cccc(Cl)c3)nc2N)cc1,6.939302159646388,2
Nc1ccccc1NC(=O)c1ccc(CNC(=O)c2nn(-c3cccc(Cl)c3Cl)nc2N)cc1,7.130768280269024,2
Nc1ccccc1NC(=O)c1ccc(CNC(=O)c2nn(-c3cccc(F)c3)nc2N)cc1,7.045757490560675,2
Nc1ccccc1NC(=O)c1ccc(CNC(=O)c2nn(-c3cccc4ccccc34)nc2N)cc1,7.251811972993799,2
Nc1ccccc1NC(=O)c1ccc(CNC(=O)c2nn(-c3cccc4cccnc34)nc2N)cc1,7.366531544420414,2
Nc1ccccc1NC(=O)c1ccc(CNC(=O)c2nn(-c3ccccc3)nc2N)cc1,7.366531544420414,2
Nc1ccccc1NC(=O)c1ccc(CNC(=O)c2nn(-c3ccccc3Cl)nc2N)cc1,7.305949399214741,4
Nc1ccccc1NC(=O)c1ccc(CNC(=O)c2nn(-c3ccccc3F)nc2N)cc1,7.1487416512809245,2
Nc1ccccc1NC(=O)c1ccc(CNC(=O)c2nn(-c3cccnc3)nc2N)cc1,7.130768280269024,2
Nc1ccccc1NC(=O)c1ccc(CNC2=NC(c3ccc(F)cc3)CO2)cc1,6.721246399047171,1
Nc1ccccc1NC(=O)c1ccc(CNC2=NC(c3cccc(F)c3)CO2)cc1,6.619788758288394,1
Nc1ccccc1NC(=O)c1ccc(CNC2=NC[C@@H](c3ccccc3)O2)cc1,7.119186407719209,2
Nc1ccccc1NC(=O)c1ccc(CNC2=NC[C@H](c3ccccc3)N2)cc1,6.619788758288394,1
Nc1ccccc1NC(=O)c1ccc(CNC2=NC[C@H](c3ccccc3)O2)cc1,6.4089353929735005,2
Nc1ccccc1NC(=O)c1ccc(CNC2=NC[C@H](c3ccccc3)S2)cc1,6.259637310505756,1
Nc1ccccc1NC(=O)c1ccc(CNC2=N[C@@H](Cc3c[nH]cn3)CO2)cc1,7.107905397309519,1
Nc1ccccc1NC(=O)c1ccc(CNC2=N[C@@H](Cc3ccccc3)CO2)cc1,6.698970004336019,1
Nc1ccccc1NC(=O)c1ccc(CNC2=N[C@@H](c3ccc(O)cc3)CO2)cc1,6.537602002101044,1
Nc1ccccc1NC(=O)c1ccc(CNC2=N[C@@H](c3ccccc3)CN2)cc1,6.619788758288394,1
Nc1ccccc1NC(=O)c1ccc(CNC2=N[C@@H](c3ccccc3)CO2)cc1,6.275724130399211,1
Nc1ccccc1NC(=O)c1ccc(CNC2=N[C@@H](c3cccnc3)CO2)cc1,6.585026652029182,1
Nc1ccccc1NC(=O)c1ccc(CNC2=N[C@H](Cc3c[nH]cn3)CO2)cc1,6.886056647693163,1
Nc1ccccc1NC(=O)c1ccc(CNC2=N[C@H](c3ccccc3)CO2)cc1,7.086186147616283,1
Nc1ccccc1NC(=O)c1ccc(CNC2=N[C@H](c3ccccc3)[C@H](c3ccccc3)O2)cc1,7.096910013008056,1
Nc1ccccc1NC(=O)c1ccc(CNC2CC2c2ccccc2)cc1,6.661543506395395,2
Nc1ccccc1NC(=O)c1ccc(CNCOC(=O)c2cccnc2)cc1,6.278503234122478,5
Nc1ccccc1NC(=O)c1ccc(CNC[C@H]2CN(c3ccc(N4CCOCC4)c(F)c3)C(=O)O2)cc1,6.009217308196862,2
Nc1ccccc1NC(=O)c1ccc(CNCc2cc3ccccc3s2)cc1,5.958607314841775,2
Nc1ccccc1NC(=O)c1ccc(CNCc2ccc(-c3ccccc3)cc2)cc1,6.045757490560675,2
Nc1ccccc1NC(=O)c1ccc(CNCc2ccc(-c3cccs3)cc2)cc1,6.0,2
Nc1ccccc1NC(=O)c1ccc(CNCc2cccc(-c3cccs3)c2)cc1,5.481486060122112,2
Nc1ccccc1NC(=O)c1ccc(CNCc2nc(-c3ccc(C(F)(F)F)cc3)no2)cc1,5.560667306169737,2
Nc1ccccc1NC(=O)c1ccc(CNCc2nc(-c3ccc(Cl)cc3)no2)cc1,7.045757490560675,2
Nc1ccccc1NC(=O)c1ccc(CNCc2nc(-c3ccc(F)cc3)no2)cc1,6.958607314841775,2
Nc1ccccc1NC(=O)c1ccc(CNCc2nc(-c3ccc([N+](=O)[O-])cc3)no2)cc1,7.221848749616356,2
Nc1ccccc1NC(=O)c1ccc(CNCc2nc(-c3ccccc3)no2)cc1,6.552841968657781,2
Nc1ccccc1NC(=O)c1ccc(CNCc2nc(-c3ccccc3Cl)no2)cc1,7.154901959985743,2
Nc1ccccc1NC(=O)c1ccc(CNCc2nc(-c3cccnc3)no2)cc1,5.279014255846261,2
Nc1ccccc1NC(=O)c1ccc(CNCc2nc(-c3cccs3)no2)cc1,5.414539270491499,2
Nc1ccccc1NC(=O)c1ccc(CNc2cc(-c3ccccc3)[nH]n2)cc1,7.154901959985743,1
Nc1ccccc1NC(=O)c1ccc(CNc2cc(-c3ccccc3)c(=O)[nH]n2)cc1,6.7500685181242615,2
Nc1ccccc1NC(=O)c1ccc(CNc2cc(-c3ccccc3)n[nH]2)cc1,7.154901959985743,1
Nc1ccccc1NC(=O)c1ccc(CNc2cc(-c3cccnc3)ncn2)cc1,7.154901959985743,2
Nc1ccccc1NC(=O)c1ccc(CNc2ccc(=O)n(-c3ccccc3)n2)cc1,6.809388292453769,2
Nc1ccccc1NC(=O)c1ccc(CNc2cccc(-c3cccnc3)c2)cc1,7.045757490560675,2
Nc1ccccc1NC(=O)c1ccc(CNc2cccc(-c3cccnc3)n2)cc1,6.7447274948966935,2
Nc1ccccc1NC(=O)c1ccc(CNc2cccc(F)n2)cc1,7.0,2
Nc1ccccc1NC(=O)c1ccc(CNc2cccc3c2C(=O)N(C2CCC(=O)NC2=O)C3=O)cc1,6.258257702747295,2
Nc1ccccc1NC(=O)c1ccc(CNc2ccccc2)cc1,6.0,2
Nc1ccccc1NC(=O)c1ccc(CNc2ccnc(-c3cccnc3)n2)cc1,6.698970004336019,2
Nc1ccccc1NC(=O)c1ccc(CNc2ccnn(-c3ccccc3)c2=O)cc1,6.81474160478472,2
Nc1ccccc1NC(=O)c1ccc(CNc2cncc(-c3cccnc3)n2)cc1,6.958607314841775,2
Nc1ccccc1NC(=O)c1ccc(CNc2nc(-c3ccccc3)c(-c3ccccc3)o2)cc1,8.221848749616356,2
Nc1ccccc1NC(=O)c1ccc(CNc2nc(-c3ccccc3)cs2)cc1,6.031517051446064,2
Nc1ccccc1NC(=O)c1ccc(CNc2nc(N)n3nc(-c4ccco4)nc3n2)cc1,7.181445347449175,2
Nc1ccccc1NC(=O)c1ccc(CNc2nc(NC3CC3)nc(NC3Cc4ccccc4C3)n2)cc1,7.522878745280337,2
Nc1ccccc1NC(=O)c1ccc(CNc2nc(NC3Cc4ccccc4C3)nc(N3CCOCC3)n2)cc1,7.096910013008056,2
Nc1ccccc1NC(=O)c1ccc(CNc2nc(NCCN3CCOCC3)nc(NC3Cc4ccccc4C3)n2)cc1,7.154901959985743,2
Nc1ccccc1NC(=O)c1ccc(CNc2nc3cc(Cl)ccc3o2)cc1,7.0,2
Nc1ccccc1NC(=O)c1ccc(CNc2nc3ccc(Br)cc3s2)cc1,7.301029995663981,2
Nc1ccccc1NC(=O)c1ccc(CNc2nc3ccc(OCCN4CCOCC4)cc3s2)cc1,7.221848749616356,2
Nc1ccccc1NC(=O)c1ccc(CNc2nc3ccccc3[nH]2)cc1,7.0,2
Nc1ccccc1NC(=O)c1ccc(CNc2ncc(-c3ccc(Cl)cc3)s2)cc1,6.522878745280337,2
Nc1ccccc1NC(=O)c1ccc(CNc2ncc(Br)s2)cc1,6.3979400086720375,2
Nc1ccccc1NC(=O)c1ccc(CNc2nccc(-c3cc(CO)no3)n2)cc1,6.6777807052660805,2
Nc1ccccc1NC(=O)c1ccc(CNc2nccc(-c3cc[nH]n3)n2)cc1,6.853871964321762,1
Nc1ccccc1NC(=O)c1ccc(CNc2nccc(-c3ccc(C(=O)N4CCOCC4)nc3)n2)cc1,6.6020599913279625,2
Nc1ccccc1NC(=O)c1ccc(CNc2nccc(-c3ccc(CN4CCOCC4)cc3)n2)cc1,7.045757490560675,2
Nc1ccccc1NC(=O)c1ccc(CNc2nccc(-c3ccc(N4CCOCC4)nc3)n2)cc1,7.301029995663981,2
Nc1ccccc1NC(=O)c1ccc(CNc2nccc(-c3ccc(OCCN4CCOCC4)cc3)n2)cc1,7.096910013008056,2
Nc1ccccc1NC(=O)c1ccc(CNc2nccc(-c3cccc(OCCN4CCOCC4)c3)n2)cc1,6.853871964321762,2
Nc1ccccc1NC(=O)c1ccc(CNc2nccc(-c3cccnc3)n2)cc1,7.000196112031905,42
Nc1ccccc1NC(=O)c1ccc(CNc2nccc(-c3ccn[nH]3)n2)cc1,6.853871964321762,1
Nc1ccccc1NC(=O)c1ccc(CNc2nccc(-c3ccsc3)n2)cc1,7.154901959985743,2
Nc1ccccc1NC(=O)c1ccc(CNc2nccc(-c3cnc4ccccn34)n2)cc1,7.275724130399211,2
Nc1ccccc1NC(=O)c1ccc(CNc2nccc(-c3cnc4cnccn34)n2)cc1,6.958607314841775,2
Nc1ccccc1NC(=O)c1ccc(CNc2nccc(-c3cnc4ncccn34)n2)cc1,7.455931955649724,2
Nc1ccccc1NC(=O)c1ccc(CNc2nccc(-c3cnccn3)n2)cc1,6.721246399047171,2
Nc1ccccc1NC(=O)c1ccc(CNc2nccc(-c3nccs3)n2)cc1,6.853871964321762,2
Nc1ccccc1NC(=O)c1ccc(CNc2ncccn2)cc1,6.154901959985743,2
Nc1ccccc1NC(=O)c1ccc(CNc2ncnc3ccccc23)cc1,6.673664139071249,1
Nc1ccccc1NC(=O)c1ccc(COc2ccc(CN3C(=O)CC[C@H]3CC(=O)NCc3ccccc3)cc2)cc1,7.075720713938118,2
Nc1ccccc1NC(=O)c1ccc(COc2ccc(CNC(=O)C3CCCO3)cc2)cc1,6.954677021213342,2
Nc1ccccc1NC(=O)c1ccc(COc2ccc(CNC(=O)[C@@H]3CCC(=O)N3Cc3ccc(Br)cc3)cc2)cc1,7.292429823902063,2
Nc1ccccc1NC(=O)c1ccc(COc2ccc(CNC(=O)[C@@H]3CCC(=O)N3Cc3ccc(F)cc3)cc2)cc1,6.665546248849069,2
Nc1ccccc1NC(=O)c1ccc(COc2ccc(CNC(=O)[C@@H]3CCC(=O)N3Cc3ccccc3)cc2)cc1,7.0,2
Nc1ccccc1NC(=O)c1ccc(COc2ccc(CNC(=O)[C@@H]3CCCN3)cc2)cc1,7.259637310505756,1
Nc1ccccc1NC(=O)c1ccc(COc2ccc(CNC(=O)[C@@H]3CCCN3C(=O)OCc3ccccc3)cc2)cc1,6.694648630553376,2
Nc1ccccc1NC(=O)c1ccc(COc2ccc(CNC(=O)[C@@H]3CCCN3C(=O)c3ccccc3)cc2)cc1,6.665546248849069,2
Nc1ccccc1NC(=O)c1ccc(COc2ccc(CNC(=O)[C@@H]3CCCN3Cc3ccc(F)cc3)cc2)cc1,6.886056647693163,2
Nc1ccccc1NC(=O)c1ccc(COc2ccc(CNC(=O)[C@@H]3CCCN3Cc3ccccc3)cc2)cc1,6.94692155651658,2
Nc1ccccc1NC(=O)c1ccc(COc2ccc(CNC(=O)[C@H]3CCC(=O)N3Cc3ccccc3)cc2)cc1,7.036212172654444,2
Nc1ccccc1NC(=O)c1ccc(COc2ccc(CNC(=O)[C@H]3CCCN3)cc2)cc1,6.586700235918748,1
Nc1ccccc1NC(=O)c1ccc(COc2ccc(CNC(=O)[C@H]3CCCN3Cc3ccccc3)cc2)cc1,7.031517051446065,2
Nc1ccccc1NC(=O)c1ccc(COc2ccc(CNC(=O)c3cc4ccccc4[nH]3)cc2)cc1,6.739928612014925,2
Nc1ccccc1NC(=O)c1ccc(COc2ccc(CNC(=O)c3ccccn3)cc2)cc1,6.698970004336019,2
Nc1ccccc1NC(=O)c1ccc(COc2ccc(F)cc2)cc1,5.896196279044043,2
Nc1ccccc1NC(=O)c1ccc(COc2ccc(NC(=O)[C@@H]3CCC(=O)N3Cc3ccccc3)cc2)cc1,6.366531544420413,2
Nc1ccccc1NC(=O)c1ccc(COc2ccc3ncnc(Nc4cccc(Br)c4)c3c2)cc1,6.447297721497868,3
Nc1ccccc1NC(=O)c1ccc(COc2cccc3c2CN(C2CCC(=O)NC2=O)C3=O)cc1,5.795880017344075,2
Nc1ccccc1NC(=O)c1ccc(CSC(=S)N2CCN(c3ccncc3)CC2)cc1,6.260061676272518,3
Nc1ccccc1NC(=O)c1ccc(CSC(=S)N2CCc3ccccc3C2)cc1,5.590066876668706,2
Nc1ccccc1NC(=O)c1ccc(CSC2=NC[C@H](c3ccccc3)N2)cc1,6.42021640338319,1
Nc1ccccc1NC(=O)c1ccc(CSC2=N[C@@H](Cc3ccccc3)CO2)cc1,6.154901959985743,2
Nc1ccccc1NC(=O)c1ccc(CSC2=N[C@@H](c3ccccc3)CN2)cc1,6.42021640338319,1
Nc1ccccc1NC(=O)c1ccc(CSC2=N[C@@H](c3ccccc3)CO2)cc1,5.920818753952375,2
Nc1ccccc1NC(=O)c1ccc(CSCC2COc3ccccc3O2)cc1,4.7447274948966935,2
Nc1ccccc1NC(=O)c1ccc(CSCc2ccc(Cl)cc2)cc1,4.721246399047171,2
Nc1ccccc1NC(=O)c1ccc(CSc2ccccn2)cc1,6.522878745280337,2
Nc1ccccc1NC(=O)c1ccc(CSc2nc(-c3ccccc3)cc(=O)[nH]2)cc1,6.698970004336019,2
Nc1ccccc1NC(=O)c1ccc(CSc2nc(N3CCOCC3)c3cccn3n2)cc1,6.690369832574101,2
Nc1ccccc1NC(=O)c1ccc(CSc2nc(NC3CCNCC3)c3cccn3n2)cc1,6.30715308072277,2
Nc1ccccc1NC(=O)c1ccc(CSc2nc(NCc3ccc(C(F)(F)F)cc3)c3cccn3n2)cc1,5.761953896871205,2
Nc1ccccc1NC(=O)c1ccc(CSc2nc(NCc3ccc(F)cc3)c3cccn3n2)cc1,6.317854923626168,2
Nc1ccccc1NC(=O)c1ccc(CSc2nc(Nc3cc[nH]n3)c3cccn3n2)cc1,6.8297382846050425,1
Nc1ccccc1NC(=O)c1ccc(CSc2nc(Nc3ccn[nH]3)c3cccn3n2)cc1,6.8297382846050425,1
Nc1ccccc1NC(=O)c1ccc(CSc2nc3ccc(NCCN4CCOCC4)cc3s2)cc1,7.154901959985743,2
Nc1ccccc1NC(=O)c1ccc(CSc2nc3ccc(NCc4ccccn4)cc3s2)cc1,7.154901959985743,2
Nc1ccccc1NC(=O)c1ccc(CSc2nc3ccc(NCc4cccnc4)cc3s2)cc1,6.096910013008056,2
Nc1ccccc1NC(=O)c1ccc(CSc2nc3ccccc3[nH]2)cc1,6.784318117920506,4
Nc1ccccc1NC(=O)c1ccc(CSc2nc3ccccc3s2)cc1,7.0,2
Nc1ccccc1NC(=O)c1ccc(CSc2ncc[nH]2)cc1,6.301029995663981,2
Nc1ccccc1NC(=O)c1ccc(CSc2nccc(C(F)(F)F)n2)cc1,7.205757243220261,3
Nc1ccccc1NC(=O)c1ccc(CSc2nnc(-c3ccccc3)o2)cc1,7.096910013008056,2
Nc1ccccc1NC(=O)c1ccc(CSc2nnc(-c3ccncc3)n2-c2ccccc2)cc1,4.655018586072742,2
Nc1ccccc1NC(=O)c1ccc(Cc2coc3ccccc3c2=O)cc1,7.522878745280337,2
Nc1ccccc1NC(=O)c1ccc(Cc2nnc(Cc3cccc4ccccc34)o2)cc1,6.698970004336019,2
Nc1ccccc1NC(=O)c1ccc(Cn2c(=O)[nH]c3ccccc3c2=O)cc1,6.4604093769761874,4
Nc1ccccc1NC(=O)c1ccc(Cn2c(=O)[nH]c3ccsc3c2=O)cc1,7.221848749616356,2
Nc1ccccc1NC(=O)c1ccc(Cn2c(=O)c3ccccc3n(CCN3CCOCC3)c2=O)cc1,6.3979400086720375,2
Nc1ccccc1NC(=O)c1ccc(Cn2c(=O)oc3ccccc3c2=O)cc1,7.0,2
Nc1ccccc1NC(=O)c1ccc(Cn2cc(-c3ccc(C(=O)NCc4cccnc4)cc3)nn2)cc1,6.3796877930999685,6
Nc1ccccc1NC(=O)c1ccc(Cn2cc(-c3ccc(NC(=O)NCc4cccnc4)cc3)nn2)cc1,7.3872161432802645,2
Nc1ccccc1NC(=O)c1ccc(Cn2cc(CN[C@@H]3C[C@H]3c3ccccc3)cn2)cc1,6.742321425130816,1
Nc1ccccc1NC(=O)c1ccc(Cn2ccc3c(Cl)nc(Cl)nc32)cc1,6.064744791360816,2
Nc1ccccc1NC(=O)c1ccc(Cn2cnc3c(Nc4ccc(C(=O)NO)cc4)nc(Cl)nc32)cc1,6.739928612014925,2
Nc1ccccc1NC(=O)c1ccc(Cn2cnc3c(Nc4ccc(F)c(Cl)c4)nc(Cl)nc32)cc1,6.164309428507575,2
Nc1ccccc1NC(=O)c1ccc(Cn2cnc3ccccc3c2=O)cc1,7.0,2
Nc1ccccc1NC(=O)c1ccc(Cn2cnc3ccsc3c2=O)cc1,6.698970004336019,2
Nc1ccccc1NC(=O)c1ccc(Cn2nc(-c3ccc(C(F)(F)F)cc3)ccc2=O)cc1,6.1012474025603405,2
Nc1ccccc1NC(=O)c1ccc(Cn2nc(-c3ccc(CN4CCCC4)cc3)ccc2=O)cc1,6.9675838901307126,2
Nc1ccccc1NC(=O)c1ccc(Cn2nc(-c3ccc(Cl)cc3)ccc2=O)cc1,7.259242855826985,2
Nc1ccccc1NC(=O)c1ccc(Cn2nc(-c3ccc(F)cc3)ccc2=O)cc1,7.277782413496627,2
Nc1ccccc1NC(=O)c1ccc(Cn2nc(-c3ccc(OC(F)(F)F)cc3)ccc2=O)cc1,6.09897784045348,2
Nc1ccccc1NC(=O)c1ccc(Cn2nc(-c3cccc(C(F)(F)F)c3)ccc2=O)cc1,7.051098513788243,2
Nc1ccccc1NC(=O)c1ccc(Cn2nc(-c3cccc(Cl)c3)ccc2=O)cc1,7.3872161432802645,2
Nc1ccccc1NC(=O)c1ccc(Cn2nc(-c3cccc(F)c3)ccc2=O)cc1,7.299731005304027,2
Nc1ccccc1NC(=O)c1ccc(Cn2nc(-c3cccc(OC(F)(F)F)c3)ccc2=O)cc1,6.140321427515336,2
Nc1ccccc1NC(=O)c1ccc(Cn2nc(-c3ccccc3)ccc2=O)cc1,7.269626229077901,2
Nc1ccccc1NC(=O)c1ccc(Cn2nc(-c3ccccc3C(F)(F)F)ccc2=O)cc1,6.906403266669518,2
Nc1ccccc1NC(=O)c1ccc(Cn2nc(-c3ccccc3Cl)ccc2=O)cc1,7.293283055809072,2
Nc1ccccc1NC(=O)c1ccc(Cn2nc(-c3ccccc3F)ccc2=O)cc1,7.216457395168382,2
Nc1ccccc1NC(=O)c1ccc(Cn2nc(-c3cccnc3)ccc2=O)cc1,6.995678626217357,2
Nc1ccccc1NC(=O)c1ccc(Cn2nc(-c3ccncc3)ccc2=O)cc1,7.086451122927933,2
Nc1ccccc1NC(=O)c1ccc(Cn2ncc3c2nc(N)n2nc(-c4ccco4)nc32)cc1,7.275724130399211,2
Nc1ccccc1NC(=O)c1ccc(Cn2nccc(-c3ccccc3)c2=O)cc1,7.064997141465859,2
Nc1ccccc1NC(=O)c1ccc(Cn2nnc3ccccc3c2=O)cc1,6.698970004336019,2
Nc1ccccc1NC(=O)c1ccc(N2CC3CC2CN3)nc1,6.512861624522813,2
Nc1ccccc1NC(=O)c1ccc(N2CC3CC2CN3C(=O)CCc2ccccc2)nc1,6.777283528852417,2
Nc1ccccc1NC(=O)c1ccc(N2CC3CC2CN3C(=O)OCc2ccccc2)nc1,7.167491087293763,2
Nc1ccccc1NC(=O)c1ccc(N2CC3CC2CN3Cc2ccccc2)nc1,6.628932137728263,2
Nc1ccccc1NC(=O)c1ccc(N2CC3CC2CN3c2ccc(Cl)cc2)nc1,7.4089353929735005,2
Nc1ccccc1NC(=O)c1ccc(N2CC3CC2CN3c2ccc(F)cc2)nc1,7.267606240177031,2
Nc1ccccc1NC(=O)c1ccc(N2CC3CCC(C2)N3C(=O)OCc2ccccc2)nc1,7.086186147616283,2
Nc1ccccc1NC(=O)c1ccc(N2CC3CCC2CN3)nc1,6.392544976785331,2
Nc1ccccc1NC(=O)c1ccc(N2CC3CCC2CN3C(=O)OCc2ccccc2)nc1,7.173925197299173,2
Nc1ccccc1NC(=O)c1ccc(N2CC3CCC2CN3C(=O)OCc2cccnc2)nc1,7.040958607678906,2
Nc1ccccc1NC(=O)c1ccc(N2CCC3(CC2)C(=O)NCN3c2ccccc2)nc1,7.4089353929735005,2
Nc1ccccc1NC(=O)c1ccc(N2CCC3(CC2)CNC(=O)O3)nc1,6.236572006437063,2
Nc1ccccc1NC(=O)c1ccc(N2CCC3(CC2)CNCc2ccccc23)nc1,7.050609993355087,2
Nc1ccccc1NC(=O)c1ccc(N2CCC3(CC2)CNc2ccccc23)nc1,6.886056647693163,2
Nc1ccccc1NC(=O)c1ccc(N2CCC3(CCN(S(=O)(=O)c4ccccc4)C3)C2)nc1,6.920818753952375,2
Nc1ccccc1NC(=O)c1ccc(N2CCC3(CCNC3)CC2)nc1,6.795880017344075,2
Nc1ccccc1NC(=O)c1ccc(N2CCN(C(=O)/C=C/c3ccc(F)cc3)CC2)cc1,6.007446482167865,2
Nc1ccccc1NC(=O)c1ccc(N2CCN(C(=O)OCc3ccccc3)C3CCC32)nc1,6.853871964321762,2
Nc1ccccc1NC(=O)c1ccc(N2CCN(C(=O)OCc3ccccc3)CC2)nc1,6.774690718274137,2
Nc1ccccc1NC(=O)c1ccc(N2CCN(C(=O)OCc3ccccc3)c3ccccc32)nc1,7.036212172654444,2
Nc1ccccc1NC(=O)c1ccc(N2CCN(Cc3ccccc3)CC2)cc1,4.44000006551306,1
Nc1ccccc1NC(=O)c1ccc(N2CCN3CCCCC3C2)nc1,6.230622673923861,2
Nc1ccccc1NC(=O)c1ccc(N2CCN[C@@H](Cc3ccccc3)C2)nc1,6.521433504406156,2
Nc1ccccc1NC(=O)c1ccc(N2CCOCC2)cc1,4.779999190713337,1
Nc1ccccc1NC(=O)c1ccc(N2CCn3c(-c4ccccc4)cnc3C2)nc1,6.856985199745905,2
Nc1ccccc1NC(=O)c1ccc(N2CCn3c(Cc4ccccc4)cnc3C2)nc1,6.653647025549361,2
Nc1ccccc1NC(=O)c1ccc(NC(=O)/C(Cl)=C(\Cl)c2cccnc2)cc1,6.173925197299173,2
Nc1ccccc1NC(=O)c1ccc(NC(=O)/C=C/c2cccnc2)cc1,6.207608310501746,2
Nc1ccccc1NC(=O)c1ccc(NC(=O)C(Cc2ccccc2)c2ccccc2)cn1,6.452225294612178,2
Nc1ccccc1NC(=O)c1ccc(NC(=O)C/C=C/c2cccnc2)cn1,6.853871964321762,1
Nc1ccccc1NC(=O)c1ccc(NC(=O)CCCCCCNC(=O)CNc2cccc3c2C(=O)N(C2CCC(=O)NC2=O)C3=O)cc1,6.619788758288394,2
Nc1ccccc1NC(=O)c1ccc(NC(=O)CCCCCNc2cccc3c2C(=O)N(C2CCC(=O)NC2=O)C3=O)cc1,6.657577319177793,2
Nc1ccccc1NC(=O)c1ccc(NC(=O)CCCCNC(=O)CNc2cccc3c2C(=O)N(C2CCC(=O)NC2=O)C3=O)cc1,6.537602002101044,2
Nc1ccccc1NC(=O)c1ccc(NC(=O)CCCCNc2cccc3c2C(=O)N(C2CCC(=O)NC2=O)C3=O)cc1,6.376750709602099,2
Nc1ccccc1NC(=O)c1ccc(NC(=O)CCCNC(=O)CNc2cccc3c2C(=O)N(C2CCC(=O)NC2=O)C3=O)cc1,6.494850021680094,2
Nc1ccccc1NC(=O)c1ccc(NC(=O)CCCNc2cccc3c2C(=O)N(C2CCC(=O)NC2=O)C3=O)cc1,6.443697499232712,2
Nc1ccccc1NC(=O)c1ccc(NC(=O)CCN2C(=O)C3(OCCCO3)c3cc(Br)ccc32)cc1,7.920818753952375,2
Nc1ccccc1NC(=O)c1ccc(NC(=O)CCN2C(=O)C3(OCCCO3)c3cc(Cl)ccc32)cc1,7.494850021680094,2
Nc1ccccc1NC(=O)c1ccc(NC(=O)CN2C(=O)C3(OCCCO3)c3cc(Br)ccc32)cc1,6.508638306165727,1
Nc1ccccc1NC(=O)c1ccc(NC(=O)CN2C(=O)C3(OCCO3)c3cc(Br)ccc32)cc1,7.337242168318426,2
Nc1ccccc1NC(=O)c1ccc(NC(=O)Cc2ccc(N3Cc4ccc(O)cc4OC3=O)cc2)cc1,6.698970004336019,2
Nc1ccccc1NC(=O)c1ccc(NC(=O)Cc2ccc3ccccc3c2)cn1,6.723538195826755,2
Nc1ccccc1NC(=O)c1ccc(NC(=O)Cc2cccc3ccccc23)cn1,6.889410289700751,2
Nc1ccccc1NC(=O)c1ccc(NC(=O)Cc2ccccc2)cn1,6.6968039425795105,2
Nc1ccccc1NC(=O)c1ccc(NC(=O)NCc2ccc(Cl)nc2)cc1,7.6777807052660805,2
Nc1ccccc1NC(=O)c1ccc(NC(=O)NCc2ccc(F)nc2)cc1,6.552841968657781,2
Nc1ccccc1NC(=O)c1ccc(NC(=O)NCc2cccnc2)cc1,6.657577319177793,2
Nc1ccccc1NC(=O)c1ccc(NC(=O)c2[nH]ncc2NC(=O)c2c(Cl)cccc2Cl)cc1,7.228235407484576,2
Nc1ccccc1NC(=O)c1ccc(NC(=O)c2ccc(-c3ncc(CNc4ccccc4)s3)cc2)cc1,6.1938200260161125,2
Nc1ccccc1NC(=O)c1ccc(NC(=O)c2n[nH]cc2NC(=O)c2c(Cl)cccc2Cl)cc1,7.226235711770109,2
Nc1ccccc1NC(=O)c1ccc(NC(=S)NCc2ccc(Cl)nc2)cc1,6.6020599913279625,2
Nc1ccccc1NC(=O)c1ccc(NC(=S)NCc2ccc(F)cc2)cc1,6.522878745280337,2
Nc1ccccc1NC(=O)c1ccc(NC(=S)NCc2ccc(F)nc2)cc1,6.431798275933005,2
Nc1ccccc1NC(=O)c1ccc(NC(=S)NCc2ccc3c(c2)OCO3)cc1,7.0,2
Nc1ccccc1NC(=O)c1ccc(NC(=S)NCc2cccc(Cl)c2)cc1,6.7447274948966935,2
Nc1ccccc1NC(=O)c1ccc(NC(=S)NCc2cccc(F)c2)cc1,6.769551078621726,2
Nc1ccccc1NC(=O)c1ccc(NC(=S)NCc2ccccc2F)cc1,6.522878745280337,2
Nc1ccccc1NC(=O)c1ccc(NC(=S)NCc2cccnc2)cc1,5.795880017344075,4
Nc1ccccc1NC(=O)c1ccc(NC(=S)NCc2cncc(Br)c2)cc1,6.455931955649724,2
Nc1ccccc1NC(=O)c1ccc(NC(=S)NCc2cncc(F)c2)cc1,6.356547323513812,2
Nc1ccccc1NC(=O)c1ccc(NC(=S)NCc2nc3ccccc3[nH]2)cc1,7.337242168318426,2
Nc1ccccc1NC(=O)c1ccc(NCC(=O)Nc2cc(Cl)ccc2Cl)cc1,5.065501548756432,2
Nc1ccccc1NC(=O)c1ccc(NCC(=O)Nc2ccc(Br)cc2)cc1,5.795880017344075,2
Nc1ccccc1NC(=O)c1ccc(NCC(=O)Nc2ccc(Cl)cc2)cc1,6.0,2
Nc1ccccc1NC(=O)c1ccc(NCC(=O)Nc2ccc([N+](=O)[O-])cc2)cc1,6.154901959985743,2
Nc1ccccc1NC(=O)c1ccc(NCC(=O)Nc2cccc(Cl)c2)cc1,5.6020599913279625,2
Nc1ccccc1NC(=O)c1ccc(NCC(=O)Nc2cccc([N+](=O)[O-])c2)cc1,5.853871964321762,2
Nc1ccccc1NC(=O)c1ccc(NCC(=O)Nc2ccccc2)cc1,5.130768280269024,2
Nc1ccccc1NC(=O)c1ccc(NCC(=O)Nc2ccccc2Cl)cc1,5.537602002101044,2
Nc1ccccc1NC(=O)c1ccc(NCC(=O)Nc2ccccc2[N+](=O)[O-])cc1,5.698970004336019,2
Nc1ccccc1NC(=O)c1ccc(Nc2nccc(-c3cccnc3)n2)cc1,5.698970004336019,2
Nc1ccccc1NC(=O)c1ccc(OCCCOc2ccc3c(OCCn4nc(-c5cn[nH]c5)ccc4=O)ccnc3c2)cn1,7.42021640338319,2
Nc1ccccc1NC(=O)c1ccc(OCCNc2nc(N)n3nc(-c4ccco4)nc3n2)cc1,7.16273016888516,2
Nc1ccccc1NC(=O)c1ccc(OCCn2ncc3c2nc(N)n2nc(-c4ccco4)nc32)cc1,6.55323007821767,2
Nc1ccccc1NC(=O)c1ccc(S(=O)(=O)n2ccc3cc(OCCCN4CCCCC4)ccc32)cc1,6.614393726401688,2
Nc1ccccc1NC(=O)c1ccc(S(=O)(=O)n2ccc3cc(OCc4ccccc4)ccc32)cc1,6.376750709602099,2
Nc1ccccc1NC(=O)c1ccc2ncccc2c1,4.726998727936262,2
Nc1ccccc1NC(=O)c1ccc2nccnc2c1,5.640272917984125,3
Nc1ccccc1NC(=O)c1cccc(C(=O)NCC2CCN(Cc3ccccc3)CC2)c1,5.671620396561263,1
Nc1ccccc1NC(=O)c1cccc(C(=O)NCCNc2nonc2/C(=N/O)Nc2ccc(F)c(Br)c2)c1,6.198596289982644,1
Nc1ccccc1NC(=O)c1cccc(C(=O)NCCNc2nonc2C(=Nc2ccc(F)c(Br)c2)NO)c1,6.198802165540851,1
Nc1ccccc1NC(=O)c1cccc(S(=O)(=O)NCC2CCN(Cc3ccccc3)CC2)c1,5.892790030352131,1
Nc1ccccc1NC(=O)c1ccccc1,5.619788758288394,2
Nc1ccccc1NC(=O)c1ccccn1,5.169982878955797,3
Nc1ccccc1NC(=O)c1cccnc1,5.35721640612573,6
Nc1ccccc1NC(=O)c1cnc(N2CCN(Cc3c[nH]c4ccccc34)CC2)cn1,6.886056647693163,2
Nc1ccccc1NC(=O)c1cnc(NCc2ccccc2)cn1,5.9775716288145135,4
Nc1ccccc1NC(=O)c1cnc2c(C3CC3)c(N3CCNCC3)ccc2c1,6.449771646944906,1
Nc1ccccc1NC(=O)c1cnccn1,5.658253121916157,6
Nc1cccnc1COCc1ccc(-c2noc(C(F)(F)F)n2)c(F)c1,5.585026652029182,1
Nc1ccn(Cc2ccc(-c3cn(CCCCCCC(=O)NO)nn3)cc2)c(=O)n1,8.570250720906111,2
Nc1cnc(-c2ccccc2)cc1NC(=O)c1cnc2cc(N3CCNCC3)ccc2c1,5.909036923404269,1
Nc1nc(-c2ccco2)c2cnn(CCCCC(=O)NO)c2n1,6.404503778174426,2
Nc1nc(-c2ccco2)c2cnn(CCCCCC(=O)NO)c2n1,8.031517051446064,2
Nc1nc(-c2ccco2)c2cnn(CCCCCCC(=O)NO)c2n1,8.619788758288394,2
Nc1nc(-c2ccco2)c2cnn(CCCCCCCC(=O)NO)c2n1,8.031517051446064,2
Nc1nc(-c2ccco2)c2cnn(CCCOc3ccc(C(=O)Nc4ccccc4N)cc3)c2n1,6.721246399047171,2
Nc1nc(-c2ccco2)c2cnn(CCCc3ccc(C(=O)NO)cc3)c2n1,7.188763464360939,2
Nc1nc(-c2ccco2)c2cnn(CCCc3ccc(C(=O)Nc4ccccc4N)cc3)c2n1,6.731071570915509,2
Nc1nc(-c2ccco2)c2cnn(CCOc3ccc(C(=O)NO)cc3)c2n1,7.9566421680275585,2
Nc1nc(-c2ccco2)c2cnn(CCOc3ccc(C(=O)Nc4ccccc4N)cc3)c2n1,6.978810700930062,2
Nc1nc(-c2ccco2)c2cnn(CCc3ccc(C(=O)NO)cc3)c2n1,6.899113052163553,2
Nc1nc(-c2ccco2)c2cnn(CCc3ccc(C(=O)Nc4ccccc4N)cc3)c2n1,6.838183191733502,2
Nc1nc(-c2ccco2)c2cnn(Cc3ccc(/C=C/C(=O)NO)cc3)c2n1,8.148741651280925,2
Nc1nc(-c2ccco2)c2cnn(Cc3ccc(/C=C/C(=O)Nc4ccccc4N)cc3)c2n1,6.932744106445901,2
Nc1nc(-c2ccco2)c2cnn(Cc3ccc(C(=O)NO)cc3)c2n1,7.889423339022647,2
Nc1nc(-c2ccco2)c2cnn(Cc3ccc(C(=O)Nc4ccccc4N)cc3)c2n1,7.7508447231052,2
Nc1nc(-c2ccco2)c2cnn(Cc3ccc(N)c(OCCCCCCC(=O)NO)c3)c2n1,7.431798275933005,2
Nc1nc(-c2ccco2)c2cnn(Cc3cccc(/C=C/C(=O)NO)c3)c2n1,8.075720713938118,2
Nc1nc(-c2ccco2)c2cnn(Cc3cccc(/C=C/C(=O)Nc4ccccc4N)c3)c2n1,5.929685022399461,2
Nc1nc(-c2ccco2)c2cnn(Cc3cccc(OCCCCC(=O)NO)c3)c2n1,6.821023052706831,2
Nc1nc(-c2ccco2)c2cnn(Cc3cccc(OCCCCC(=O)NO)n3)c2n1,6.37700937221869,2
Nc1nc(-c2ccco2)c2cnn(Cc3cccc(OCCCCCC(=O)NO)c3)c2n1,7.0655015487564325,2
Nc1nc(-c2ccco2)c2cnn(Cc3cccc(OCCCCCC(=O)NO)n3)c2n1,6.71669877129645,2
Nc1nc(-c2ccco2)c2cnn(Cc3cccc(OCCCCCCC(=O)NO)c3)c2n1,7.727037335322079,2
Nc1nc(-c2ccco2)c2cnn(Cc3cccc(OCCCCCCC(=O)NO)n3)c2n1,7.638272163982407,2
Nc1nc(Cl)c2ccn(Cc3ccc(-c4noc(C(F)(F)F)n4)cc3F)c2n1,4.342944147142896,2
Nc1nc(Cl)c2ccn(Cc3ccc(C(=O)NO)cc3)c2n1,6.4089353929735005,2
Nc1nc(Cl)c2ccn(Cc3ccc(C(=O)NO)cc3F)c2n1,6.0,2
Nc1nc(Cl)c2ccn(Cc3ccc(C(=O)NO)cn3)c2n1,6.004364805402449,2
Nc1nc(Cl)c2ccn(Cc3ccc(C(=O)Nc4cc(F)ccc4N)cc3)c2n1,5.910094888560602,2
Nc1nc(Cl)c2ccn(Cc3ccc(NC(=O)CS)cc3)c2n1,5.552841968657781,2
Nc1nc(Cl)c2ncn(Cc3ccc(-c4noc(C(F)(F)F)n4)c(Cl)c3)c2n1,5.78806681966785,3
Nc1nc(Cl)c2ncn(Cc3ccc(-c4noc(C(F)(F)F)n4)c(F)c3)c2n1,4.533132379645891,2
Nc1nc(Cl)c2ncn(Cc3ccc(-c4noc(C(F)(F)F)n4)cc3)c2n1,4.134896025358872,2
Nc1nc(Cl)c2ncn(Cc3ccc(-c4noc(C(F)(F)F)n4)cc3F)c2n1,4.411168274405793,2
Nc1nc(Cl)c2ncn(Cc3ccc(C(=O)NO)cc3)c2n1,6.008773924307505,2
Nc1nc(Cl)c2ncn(Cc3ccc(C(=O)NO)cn3)c2n1,5.886056647693163,2
Nc1nc(Cl)c2ncn(Cc3ccc(C(=O)Nc4ccccc4N)cc3)c2n1,6.567030709125595,2
Nc1nc(Cl)c2ncn(Cc3ccc(CNC(=O)CS)cc3)c2n1,4.4089353929735005,2
Nc1nc(Cl)c2ncn(Cc3ccc(NC(=O)CS)cc3)c2n1,5.050609993355087,2
Nc1nc(N2CCN(CCc3ccc(C(=O)NO)cc3)CC2)nc2nc(-c3ccco3)nn12,6.656099566255516,2
Nc1nc(N2CCOCC2)c2ncn(CC(=O)NCCCCCC(=O)NO)c2n1,5.343901797987169,1
Nc1nc(NCCCCCC(=O)NO)c2[nH]cnc2n1,6.906578314837764,1
Nc1nc(NCCCCCCC(=O)NO)c2[nH]cnc2n1,7.337242168318426,1
Nc1nc(NCCCCCCC(=O)NO)nc2nc(-c3ccco3)nn12,8.113509274827518,2
Nc1nc(NCCCc2ccc(C(=O)NO)cc2)nc2nc(-c3ccco3)nn12,7.622520206139145,2
Nc1nc(NCCOc2ccc(C(=O)NO)cc2)nc2nc(-c3ccco3)nn12,8.130768280269024,2
Nc1nc(NCCc2ccc(/C=C/C(=O)NO)cc2)nc2nc(-c3ccco3)nn12,7.995699914119041,2
Nc1nc(NCCc2ccc(C(=O)NO)cc2)nc2nc(-c3ccco3)nn12,6.982341176137345,2
Nc1nc(NCCc2ccc(NC(=O)CCCCCCC(=O)NO)cc2)nc2nc(-c3ccco3)nn12,7.9300604567993815,2
Nc1nc(NCCc2ccc(OCCCC(=O)NO)cc2)nc2nc(-c3ccco3)nn12,6.9675838901307126,2
Nc1nc(NCCc2ccc(OCCCCC(=O)NO)cc2)nc2nc(-c3ccco3)nn12,6.988219454951528,2
Nc1nc(NCCc2ccc(OCCCCCC(=O)NO)cc2)nc2nc(-c3ccco3)nn12,7.0612308249525855,2
Nc1nc(NCCc2ccccc2)nc(NCc2ccc(C(=O)Nc3ccccc3N)cc2)n1,7.0,2
Nc1nc(NCc2ccc(/C=C/C(=O)NO)cc2)nc2nc(-c3ccco3)nn12,8.301029995663981,2
Nc1nc(NCc2ccc(C(=O)NO)cc2)nc2nc(-c3ccco3)nn12,7.662569429631094,2
Nc1nc(NCc2ccc(C(=O)Nc3ccccc3N)cc2)c2[nH]cnc2n1,6.698970004336019,2
Nc1nc(NCc2ccc(C(=O)Nc3ccccc3N)cc2)nc(N2CCOCC2)n1,6.698970004336019,2
Nc1nc(NCc2ccc(C(=O)Nc3ccccc3N)cc2)nc(N2CCc3ccccc32)n1,7.0,2
Nc1nc(NCc2ccc(C(=O)Nc3ccccc3N)cc2)nc(N2Cc3ccccc3C2)n1,7.3979400086720375,2
Nc1nc(NCc2ccc(C(=O)Nc3ccccc3N)cc2)nc(NC2CCCC2)n1,6.698970004336019,2
Nc1nc(NCc2ccc(C(=O)Nc3ccccc3N)cc2)nc(NC2Cc3ccccc3C2)n1,6.698970004336019,2
Nc1nc(NCc2ccc(OCCCCC(=O)NO)cc2)nc2nc(-c3ccco3)nn12,6.788479515140574,2
Nc1nc(Nc2ccc(F)c(Cl)c2)c2ccn(Cc3ccc(C(=O)Nc4ccccc4N)cc3)c2n1,7.0301183562535,2
Nc1nc(Nc2ccc(F)c(Cl)c2)c2ncn(Cc3ccc(C(=O)Nc4ccccc4N)cc3)c2n1,6.96657624451305,2
Nc1nc2c(cnn2CCCCC(=O)NO)c2nc(-c3ccco3)nn12,6.313587248246842,2
Nc1nc2c(cnn2CCCCCC(=O)NO)c2nc(-c3ccco3)nn12,7.568636235841012,2
Nc1nc2c(cnn2CCCCCCC(=O)NO)c2nc(-c3ccco3)nn12,8.42021640338319,2
Nc1nc2c(cnn2CCN2CCC(c3ccc(C(=O)NO)cc3)CC2)c2nc(-c3ccco3)nn12,7.075720713938118,2
Nc1nc2c(cnn2CCN2CCc3ccc(C(=O)NO)cc3C2)c2nc(-c3ccco3)nn12,6.399027104313252,2
Nc1nc2c(cnn2CCc2ccc(C(=O)NO)cc2)c2nc(-c3ccco3)nn12,6.860909107716241,2
Nc1nc2c(cnn2CCc2ccc(NC(=O)CCCCCCC(=O)NO)cc2)c2nc(-c3ccco3)nn12,8.096910013008056,2
Nc1nc2c(cnn2CCc2ccc(OCCCCCC(=O)NO)cc2)c2nc(-c3ccco3)nn12,7.091514981121351,2
Nc1nc2cc(-c3nn(CC4CCN(C(=O)CCCCC(=O)NO)CC4)c4ncnc(N)c34)ccc2o1,7.187086643357144,2
Nc1nc2cc(-c3nn(CC4CCN(C(=O)c5ccc(C(=O)NO)cc5)CC4)c4ncnc(N)c34)ccc2o1,7.920818753952375,2
Nc1nc2cc(-c3nn(CC4CCN(C(=O)c5ccc(C(=O)NO)s5)CC4)c4ncnc(N)c34)ccc2o1,8.229147988357855,2
Nc1nc2cc(-c3nn(CC4CCN(c5ncc(C(=O)NO)cn5)CC4)c4ncnc(N)c34)ccc2o1,9.040958607678906,2
Nc1nc2cc(-c3nn(CCCCC(=O)NO)c4ncnc(N)c34)ccc2o1,7.080921907623926,2
Nc1nc2cc(-c3nn(CCCCCCC(=O)NO)c4ncnc(N)c34)ccc2o1,8.808271851737622,4
Nc1nc2cc(-c3nn(Cc4ccc(C(=O)NO)cc4)c4ncnc(N)c34)ccc2o1,8.301029995663981,2
Nc1nc2cc(-c3nn(Cc4ccc(C(=O)NO)cn4)c4ncnc(N)c34)ccc2o1,7.958607314841775,2
Nc1nc2cc(-c3nn(Cc4ccc(C(=O)NO)s4)c4ncnc(N)c34)ccc2o1,7.920818753952375,2
Nc1nc2ncc(CNc3ccc(C(=O)NCCCCC(=O)NO)cc3)nc2c(=O)[nH]1,5.211124884224583,2
Nc1nc2ncc(CNc3ccc(C(=O)NCCCCCC(=O)NO)cc3)nc2c(=O)[nH]1,7.097998472635194,2
Nc1nc2ncc(CNc3ccc(C(=O)NCCCCCCC(=O)NO)cc3)nc2c(=O)[nH]1,7.634528153286132,2
Nc1nc2ncc(CNc3ccc(C(=O)NCCCCCCCC(=O)NO)cc3)nc2c(=O)[nH]1,7.7945270706561125,2
Nc1nc2ncc(CNc3ccc(C(=O)NCCCCCCCCC(=O)NO)cc3)nc2c(=O)[nH]1,6.280668713016274,2
Nc1nc2ncc(CNc3ccc(C(=O)NO)cc3)nc2c(=O)[nH]1,5.621602099051863,2
Nc1nc2ncc(CNc3ccc(C(=O)N[C@@H](CCC(=O)NCCCC(=O)Nc4cc(-c5cccs5)ccc4N)C(=O)O)cc3)nc2c(=O)[nH]1,5.531652669587842,2
Nc1nc2ncc(CNc3ccc(C(=O)N[C@@H](CCC(=O)NCCCCCCC(=O)NO)C(=O)O)cc3)nc2c(=O)[nH]1,5.752026733638193,2
Nc1nc2ncc(CNc3ccc(C(=O)N[C@@H](CCC(=O)NCCCCCCC(=O)Nc4cc(-c5cccs5)ccc4N)C(=O)O)cc3)nc2c(=O)[nH]1,6.361510743045363,2
Nc1nc2ncc(CNc3ccc(C(=O)N[C@@H](CCC(=O)NCCCCCCCC(=O)NO)C(=O)O)cc3)nc2c(=O)[nH]1,5.7447274948966935,2
Nc1nc2ncc(CNc3ccc(C(=O)N[C@@H](CCC(=O)NCCCCCCCC(=O)Nc4cc(-c5cccs5)ccc4N)C(=O)O)cc3)nc2c(=O)[nH]1,6.542118103266008,2
Nc1nc2ncc(CNc3ccc(C(=O)N[C@@H](CCC(=O)NCCCCCCCCC(=O)NO)C(=O)O)cc3)nc2c(=O)[nH]1,5.559090917934782,2
Nc1nc2ncc(CNc3ccc(C(=O)N[C@@H](CCC(=O)NCCCCCCCCC(=O)Nc4cc(-c5cccs5)ccc4N)C(=O)O)cc3)nc2c(=O)[nH]1,6.510041520575165,2
Nc1ncc(-c2nc(N3CCC(CO)CC3)c3ncn(CCCCCCC(=O)NO)c3n2)cn1,9.00436480540245,2
Nc1ncc(-c2nc(N3CCC(O)CC3)c3ncn(CCCCCCC(=O)NO)c3n2)cn1,9.161150909262744,2
Nc1ncc(-c2nc(N3CCOCC3)c3ccn(CCCCCCC(=O)NO)c3n2)cn1,8.823908740944319,4
Nc1ncc(-c2nc(N3CCOCC3)c3ncn(CCCCCCC(=O)NO)c3n2)cn1,8.638272163982407,2
Nc1ncc(-c2nc(N3CCOCC3)c3ncn(CCNCc4ccc(/C=C/C(=O)NO)cc4)c3n2)cn1,6.866461091629782,2
Nc1ncc(-c2nc(N3CCOCC3)nc3c2ncn3CCCCC(=O)NO)cn1,5.755970410969978,2
Nc1ncc(-c2nc(N3CCOCC3)nc3c2ncn3CCCCCC(=O)NO)cn1,7.221848749616356,2
Nc1ncc(-c2nc(N3CCOCC3)nc3c2ncn3CCCCCCC(=O)NO)cn1,7.769551078621726,2
Nc1ncc(-c2nn(CCCCC(=O)NO)c3ncnc(N)c23)cn1,6.319664486585436,2
Nc1ncc(-c2nn(CCCCCCC(=O)NO)c3ncnc(N)c23)cn1,7.958607314841775,2
Nc1ncc(C(=O)NO)cn1,5.513711239039434,2
Nc1ncc2cc(-c3nnn(Cc4cc(F)c(-c5nnc(C(F)F)o5)cc4F)n3)ccc2n1,3.000000434294699,1
Nc1nccc2cc(-c3nnn(Cc4cc(F)c(-c5nnc(C(F)F)o5)cc4F)n3)ccc12,3.000000434294699,1
Nc1nccc2cc(-c3nnn(Cc4ccc(-c5nnc(C(F)F)o5)cc4Cl)n3)ccc12,3.000000434294699,1
Nc1nccc2cc(-c3nnn(Cc4ccc(-c5nnc(C(F)F)o5)cc4F)n3)ccc12,3.000000434294699,1
Nc1ncnc2c1c(-c1ccc(Cl)cc1)nn2-c1cccc(-c2cnnn2CCCCCC(=O)NO)c1,7.0655015487564325,2
Nc1ncnc2c1c(-c1cnc3[nH]ccc3c1)nn2CCCCCCCCC(=O)NO,7.698970004336019,2
Nc1ncnc2c1c(-c1cnc3ccccc3c1)nn2CCCCC(=O)NO,7.187086643357144,2
Nc1ncnc2c1c(-c1cnc3ccccc3c1)nn2CCCCCCC(=O)NO,8.387216143280265,2
Nc1ncnc2c1nc(Sc1cc3c(cc1Br)OCO3)n2CCCCCC(=O)NO,7.0,1
Nc1ncnc2c1nc(Sc1cc3c(cc1Br)OCO3)n2CCOCCCCC(=O)NO,6.0,1
Nc1ncnc2c1nc(Sc1cc3c(cc1Br)OCO3)n2CCOCCCCCC(=O)NO,6.0,1
Nc1ncnc2c1nc(Sc1cc3c(cc1I)OCO3)n2CCNCCCCCC(=O)NO,7.0,1
Nc1ncnc2c1ncn2Cc1ccc(-c2cn(CCCCCCC(=O)NO)nn2)cc1,8.619788758288394,2
Nc1ncnc2cc(-c3cn(Cc4ccc(-c5nnc(C(F)F)o5)cc4F)nn3)ccc12,3.000000434294699,1
Nc1ncnc2sc(-c3cn(Cc4c(F)cc(-c5nnc(C(F)F)o5)cc4F)nn3)cc12,3.000000434294699,1
Nc1ncnc2sc(-c3cn(Cc4cc(F)c(-c5nnc(C(F)F)o5)cc4F)nn3)cc12,3.000000434294699,1
Nc1ncnc2sc(-c3cn(Cc4ccc(-c5nnc(C(F)F)o5)c(F)c4F)nn3)cc12,3.000000434294699,1
Nc1ncnc2sc(-c3cn(Cc4ccc(-c5nnc(C(F)F)o5)cc4F)nn3)cc12,3.000000434294699,1
Nc1nn(-c2cc(Cl)cc(Cl)c2)nc1C(=O)NCc1ccc(C(=O)NO)cc1,8.008773924307505,2
Nc1nn(-c2ccc(Br)cc2)nc1C(=O)NCc1ccc(C(=O)NO)cc1,8.657577319177793,2
Nc1nn(-c2ccc(C(F)(F)F)cc2)nc1C(=O)NCc1ccc(C(=O)NO)cc1,8.508638306165727,2
Nc1nn(-c2ccc(Cl)c(Cl)c2)nc1C(=O)NCc1ccc(C(=O)NO)cc1,8.537602002101044,2
Nc1nn(-c2ccc(Cl)cc2)nc1C(=O)NCc1ccc(C(=O)NO)cc1,8.585026652029182,2
Nc1nn(-c2ccc(F)cc2)nc1C(=O)NCc1ccc(C(=O)NO)cc1,8.275724130399212,2
Nc1nn(-c2ccc3c(c2)OCO3)nc1C(=O)NCc1ccc(C(=O)NO)cc1,8.67778070526608,2
Nc1nn(-c2ccc3ccccc3c2)nc1C(=O)NCc1ccc(C(=O)NO)cc1,8.886056647693163,2
Nc1nn(-c2ccc3ncccc3c2)nc1C(=O)NCc1ccc(C(=O)NO)cc1,9.0,2
Nc1nn(-c2cccc(Cl)c2)nc1C(=O)NCc1ccc(C(=O)NO)cc1,8.494850021680094,2
Nc1nn(-c2cccc(Cl)c2Cl)nc1C(=O)NCc1ccc(C(=O)NO)cc1,8.0268721464003,2
Nc1nn(-c2cccc(F)c2)nc1C(=O)NCc1ccc(C(=O)NO)cc1,8.3767507096021,2
Nc1nn(-c2cccc3ccccc23)nc1C(=O)NCc1ccc(C(=O)NO)cc1,8.236572006437063,2
Nc1nn(-c2cccc3cccnc23)nc1C(=O)NCc1ccc(C(=O)NO)cc1,8.0,2
Nc1nn(-c2ccccc2)nc1C(=O)NCc1ccc(/C=C/C(=O)NO)cc1,8.397940008672037,2
Nc1nn(-c2ccccc2)nc1C(=O)NCc1ccc(C(=O)NO)cc1,8.577450979992872,4
Nc1nn(-c2ccccc2Cl)nc1C(=O)NCc1ccc(C(=O)NO)cc1,7.958607314841775,2
Nc1nn(-c2ccccc2F)nc1C(=O)NCc1ccc(C(=O)NO)cc1,8.2839966563652,2
Nc1nn(-c2cccnc2)nc1C(=O)NCc1ccc(C(=O)NO)cc1,7.958607314841775,2
Nc1sc(-c2ccccc2)cc1NC(=O)c1cnc2cc(N3CCNCC3)ccc2c1,5.917214629683549,1
O=C(/C=C(\CO)c1ccccc1)c1ccccc1,5.519550351895236,6
O=C(/C=C/C#Cc1ccc(NS(=O)(=O)c2ccccc2)cc1)NO,6.582833646136377,4
O=C(/C=C/C1CCN(CCc2ccccc2)CC1)NO,4.795880017344075,2
O=C(/C=C/C1CCN(Cc2ccc(Cl)cc2)CC1)NO,5.045757490560675,2
O=C(/C=C/C1CCN(Cc2cccc3ccccc23)CC1)NO,5.522878745280337,2
O=C(/C=C/C=C/CC/C=C/c1ccc2c(c1)OCO2)NO,6.136677139879544,2
O=C(/C=C/C=C/CCCCc1ccc2c(c1)OCO2)NO,5.79317412396815,2
O=C(/C=C/C=C/CS(=O)c1ccc(Cl)cc1)NO,5.920818753952375,1
O=C(/C=C/C=C/CSc1ccc(Cl)cc1)NO,5.795880017344075,1
O=C(/C=C/C=C/CSc1cccc2ccccc12)NO,5.026872146400301,1
O=C(/C=C/C=C/c1ccc(Cl)cc1)NO,6.598599459218455,1
O=C(/C=C/C=C/c1ccccc1)NCCCCCC(=O)NO,7.537602002101044,1
O=C(/C=C/C=C/c1ccccc1)NO,6.554395796726403,1
O=C(/C=C/C=C/c1csc(Br)n1)NO,5.17850361457668,4
O=C(/C=C/CCCCOc1ccc(-c2ccccc2)cc1)C(F)(F)F,5.301029995663981,1
O=C(/C=C/CCCOc1ccc(-c2ccccc2)cc1)C(F)(F)F,5.301029995663981,1
O=C(/C=C/COc1no[n+]([O-])c1S(=O)(=O)c1ccccc1)NO,5.431798275933005,1
O=C(/C=C/c1cc(/C=C/C(=O)c2ccccc2)ccn1)NO,6.490797477668897,1
O=C(/C=C/c1cc(C(=O)c2ccccc2)c[nH]1)NO,5.301029995663981,1
O=C(/C=C/c1cc(C(=O)c2ccccc2)cn1-c1ccccc1)NO,3.9586073148417746,1
O=C(/C=C/c1ccc(-c2cc(CN3CCOCC3)on2)cc1)NO,5.20342566678957,1
O=C(/C=C/c1ccc(-c2ccc(O)cc2)cc1)NO,5.2588484011482155,2
O=C(/C=C/c1ccc(-c2ccc3ncnc(Nc4ccc(OCc5cccc(F)c5)c(Cl)c4)c3c2)cc1)NO,6.187086643357144,2
O=C(/C=C/c1ccc(-c2ccc3ncnc(Nc4ccc(OCc5cccc(F)c5)c(Cl)c4)c3c2)o1)NO,6.209999926841628,3
O=C(/C=C/c1ccc(-c2ccc3ncnc(Nc4ccc(OCc5cccc(F)c5)c(Cl)c4)c3c2)s1)NO,4.513535837413589,3
O=C(/C=C/c1ccc(-c2nnc(Cc3c[nH]c4ccccc34)o2)cc1)NO,6.221848749616356,2
O=C(/C=C/c1ccc(-c2nnc(Cc3cccc4ccccc34)o2)cc1)NO,6.096910013008056,2
O=C(/C=C/c1ccc(/C=C(/CNC2CC2)c2ccc(F)cc2)cc1)NO,7.795880017344075,2
O=C(/C=C/c1ccc(/C=C/C(=O)c2cc(Cl)ccc2Cl)o1)NO,5.326058001365912,2
O=C(/C=C/c1ccc(/C=C/C(=O)c2ccc(Cl)cc2)o1)NO,4.804100347590766,2
O=C(/C=C/c1ccc(/C=C/C(=O)c2ccc(Cl)cc2Cl)o1)NO,5.367542707815275,2
O=C(/C=C/c1ccc(/C=C/C(=O)c2ccc(F)cc2)o1)NO,4.824488186636552,2
O=C(/C=C/c1ccc(/C=C/C(=O)c2ccc3ccccc3c2)o1)NO,5.682658916711611,3
O=C(/C=C/c1ccc(/C=C/C(=O)c2cccc(Cl)c2)o1)NO,4.8996294548824375,2
O=C(/C=C/c1ccc(/C=C/C(=O)c2ccccc2)cc1)NO,5.8297382846050425,1
O=C(/C=C/c1ccc(/C=C/C(=O)c2ccccc2)cn1)NO,7.657577319177793,1
O=C(/C=C/c1ccc(/C=C/C(=O)c2ccccc2)o1)NO,4.937418015771837,2
O=C(/C=C/c1ccc(/C=C/c2ccnc(-c3ccccc3O)c2)cc1)NO,6.327902142064282,2
O=C(/C=C/c1ccc(/C=N/OCCN2CCOCC2)cc1)NO,5.514278573518419,2
O=C(/C=C/c1ccc(/C=N/OCc2c(F)c(F)c(F)c(F)c2F)cc1)NO,5.261219441515631,2
O=C(/C=C/c1ccc(/C=N/OCc2ccc([N+](=O)[O-])cc2)cc1)NO,6.102372908709558,2
O=C(/C=C/c1ccc(C(=O)NC(Cc2c[nH]c3ccccc23)C(=O)NC2CC2)cc1)NO,6.3979400086720375,1
O=C(/C=C/c1ccc(C(=O)NC(Cc2c[nH]c3ccccc23)C(=O)NC2CCCC2)cc1)NO,6.619788758288394,1
O=C(/C=C/c1ccc(C(=O)NC(Cc2c[nH]c3ccccc23)C(=O)NCc2ccccc2)cc1)NO,6.698970004336019,1
O=C(/C=C/c1ccc(C(=O)NC(Cc2c[nH]c3ccccc23)C(=O)Nc2ccc(Br)cc2)cc1)NO,7.902662577921219,3
O=C(/C=C/c1ccc(C(=O)NC(Cc2c[nH]c3ccccc23)C(=O)Nc2ccc(C(F)(F)F)cc2)cc1)NO,6.251811972993799,1
O=C(/C=C/c1ccc(C(=O)NC(Cc2c[nH]c3ccccc23)C(=O)Nc2ccc(Cl)cc2)cc1)NO,7.970699497887538,3
O=C(/C=C/c1ccc(C(=O)NC(Cc2c[nH]c3ccccc23)C(=O)Nc2ccc(F)cc2)cc1)NO,6.522878745280337,1
O=C(/C=C/c1ccc(C(=O)NC(Cc2c[nH]c3ccccc23)C(=O)Nc2ccc(I)cc2)cc1)NO,7.801486416246306,3
O=C(/C=C/c1ccc(C(=O)NC(Cc2c[nH]c3ccccc23)C(=O)Nc2ccc3ccccc3c2)cc1)NO,8.174979956037204,3
O=C(/C=C/c1ccc(C(=O)NC(Cc2c[nH]c3ccccc23)C(=O)Nc2cccc(Br)c2)cc1)NO,8.396035937139613,3
O=C(/C=C/c1ccc(C(=O)NC(Cc2c[nH]c3ccccc23)C(=O)Nc2ccccc2)cc1)NO,6.823908740944319,1
O=C(/C=C/c1ccc(C(=O)NC(Cc2c[nH]c3ccccc23)C(=O)Nc2ccccc2Br)cc1)NO,6.886056647693163,1
O=C(/C=C/c1ccc(C(=O)NC(Cc2c[nH]c3ccccc23)C(=O)Nc2ccncc2)cc1)NO,7.136677139879544,1
O=C(/C=C/c1ccc(C(=O)NCC2CCN(Cc3ccccc3)CC2)cc1)NO,6.552841968657781,1
O=C(/C=C/c1ccc(C(=O)NCCNc2nonc2/C(=N/O)Nc2ccc(F)c(Br)c2)cc1)NO,7.337242168318426,1
O=C(/C=C/c1ccc(C(=O)NCCNc2nonc2C(=Nc2ccc(F)c(Br)c2)NO)cc1)NO,7.335358024443875,1
O=C(/C=C/c1ccc(C(=O)NO)cc1)NCC1CCN(Cc2ccccc2)CC1,5.6777807052660805,1
O=C(/C=C/c1ccc(C(=O)NO)cc1)N[C@@H](Cc1c[nH]c2ccccc12)C(=O)NC1CC1,6.570409197776698,1
O=C(/C=C/c1ccc(C(=O)NO)cc1)N[C@@H](Cc1c[nH]c2ccccc12)C(=O)NC1CCCC1,6.603626272463494,1
O=C(/C=C/c1ccc(C(=O)NO)cc1)N[C@@H](Cc1c[nH]c2ccccc12)C(=O)NCCc1ccccc1,7.661543506395395,1
O=C(/C=C/c1ccc(C(=O)NO)cc1)N[C@@H](Cc1c[nH]c2ccccc12)C(=O)NCc1ccccc1,7.428291168191312,1
O=C(/C=C/c1ccc(C(=O)NO)cc1)N[C@@H](Cc1c[nH]c2ccccc12)C(=O)Nc1ccc(Br)cc1,7.796553096182614,3
O=C(/C=C/c1ccc(C(=O)NO)cc1)N[C@@H](Cc1c[nH]c2ccccc12)C(=O)Nc1ccc(Cl)cc1,7.588591709499944,3
O=C(/C=C/c1ccc(C(=O)NO)cc1)N[C@@H](Cc1c[nH]c2ccccc12)C(=O)Nc1ccc(F)cc1,8.698970004336019,1
O=C(/C=C/c1ccc(C(=O)NO)cc1)N[C@@H](Cc1c[nH]c2ccccc12)C(=O)Nc1ccc(I)cc1,7.530177984021837,1
O=C(/C=C/c1ccc(C(=O)NO)cc1)N[C@@H](Cc1c[nH]c2ccccc12)C(=O)Nc1cccc(Cl)c1,7.7899838875879555,3
O=C(/C=C/c1ccc(C(=O)NO)cc1)N[C@@H](Cc1c[nH]c2ccccc12)C(=O)Nc1cccc2ccccc12,7.22548303427145,1
O=C(/C=C/c1ccc(C(=O)NO)cc1)N[C@@H](Cc1c[nH]c2ccccc12)C(=O)Nc1ccccc1,8.119186407719209,1
O=C(/C=C/c1ccc(C(=O)NO)cc1)N[C@@H](Cc1c[nH]c2ccccc12)C(=O)Nc1ccccc1Cl,7.243363891754152,1
O=C(/C=C/c1ccc(C(=O)NO)cc1)N[C@@H](Cc1c[nH]c2ccccc12)C(=O)Nc1ccncc1,7.432973633840939,1
O=C(/C=C/c1ccc(C(=O)Nc2cccc(Nc3ncc(-c4cccnc4)s3)c2)cc1)NO,7.0,2
O=C(/C=C/c1ccc(C(=O)Nc2cccc(Nc3ncc(-c4cccnc4)s3)c2)s1)NO,6.795880017344075,2
O=C(/C=C/c1ccc(C(=O)c2cc3ccccc3[nH]2)cc1)NO,6.427690197575418,3
O=C(/C=C/c1ccc(C(=O)c2cc3ccccc3n2S(=O)(=O)c2ccccc2)cc1)NO,6.296979351455501,3
O=C(/C=C/c1ccc(C(=O)c2cc3ccccc3o2)cc1)NO,6.304926932985019,3
O=C(/C=C/c1ccc(C(F)(F)F)cc1)NO,5.386158178123931,2
O=C(/C=C/c1ccc(C(c2c[nH]c3ccccc23)c2c[nH]c3ccccc23)cc1)NO,5.318758762624412,2
O=C(/C=C/c1ccc(C2CCCN2CCc2c(-c3cccnc3)nn3ccccc23)cc1)NO,9.0,2
O=C(/C=C/c1ccc(C2CCCN2CCc2cnn3ccccc23)cc1)NO,9.045757490560675,2
O=C(/C=C/c1ccc(CC(=O)N(Cc2ccc3ccccc3n2)c2ccccc2)cc1)NO,6.142667503568731,1
O=C(/C=C/c1ccc(CC(O)c2ccccc2)o1)NO,6.301029995663981,1
O=C(/C=C/c1ccc(CCNC(=O)c2c[nH]c3ncccc23)cc1)NO,7.848510031625875,2
O=C(/C=C/c1ccc(CCNC(=O)c2cc(C(F)(F)F)ccc2Cl)cc1)NO,7.244735537536037,2
O=C(/C=C/c1ccc(CCNC(=O)c2cc(Cc3n[nH]c(=O)c4ccccc34)ccc2F)cc1)NO,7.566555192171179,2
O=C(/C=C/c1ccc(CCNC(=O)c2ccc3[nH]cnc3c2)cc1)NO,8.10790539730952,1
O=C(/C=C/c1ccc(CCNC(=O)c2ccc3c(c2)OCCO3)cc1)NO,7.953341699397834,2
O=C(/C=C/c1ccc(CCNC(=O)c2ccc3c(c2)OCO3)cc1)NO,8.143271529663215,2
O=C(/C=C/c1ccc(CCNC(=O)c2ccc3nc[nH]c3c2)cc1)NO,8.10790539730952,1
O=C(/C=C/c1ccc(CCNC(=O)c2ccc3ncccc3c2)cc1)NO,8.397940008672037,2
O=C(/C=C/c1ccc(CCNC(=O)c2cncc(F)c2)cc1)NO,7.587884999995136,2
O=C(/C=C/c1ccc(CCc2nc3ccccc3[nH]2)cc1)NO,6.853871964321762,1
O=C(/C=C/c1ccc(CN(CCCCOc2ccccc2)CCc2ccc3c(c2)OCO3)o1)NO,5.804100347590767,1
O=C(/C=C/c1ccc(CN(CCCCOc2ccccc2)Cc2ccccc2)o1)NO,5.673664139071249,1
O=C(/C=C/c1ccc(CN(CCCOc2ccccc2)Cc2ccccc2)o1)NO,5.402196090954618,3
O=C(/C=C/c1ccc(CN(CCCc2ccccc2)Cc2ccccn2)cc1)NO,6.555955204081924,1
O=C(/C=C/c1ccc(CN(CCCc2ccccc2)Cc2cccnc2)cc1)NO,6.785156151952302,1
O=C(/C=C/c1ccc(CN(CCF)CC23CC4CC(CC(C4)C2)C3)cc1)NO,6.655607726314889,1
O=C(/C=C/c1ccc(CN(CCO)CCc2c[nH]c3ccccc23)cc1)NO,8.000900045089812,19
O=C(/C=C/c1ccc(CN(CCO)CCc2cc3ccccc3[nH]2)cc1)NO,8.744727494896694,2
O=C(/C=C/c1ccc(CN(CCO)CCc2ccc3c(c2)OCO3)o1)NO,6.3979400086720375,1
O=C(/C=C/c1ccc(CN(CCO)CCc2cnc3ccccc3c2)cc1)NO,7.619788758288394,1
O=C(/C=C/c1ccc(CN(CCO)Cc2ccc(-c3ccccc3)cc2)o1)NO,7.050609993355087,1
O=C(/C=C/c1ccc(CN(CCO)Cc2ccccc2)o1)NO,5.5204199925045705,3
O=C(/C=C/c1ccc(CN(CCOC(=O)NCc2ccoc2)CCc2c[nH]c3ccccc23)cc1)NO,6.431798275933005,1
O=C(/C=C/c1ccc(CN(CCOc2ccccc2)CCc2ccc3c(c2)OCO3)o1)NO,5.627087997029893,1
O=C(/C=C/c1ccc(CN(CCOc2ccccc2)Cc2ccc(-c3ccccc3)cc2)o1)NO,5.917214629683549,1
O=C(/C=C/c1ccc(CN(CCOc2ccccc2)Cc2ccccc2)o1)NO,4.694004117229196,2
O=C(/C=C/c1ccc(CN(CCc2c[nH]c3ccccc23)C(CO)CO)cc1)NO,7.2839966563652006,1
O=C(/C=C/c1ccc(CN(CCc2c[nH]c3ccccc23)C2CCCCC2)cc1)NO,7.698970004336019,1
O=C(/C=C/c1ccc(CN(CCc2c[nH]c3ccccc23)C2CCOCC2)cc1)NO,8.0,1
O=C(/C=C/c1ccc(CN(CCc2c[nH]c3ccccc23)CC(F)(F)F)cc1)NO,6.6777807052660805,2
O=C(/C=C/c1ccc(CN(CCc2c[nH]c3ccccc23)CCC(F)(F)F)cc1)NO,7.327902142064282,2
O=C(/C=C/c1ccc(CN(CCc2c[nH]c3ccccc23)Cc2ccccc2)cc1)NO,7.070581074285707,1
O=C(/C=C/c1ccc(CN(CCc2ccc3c(c2)OCO3)Cc2ccccc2)o1)NO,5.642065152999546,1
O=C(/C=C/c1ccc(CN(Cc2ccc(F)cc2)c2ncc(C(=O)NCCCn3ccnc3)s2)cc1)NO,7.040958607678906,2
O=C(/C=C/c1ccc(CN2C(=O)Cc3cc(Br)ccc32)cc1)NO,6.156144577376839,1
O=C(/C=C/c1ccc(CN2C(=O)Cc3cc(Cl)ccc32)cc1)NO,6.132532512140949,1
O=C(/C=C/c1ccc(CN2C(=O)Cc3cc(F)ccc32)cc1)NO,5.299988937677888,1
O=C(/C=C/c1ccc(CN2C(=O)Cc3ccccc32)cc1)NO,5.635261444944602,1
O=C(/C=C/c1ccc(CN2CCC(c3c[nH]c4ccccc34)CC2)cc1)NO,7.275724130399211,1
O=C(/C=C/c1ccc(CN2CCCC(c3c(-c4ccccc4)[nH]c4ccccc34)C2)c(F)c1)NO,7.795880017344075,2
O=C(/C=C/c1ccc(CN2CCCC(c3c(-c4ccccc4)[nH]c4ccccc34)C2)cc1)NO,8.090228032229065,4
O=C(/C=C/c1ccc(CN2CCCC(c3c[nH]c4ccccc34)C2)c(F)c1)NO,6.866461091629782,2
O=C(/C=C/c1ccc(CN2CCCC(c3c[nH]c4ccccc34)C2)cc1)NO,7.958607314841775,2
O=C(/C=C/c1ccc(CN2CCN(C(=O)c3cc(Cc4n[nH]c(=O)c5ccccc45)ccc3F)CC2)cc1)NO,7.4187924819467765,2
O=C(/C=C/c1ccc(CN2CCc3[nH]c4ccccc4c3C2)cc1)NO,8.102372908709558,2
O=C(/C=C/c1ccc(CN2CCc3c([nH]c4ccccc34)C2)cc1)NO,6.928117992693874,1
O=C(/C=C/c1ccc(CNC(=O)c2ccc(-c3csc(-n4[nH]c(-c5ccccc5)c(N=Nc5nccs5)c4=O)n3)cc2)cc1)NO,5.872409322992042,1
O=C(/C=C/c1ccc(CNC(=O)c2ccc(N3CCCC3)cc2)cc1)NO,6.687960328314557,2
O=C(/C=C/c1ccc(CNC(=O)c2ccc(N3CCN(Cc4cccnc4)CC3)cc2)cc1)NO,6.244148002533356,1
O=C(/C=C/c1ccc(CNC(=O)c2ccccn2)cc1)NO,6.026269657229261,2
O=C(/C=C/c1ccc(CNC(=O)c2cccnc2)cc1)NO,6.431229742945042,2
O=C(/C=C/c1ccc(CNC2CC2c2ccccc2)cc1)NO,7.920818753952375,2
O=C(/C=C/c1ccc(CNCC23CC4CC(CC(C4)C2)C3)c(F)c1)NO,9.10790539730952,1
O=C(/C=C/c1ccc(CNCC23CC4CC(CC(C4)C2)C3)cc1)NO,9.022276394711152,1
O=C(/C=C/c1ccc(CNCC2CCCCC2)c(F)c1)NO,8.785156151952302,1
O=C(/C=C/c1ccc(CNCC2CCCCC2)cc1)NO,8.744727494896694,1
O=C(/C=C/c1ccc(CNCCCCc2c[nH]c3ccccc23)cc1)NO,7.431798275933005,1
O=C(/C=C/c1ccc(CNCCCN2c3ccccc3CCc3ccc(Cl)cc32)cc1)NO,5.417936637088291,2
O=C(/C=C/c1ccc(CNCCCc2c[nH]c3ccccc23)cc1)NO,7.275724130399211,1
O=C(/C=C/c1ccc(CNCCCc2ccccc2)cc1)NO,6.947212502634916,3
O=C(/C=C/c1ccc(CNCCCn2c3ccccc3c3ccccc32)cc1)NO,7.102372908709558,1
O=C(/C=C/c1ccc(CNCCOc2ccccc2)cc1)NO,7.161150909262744,1
O=C(/C=C/c1ccc(CNCCc2c(-c3ccccc3)[nH]c3ccccc23)cc1)NO,7.920818753952375,2
O=C(/C=C/c1ccc(CNCCc2c(-c3ccccc3)nn3ccccc23)cc1)NO,8.698970004336019,2
O=C(/C=C/c1ccc(CNCCc2c(-c3ccccn3)[nH]c3ccccc23)cc1)NO,7.920818753952375,2
O=C(/C=C/c1ccc(CNCCc2c(-c3cccs3)[nH]c3ccccc23)cc1)NO,7.309803919971486,2
O=C(/C=C/c1ccc(CNCCc2c(C(=O)O)[nH]c3ccccc23)cc1)NO,7.638272163982407,2
O=C(/C=C/c1ccc(CNCCc2c[nH]c3ccc(F)cc23)cc1)NO,7.853871964321762,1
O=C(/C=C/c1ccc(CNCCc2c[nH]c3ccc(OCc4ccccc4)cc23)cc1)NO,7.522878745280337,1
O=C(/C=C/c1ccc(CNCCc2c[nH]c3ccccc23)cc1)NO,7.512284095745368,4
O=C(/C=C/c1ccc(CNCCc2c[nH]c3cccnc23)cc1)NO,7.958607314841775,1
O=C(/C=C/c1ccc(CNCCc2c[nH]c3ccncc23)cc1)NO,7.6777807052660805,1
O=C(/C=C/c1ccc(CNCCc2c[nH]c3ncccc23)cc1)NO,8.301029995663981,1
O=C(/C=C/c1ccc(CNCCc2cc3ccccc3[nH]2)cc1)NO,7.337242168318426,1
O=C(/C=C/c1ccc(CNCCc2ccc3c(c2)OCO3)cc1)NO,7.522878745280337,1
O=C(/C=C/c1ccc(CNCCc2cn(CC3CC3)c3ccccc23)cc1)NO,7.075720713938118,1
O=C(/C=C/c1ccc(CNCCc2cnc3ccccc3c2)cc1)NO,7.173925197299173,1
O=C(/C=C/c1ccc(CNCCc2cnc3ccccn23)cc1)NO,8.0,2
O=C(/C=C/c1ccc(CNCCc2cnn3ccccc23)cc1)NO,8.221848749616356,2
O=C(/C=C/c1ccc(CNCCc2coc3ccccc23)cc1)NO,7.795880017344075,1
O=C(/C=C/c1ccc(CNCCn2c3ccccc3c3ccccc32)cc1)NO,7.180456064458131,1
O=C(/C=C/c1ccc(CNC[C@H]2CN(c3ccc(N4CCOCC4)c(F)c3)C(=O)O2)cc1)NO,5.962573502059376,2
O=C(/C=C/c1ccc(CNCc2c[nH]c3ccccc23)cc1)NO,7.229147988357855,1
O=C(/C=C/c1ccc(CNCc2cc3ccccc3[nH]2)cc1)NO,7.292429823902063,1
O=C(/C=C/c1ccc(CNCc2ccc3cc(Br)ccc3n2)cc1)NO,6.425968732272281,1
O=C(/C=C/c1ccc(CNCc2ccc3cc(Cl)ccc3n2)cc1)NO,6.515700160653214,1
O=C(/C=C/c1ccc(CNCc2ccc3cccc(Cl)c3n2)cc1)NO,6.868406698530681,3
O=C(/C=C/c1ccc(CNCc2ccc3ccccc3n2)cc1)NO,7.045486682302438,3
O=C(/C=C/c1ccc(CNCc2ccccc2)cc1)NO,6.431798275933005,1
O=C(/C=C/c1ccc(CN[C@@H](CO)Cc2c[nH]c3ccccc23)cc1)NO,7.3979400086720375,1
O=C(/C=C/c1ccc(CN[C@H](CO)Cc2c[nH]c3ccccc23)cc1)NO,7.568636235841012,1
O=C(/C=C/c1ccc(CNc2cc3c([nH]c4ccccc43)c(-c3ccc([N+](=O)[O-])cc3)n2)cc1)NO,7.698970004336019,2
O=C(/C=C/c1ccc(CNc2cc3c(cn2)[nH]c2ccccc23)cc1)NO,6.7055337738384075,2
O=C(/C=C/c1ccc(CNc2ccc3nc4n(c(=O)c3c2)CCCCC4)cc1)NO,7.3014647250202955,2
O=C(/C=C/c1ccc(CNc2nccc(-c3cccnc3)n2)cc1)NO,7.086186147616283,1
O=C(/C=C/c1ccc(CONC(=O)Nc2cccc3ccccc23)cc1)NO,4.3796056035219895,2
O=C(/C=C/c1ccc(CONC(=O)Nc2ccccc2)cc1)NO,3.781441953475961,2
O=C(/C=C/c1ccc(CONC(=O)Nc2ccccc2-c2ccccc2)cc1)NO,5.321323253019726,2
O=C(/C=C/c1ccc(CONC(=O)c2ccc3ccccc3c2)cc1)NO,5.63245616788608,2
O=C(/C=C/c1ccc(CONC(=O)c2ccc3ccccc3n2)cc1)NO,6.190557757502274,2
O=C(/C=C/c1ccc(CONC(=O)c2ccccc2)cc1)NO,5.981207078586691,2
O=C(/C=C/c1ccc(CONC(=O)c2csc(-c3ccccc3)n2)cc1)NO,4.826120391034767,2
O=C(/C=C/c1ccc(CONC(=O)c2nccc3ccccc23)cc1)NO,5.526028397870162,2
O=C(/C=C/c1ccc(COc2ccc(-c3csc(-n4[nH]c(-c5ccccc5)c(N=Nc5nccs5)c4=O)n3)cc2)cc1)NO,6.613144470815276,1
O=C(/C=C/c1ccc(CSc2nc3c([nH]c4ccccc43)c(=O)[nH]2)cc1)NO,5.623423042943488,1
O=C(/C=C/c1ccc(CSc2nc3ccccc3n2CC2CC2)cc1)NO,7.4089353929735005,1
O=C(/C=C/c1ccc(CSc2nc3ccccc3n2Cc2ccc(Br)cc2)cc1)NO,6.886056647693163,1
O=C(/C=C/c1ccc(CSc2nc3ccccc3n2Cc2ccc(Cl)cc2)cc1)NO,6.823908740944319,1
O=C(/C=C/c1ccc(CSc2nc3ccccc3n2Cc2cccc(Br)c2)cc1)NO,6.769551078621726,1
O=C(/C=C/c1ccc(CSc2nc3ccccc3n2Cc2ccccn2)cc1)NO,7.267606240177031,1
O=C(/C=C/c1ccc(Cc2nc3ccccc3[nH]2)cc1)NO,7.552841968657781,1
O=C(/C=C/c1ccc(Cc2nnc(Cc3cccc4ccccc34)o2)cc1)NO,6.698970004336019,2
O=C(/C=C/c1ccc(Cl)cc1F)NCCCCCC(=O)NO,8.362203352122748,3
O=C(/C=C/c1ccc(Cn2cc(C(=O)NC3C4CC5CC(C4)CC3C5)c3ccccc32)cc1)NO,6.844284665947755,2
O=C(/C=C/c1ccc(Cn2cc(Nc3ncc(Cl)c(Nc4ccc(F)cc4)n3)cn2)cc1)NO,6.84163750790475,1
O=C(/C=C/c1ccc(Cn2cnc3cc(F)ccc3c2=O)cc1)NO,6.823908740944319,1
O=C(/C=C/c1ccc(NC(=O)C(Cc2ccccc2)c2ccccc2)cn1)NO,5.847711655616944,6
O=C(/C=C/c1ccc(NC(=O)CN2C(=O)C3(OCCO3)c3cc(Br)ccc32)cc1)NO,6.657577319177793,1
O=C(/C=C/c1ccc(NC(=O)Cc2ccc3ccccc3c2)cn1)NO,6.424812155072339,2
O=C(/C=C/c1ccc(NC(=O)Cc2cccc3ccccc23)cn1)NO,7.0043869621537524,4
O=C(/C=C/c1ccc(NC(=O)Cc2ccccc2)cn1)NO,7.167491087293763,2
O=C(/C=C/c1ccc(NC(=O)Nc2ccc(Cl)c(C(F)(F)F)c2)cc1)NO,5.140861702705469,2
O=C(/C=C/c1ccc(NC(=O)Nc2ccc(Cl)cc2)cc1)NO,5.683095171267413,3
O=C(/C=C/c1ccc(NC(=O)Nc2cccc3ccccc23)cc1)NO,6.040958607678906,1
O=C(/C=C/c1ccc(NCCCc2c[nH]c3ccccc23)cc1)NO,6.581698708680255,1
O=C(/C=C/c1ccc(NCCCn2cc(-c3ncnc4[nH]ccc34)cn2)cc1)NO,5.576754126063192,2
O=C(/C=C/c1ccc(NS(=O)(=O)Cc2ccccc2)cc1)NO,6.1249387366083,1
O=C(/C=C/c1ccc(NS(=O)(=O)c2cc(Cl)cc(Cl)c2O)cc1)NO,7.022276394711152,1
O=C(/C=C/c1ccc(NS(=O)(=O)c2cc3ccccc3s2)cc1)NO,6.698970004336019,1
O=C(/C=C/c1ccc(NS(=O)(=O)c2ccc(-c3ccccc3)cc2)cc1)NO,7.920479790880056,6
O=C(/C=C/c1ccc(NS(=O)(=O)c2ccc(-c3cccs3)s2)cc1)NO,7.301029995663981,1
O=C(/C=C/c1ccc(NS(=O)(=O)c2ccc(Cl)c(Cl)c2)cc1)NO,6.973606251317459,3
O=C(/C=C/c1ccc(NS(=O)(=O)c2ccc(Cl)cc2)cc1)NO,7.1249387366083,3
O=C(/C=C/c1ccc(NS(=O)(=O)c2ccc(Cl)cc2Cl)cc1)NO,6.522878745280337,3
O=C(/C=C/c1ccc(NS(=O)(=O)c2ccc(OC(F)(F)F)cc2)cc1)NO,6.221848749616356,3
O=C(/C=C/c1ccc(NS(=O)(=O)c2ccc([N+](=O)[O-])cc2)cc1)NO,6.118520470177387,3
O=C(/C=C/c1ccc(NS(=O)(=O)c2ccc3ccccc3c2)cc1)NO,7.522878745280337,1
O=C(/C=C/c1ccc(NS(=O)(=O)c2ccc3oc4ccccc4c3c2)cc1)NO,7.397940008672037,1
O=C(/C=C/c1ccc(NS(=O)(=O)c2cccc(C(F)(F)F)c2)cc1)NO,7.0,3
O=C(/C=C/c1ccc(NS(=O)(=O)c2cccc3ccccc23)cc1)NO,7.301029995663981,3
O=C(/C=C/c1ccc(NS(=O)(=O)c2cccc3cccnc23)cc1)NO,6.634363328997314,3
O=C(/C=C/c1ccc(NS(=O)(=O)c2cccc3oc4ccccc4c23)cc1)NO,7.3979400086720375,2
O=C(/C=C/c1ccc(NS(=O)(=O)c2ccccc2)cc1)NO,6.765242252338748,8
O=C(/C=C/c1ccc(NS(=O)(=O)c2cccs2)cc1)NO,6.221848749616356,1
O=C(/C=C/c1ccc(O)c(O)c1)O[C@@H]1CC(O)(C(=O)O)C[C@@H](OC(=O)/C=C/c2ccc(O)c(O)c2)C1O,3.8439356876601343,1
O=C(/C=C/c1ccc(O)c(O)c1)O[C@@H]1C[C@@](O)(C(=O)O)C[C@@H](O)[C@@H]1O,3.768530409569319,1
O=C(/C=C/c1ccc(O)c(O)c1)O[C@@H]1C[C@](O)(C(=O)O)C[C@@H](O)[C@H]1O,3.425968732272281,1
O=C(/C=C/c1ccc(OCCOc2ccc3ncnc(Nc4ccc(F)c(Cl)c4)c3c2)cc1)NO,7.0,1
O=C(/C=C/c1ccc(OC[C@H](Cc2c[nH]c3ccccc23)NC(=O)CCc2ccccc2)cc1)NO,7.281498311132726,1
O=C(/C=C/c1ccc(OC[C@H](Cc2c[nH]c3ccccc23)NC(=O)Cc2ccccc2)cc1)NO,7.799998243865471,3
O=C(/C=C/c1ccc(OC[C@H](Cc2c[nH]c3ccccc23)NC(=O)c2ccc(-c3ccccc3)cc2)cc1)NO,5.768683357090499,1
O=C(/C=C/c1ccc(OC[C@H](Cc2c[nH]c3ccccc23)NC(=O)c2ccc(Br)cc2)cc1)NO,7.690369832574101,1
O=C(/C=C/c1ccc(OC[C@H](Cc2c[nH]c3ccccc23)NC(=O)c2ccc(Cl)c(Cl)c2)cc1)NO,6.678194516142462,1
O=C(/C=C/c1ccc(OC[C@H](Cc2c[nH]c3ccccc23)NC(=O)c2ccc(Cl)cc2)cc1)NO,8.033582906546682,3
O=C(/C=C/c1ccc(OC[C@H](Cc2c[nH]c3ccccc23)NC(=O)c2ccc(Cl)cc2Cl)cc1)NO,6.729321163855293,1
O=C(/C=C/c1ccc(OC[C@H](Cc2c[nH]c3ccccc23)NC(=O)c2ccc(F)cc2)cc1)NO,7.906919934924439,3
O=C(/C=C/c1ccc(OC[C@H](Cc2c[nH]c3ccccc23)NC(=O)c2cccc(Cl)c2)cc1)NO,6.830031826003108,1
O=C(/C=C/c1ccc(OC[C@H](Cc2c[nH]c3ccccc23)NC(=O)c2ccccc2)cc1)NO,7.988657825408296,3
O=C(/C=C/c1ccc(OC[C@H](Cc2c[nH]c3ccccc23)NC(=O)c2ccccc2Cl)cc1)NO,7.297569463554475,1
O=C(/C=C/c1ccc(OC[C@H](Cc2c[nH]c3ccccc23)NC(=O)c2ccccc2O)cc1)NO,7.681936665037238,1
O=C(/C=C/c1ccc(Oc2no[n+]([O-])c2S(=O)(=O)c2ccccc2)cc1)NO,6.823908740944319,1
O=C(/C=C/c1ccc(S(=O)(=O)N2CCc3c([nH]c4ccccc34)C2)cc1)NO,7.357535479757878,1
O=C(/C=C/c1ccc(S(=O)(=O)N2CCc3cccnc32)cc1)NO,6.070581074285707,1
O=C(/C=C/c1ccc(S(=O)(=O)NCCc2c[nH]c3ccccc23)cc1)NO,8.18045606445813,1
O=C(/C=C/c1ccc(S(=O)(=O)NCCc2cccc3[nH]ccc23)cc1)NO,8.889423339022647,2
O=C(/C=C/c1ccc(S(=O)(=O)N[C@@H]2C[C@H]2c2ccccc2)cc1)NO,9.935542010773082,2
O=C(/C=C/c1ccc(S(=O)(=O)Nc2cc(F)cc(F)c2)cc1)NO,8.2839966563652,1
O=C(/C=C/c1ccc(S(=O)(=O)Nc2ccc(-c3ccccc3)cc2)cc1)NO,7.3616926846363855,6
O=C(/C=C/c1ccc(S(=O)(=O)Nc2ccccc2)cc1)NO,7.537602002101044,1
O=C(/C=C/c1ccc(S(=O)(=O)n2ccc3cccnc32)cc1)NO,6.619788758288394,1
O=C(/C=C/c1ccc(S(=O)(=O)n2ccc3ccncc32)cc1)NO,6.251811972993799,1
O=C(/C=C/c1ccc(S(=O)(=O)n2ncc3ccccc32)cc1)NO,6.301029995663981,1
O=C(/C=C/c1ccc2[nH]c(C(=O)c3ccccc3)cc2c1)NO,6.557547021871223,3
O=C(/C=C/c1ccc2[nH]c(CCc3ccc(F)cc3)nc2c1)NO,6.882728704344236,2
O=C(/C=C/c1ccc2[nH]c(CCc3ccccc3)nc2c1)NO,6.761953896871205,2
O=C(/C=C/c1ccc2[nH]c(CCc3cccnc3)nc2c1)NO,6.286509456906058,2
O=C(/C=C/c1ccc2[nH]cc(S(=O)(=O)c3ccccc3)c2c1)NO,6.560351570436526,1
O=C(/C=C/c1ccc2[nH]cnc2c1)NO,6.047691990337874,2
O=C(/C=C/c1ccc2c(=O)n(CCc3ccccc3)c(C3CC3)nc2c1)NO,6.363512103646634,1
O=C(/C=C/c1ccc2c(=O)n(CCc3ccccc3)cnc2c1)NO,6.305394801066431,1
O=C(/C=C/c1ccc2c(c1)C(=O)C1(CCN(C(=O)c3ccccc3)CC1)O2)NO,5.5934598195660445,1
O=C(/C=C/c1ccc2c(c1)C(=O)C1(CCN(Cc3ccccc3)CC1)O2)NO,6.030584087646019,1
O=C(/C=C/c1ccc2c(c1)C(=O)C1(CCNCC1)O2)NO,6.655607726314889,1
O=C(/C=C/c1ccc2c(c1)C(=O)CC1(CCCN(C(=O)c3ccccc3)C1)O2)NO,6.782516055786093,1
O=C(/C=C/c1ccc2c(c1)C(=O)CC1(CCCN(C(=O)c3ccccc3)CC1)O2)NO,6.958607314841775,1
O=C(/C=C/c1ccc2c(c1)C(=O)CC1(CCCN(CCc3ccccc3)C1)O2)NO,9.0,1
O=C(/C=C/c1ccc2c(c1)C(=O)CC1(CCCN(CCc3ccccc3)CC1)O2)NO,7.251811972993799,1
O=C(/C=C/c1ccc2c(c1)C(=O)CC1(CCCN(Cc3ccc(F)cc3)C1)O2)NO,7.468521082957745,1
O=C(/C=C/c1ccc2c(c1)C(=O)CC1(CCCN(Cc3ccc(F)cc3)CC1)O2)NO,6.826813731587726,1
O=C(/C=C/c1ccc2c(c1)C(=O)CC1(CCCN(Cc3ccccc3)C1)O2)NO,7.057398883155618,3
O=C(/C=C/c1ccc2c(c1)C(=O)CC1(CCCN(Cc3ccccc3)CC1)O2)NO,7.136677139879544,1
O=C(/C=C/c1ccc2c(c1)C(=O)CC1(CCCNC1)O2)NO,6.866461091629782,1
O=C(/C=C/c1ccc2c(c1)C(=O)CC1(CCCNCC1)O2)NO,6.872895201635192,1
O=C(/C=C/c1ccc2c(c1)C(=O)CC1(CCN(C(=O)c3ccccc3)C1)O2)NO,6.7281583934635005,1
O=C(/C=C/c1ccc2c(c1)C(=O)CC1(CCN(C(=O)c3ccccc3)CC1)O2)NO,6.500312917381596,1
O=C(/C=C/c1ccc2c(c1)C(=O)CC1(CCN(CCc3ccccc3)C1)O2)NO,7.568636235841012,1
O=C(/C=C/c1ccc2c(c1)C(=O)CC1(CCN(CCc3ccccc3)CC1)O2)NO,6.94692155651658,2
O=C(/C=C/c1ccc2c(c1)C(=O)CC1(CCN(Cc3ccc(F)cc3)C1)O2)NO,6.707743928643524,1
O=C(/C=C/c1ccc2c(c1)C(=O)CC1(CCN(Cc3ccc(F)cc3)CC1)O2)NO,6.96657624451305,2
O=C(/C=C/c1ccc2c(c1)C(=O)CC1(CCN(Cc3ccccc3)C1)O2)NO,7.433607194775796,3
O=C(/C=C/c1ccc2c(c1)C(=O)CC1(CCN(Cc3ccccc3)CC1)O2)NO,6.965556605247008,4
O=C(/C=C/c1ccc2c(c1)C(=O)CC1(CCNC1)O2)NO,6.882728704344236,1
O=C(/C=C/c1ccc2c(c1)C(=O)CC1(CCNCC1)O2)NO,7.086186147616283,1
O=C(/C=C/c1ccc2c(c1)C(=O)CC1(CN(C(=O)c3ccccc3)C1)O2)NO,7.0915149811213505,1
O=C(/C=C/c1ccc2c(c1)C(=O)CC1(CN(CCc3ccccc3)C1)O2)NO,6.6595558851598815,1
O=C(/C=C/c1ccc2c(c1)C(=O)CC1(CN(Cc3ccc(F)cc3)C1)O2)NO,6.886056647693163,1
O=C(/C=C/c1ccc2c(c1)C(=O)CC1(CN(Cc3ccccc3)C1)O2)NO,7.173925197299173,1
O=C(/C=C/c1ccc2c(c1)C(=O)CC1(CNC1)O2)NO,6.642065152999546,1
O=C(/C=C/c1ccc2c(c1)C(=O)N(Cc1ccc(-c3ccccc3)cc1)C2)NO,6.657577319177793,2
O=C(/C=C/c1ccc2c(c1)C(=O)N(Cc1ccc(-c3cccnc3)cc1)C2)NO,7.036212172654444,2
O=C(/C=C/c1ccc2c(c1)C(=O)N(Cc1ccc(-c3ccncc3)cc1)C2)NO,5.481486060122112,2
O=C(/C=C/c1ccc2c(c1)C(=O)N(Cc1ccccc1)C1(CCN(CCc3ccccc3)CC1)O2)NO,6.1904402853647325,1
O=C(/C=C/c1ccc2c(c1)C(=O)N(Cc1ccccc1)C1(CCN(Cc3ccc(F)cc3)CC1)O2)NO,6.175874166083451,1
O=C(/C=C/c1ccc2c(c1)C(=O)N(Cc1ccccc1)C1(CCN(Cc3ccccc3)CC1)O2)NO,6.267606240177031,1
O=C(/C=C/c1ccc2c(c1)C(=O)N(Cc1ccccc1)C1(CCNCC1)O2)NO,7.229147988357855,1
O=C(/C=C/c1ccc2c(c1)C(=O)N(Cc1ccccc1)C2)NO,6.6020599913279625,2
O=C(/C=C/c1ccc2c(c1)C(=O)N(Cc1ccccc1)C2=O)NO,6.242603971206975,1
O=C(/C=C/c1ccc2c(c1)C(=O)NC1(CCN(CCc3ccccc3)CC1)O2)NO,7.040958607678906,1
O=C(/C=C/c1ccc2c(c1)C(=O)NC1(CCN(Cc3ccc(F)cc3)CC1)O2)NO,6.987162775294828,1
O=C(/C=C/c1ccc2c(c1)C(=O)NC1(CCN(Cc3ccccc3)CC1)O2)NO,7.080921907623926,1
O=C(/C=C/c1ccc2c(c1)C(=O)NC1(CCNCC1)O2)NO,7.107905397309519,1
O=C(/C=C/c1ccc2c(c1)C(=O)c1ccccc1C2=O)NO,5.513003111568177,1
O=C(/C=C/c1ccc2c(c1)C(O)CC1(CCN(Cc3ccccc3)CC1)O2)NO,5.917214629683549,1
O=C(/C=C/c1ccc2c(c1)C=CC1(CCN(Cc3ccccc3)CC1)O2)NO,5.924453038607469,1
O=C(/C=C/c1ccc2c(c1)CCC1(CCN(Cc3ccccc3)CC1)O2)NO,5.044793462458058,1
O=C(/C=C/c1ccc2c(c1)CN(C(=O)C1CC1)C2)NO,6.376750709602099,2
O=C(/C=C/c1ccc2c(c1)CN(C(=O)C1CCCC1)C2)NO,6.455931955649724,2
O=C(/C=C/c1ccc2c(c1)CN(C(=O)C1CCCCC1)C2)NO,6.4089353929735005,2
O=C(/C=C/c1ccc2c(c1)CN(C(=O)Cc1ccccc1)C2)NO,6.886056647693163,2
O=C(/C=C/c1ccc2c(c1)CN(C(=O)c1cccc(C(F)(F)F)c1)C2)NO,6.698970004336019,2
O=C(/C=C/c1ccc2c(c1)CN(C(=O)c1cccnc1)C2)NO,6.42021640338319,2
O=C(/C=C/c1ccc2c(c1)CN(CCC1CCCCC1)C2)NO,7.0,2
O=C(/C=C/c1ccc2c(c1)CN(CCc1c[nH]c3ccccc13)C2)NO,7.795880017344075,2
O=C(/C=C/c1ccc2c(c1)CN(CCc1cnn3ccccc13)C2)NO,7.107905397309519,2
O=C(/C=C/c1ccc2c(c1)CN(Cc1ccccc1)C2)NO,6.698970004336019,2
O=C(/C=C/c1ccc2c(c1)CN(S(=O)(=O)C1CC1)C2)NO,6.102372908709558,2
O=C(/C=C/c1ccc2c(c1)CN(S(=O)(=O)Cc1ccccc1)C2)NO,6.920818753952375,2
O=C(/C=C/c1ccc2c(c1)CN(S(=O)(=O)c1ccc(C(F)(F)F)cc1)C2)NO,6.795880017344075,2
O=C(/C=C/c1ccc2c(c1)CN(S(=O)(=O)c1cccc(C(F)(F)F)c1)C2)NO,6.795880017344075,2
O=C(/C=C/c1ccc2c(c1)CN(S(=O)(=O)c1ccccc1)C2)NO,6.721246399047171,2
O=C(/C=C/c1ccc2c(c1)CN(S(=O)(=O)c1cccnc1)C2)NO,6.823908740944319,2
O=C(/C=C/c1ccc2c(c1)CN(S(=O)(=O)c1cccs1)C2)NO,7.050609993355087,2
O=C(/C=C/c1ccc2c(c1)CN(S(=O)(=O)c1ccncc1)C2)NO,6.318758762624412,2
O=C(/C=C/c1ccc2c(c1)Cc1sc(NCCN3CCOCC3)nc1-2)NO,6.785156151952302,1
O=C(/C=C/c1ccc2c(c1)Cc1sc(Nc3cccnc3)nc1-2)NO,6.525783735923745,1
O=C(/C=C/c1ccc2c(c1)N(Cc1ccccc1)C(CCc1ccccc1)N2)NO,5.943095148663527,1
O=C(/C=C/c1ccc2c(c1)NC(CCc1ccccc1)N2CCN1CCOCC1)NO,6.571865205971211,1
O=C(/C=C/c1ccc2c(c1)NCN2)NO,6.047691990337874,1
O=C(/C=C/c1ccc2c(c1)NCN2CCCO)NO,5.962573502059376,1
O=C(/C=C/c1ccc2c(c1)OC1(CCN(C(=O)c3ccccc3)CC1)CC2=O)NO,6.436518914605589,1
O=C(/C=C/c1ccc2c(c1)OC1(CCN(Cc3ccccc3)CC1)CC2=O)NO,5.662940273679475,1
O=C(/C=C/c1ccc2c(c1)OC1(CCNCC1)CC2=O)NO,5.85078088734462,1
O=C(/C=C/c1ccc2c(c1)OCO2)NCCCCCC(=O)NO,7.537602002101044,1
O=C(/C=C/c1ccc2c(c1)cc(C(=O)c1ccccc1)n2S(=O)(=O)c1ccccc1)NO,6.8145658330775705,3
O=C(/C=C/c1ccc2c(c1)nc(-c1ccccn1)n2CC(O)CO)NO,5.872895201635192,3
O=C(/C=C/c1ccc2c(c1)nc(-c1ccccn1)n2CCCO)NO,6.414539270491499,3
O=C(/C=C/c1ccc2c(c1)nc(-c1ccncc1)n2CCCO)NO,6.0726296369609765,3
O=C(/C=C/c1ccc2c(c1)nc(-c1ccncc1)n2CCO)NO,5.575118363368933,3
O=C(/C=C/c1ccc2c(c1)nc(-c1ccsc1)n2CCCO)NO,5.719878539270232,5
O=C(/C=C/c1ccc2c(c1)nc(C1CCCCC1)n2CCCO)NO,5.49161300254807,5
O=C(/C=C/c1ccc2c(c1)nc(CCc1ccccc1)n2C1CCN(Cc2ccccc2)CC1)NO,5.987162775294828,3
O=C(/C=C/c1ccc2c(c1)nc(CCc1ccccc1)n2CC(O)CO)NO,6.543633966870956,3
O=C(/C=C/c1ccc2c(c1)nc(CCc1ccccc1)n2CCCN1CCCC1)NO,6.513731172301038,5
O=C(/C=C/c1ccc2c(c1)nc(CCc1ccccc1)n2CCCN1CCCC1=O)NO,6.705567234916896,5
O=C(/C=C/c1ccc2c(c1)nc(CCc1ccccc1)n2CCCN1CCOCC1)NO,6.606262932269158,5
O=C(/C=C/c1ccc2c(c1)nc(CCc1ccccc1)n2CCCO)NO,6.553599981031517,6
O=C(/C=C/c1ccc2c(c1)nc(CCc1ccccc1)n2CCCn1ccnc1)NO,6.799157754764977,5
O=C(/C=C/c1ccc2c(c1)nc(CCc1ccccc1)n2CCN1CCCC1)NO,7.405579697799591,7
O=C(/C=C/c1ccc2c(c1)nc(CCc1ccccc1)n2CCN1CCCCC1)NO,7.524771972991955,7
O=C(/C=C/c1ccc2c(c1)nc(CCc1ccccc1)n2CCN1CCOCC1)NO,6.570250720906111,4
O=C(/C=C/c1ccc2c(c1)nc(CCc1ccccc1)n2CCO)NO,6.2441251443275085,3
O=C(/C=C/c1ccc2c(c1)nc(CCc1ccccc1)n2CCc1ccccc1)NO,6.056704467439085,5
O=C(/C=C/c1ccc2c(c1)nc(CCc1ccccc1)n2CCc1ccccn1)NO,6.3585258894959,3
O=C(/C=C/c1ccc2c(c1)nc(CCc1ccccc1)n2CCc1cccnc1)NO,7.036212172654444,3
O=C(/C=C/c1ccc2c(c1)nc(CCc1ccccc1)n2Cc1ccccc1)NO,6.363538652710112,5
O=C(/C=C/c1ccc2c(c1)nc(CCc1ccccc1)n2Cc1ccccn1)NO,6.668142958573048,5
O=C(/C=C/c1ccc2c(c1)nc(CCc1ccccc1)n2Cc1cccnc1)NO,6.797955019975916,4
O=C(/C=C/c1ccc2c(c1)nc(COCc1ccccc1)n2CCCO)NO,6.7773300649203465,5
O=C(/C=C/c1ccc2c(c1)nc(COCc1ccccc1)n2CCc1cccnc1)NO,6.686132779630847,3
O=C(/C=C/c1ccc2c(c1)ncn2CCCO)NO,5.960590408450575,4
O=C(/C=C/c1ccc2c(c1)ncn2CCN1CCCCC1)NO,6.779891911959946,3
O=C(/C=C/c1ccc2c(c1)ncn2CCc1ccccn1)NO,6.319664486585436,2
O=C(/C=C/c1ccc2c(c1)ncn2Cc1ccccc1)NO,6.430626090384954,3
O=C(/C=C/c1ccc2c(ccn2-c2ccccc2)c1)NO,6.729321163855293,1
O=C(/C=C/c1ccc2c(ccn2C(=O)c2ccccc2)c1)NO,6.120560034004782,1
O=C(/C=C/c1ccc2c(ccn2Cc2ccccc2)c1)NO,7.2628449934404715,3
O=C(/C=C/c1ccc2c(ccn2S(=O)(=O)c2ccc(F)cc2)c1)NO,7.577471516955355,3
O=C(/C=C/c1ccc2c(ccn2S(=O)(=O)c2ccc([N+](=O)[O-])cc2)c1)NO,7.403558367797025,3
O=C(/C=C/c1ccc2c(ccn2S(=O)(=O)c2ccccc2)c1)NO,7.783455920381013,3
O=C(/C=C/c1ccc2cc(Oc3ccc([N+](=O)[O-])cc3)ccc2n1)NO,5.2182446253475305,2
O=C(/C=C/c1ccc2ccccc2c1)NCCCCCC(=O)NO,8.154901959985743,1
O=C(/C=C/c1ccc2ccccc2n1)NO,7.657577319177793,1
O=C(/C=C/c1ccc2cccnc2c1)NCCCCCC(=O)NO,8.373653831587589,3
O=C(/C=C/c1ccc2ccn(S(=O)(=O)c3ccccc3)c2c1)NO,6.5951662833800615,1
O=C(/C=C/c1ccc2nc(CCc3ccccc3)[nH]c2c1)NO,6.769551078621726,1
O=C(/C=C/c1ccc2nc(CCc3ccccc3)c(NC3CCCCC3)n2c1)NO,5.853871964321762,1
O=C(/C=C/c1ccc2nc(CCc3ccccc3)c(Nc3ccc(N4CCCCC4)cc3)n2c1)NO,6.102372908709558,1
O=C(/C=C/c1ccc2nc(CCc3ccccc3)c(Nc3ccc4c(c3)OCO4)n2c1)NO,6.168243764792422,2
O=C(/C=C/c1ccc2nc(CCc3ccccc3)n(Cc3ccccc3)c2c1)NO,5.931956951307951,4
O=C(/C=C/c1ccc2ncccc2c1)NCCCCCC(=O)NO,7.443697499232712,1
O=C(/C=C/c1ccc2oc(C(=O)c3ccccc3)cc2c1)NO,5.974186471842891,3
O=C(/C=C/c1cccc(-c2ccc3ncnc(Nc4ccc(OCc5cccc(F)c5)c(Cl)c4)c3c2)c1)NO,7.4303259929326355,5
O=C(/C=C/c1cccc(-c2nc3ccccc3[nH]2)c1)NO,7.0,2
O=C(/C=C/c1cccc(-c2nc3ccccc3n2-c2ccc(Cl)cc2)c1)NO,7.301029995663981,2
O=C(/C=C/c1cccc(-c2nc3ccccc3n2-c2ccccc2)c1)NO,7.200659450546418,2
O=C(/C=C/c1cccc(-c2nc3ccccc3n2C2CCCCC2)c1)NO,7.6020599913279625,2
O=C(/C=C/c1cccc(-c2nc3ccccc3n2C2CCCNC2)c1)NO,7.698970004336019,2
O=C(/C=C/c1cccc(-c2nc3ccccc3n2CC2CCNCC2)c1)NO,6.795880017344075,2
O=C(/C=C/c1cccc(-c2nc3ccccc3n2CCCc2ccccc2)c1)NO,7.920818753952375,2
O=C(/C=C/c1cccc(-c2nc3ccccc3n2CCN2CCCC2)c1)NO,7.795880017344075,2
O=C(/C=C/c1cccc(-c2nc3ccccc3n2CCN2CCCCC2)c1)NO,8.0,2
O=C(/C=C/c1cccc(-c2nc3ccccc3n2CCN2CCOCC2)c1)NO,7.301029995663981,2
O=C(/C=C/c1cccc(-c2nc3ccccc3n2CCc2ccccc2)c1)NO,8.102372908709558,2
O=C(/C=C/c1cccc(-c2nc3ccccc3n2Cc2ccccc2)c1)NO,7.301029995663981,2
O=C(/C=C/c1cccc(-c2nc3ccccc3n2[C@@H]2CCCNC2)c1)NO,7.920818753952375,2
O=C(/C=C/c1cccc(-c2nc3ccccc3n2[C@H]2CCCNC2)c1)NO,7.920818753952375,2
O=C(/C=C/c1cccc(/C=C/C(=O)c2ccccc2)c1)NO,7.070581074285707,1
O=C(/C=C/c1cccc(/C=C/C(=O)c2ccccc2)n1)NO,7.698970004336019,1
O=C(/C=C/c1cccc(C(=O)NC(Cc2c[nH]c3ccccc23)C(=O)Nc2ccc(Cl)cc2)c1)NO,8.0,1
O=C(/C=C/c1cccc(C(=O)NCC2CCN(Cc3ccccc3)CC2)c1)NO,7.173925197299173,1
O=C(/C=C/c1cccc(C(=O)NCCNc2nonc2/C(=N/O)Nc2ccc(F)c(Br)c2)c1)NO,7.1487416512809245,1
O=C(/C=C/c1cccc(C(=O)NCCNc2nonc2C(=Nc2ccc(F)c(Br)c2)NO)c1)NO,7.151810883008602,1
O=C(/C=C/c1cccc(C(=O)NO)c1)NO,8.0,2
O=C(/C=C/c1cccc(C(=O)NO)c1)Nc1ccccc1,5.214670164989233,1
O=C(/C=C/c1cccc(C(=O)c2cc3ccccc3[nH]2)c1)NO,7.475404001768318,3
O=C(/C=C/c1cccc(C(=O)c2cc3ccccc3n2S(=O)(=O)c2ccccc2)c1)NO,7.189913689889306,3
O=C(/C=C/c1cccc(C(=O)c2cc3ccccc3o2)c1)NO,7.270706152352637,3
O=C(/C=C/c1cccc(C(C(=O)Nc2ccccc2)C(=O)Nc2ccccc2)c1)NO,9.0,2
O=C(/C=C/c1cccc(CNC23CC4CC(CC(C4)C2)C3)c1)NO,7.619788758288394,1
O=C(/C=C/c1cccc(CNCc2ccc3cc(Br)ccc3n2)c1)NO,6.252588192113577,1
O=C(/C=C/c1cccc(CNc2cc3c([nH]c4ccccc43)c(-c3ccc([N+](=O)[O-])cc3)n2)c1)NO,7.886056647693163,2
O=C(/C=C/c1cccc(CNc2cc3c(cn2)[nH]c2ccccc23)c1)NO,6.79317412396815,2
O=C(/C=C/c1cccc(Cc2nc3ccccc3[nH]2)c1)NO,6.823908740944319,1
O=C(/C=C/c1cccc(NS(=O)(=O)c2ccc(-c3ccccc3)cc2)c1)NO,6.97469413473523,1
O=C(/C=C/c1cccc(NS(=O)(=O)c2ccccc2)c1)NO,6.7258421507363195,1
O=C(/C=C/c1cccc(Nc2ncnc3cc4c(cc23)OCCO4)c1)NO,6.537602002101044,2
O=C(/C=C/c1cccc(OC[C@H](Cc2c[nH]c3ccccc23)NC(=O)CCCc2ccccc2)c1)NO,6.302247725832245,1
O=C(/C=C/c1cccc(OC[C@H](Cc2c[nH]c3ccccc23)NC(=O)CCc2ccccc2)c1)NO,6.333014281670339,1
O=C(/C=C/c1cccc(OC[C@H](Cc2c[nH]c3ccccc23)NC(=O)Cc2ccccc2)c1)NO,6.349012905616554,1
O=C(/C=C/c1cccc(OC[C@H](Cc2c[nH]c3ccccc23)NC(=O)c2cc(Cl)cc(Cl)c2)c1)NO,6.108462542327436,1
O=C(/C=C/c1cccc(OC[C@H](Cc2c[nH]c3ccccc23)NC(=O)c2ccc(Br)cc2)c1)NO,6.159642940796644,1
O=C(/C=C/c1cccc(OC[C@H](Cc2c[nH]c3ccccc23)NC(=O)c2ccc(Cl)cc2)c1)NO,6.451296809106977,4
O=C(/C=C/c1cccc(OC[C@H](Cc2c[nH]c3ccccc23)NC(=O)c2ccc(Cl)cc2Cl)c1)NO,6.5868679495651286,1
O=C(/C=C/c1cccc(OC[C@H](Cc2c[nH]c3ccccc23)NC(=O)c2ccc(F)cc2)c1)NO,6.349109922143688,1
O=C(/C=C/c1cccc(OC[C@H](Cc2c[nH]c3ccccc23)NC(=O)c2cccc(Cl)c2)c1)NO,6.446238301609996,1
O=C(/C=C/c1cccc(OC[C@H](Cc2c[nH]c3ccccc23)NC(=O)c2ccccc2)c1)NO,6.366074501554106,2
O=C(/C=C/c1cccc(OC[C@H](Cc2c[nH]c3ccccc23)NC(=O)c2ccccc2Cl)c1)NO,7.086716098239582,1
O=C(/C=C/c1cccc(S(=O)(=O)N2CCN(Cc3ccc4c(c3)OCO4)CC2)c1)NO,6.570247719997592,1
O=C(/C=C/c1cccc(S(=O)(=O)N2CCN(c3ccc(Cl)cc3)CC2)c1)NO,6.826813731587726,1
O=C(/C=C/c1cccc(S(=O)(=O)N2CCN(c3cccc(Cl)c3)CC2)c1)NO,6.7281583934635005,1
O=C(/C=C/c1cccc(S(=O)(=O)N2CCN(c3ccccc3)CC2)c1)NO,6.8794260687941495,1
O=C(/C=C/c1cccc(S(=O)(=O)N2CCN(c3ccccc3Cl)CC2)c1)NO,7.167491087293763,1
O=C(/C=C/c1cccc(S(=O)(=O)N2CCN(c3ccccc3F)CC2)c1)NO,6.718966632752272,1
O=C(/C=C/c1cccc(S(=O)(=O)N2CCN(c3ccccn3)CC2)c1)NO,6.910094888560602,1
O=C(/C=C/c1cccc(S(=O)(=O)N2CCN(c3ncccn3)CC2)c1)NO,7.075720713938118,1
O=C(/C=C/c1cccc(S(=O)(=O)N2CCc3cccnc32)c1)NO,6.221848749616356,1
O=C(/C=C/c1cccc(S(=O)(=O)NCCCN2c3ccccc3CCc3ccc(Cl)cc32)c1)NO,5.2182446253475305,2
O=C(/C=C/c1cccc(S(=O)(=O)NC[C@H]2CN(c3ccc(N4CCOCC4)c(F)c3)C(=O)O2)c1)NO,6.133712660915805,2
O=C(/C=C/c1cccc(S(=O)(=O)NCc2ccccc2)c1)NO,7.468521082957745,1
O=C(/C=C/c1cccc(S(=O)(=O)N[C@@H]2C[C@H]2c2ccccc2)c1)NO,9.903089986991944,2
O=C(/C=C/c1cccc(S(=O)(=O)N[C@H](C(=O)Nc2cccc3ccccc23)c2ccccc2)c1)NO,7.031517051446065,1
O=C(/C=C/c1cccc(S(=O)(=O)Nc2ccc(-c3ccccc3)cc2)c1)NO,7.267606240177031,1
O=C(/C=C/c1cccc(S(=O)(=O)Nc2ccc(Cl)cc2)c1)NO,7.376750709602099,1
O=C(/C=C/c1cccc(S(=O)(=O)Nc2ccc(OC(F)F)cc2)c1)NO,8.0,1
O=C(/C=C/c1cccc(S(=O)(=O)Nc2cccc(F)c2)c1)NO,7.698970004336019,1
O=C(/C=C/c1cccc(S(=O)(=O)Nc2ccccc2)c1)NO,7.498460713577356,38
O=C(/C=C/c1cccc(S(=O)(=O)c2ccc3cccc(F)c3n2)c1)NO,8.242606625964768,2
O=C(/C=C/c1cccc(S(=O)(=O)c2ccc3ccccc3n2)c1)NO,7.853871964321762,2
O=C(/C=C/c1cccc(S(=O)(=O)n2ccc3cc(C(=O)c4ccc(F)cc4)ccc32)c1)NO,6.638272163982407,2
O=C(/C=C/c1cccc(S(=O)(=O)n2ccc3ccccc32)c1)NO,6.292429823902063,1
O=C(/C=C/c1cccc(S(=O)(=O)n2ccc3cccnc32)c1)NO,6.606910644932581,5
O=C(/C=C/c1cccc(S(=O)(=O)n2ccc3ccncc32)c1)NO,5.649091761806628,3
O=C(/C=C/c1cccc(S(=O)(=O)n2ncc3ccccc32)c1)NO,6.638272163982407,1
O=C(/C=C/c1cccc2c1ccn2S(=O)(=O)c1ccccc1)NO,6.767257937279263,1
O=C(/C=C/c1cccc2cccnc12)NCCCCCC(=O)NO,7.6020599913279625,1
O=C(/C=C/c1ccccc1)NCCC(=O)NO,4.173925197299174,2
O=C(/C=C/c1ccccc1)NCCCCCC(=O)NO,7.596910013008056,2
O=C(/C=C/c1ccccc1)NCCCCN1CCc2nc(C(=O)NO)sc2C1,4.39663907565162,2
O=C(/C=C/c1ccccc1)NCCCN1CCc2nc(C(=O)NO)sc2C1,4.404173222926777,2
O=C(/C=C/c1ccccc1)NO,6.876148359032914,1
O=C(/C=C/c1ccccc1Cl)NO,5.657577319177793,2
O=C(/C=C/c1ccccc1Oc1c(Cl)cccc1Cl)NO,4.694648630553377,2
O=C(/C=C/c1ccccc1Sc1ccc(Cl)cc1)NO,5.113509274827518,2
O=C(/C=C/c1ccccn1)NCCCCCC(=O)NO.O=C(O)C(=O)O,7.337242168318426,1
O=C(/C=C/c1cccn(CCCc2ccc(Br)cc2)c1=O)NO,6.6777807052660805,1
O=C(/C=C/c1cccn(CCCc2ccc3ccccc3c2)c1=O)NO,7.604358259643926,5
O=C(/C=C/c1cccn(CCCc2cccc(Br)c2)c1=O)NO,7.0,1
O=C(/C=C/c1cccn(CCCc2ccccc2Br)c1=O)NO,6.318758762624412,1
O=C(/C=C/c1cccn(CCCc2cccnc2)c1=O)NO,6.2441251443275085,1
O=C(/C=C/c1cccn(CCc2ccc(Br)cc2)c1=O)NO,6.443697499232712,1
O=C(/C=C/c1cccn(CCc2ccc3ccccc3c2)c1=O)NO,6.812606220492121,2
O=C(/C=C/c1cccn(CCc2cccc(Br)c2)c1=O)NO,6.795880017344075,1
O=C(/C=C/c1cccn(CCc2ccccn2)c1=O)NO,5.404503778174426,1
O=C(/C=C/c1cccn(Cc2ccc(Br)cc2)c1=O)NO,7.0,1
O=C(/C=C/c1cccn(Cc2ccc3ccccc3n2)c1=O)NO,7.522878745280337,1
O=C(/C=C/c1cccn(Cc2cccc(Br)c2)c1=O)NO,6.42021640338319,1
O=C(/C=C/c1cccn(Cc2ccccc2Br)c1=O)NO,6.721246399047171,1
O=C(/C=C/c1cccn(Cc2ccccn2)c1=O)NO,6.337242168318426,1
O=C(/C=C/c1cccn(Cc2cccnc2)c1=O)NO,6.522878745280337,1
O=C(/C=C/c1cccn(Cc2ccncc2)c1=O)NO,6.376750709602099,1
O=C(/C=C/c1cccnc1)NCCCCCC(=O)NO.O=C(O)C(=O)O,6.85078088734462,1
O=C(/C=C/c1ccn2c(CN3CCCC3)c(-c3ccccc3)nc2c1)NO,7.075720713938118,1
O=C(/C=C/c1ccn2c(CN3CCN(Cc4ccccc4)CC3)c(-c3ccccc3)nc2c1)NO,5.823908740944319,1
O=C(/C=C/c1ccn2c(CNC3CC3)c(-c3ccccc3)nc2c1)NO,6.508638306165727,1
O=C(/C=C/c1ccn2c(CNCC3CC3)c(-c3ccccc3)nc2c1)NO,7.096910013008056,1
O=C(/C=C/c1ccn2cc(-c3ccccc3)nc2c1)NO,6.060480747381382,1
O=C(/C=C/c1ccncc1)NCCCCCC(=O)NO.O=C(O)C(=O)O,6.995678626217357,1
O=C(/C=C/c1cn(C(/C=C/c2ccccc2)C2CCC2)nn1)NO,7.267606240177031,1
O=C(/C=C/c1cn(C(/C=C/c2ccccc2)C2CCCC2)nn1)NO,6.939302159646388,1
O=C(/C=C/c1cn(C(/C=C/c2ccccc2)Cc2ccc3ccccc3c2)nn1)NO,7.026872146400302,1
O=C(/C=C/c1cn(C(/C=C/c2ccccc2)Cc2cccc(-c3ccccc3)c2)nn1)NO,6.39469495385889,1
O=C(/C=C/c1cn(C(/C=C/c2ccccc2)Cc2cccc(Oc3ccccc3)c2)nn1)NO,6.292429823902063,1
O=C(/C=C/c1cn(C(/C=C/c2ccccc2)Cc2cccc3ccccc23)nn1)NO,6.954677021213342,1
O=C(/C=C/c1cn(C(/C=C/c2ccccc2)Cc2ccccc2)nn1)NO,7.113509274827518,1
O=C(/C=C/c1cn(C(/C=C/c2ccccc2)Cc2nccs2)nn1)NO,6.767003889607846,1
O=C(/C=C/c1cn(C(Cc2ccccc2)c2nc3ccccc3o2)nn1)NO,6.6595558851598815,1
O=C(/C=C/c1cn(C/C=C/c2ccccc2)nn1)NO,6.982966660701219,3
O=C(/C=C/c1cn(Cc2nc3ccccc3[nH]2)nn1)NO,6.7495799976911055,1
O=C(/C=C/c1cn(Cc2nc3ccccc3o2)nn1)NO,6.978810700930062,1
O=C(/C=C/c1cn(Cc2nc3ccccc3s2)nn1)NO,7.3872161432802645,1
O=C(/C=C/c1cnc(-c2ccc(F)cc2F)s1)NO,6.026872146400301,1
O=C(/C=C/c1cnc(-c2ccc(N3CCOCC3)cc2)s1)NO,6.259637310505756,1
O=C(/C=C/c1cnc(-c2ccc3c(c2)OCCO3)s1)NO,6.167491087293763,1
O=C(/C=C/c1cnc(-c2ccc3c(c2)OCO3)s1)NO,6.050609993355087,1
O=C(/C=C/c1cnc(N2CCN(S(=O)(=O)c3ccc(-c4ccccc4)cc3)CC2)s1)NO,4.958607314841775,1
O=C(/C=C/c1cnc(N2CCN(S(=O)(=O)c3ccc(C(F)(F)F)cc3)CC2)s1)NO,4.823908740944319,1
O=C(/C=C/c1cnc(N2CCN(S(=O)(=O)c3ccc(F)cc3)CC2)s1)NO,5.327902142064282,1
O=C(/C=C/c1cnc(N2CCN(S(=O)(=O)c3ccc(OC(F)(F)F)cc3)CC2)s1)NO,5.494850021680094,1
O=C(/C=C/c1cnc(N2CCN(S(=O)(=O)c3ccc([N+](=O)[O-])cc3)CC2)s1)NO,5.795880017344075,1
O=C(/C=C/c1cnc(N2CCN(S(=O)(=O)c3ccc4ccccc4c3)CC2)s1)NO,7.301029995663981,1
O=C(/C=C/c1cnc(N2CCN(S(=O)(=O)c3ccccc3)CC2)s1)NO,6.356547323513812,1
O=C(/C=C/c1csc(Br)n1)NO,4.756167901812674,4
O=C(/C=C/c1nc2ccccc2o1)NO,7.318758762624412,1
O=C(/C=C1\NC(=O)c2ccccc21)NCCCCCC(=O)NO,7.236946721354814,2
O=C(/C=C\c1cn(-c2ccccc2)nc1-c1ccc(Br)cc1)Nc1ccc(Br)cc1,5.548213564475709,2
O=C(/C=C\c1cn(-c2ccccc2)nc1-c1ccc(Br)cc1)Nc1ccc(Cl)cc1,5.525783735923745,2
O=C(/C=C\c1cn(-c2ccccc2)nc1-c1ccc(Br)cc1)Nc1ccccc1,5.464705879957229,2
O=C(/C=C\c1cn(-c2ccccc2)nc1-c1ccc([N+](=O)[O-])cc1)Nc1ccc(Br)cc1,6.376750709602099,2
O=C(/C=C\c1cn(-c2ccccc2)nc1-c1ccc([N+](=O)[O-])cc1)Nc1ccc(Cl)cc1,6.337242168318426,2
O=C(/C=C\c1cn(-c2ccccc2)nc1-c1ccc([N+](=O)[O-])cc1)Nc1ccccc1,6.036212172654444,2
O=C(C#CCCCCOc1ccc(-c2ccccc2)cc1)C(F)(F)F,5.065501548756432,2
O=C(C#Cc1ccc(NS(=O)(=O)c2ccc(-c3ccccc3)cc2)cc1)NO,6.522878745280337,1
O=C(C(Cc1ccc(-c2noc(C(F)(F)F)n2)cn1)c1cccc(C(F)(F)F)c1)N1CCS(=O)(=O)CC1,5.2839966563652006,1
O=C(C(Cc1ccc(-c2noc(C(F)(F)F)n2)cn1)c1cccc(C(F)(F)F)c1)N1CCS(=O)CC1,5.3872161432802645,1
O=C(C/C=C/c1ccccc1)Nc1cc(-c2ccccc2)ccc1O,5.920818753952375,2
O=C(C1CC1CCCCOc1ccc(-c2ccccc2)cc1)C(F)(F)F,5.537602002101044,2
O=C(C1CC1c1cncnc1)N(Cc1ccc(-c2noc(C(F)(F)F)n2)cc1)c1cccc(C(F)(F)F)c1,6.026872146400301,1
O=C(C1CCCS(=O)(=O)C1)N(Cc1ccc(-c2noc(C(F)(F)F)n2)cn1)c1cccc(F)c1,6.657577319177793,1
O=C(C1CCN(C2CC2)CC1)N(Cc1ccc(-c2noc(C(F)(F)F)n2)cn1)c1cccc(F)c1,6.568636235841012,1
O=C(C1CCOCC1)N(Cc1ccc(-c2noc(C(F)(F)F)n2)cc1)c1cccc(C(F)(F)F)c1,5.920818753952375,1
O=C(C1CCOCC1)N(Cc1ccc(-c2noc(C(F)(F)F)n2)cn1)c1cccc(F)c1,6.638272163982407,1
O=C(C1CCS(=O)(=O)C1)N(Cc1ccc(-c2noc(C(F)(F)F)n2)cn1)c1cccc(F)c1,6.568636235841012,1
O=C(C1CCS(=O)(=O)CC1)N(Cc1ccc(-c2noc(C(F)(F)F)n2)c(F)c1)c1cccc(C(F)(F)F)c1,6.022276394711152,1
O=C(C1CCS(=O)(=O)CC1)N(Cc1ccc(-c2noc(C(F)(F)F)n2)cc1)c1cccc(C(F)(F)F)c1,5.872895201635192,1
O=C(C1CCS(=O)(=O)CC1)N(Cc1ccc(-c2noc(C(F)(F)F)n2)cc1F)c1cccc(C(F)(F)F)c1,6.301029995663981,1
O=C(C1CCS(=O)(=O)CC1)N(Cc1ccc(-c2noc(C(F)(F)F)n2)cn1)c1cccc(C(F)(F)F)c1,6.443697499232712,1
O=C(C1CCS(=O)(=O)CC1)N(Cc1ccc(-c2noc(C(F)(F)F)n2)cn1)c1cccc(F)c1,6.6020599913279625,1
O=C(C1CCS(=O)(=O)CC1)N(Cc1ccc(-c2noc(C(F)(F)F)n2)cn1)c1ccccc1C(F)(F)F,5.3979400086720375,1
O=C(C1CCS(=O)(=O)CC1)N(Cc1ccc(-c2noc(C(F)(F)F)n2)nn1)c1cccc(C(F)(F)F)c1,5.958607314841775,1
O=C(C1CCS(=O)(=O)CC1)N(Cc1cnc(-c2noc(C(F)(F)F)n2)cn1)c1cccc(C(F)(F)F)c1,5.958607314841775,1
O=C(C1COCCO1)N(Cc1ccc(-c2noc(C(F)(F)F)n2)cc1)c1cccc(C(F)(F)F)c1,6.022276394711152,1
O=C(C=C(c1ccccc1)c1ccccc1)NCCCCCC(=O)NO,6.6968039425795105,1
O=C(C=C1c2ccccc2-c2ccccc21)NCCCCCC(=O)NO,8.548455006504028,2
O=C(C=C1c2ccccc2CCc2ccccc21)NCCCCCC(=O)NO,6.471083299722345,1
O=C(C=Cc1ccc(CNCCc2c[nH]c3cccnc23)cc1)NO,7.958607314841775,1
O=C(C=Cc1ccc(CNCCc2c[nH]c3ccncc23)cc1)NO,7.67778070526608,1
O=C(C=Cc1ccc(CNCCc2c[nH]c3ncccc23)cc1)NO,8.301029995663981,1
O=C(C=Cc1ccc(CSc2nc(-c3ccccc3)cc(=O)[nH]2)cc1)NO,7.468521082957745,1
O=C(C=Cc1ccc(CSc2nc(Cc3ccccc3)cc(=O)[nH]2)cc1)NO,6.958607314841775,1
O=C(C=Cc1ccc(NS(=O)(=O)c2ccc(-c3ccccc3)cc2)cc1)Nc1nnc(S)s1,5.698970004336019,1
O=C(C=Cc1ccc2c(c1)C(=O)CC1(CCN(Cc3ccccc3)CC1)O2)NO,7.027797161620936,1
O=C(C=Cc1ccc2c(c1)NCN2CCC1=CCCC=N1)NO,6.319664486585436,1
O=C(C=Cc1ccc2nc(CCc3ccc(F)cc3)[nH]c2c1)NO,6.882728704344236,1
O=C(C=Cc1ccc2nc(CCc3ccccc3)[nH]c2c1)NO,6.765752487746465,2
O=C(C=Cc1ccc2nc(CCc3cccnc3)[nH]c2c1)NO,6.286509456906058,1
O=C(C=Cc1cccc(CSc2nc(-c3ccccc3)cc(=O)[nH]2)c1)NO,7.244125144327507,1
O=C(C=Cc1cccc(CSc2nc(Cc3ccccc3)cc(=O)[nH]2)c1)NO,7.045757490560675,1
O=C(CBr)NCCCCC(=O)Nc1ccccc1,3.91721462968355,1
O=C(CBr)NCCCCCC(=O)Nc1ccccc1,4.769551078621726,2
O=C(CBr)NCCCCCCC(=O)Nc1ccccc1,4.853871964321762,2
O=C(CBr)NCCCCCCCC(=O)Nc1ccccc1,3.5228787452803374,1
O=C(CC(=O)Nc1ccccc1)NCCS,4.154901959985743,1
O=C(CC(CCCCC(=O)Nc1ccccc1)c1ccccc1)NO,4.136677139879544,1
O=C(CC1CCS(=O)(=O)C1)N(Cc1ccc(-c2noc(C(F)(F)F)n2)cn1)c1cccc(F)c1,6.3872161432802645,1
O=C(CC1CNCCO1)N(Cc1ccc(-c2noc(C(F)(F)F)n2)cc1)c1cccc(C(F)(F)F)c1,6.065501548756432,1
O=C(CC1COC1)N(Cc1ccc(-c2noc(C(F)(F)F)n2)cc1)c1cccc(C(F)(F)F)c1,5.795880017344075,1
O=C(CC1COCCO1)N(Cc1ccc(-c2noc(C(F)(F)F)n2)cc1)c1cccc(C(F)(F)F)c1,5.886056647693163,1
O=C(CCC(=O)NCc1cc(Oc2ccc(NC(=O)Nc3ccc(Cl)c(C(F)(F)F)c3)cc2)ccn1)NO,7.0,1
O=C(CCC(=O)Nc1ccccc1)NCCS,4.903089986991944,1
O=C(CCC(=O)Nc1nnc(-c2ccc(Cl)cc2)s1)NO,6.698970004336019,1
O=C(CCC(=O)Nc1nnc(-c2ccc(O)cc2)s1)NO,6.698970004336019,1
O=C(CCC(CCCC(=O)Nc1ccccc1)Cc1ccccc1)NO,4.427604104901278,3
O=C(CCC(CCCC(=O)Nc1ccccc1)c1ccccc1)NO,4.701433757680231,3
O=C(CCC1=CCCN(CCCCc2ccc(-c3ccccc3)cc2)C1=O)NO,6.698970004336019,1
O=C(CCC1=CCCN(CCCCc2cccc3ccccc23)C1=O)NO,6.958607314841775,1
O=C(CCC1=CCCN(CCCCc2ccccc2)C1=O)NO,6.886056647693163,1
O=C(CCC1=CCCN(CCCc2ccc(-c3ccccc3)cc2)C1=O)NO,6.568636235841012,1
O=C(CCC1=CCCN(CCCc2ccc3ccccc3c2)C1=O)NO,7.522878745280337,1
O=C(CCC1=CCCN(CCCc2ccccc2)C1=O)NO,6.568636235841012,1
O=C(CCC1=CCCN(CCc2ccc(-c3ccccc3)cc2)C1=O)NO,6.638272163982407,1
O=C(CCC1=CCCN(CCc2ccc3ccccc3c2)C1=O)NO,7.431798275933005,1
O=C(CCC1=CCCN(CCc2cccc3ccccc23)C1=O)NO,6.494850021680094,1
O=C(CCC1=CCCN(CCc2ccccc2)C1=O)NO,6.455931955649724,2
O=C(CCC1=CCCN(Cc2ccc(Br)cc2)C1=O)NO,6.346787486224656,1
O=C(CCC1=CCCN(Cc2ccc(F)cc2)C1=O)NO,6.251811972993799,1
O=C(CCC1=CCCN(Cc2ccc(NC(=O)c3ccccc3)cc2)C1=O)NO,6.292429823902063,1
O=C(CCC1=CCCN(Cc2ccc([N+](=O)[O-])cc2)C1=O)NO,6.638272163982407,1
O=C(CCC1=CCCN(Cc2ccccc2)C1=O)NO,6.173925197299173,2
O=C(CCC1=CCN(CCCc2ccc3ccccc3c2)C1=O)NO,4.591760034688151,2
O=C(CCC1C(=O)N(c2ccc(Cl)cc2)C(=O)N1Cc1ccc(Br)cc1)Nc1ccc(C(=O)NO)cc1,6.7121982700697735,2
O=C(CCC1C(=O)N(c2ccc(Cl)cc2)C(=O)N1Cc1ccccc1)Nc1ccc(C(=O)NO)cc1,6.954677021213342,2
O=C(CCCC(=O)NCCCN1c2ccccc2CCc2ccc(Cl)cc21)NO,5.292429823902063,2
O=C(CCCC(=O)NCCNc1nonc1/C(=N/O)Nc1ccc(F)c(Br)c1)NO,6.917214629683549,1
O=C(CCCC(=O)NCCNc1nonc1C(=Nc1ccc(F)c(Br)c1)NO)NO,6.916855856856948,1
O=C(CCCC(=O)NCCc1ccccc1)NO,5.301029995663981,2
O=C(CCCC(=O)NCc1cc(Oc2ccc(NC(=O)Nc3ccc(Cl)c(C(F)(F)F)c3)cc2)ccn1)NO,7.0,1
O=C(CCCC(=O)Nc1cc(Oc2ccc(NC(=O)Nc3ccc(Cl)c(C(F)(F)F)c3)cc2)ccn1)NO,7.0,1
O=C(CCCC(=O)Nc1ccc(Nc2ncc(Cl)c(OC3CCCCC3)n2)cc1)NO,5.311580177997289,2
O=C(CCCC(=O)Nc1ccccc1)NCCS,5.508638306165727,1
O=C(CCCC(CCC(=O)Nc1ccccc1)Cc1ccccc1)NO,5.537602002101044,2
O=C(CCCC/C=C(\F)CS)Nc1ccccc1,6.292429823902063,1
O=C(CCCC1=CCCN(CCCc2ccccc2)C1=O)NO,5.493494967595128,1
O=C(CCCC1CCN(C(=O)Cc2ccccc2)CC1)NO,6.585026652029182,1
O=C(CCCC1CCN(C(=O)NCc2ccccc2)CC1)NO,7.045757490560675,1
O=C(CCCC1CCN(C(=O)Nc2ccccc2)CC1)NO,7.0,1
O=C(CCCC1CCN(C(=O)c2ccccc2)CC1)NO,5.856985199745905,1
O=C(CCCC1CCN(S(=O)(=O)Cc2ccccc2)CC1)NO,6.075720713938118,2
O=C(CCCC1CCN(S(=O)(=O)c2ccc3ccccc3c2)CC1)NO,6.892790030352131,1
O=C(CCCC1CCN(S(=O)(=O)c2cccc(-c3cnco3)c2)CC1)NO,6.671620396561263,1
O=C(CCCC1CCN(S(=O)(=O)c2cccc3ccccc23)CC1)NO,6.7423214251308154,1
O=C(CCCC1CCN(S(=O)(=O)c2ccccc2)CC1)NO,6.267606240177031,2
O=C(CCCC1CCN(S(=O)(=O)c2ccccc2Cl)CC1)NO,6.761953896871205,1
O=C(CCCCC(=O)N/N=C/c1ccc(-c2ccccc2)cc1)NO,7.721246399047171,2
O=C(CCCCC(=O)N1C/C=C/CCOc2cccc(c2)-c2ccnc(n2)Nc2cccc(c2)C1)NO,6.071604147743287,1
O=C(CCCCC(=O)N1C/C=C/COCc2cccc(c2)-c2ccnc(n2)Nc2cccc(c2)C1)NO,6.39577394691553,1
O=C(CCCCC(=O)N1CCc2c([nH]c3ccccc23)C1)NO,7.494850021680094,2
O=C(CCCCC(=O)NCCCCN(Cc1ccccc1-c1ccccc1)Cc1ccccc1-c1ccccc1)NO,4.01655414265866,1
O=C(CCCCC(=O)NCCCCNCc1ccccc1-c1ccccc1)NO,4.077482139755388,1
O=C(CCCCC(=O)NCCCN1c2ccccc2CCc2ccc(Cl)cc21)NO,5.167491087293763,2
O=C(CCCCC(=O)NCCNc1nonc1/C(=N/O)Nc1ccc(F)c(Br)c1)NO,6.511449283499555,1
O=C(CCCCC(=O)NCCNc1nonc1C(=Nc1ccc(F)c(Br)c1)NO)NO,6.5113083016830595,1
O=C(CCCCC(=O)NCc1cc(Oc2ccc(NC(=O)Nc3ccc(Cl)c(C(F)(F)F)c3)cc2)ccn1)NO,7.0,1
O=C(CCCCC(=O)Nc1cc(Oc2ccc(NC(=O)Nc3ccc(Cl)c(C(F)(F)F)c3)cc2)ccn1)NO,6.0,1
O=C(CCCCC(=O)Nc1cc2c(Nc3ccc(Cl)c(C(F)(F)F)c3)ncnc2s1)NO,6.661443920408347,2
O=C(CCCCC(=O)Nc1cc2c(Nc3ccc(F)c(Cl)c3)ncnc2s1)NO,6.882231989127378,2
O=C(CCCCC(=O)Nc1ccc2c(c1)/C(=C/c1ccc[nH]1)C(=O)N2)NO,7.028724399119851,2
O=C(CCCCC(=O)Nc1ccccc1)NCCS,5.823908740944319,1
O=C(CCCCC(=O)c1ccccc1)NO,5.823908740944319,6
O=C(CCCCC(CC(=O)Nc1ccccc1)c1ccccc1)NO,6.46344155742847,1
O=C(CCCCC/C=C(\F)CS)Nc1ccccc1,6.443697499232712,1
O=C(CCCCC/C=C/c1ccc(-c2ccccc2)cc1)c1ncco1,6.004364805402449,1
O=C(CCCCC/C=C/c1ccc2ccccc2c1)NO,8.221848749616356,6
O=C(CCCCC/C=C/c1csc(Br)n1)NO,5.777663072483183,4
O=C(CCCCC/C=C\c1csc(Br)n1)NO,5.831476710417244,4
O=C(CCCCC1CC(C(=O)NO)=NO1)Nc1ccccc1,4.752026733638194,2
O=C(CCCCCC(=O)N(CC(=O)Nc1ccc2[nH]ncc2c1)CC(=O)Nc1ccc2[nH]ncc2c1)NO,9.0,2
O=C(CCCCCC(=O)N(CC(=O)Nc1cccc2cccnc12)CC(=O)Nc1cccc2cccnc12)NO,7.576754126063192,2
O=C(CCCCCC(=O)N(CC(=O)Nc1ccccc1)CC(=O)Nc1cccc2cccnc12)NO,7.6020599913279625,2
O=C(CCCCCC(=O)N(CC(=O)Nc1nc2ccccc2s1)CC(=O)Nc1nc2ccccc2s1)NO,8.022276394711152,2
O=C(CCCCCC(=O)N(Cc1ccc(Br)s1)c1ccc(OCCN2CCOCC2)cc1)NO,8.950851231752651,4
O=C(CCCCCC(=O)N(Cc1ccccc1)C(Cc1ccccc1)C(=O)NC1CCCCC1)NO,5.920818753952375,1
O=C(CCCCCC(=O)N/N=C/c1ccc(-c2ccccc2)cc1)NO,8.853871964321762,2
O=C(CCCCCC(=O)N/N=C/c1ccc(-c2ccccn2)cc1)NO,8.638272163982407,2
O=C(CCCCCC(=O)N/N=C/c1ccc(-c2cccnc2)cc1)NO,8.958607314841775,2
O=C(CCCCCC(=O)N/N=C/c1ccc(-c2cccs2)cc1)NO,8.67778070526608,2
O=C(CCCCCC(=O)N/N=C/c1ccc(-c2ccncc2)cc1)NO,8.508638306165727,2
O=C(CCCCCC(=O)N/N=C/c1ccc(-c2cncnc2)cc1)NO,8.494850021680094,2
O=C(CCCCCC(=O)N1CCc2c([nH]c3ccccc23)C1)NO,7.543430670449791,4
O=C(CCCCCC(=O)NC(Cc1c[nH]c2ccccc12)C(=O)Nc1ccc(Cl)cc1)NO,5.804100347590767,1
O=C(CCCCCC(=O)NCCCN1c2ccccc2CCc2ccc(Cl)cc21)NO,5.669586226650809,2
O=C(CCCCCC(=O)NCCNc1nonc1/C(=N/O)Nc1ccc(F)c(Br)c1)NO,8.036212172654444,1
O=C(CCCCCC(=O)NCCNc1nonc1C(=Nc1ccc(F)c(Br)c1)NO)NO,8.036212172654444,1
O=C(CCCCCC(=O)NCc1cc(C(=O)NCc2ccccc2)c2cc(-c3ccccc3)ccc2n1)NO,6.467245621007502,1
O=C(CCCCCC(=O)NCc1cc(C(=O)NCc2ccccc2)c2cc(Br)ccc2n1)NO,6.464705879957229,1
O=C(CCCCCC(=O)NCc1cc(C(=O)NCc2ccccc2)c2ccccc2n1)NO,6.399027104313252,1
O=C(CCCCCC(=O)NCc1cc(C(=O)Nc2ccccc2)c2cc(Br)ccc2n1)NO,6.707743928643524,1
O=C(CCCCCC(=O)NCc1cc(C(=O)Nc2ccccc2)c2ccccc2n1)NO,6.521433504406156,1
O=C(CCCCCC(=O)NCc1ccc2cc(Br)ccc2n1)NO,7.070581074285707,1
O=C(CCCCCC(=O)NCc1ccc2cc(Cl)ccc2n1)NO,6.920818753952375,1
O=C(CCCCCC(=O)NCc1ccc2cc(F)ccc2n1)NO,6.809668301829708,1
O=C(CCCCCC(=O)NCc1ccc2cc(I)ccc2n1)NO,6.8794260687941495,1
O=C(CCCCCC(=O)NCc1ccc2ccccc2n1)NO,6.575118363368933,1
O=C(CCCCCC(=O)N[C@@H]1C[C@H]1c1ccccc1)NO,9.09963287134353,2
O=C(CCCCCC(=O)Nc1cc(-c2ccc3ncn(C4CCCC4)c3c2)[nH]n1)NO,7.496895379731171,2
O=C(CCCCCC(=O)Nc1cc(-c2ccc3ncn(Cc4c(Cl)cccc4Cl)c3c2)[nH]n1)NO,7.7945270706561125,2
O=C(CCCCCC(=O)Nc1cc(-c2ccc3ncn(Cc4c(F)cccc4Cl)c3c2)[nH]n1)NO,7.829777942579941,2
O=C(CCCCCC(=O)Nc1cc(-c2ccc3ncn(Cc4c(F)cccc4F)c3c2)[nH]n1)NO,7.566236794400128,2
O=C(CCCCCC(=O)Nc1cc(-c2ccc3ncn(Cc4cc(F)cc(F)c4)c3c2)[nH]n1)NO,7.656592522746341,2
O=C(CCCCCC(=O)Nc1cc(-c2ccc3ncn(Cc4cc(F)ccc4Cl)c3c2)[nH]n1)NO,7.327440617467693,2
O=C(CCCCCC(=O)Nc1cc(-c2ccc3ncn(Cc4ccc(Cl)cc4)c3c2)[nH]n1)NO,7.829777942579941,2
O=C(CCCCCC(=O)Nc1cc(-c2ccc3ncn(Cc4ccc(F)cc4)c3c2)[nH]n1)NO,8.131650396204986,2
O=C(CCCCCC(=O)Nc1cc(-c2ccc3ncn(Cc4cccc(Cl)c4)c3c2)[nH]n1)NO,7.861769097913378,2
O=C(CCCCCC(=O)Nc1cc(-c2ccc3ncn(Cc4cccc(F)c4)c3c2)[nH]n1)NO,8.188091181344223,2
O=C(CCCCCC(=O)Nc1cc(-c2ccc3ncn(Cc4cccc(F)c4Cl)c3c2)[nH]n1)NO,7.493497074992131,2
O=C(CCCCCC(=O)Nc1cc(-c2ccc3ncn(Cc4ccccc4)c3c2)[nH]n1)NO,7.087514269438153,2
O=C(CCCCCC(=O)Nc1cc(-c2ccc3ncn(Cc4ccccc4Cl)c3c2)[nH]n1)NO,7.749607413541272,2
O=C(CCCCCC(=O)Nc1cc(-c2ccc3ncn(Cc4ccccc4F)c3c2)[nH]n1)NO,8.599469735076072,2
O=C(CCCCCC(=O)Nc1cc(-c2ccc3ncn(Cc4cccs4)c3c2)[nH]n1)NO,7.886056647693163,2
O=C(CCCCCC(=O)Nc1cc(Oc2ccc(NC(=O)Nc3ccc(Cl)c(C(F)(F)F)c3)cc2)ccn1)NO,7.0,1
O=C(CCCCCC(=O)Nc1cc2c(Nc3ccc(Cl)c(C(F)(F)F)c3)ncnc2s1)NO,7.388065204932696,2
O=C(CCCCCC(=O)Nc1cc2c(Nc3ccc(F)c(Cl)c3)ncnc2s1)NO,7.444362020449736,2
O=C(CCCCCC(=O)Nc1cc2c(Nc3ccccc3)ncnc2s1)NO,7.92502114555447,2
O=C(CCCCCC(=O)Nc1ccc(O)c(C(=O)Nc2ccc(Cl)c(C(F)(F)F)c2)c1)NO,5.458420756053419,1
O=C(CCCCCC(=O)Nc1ccc(O)c(C(=O)Nc2ccc(Cl)c(Cl)c2)c1)NO,5.437707135543525,1
O=C(CCCCCC(=O)Nc1ccc(O)c(C(=O)Nc2ccc(F)c(Cl)c2)c1)NO,5.51999305704285,1
O=C(CCCCCC(=O)Nc1ccc(O)c(C(=O)Nc2ccc(F)c(F)c2)c1)NO,5.220403508742176,1
O=C(CCCCCC(=O)Nc1ccc(O)c(C(=O)Nc2ccc(OCc3cccc(F)c3)c(Cl)c2)c1)NO,5.521433504406156,1
O=C(CCCCCC(=O)Nc1ccc(O)c(C(=O)Nc2cccc(C(F)(F)F)c2)c1)NO,5.496209316942819,1
O=C(CCCCCC(=O)Nc1ccc(O)c(C(=O)Nc2cccc(F)c2)c1)NO,5.44490555142168,1
O=C(CCCCCC(=O)Nc1ccc(O)c(C(=O)Nc2ccccc2)c1)NO,5.723538195826755,1
O=C(CCCCCC(=O)Nc1cccc2cccnc12)NS,7.356547323513812,1
O=C(CCCCCC(=O)Nc1cccc2cccnc12)Nc1ccccc1,4.769551078621726,2
O=C(CCCCCC(=O)Nc1ccccc1)NCCS,5.6020599913279625,1
O=C(CCCCCC(=O)Nc1ccccc1)NO,8.301029995663981,3
O=C(CCCCCC(=O)Nc1ccccc1)Nc1ccccc1,3.6903698325741017,2
O=C(CCCCCC(=O)Nc1ccccc1N1C(=O)CSC1c1cccc(Br)c1)NO,7.537602002101044,2
O=C(CCCCCC(=O)Nc1ccccn1)Nc1ccccc1,3.853871964321762,2
O=C(CCCCCC(=O)Nc1cnc2ccccc2c1)Nc1ccccc1,4.075720713938118,2
O=C(CCCCCC(=O)Nc1nnc(-c2ccc(Br)cc2)s1)NO,5.891096872332687,1
O=C(CCCCCC(=O)Nc1nnc(-c2ccc(C(F)(F)F)cc2)s1)NO,5.937794191180288,1
O=C(CCCCCC(=O)Nc1nnc(-c2ccc(Cl)cc2)s1)NO,6.005243055412372,1
O=C(CCCCCC(=O)Nc1nnc(-c2ccc(F)cc2)s1)NO,6.130181792020672,1
O=C(CCCCCC(=O)Nc1nnc(-c2ccc(I)cc2)s1)NO,6.057991946977687,1
O=C(CCCCCC(=O)Nc1nnc(-c2ccc([N+](=O)[O-])cc2)s1)NO,6.149353764816933,1
O=C(CCCCCC(=O)Nc1nnc(-c2cccc(Cl)c2)s1)NO,6.072116589669293,1
O=C(CCCCCC(=O)Nc1nnc(-c2cccc3ccccc23)s1)NO,5.496754228534887,1
O=C(CCCCCC(=O)Nc1nnc(-c2ccccc2Cl)s1)NO,6.2949920406666635,1
O=C(CCCCCC(=O)Nc1nnc(-c2cccnc2)s1)NO,6.488116639021126,1
O=C(CCCCCC(=O)Nc1nnc(-c2ccco2)s1)NO,6.362510270487489,1
O=C(CCCCCC(=O)Nc1nnc(-c2cccs2)s1)NO,6.386158178123931,1
O=C(CCCCCC(=O)Nc1nnc(-c2ccncc2)s1)NO,6.386158178123931,1
O=C(CCCCCC(=O)c1ccc2ccccc2c1)NO,7.455931955649724,4
O=C(CCCCCC(=O)c1ccccc1)NO,6.301029995663981,6
O=C(CCCCCC(=O)c1ncco1)NCc1ccc(Cl)cc1,5.1938200260161125,1
O=C(CCCCCC(=O)c1ncco1)Nc1ccc(Cl)cc1,5.823908740944319,1
O=C(CCCCCC(=O)c1ncco1)Nc1cccc(-c2ccccc2)c1,6.508638306165727,1
O=C(CCCCCC(C(=O)Nc1ccc2ncccc2c1)C(=O)Nc1ccc2ncccc2c1)NO,9.0,2
O=C(CCCCCC(Cc1ccccc1)C(=O)NO)Nc1ccccc1,3.932444329576278,3
O=C(CCCCCC(NC(=O)OCc1ccccc1)C(=O)Nc1cccc2cccnc12)NO,8.602059991327963,2
O=C(CCCCCC(c1c[nH]c2ccc([N+](=O)[O-])cc12)c1c[nH]c2ccc([N+](=O)[O-])cc12)NO,6.853871964321762,2
O=C(CCCCCC(c1c[nH]c2ccccc12)c1c[nH]c2ccccc12)NO,6.136677139879544,2
O=C(CCCCCC/C(=N\O)c1ccc(-c2ccccc2)cc1)NO,8.397940008672037,3
O=C(CCCCCC/C(=N\O)c1ccc2ccccc2c1)NO,8.070581074285707,3
O=C(CCCCCC1OCCCCCCCOc2ccccc2NC1=O)NO,6.357535479757878,2
O=C(CCCCCC1OCCCCCCOc2ccccc2NC1=O)NO,6.251811972993799,2
O=C(CCCCCC1OCCCCCOc2ccccc2NC1=O)NO,6.022733787572707,2
O=C(CCCCCC=Cc1csc(Br)n1)NO,4.970816221098529,2
O=C(CCCCCCC(=O)C(F)(F)F)Nc1ccc(-c2ccccc2)cc1,5.522878745280337,2
O=C(CCCCCCC(=O)C(F)(F)F)Nc1ccc(Oc2ccccc2)cc1,6.522878745280337,3
O=C(CCCCCCC(=O)C(F)(F)F)Nc1cccc(-c2ccccc2)c1,6.137044183852476,4
O=C(CCCCCCC(=O)C(F)(F)F)Nc1cccc(Oc2ccccc2)c1,5.494850021680094,2
O=C(CCCCCCC(=O)C(F)(F)F)Nc1ccccc1,5.151918597302622,12
O=C(CCCCCCC(=O)C(F)(F)F)Nc1ccccc1-c1ccccc1,4.795880017344075,2
O=C(CCCCCCC(=O)C(F)(F)F)Nc1nc(-c2ccccc2)cs1,6.508638306165727,2
O=C(CCCCCCC(=O)N(Cc1ccccc1)C(Cc1ccc(-c2ccccc2)cc1)C(=O)NCCc1ccccc1)NO,5.356547323513812,1
O=C(CCCCCCC(=O)N/N=C/c1ccc(-c2ccccc2)cc1)NO,9.154901959985743,2
O=C(CCCCCCC(=O)N/N=C/c1ccc(N(c2ccccc2)c2ccccc2)cc1)NO,8.077017119227257,2
O=C(CCCCCCC(=O)N/N=C/c1cnc(N(c2ccccc2)c2ccccc2)nc1)NO,8.077017119227257,2
O=C(CCCCCCC(=O)N1C/C=C/CCOc2cccc(c2)-c2ccnc(n2)Nc2cccc(c2)C1)NO,6.508638306165727,1
O=C(CCCCCCC(=O)N1C/C=C/COCc2cccc(c2)-c2ccnc(n2)Nc2cccc(c2)C1)NO,6.53313237964589,1
O=C(CCCCCCC(=O)N1CCC(C(=O)Nc2ccc([C@@H]3[C@H]4CSCN4[C@]4(C(=O)Nc5cc(Cl)ccc54)[C@H]3C(=O)c3ccccc3)cc2)CC1)NO,7.236572006437063,2
O=C(CCCCCCC(=O)N1CCN(c2ccc(Cl)cc2)CC1)NO,7.437707135543525,2
O=C(CCCCCCC(=O)N1CCN=C(c2ccccc2)c2ccccc21)NO,6.649615825850873,3
O=C(CCCCCCC(=O)N1CCc2c([nH]c3ccccc23)C1)NO,7.876567192748944,4
O=C(CCCCCCC(=O)N1CCc2c(n(CC3CC3)c3ccccc23)C1)NO,8.494850021680094,2
O=C(CCCCCCC(=O)N1CCc2c(n(CC3CCCCC3)c3ccccc23)C1)NO,8.602059991327963,2
O=C(CCCCCCC(=O)NC(Cc1c[nH]c2ccccc12)C(=O)Nc1ccc(Cl)cc1)NO,6.823908740944319,1
O=C(CCCCCCC(=O)NC12CC3CC(CC(C3)C1)C2)NO,6.376750709602099,1
O=C(CCCCCCC(=O)NC1CCCC1)NO,5.747146969020107,2
O=C(CCCCCCC(=O)NCC1CCN(Cc2ccccc2)CC1)NO,6.229147988357855,1
O=C(CCCCCCC(=O)NCCNc1nonc1/C(=N/O)Nc1ccc(F)c(Br)c1)NO,7.318758762624412,1
O=C(CCCCCCC(=O)NCCNc1nonc1C(=Nc1ccc(F)c(Br)c1)NO)NO,7.3214816209598865,1
O=C(CCCCCCC(=O)NCCc1ccccc1)NO,5.943095148663527,2
O=C(CCCCCCC(=O)NC[C@H]1CN(c2ccc(N3CCOCC3)c(F)c2)C(=O)O1)NO,5.4723700991286615,2
O=C(CCCCCCC(=O)NC[C@H]1O[C@@H]2O[C@H]3[C@H](O)[C@@H](O)[C@@H](O[C@H]4[C@H](O)[C@@H](O)[C@@H](O[C@H]5[C@H](O)[C@@H](O)[C@@H](O[C@H]6[C@H](O)[C@@H](O)[C@@H](O[C@H]7[C@H](O)[C@@H](O)[C@@H](O[C@H]8[C@H](O)[C@@H](O)[C@@H](O[C@H]1[C@H](O)[C@H]2O)O[C@@H]8CO)O[C@@H]7CO)O[C@@H]6CO)O[C@@H]5CO)O[C@@H]4CO)O[C@@H]3CO)NO,6.200659450546418,1
O=C(CCCCCCC(=O)NCc1cc(C(=O)NCc2ccccc2)c2ccccc2n1)NO,6.107905397309519,1
O=C(CCCCCCC(=O)NCc1cc(C(=O)Nc2ccccc2)c2ccccc2n1)NO,6.250263684430939,1
O=C(CCCCCCC(=O)NCc1cc(Oc2ccc(NC(=O)Nc3ccc(Cl)c(C(F)(F)F)c3)cc2)ccn1)NO,7.0,1
O=C(CCCCCCC(=O)NCc1ccc2cc(Br)ccc2n1)NO,6.835647144215563,1
O=C(CCCCCCC(=O)NCc1ccc2ccccc2n1)NO,6.168770306132936,1
O=C(CCCCCCC(=O)NO)NO,5.199970640755866,2
O=C(CCCCCCC(=O)N[C@@H]1C[C@H]1c1ccccc1)NO,9.978810700930062,2
O=C(CCCCCCC(=O)Nc1cc(-c2ccc3ncn(Cc4c(Cl)cccc4Cl)c3c2)[nH]n1)NO,8.297823048725872,6
O=C(CCCCCCC(=O)Nc1cc(-c2ccc3ncn(Cc4cccc(F)c4Cl)c3c2)[nH]n1)NO,7.300163139259481,2
O=C(CCCCCCC(=O)Nc1cc(-c2ccc3ncn(Cc4ccccc4)c3c2)[nH]n1)NO,6.943095148663527,2
O=C(CCCCCCC(=O)Nc1cc(C(F)(F)F)ccc1Cl)NO,6.920818753952375,2
O=C(CCCCCCC(=O)Nc1cc2c(Cl)ncnc2s1)NO,7.588987918612466,2
O=C(CCCCCCC(=O)Nc1cc2c(Nc3ccc(Br)cc3F)ncnc2s1)NO,7.861126649986318,2
O=C(CCCCCCC(=O)Nc1cc2c(Nc3ccc(Cl)c(C(F)(F)F)c3)ncnc2s1)NO,7.660859203928988,2
O=C(CCCCCCC(=O)Nc1cc2c(Nc3ccc(Cl)cc3F)ncnc2s1)NO,7.894573317342553,2
O=C(CCCCCCC(=O)Nc1cc2c(Nc3ccc(F)c(Cl)c3)ncnc2s1)NO,7.880125094776818,2
O=C(CCCCCCC(=O)Nc1cc2c(Nc3ccc(F)cc3F)ncnc2s1)NO,7.998485264723191,2
O=C(CCCCCCC(=O)Nc1cc2c(Nc3ccc(I)cc3F)ncnc2s1)NO,8.20621186040966,2
O=C(CCCCCCC(=O)Nc1cc2c(Nc3ccc(N4CCCC4)c(F)c3)ncnc2s1)NO,7.846401789425293,2
O=C(CCCCCCC(=O)Nc1cc2c(Nc3ccc(N4CCCC4)cc3)ncnc2s1)NO,7.856211095460647,2
O=C(CCCCCCC(=O)Nc1cc2c(Nc3ccc(N4CCCCC4)c(F)c3)ncnc2s1)NO,8.268008737495146,2
O=C(CCCCCCC(=O)Nc1cc2c(Nc3ccc(O[C@H]4CCOC4)c(Cl)c3)ncnc2s1)NO,8.525061147981562,2
O=C(CCCCCCC(=O)Nc1cc2c(Nc3cccc(Cl)c3)ncnc2s1)NO,8.49215250573674,2
O=C(CCCCCCC(=O)Nc1cc2c(Nc3cccc(Cl)c3F)ncnc2s1)NO,8.108462900159914,2
O=C(CCCCCCC(=O)Nc1cc2c(Nc3ccccc3)ncnc2s1)NO,8.721246399047171,2
O=C(CCCCCCC(=O)Nc1cc2ncnc(Nc3ccc(Cl)cc3F)c2s1)NO,7.266523209298777,2
O=C(CCCCCCC(=O)Nc1cc2ncnc(Nc3ccc(F)cc3F)c2s1)NO,7.03623577689828,2
O=C(CCCCCCC(=O)Nc1cc2ncnc(Nc3cccc(Br)c3)c2s1)NO,7.265764301586543,2
O=C(CCCCCCC(=O)Nc1cc2ncnc(Nc3cccc(Cl)c3)c2s1)NO,7.268411982255321,2
O=C(CCCCCCC(=O)Nc1cc2ncnc(Nc3cccc(F)c3)c2s1)NO,7.131562023182963,2
O=C(CCCCCCC(=O)Nc1ccc(-c2ccccc2)cc1)NO,7.38090985660349,4
O=C(CCCCCCC(=O)Nc1ccc(-c2ccccc2NC(=O)[C@@H]2CCCN2)cc1)NO,7.190453334686628,2
O=C(CCCCCCC(=O)Nc1ccc(-c2ccnc(Nc3ccc(N4CCCCC4)cc3)n2)cc1)NO,6.029653123769906,2
O=C(CCCCCCC(=O)Nc1ccc(-c2ccnc(Nc3ccc(N4CCOCC4)cc3)n2)cc1)NO,7.251811972993799,2
O=C(CCCCCCC(=O)Nc1ccc(-c2ccnc(Nc3cccc(N4CCCCC4)c3)n2)cc1)NO,6.747146969020107,2
O=C(CCCCCCC(=O)Nc1ccc(-c2ccnc(Nc3ccccc3)n2)cc1)NO,8.42021640338319,2
O=C(CCCCCCC(=O)Nc1ccc(-c2cn(-c3ccccc3)nn2)cc1)NO,7.567030709125595,2
O=C(CCCCCCC(=O)Nc1ccc(-c2cn(CC(O)c3cccc(Br)c3)nn2)cc1)NO,7.1598939055432425,2
O=C(CCCCCCC(=O)Nc1ccc(-c2cn(Cc3ccc(F)cc3)nn2)cc1)NO,7.009439339986175,4
O=C(CCCCCCC(=O)Nc1ccc(-c2cn(Cc3ccccc3)nn2)cc1)NO,6.94692155651658,2
O=C(CCCCCCC(=O)Nc1ccc(-c2cnnn2-c2ccccc2)cc1)NO,7.151810883008602,2
O=C(CCCCCCC(=O)Nc1ccc(-c2cnnn2CC(O)c2cccc(Br)c2)cc1)NO,7.155522824254319,2
O=C(CCCCCCC(=O)Nc1ccc(-c2cnnn2Cc2ccc(F)cc2)cc1)NO,7.280668713016273,2
O=C(CCCCCCC(=O)Nc1ccc(-c2cnnn2Cc2ccccc2)cc1)NO,7.165579296318468,2
O=C(CCCCCCC(=O)Nc1ccc(C(=O)NC2CCNCC2)cc1)NO,6.833896482070133,3
O=C(CCCCCCC(=O)Nc1ccc(C(=O)NCCN2CCOCC2)cc1)NO,6.638272163982407,1
O=C(CCCCCCC(=O)Nc1ccc(C2=C(c3ccc(O)cc3)C3CC(S(=O)(=O)Oc4ccc5ccccc5c4)C2O3)cc1)NO,6.45717457304082,2
O=C(CCCCCCC(=O)Nc1ccc(CCCn2cc(-c3ncnc4[nH]ccc34)cn2)cc1)NO,6.576754126063192,2
O=C(CCCCCCC(=O)Nc1ccc(F)cc1)NO,8.045757490560675,1
O=C(CCCCCCC(=O)Nc1ccc(N(CCCl)CCCl)cc1)NO,6.568636235841012,2
O=C(CCCCCCC(=O)Nc1ccc(NCCCn2cc(-c3ncnc4[nH]ccc34)cn2)cc1)NO,6.958607314841775,2
O=C(CCCCCCC(=O)Nc1ccc(Nc2nc(-c3cn[nH]c3)c3cc[nH]c3n2)cc1)NO,8.698970004336019,2
O=C(CCCCCCC(=O)Nc1ccc(Nc2nc(-c3cnn(CC4CCCC4)c3)c3cc[nH]c3n2)cc1)NO,5.567672207738395,2
O=C(CCCCCCC(=O)Nc1ccc(Nc2nc(-c3cnn(CCCCCCOc4ccccc4)c3)c3cc[nH]c3n2)cc1)NO,5.699621935129297,2
O=C(CCCCCCC(=O)Nc1ccc(Nc2nc(-c3cnn(CCCCCOc4ccccc4)c3)c3cc[nH]c3n2)cc1)NO,5.879755204453635,2
O=C(CCCCCCC(=O)Nc1ccc(Nc2nc(-c3cnn(CCCCOc4ccccc4)c3)c3cc[nH]c3n2)cc1)NO,5.76421912967244,2
O=C(CCCCCCC(=O)Nc1ccc(Nc2nc(NC3CCN(Cc4ccccc4)CC3)c3sccc3n2)cc1)NO,6.632644078973981,2
O=C(CCCCCCC(=O)Nc1ccc(Nc2ncc(Cl)c(OC3CCCCC3)n2)cc1)NO,6.137958122882756,2
O=C(CCCCCCC(=O)Nc1ccc(Nc2ncc3ncn(C4CCCC4)c3n2)cc1)NO,8.585026652029182,2
O=C(CCCCCCC(=O)Nc1ccc(Nc2ncc3nnn(C4CCCC4)c3n2)cc1)NO,6.363512103646634,2
O=C(CCCCCCC(=O)Nc1ccc(OS(=O)(=O)C2CC3OC2C(c2ccc(O)cc2)=C3c2ccc(O)cc2)cc1)NO,6.234331445240986,2
O=C(CCCCCCC(=O)Nc1ccc([19F])cc1)NO,8.045757490560675,1
O=C(CCCCCCC(=O)Nc1ccc([C@H]2O[C@@H](CSc3nc(-c4ccccc4)c(-c4ccccc4)o3)C[C@@H](c3ccc(CO)cc3)O2)cc1)NO,5.88498576012822,24
O=C(CCCCCCC(=O)Nc1ccc2[nH]c(=O)ccc2c1)NO,7.455931955649724,2
O=C(CCCCCCC(=O)Nc1ccc2c(c1)/C(=C/c1ccc[nH]1)C(=O)N2)NO,9.047428700597145,2
O=C(CCCCCCC(=O)Nc1ccc2c(c1)CCC(=O)N2)NO,7.853871964321762,2
O=C(CCCCCCC(=O)Nc1ccc2ccnc(N3CCOCC3)c2c1)NO,7.337951414156192,2
O=C(CCCCCCC(=O)Nc1ccc2ccnc(Nc3ccc(Br)cc3F)c2c1)NO,7.817349625681006,2
O=C(CCCCCCC(=O)Nc1ccc2ccnc(Nc3ccc4ccccc4c3)c2c1)NO,8.238452080873717,2
O=C(CCCCCCC(=O)Nc1ccc2ccnc(Nc3cccc(Cl)c3F)c2c1)NO,7.763629086819398,2
O=C(CCCCCCC(=O)Nc1ccc2ccnc(Nc3ccccc3F)c2c1)NO,7.744968903749742,2
O=C(CCCCCCC(=O)Nc1ccc2ncnc(Nc3ccc(F)cc3)c2n1)NO,6.107905397309519,1
O=C(CCCCCCC(=O)Nc1ccc2ncnc(Nc3cccc(Cl)c3)c2c1)NO,6.324221658325914,1
O=C(CCCCCCC(=O)Nc1cccc(-c2ccccc2)c1)NO,8.045757490560675,2
O=C(CCCCCCC(=O)Nc1cccc(-c2cn(-c3cc(CO)cc(CO)c3)nn2)c1)NO,8.244125144327509,2
O=C(CCCCCCC(=O)Nc1cccc(-c2cn(-c3cc(F)cc(F)c3)nn2)c1)NO,8.275724130399212,2
O=C(CCCCCCC(=O)Nc1cccc(-c2cn(-c3ccc(C(F)(F)F)cc3)nn2)c1)NO,8.060480747381382,2
O=C(CCCCCCC(=O)Nc1cccc(-c2cn(-c3ccc(F)cc3)nn2)c1)NO,7.496209316942819,2
O=C(CCCCCCC(=O)Nc1cccc(-c2cn(-c3ccc(I)cc3)nn2)c1)NO,8.096910013008056,2
O=C(CCCCCCC(=O)Nc1cccc(-c2cn(-c3ccccc3)nn2)c1)NO,7.7447274948966935,4
O=C(CCCCCCC(=O)Nc1cccc(-c2cn(C3CCCCC3)nn2)c1)NO,8.065501548756432,2
O=C(CCCCCCC(=O)Nc1cccc(-c2cn(CC(O)c3cccc(Br)c3)nn2)c1)NO,7.826813731587726,2
O=C(CCCCCCC(=O)Nc1cccc(-c2cn(Cc3ccc(F)cc3)nn2)c1)NO,7.75448733218585,2
O=C(CCCCCCC(=O)Nc1cccc(-c2cn(Cc3ccc(O)cc3)nn2)c1)NO,8.517126416391246,2
O=C(CCCCCCC(=O)Nc1cccc(-c2cn(Cc3ccccc3)nn2)c1)NO,7.838631997765026,2
O=C(CCCCCCC(=O)Nc1cccc(-c2cnnn2-c2ccccc2)c1)NO,7.476253533188435,2
O=C(CCCCCCC(=O)Nc1cccc(-c2cnnn2CC(O)c2cccc(Br)c2)c1)NO,7.630784142589857,2
O=C(CCCCCCC(=O)Nc1cccc(-c2cnnn2Cc2ccc(F)cc2)c1)NO,7.586700235918748,2
O=C(CCCCCCC(=O)Nc1cccc(-c2cnnn2Cc2ccccc2)c1)NO,7.730487055782084,2
O=C(CCCCCCC(=O)Nc1cccc(-n2cc(-c3ccccc3)nn2)c1)NO,8.337242168318426,2
O=C(CCCCCCC(=O)Nc1cccc(-n2cc(C3CCCCC3)nn2)c1)NO,7.91721462968355,2
O=C(CCCCCCC(=O)Nc1cccc(C(=O)Nc2cccc(Nc3ncc(Cl)c(-c4c[nH]c5ccccc45)n3)c2)c1)NO,6.605548319173783,2
O=C(CCCCCCC(=O)Nc1cccc(C(F)(F)F)c1)NO,7.200659450546418,2
O=C(CCCCCCC(=O)Nc1ccccc1)NCCS,5.628932137728263,1
O=C(CCCCCCC(=O)Nc1ccccc1)NO,7.188166510206346,1027
O=C(CCCCCCC(=O)Nc1ccccc1)NOC(=O)c1ccc(-c2cssc2=S)cc1,5.924453038607469,1
O=C(CCCCCCC(=O)Nc1ccccc1)NOC(=O)c1csc(=S)s1,6.6020599913279625,1
O=C(CCCCCCC(=O)Nc1ccccc1C(=O)NO)Nc1ccccc1,6.611682228772604,3
O=C(CCCCCCC(=O)Nc1ccccc1CN1CC[C@H](O)C1)NO,6.3819519032879075,2
O=C(CCCCCCC(=O)Nc1ccccc1N1C(=O)CSC1c1cccc(Br)c1)NO,7.2839966563652006,2
O=C(CCCCCCC(=O)Nc1ccccn1)NO,6.605548319173783,1
O=C(CCCCCCC(=O)Nc1ccccn1)Nc1ccccc1,4.00436480540245,2
O=C(CCCCCCC(=O)Nc1cccnc1)NO,6.698970004336019,1
O=C(CCCCCCC(=O)Nc1ccncc1)NO,6.514278573518419,1
O=C(CCCCCCC(=O)Nc1cnc(N(c2ccccc2)c2ccccc2)nc1)NO,6.8965385127491645,2
O=C(CCCCCCC(=O)Nc1n[nH]c2cc(-c3ccc(Cl)cc3)ccc12)NO,8.508638306165727,4
O=C(CCCCCCC(=O)Nc1n[nH]c2cc(-c3cccc(C(F)(F)F)c3)ccc12)NO,8.602059991327963,2
O=C(CCCCCCC(=O)Nc1n[nH]c2cc(-c3cccc(Cl)c3)ccc12)NO,8.431798275933005,2
O=C(CCCCCCC(=O)Nc1n[nH]c2cc(-c3ccccc3)ccc12)NO,8.017728766960431,2
O=C(CCCCCCC(=O)Nc1n[nH]c2cc(-c3ccccc3Cl)ccc12)NO,8.568636235841012,2
O=C(CCCCCCC(=O)Nc1n[nH]c2cc(-c3ccccc3F)ccc12)NO,8.744727494896694,2
O=C(CCCCCCC(=O)Nc1n[nH]c2cc(-c3ccncc3)ccc12)NO,7.638272163982407,2
O=C(CCCCCCC(=O)Nc1n[nH]c2cc(-c3ccsc3)ccc12)NO,7.442494464349773,2
O=C(CCCCCCC(=O)Nc1nc(-c2cccc([N+](=O)[O-])c2)cs1)NO,7.932913155916403,3
O=C(CCCCCCC(=O)Nc1nc(-c2ccccc2)cs1)NO,8.262530573990782,4
O=C(CCCCCCC(=O)Nc1nc(-c2ccccc2[N+](=O)[O-])cs1)NO,7.3979400086720375,1
O=C(CCCCCCC(=O)Nc1nc2c(s1)C[C@@H](NC(=O)c1cccc3ccccc13)CC2)NO,8.853871964321762,4
O=C(CCCCCCC(=O)Nc1nc2ccc(OC(F)(F)F)cc2s1)NO,6.920818753952375,1
O=C(CCCCCCC(=O)Nc1nnc(-c2cccc(Br)c2)s1)NO,5.915423722065669,1
O=C(CCCCCCC(=O)Nc1nnc(-c2ccccc2Br)s1)NO,6.279014255846261,1
O=C(CCCCCCC(=O)Nc1nnc(-c2cccnc2)s1)NO,6.413412695328245,1
O=C(CCCCCCC(=O)Nc1nnc(-c2ccco2)s1)NO,6.360513510731414,1
O=C(CCCCCCC(=O)Nc1nnc(-c2cccs2)s1)NO,6.508638306165727,1
O=C(CCCCCCC(=O)Nc1nnc(-c2ccncc2)s1)NO,6.543633966870956,1
O=C(CCCCCCC(=O)Oc1ccc(-c2cc(=S)ss2)cc1)NO,5.0,1
O=C(CCCCCCC(=O)Oc1ccc(-c2cc(=S)ss2)cc1)Nc1ccccc1,4.0,1
O=C(CCCCCCC(=O)c1ccc(-c2ccc(Br)cc2)cc1)NO,8.698970004336019,6
O=C(CCCCCCC(=O)c1ccc(-c2ccccc2)cc1)NO,8.301029995663981,6
O=C(CCCCCCC(=O)c1ccc(Br)cc1)NO,7.346787486224656,6
O=C(CCCCCCC(=O)c1ccc(C(F)(F)F)cc1)NO,7.346787486224656,6
O=C(CCCCCCC(=O)c1ccc(N2CCCCC2)cc1)NO,8.022276394711152,4
O=C(CCCCCCC(=O)c1ccc(N2CCN(c3ccccc3)CC2)cc1)NO,8.346787486224656,4
O=C(CCCCCCC(=O)c1ccc2ccccc2c1)NO,8.301029995663981,4
O=C(CCCCCCC(=O)c1ccccc1)NO,7.187086643357144,6
O=C(CCCCCCC(=O)c1cccnc1)NO,6.815308569182402,6
O=C(CCCCCCC(=O)c1cccs1)NO,7.301029995663981,4
O=C(CCCCCCC(=O)c1ncco1)NNC(=O)c1ccc(-c2ccccc2)cc1,5.73754891026957,1
O=C(CCCCCCC(=O)c1ncco1)Nc1ccc(Cl)cc1,6.494850021680094,1
O=C(CCCCCCC(=O)c1ncco1)Nc1ccc(Oc2ccccc2)cc1,6.236572006437063,1
O=C(CCCCCCC(=O)c1ncco1)Nc1cccc(-c2ccccc2)c1,7.221848749616356,1
O=C(CCCCCCC(O)c1ccc2ccccc2c1)NO,7.455931955649724,6
O=C(CCCCCCCC(=O)N1C/C=C/CCOc2cccc(c2)-c2ccnc(n2)Nc2cccc(c2)C1)NO,6.449771646944906,1
O=C(CCCCCCCC(=O)N1C/C=C/COCc2cccc(c2)-c2ccnc(n2)Nc2cccc(c2)C1)NO,6.476253533188435,1
O=C(CCCCCCCC(=O)NC(Cc1c[nH]c2ccccc12)C(=O)Nc1ccc(Cl)cc1)NO,6.769551078621726,1
O=C(CCCCCCCC(=O)NCC1CCN(Cc2ccccc2)CC1)NO,6.366531544420413,1
O=C(CCCCCCCC(=O)NCCCN1c2ccccc2CCc2ccc(Cl)cc21)NO,5.468521082957745,2
O=C(CCCCCCCC(=O)N[C@@H]1C[C@H]1c1ccccc1)NO,10.086186147616283,2
O=C(CCCCCCCC(=O)Nc1ccccc1)NCCS,4.991399828238082,1
O=C(CCCCCCCC(=O)c1ccccc1)NO,6.8696662315049934,6
O=C(CCCCCCCCC(=O)NCCCN1c2ccccc2CCc2ccc(Cl)cc21)NO,5.2636034977233574,2
O=C(CCCCCCCCC(=O)N[C@@H]1C[C@H]1c1ccccc1)NO,9.627087997029893,2
O=C(CCCCCCCCCCn1cc(-c2ncnc3[nH]ccc23)cn1)NO,5.450996737974212,2
O=C(CCCCCCCCNc1nc2cc(C(=O)O)ccc2c2cnccc12)NO,6.886056647693163,1
O=C(CCCCCCCCNc1nc2cc(C(=O)O)ccc2c2cnccc12)NO.O=C(O)C(F)(F)F,6.886056647693163,1
O=C(CCCCCCCCc1ccn(Cc2ccc(-c3ccccc3)cc2)n1)NO,5.603800652904264,2
O=C(CCCCCCCCn1c2cc3c(cc2c2[nH]c(=O)c4ccccc4c21)OCO3)NO,7.244125144327508,2
O=C(CCCCCCCCn1c2cc3c(cc2c2ncc4ccccc4c21)OCO3)NO,8.522878745280337,2
O=C(CCCCCCCCn1cc(-c2cccc(-c3ccccc3)c2)nn1)NO,6.83061950468805,1
O=C(CCCCCCCCn1cc(-c2ccccc2)nn1)NO,7.2564902352715706,1
O=C(CCCCCCCN(Cc1ccc(F)cc1)c1ncc(C(=O)NCCCn2ccnc2)s1)NO,7.356547323513812,2
O=C(CCCCCCCN(c1ccc(F)cn1)c1nc(C(F)(F)F)ns1)NO,5.259637310505756,1
O=C(CCCCCCCN(c1ccc(F)cn1)c1nc2ccccc2o1)NO,5.259637310505756,1
O=C(CCCCCCCN(c1ccccn1)c1nc2ccccc2s1)NO,5.259637310505756,1
O=C(CCCCCCCN(c1ccccn1)c1nccs1)NO,5.259637310505756,1
O=C(CCCCCCCN(c1ccccn1)c1ncns1)NO,5.259637310505756,1
O=C(CCCCCCCN(c1ccccn1)c1nncs1)NO,5.259637310505756,1
O=C(CCCCCCCN1C(=O)C/C(=C\c2ccccc2)C1=O)NO,7.598599459218455,1
O=C(CCCCCCCN1C(=O)CC(=Cc2ccccc2)C1=O)NO,7.602059991327962,1
O=C(CCCCCCCN1C(=O)[C@@H]2CCC(=O)N2Cc2ccccc21)NO,6.102945015371105,2
O=C(CCCCCCCNC(=O)NC(=O)c1ccccc1)NO,6.047598964474437,4
O=C(CCCCCCCNC(=O)c1c(-c2ccc(O)cc2)sc2cc(O)ccc12)NO,6.774690718274137,2
O=C(CCCCCCCNC(=O)c1cc(Oc2ccc(NC(=O)Nc3ccc(Cl)c(C(F)(F)F)c3)cc2)ccn1)NO,6.0,1
O=C(CCCCCCCNC(=O)c1ccc2ccccc2c1)NO,7.552841968657781,1
O=C(CCCCCCCNC(=O)c1nc(-c2nccs2)sc1C1CC1)NO,7.0655015487564325,1
O=C(CCCCCCCNC(=O)c1ncc(-c2ccc(Br)cc2)o1)NO,6.742081615895011,2
O=C(CCCCCCCNC(=O)c1ncc(-c2ccc(C(F)(F)F)cc2)o1)NO,6.848400890957912,2
O=C(CCCCCCCNC(=O)c1ncc(-c2ccccc2)o1)NO,6.705423574779482,2
O=C(CCCCCCCNCc1cc(Oc2ccc(NC(=O)Nc3ccc(Cl)c(C(F)(F)F)c3)cc2)ccn1)NO,7.0,1
O=C(CCCCCCCNCc1ccc(-c2ccc3ncnc(Nc4ccc(OCc5cccc(F)c5)c(Cl)c4)c3c2)o1)NO,7.0,1
O=C(CCCCCCCNc1nc2cc(C(=O)O)ccc2c2cnccc12)NO,8.481486060122112,1
O=C(CCCCCCCNc1nc2cc(C(=O)O)ccc2c2cnccc12)NO.O=C(O)C(F)(F)F,8.481486060122112,1
O=C(CCCCCCCNc1nn2c(=O)c3cc(Br)ccc3nc2c2ccccc12)NO,7.467247488450805,2
O=C(CCCCCCCNc1nn2c(=O)c3cc(Cl)ccc3nc2c2ccccc12)NO,7.457176355851572,2
O=C(CCCCCCCNc1nn2c(=O)c3cc(F)ccc3nc2c2ccccc12)NO,7.434752705738266,2
O=C(CCCCCCCNc1nn2c(=O)c3ccccc3nc2c2ccccc12)NO,7.853871964321762,2
O=C(CCCCCCCOC(=O)c1ccc2c(c1)no[n+]2[O-])NO,6.743763466794077,1
O=C(CCCCCCCOC(=O)c1cccc2c1no[n+]2[O-])NO,6.862329462763245,1
O=C(CCCCCCCOc1ccc(-c2csc(-n3[nH]c(-c4ccccc4)c(N=Nc4nccs4)c3=O)n2)cc1)NO,6.869023308394382,1
O=C(CCCCCCCOc1ccc(-c2nc(N3CCOCC3)c3sccc3n2)cc1)NO,6.309803919971486,1
O=C(CCCCCCCOc1ccc(-c2nc3ccc(-c4nc5ccccc5[nH]4)cc3[nH]2)cc1)NO,7.696803942579511,1
O=C(CCCCCCCOc1ccc(-c2nc3ccccc3[nH]2)cc1)NO,7.30715308072277,1
O=C(CCCCCCCOc1ccc(NC(=O)Cc2c[nH]c3ccccc23)cc1)NO,7.653664650421815,2
O=C(CCCCCCCOc1ccc2cc1COC/C=C/COCc1cccc(c1)-c1ccnc(n1)N2)NO,5.630784142589857,2
O=C(CCCCCCCOc1cccc(-c2nc(N3CCOCC3)c3sccc3n2)c1)NO,6.214670164989233,1
O=C(CCCCCCCOc1cccc(-c2nc3ccc(-c4nc5ccccc5[nH]4)cc3[nH]2)c1)NO,7.597493808002703,3
O=C(CCCCCCCOc1cccc(-c2nc3ccccc3[nH]2)c1)NO,7.556788740479987,3
O=C(CCCCCCCOc1cccc(-c2nnc(-c3ccccc3)s2)c1)NO,6.269217724333611,1
O=C(CCCCCCCOc1cccc(-c2nnc(-c3ccccc3Cl)s2)c1)NO,6.336299074610352,1
O=C(CCCCCCCOc1ccccc1N1C(=O)CSC1c1cccc(Br)c1)NO,7.537602002101044,2
O=C(CCCCCCCOc1no[n+]([O-])c1S(=O)(=O)c1ccccc1)NO,7.200659450546418,1
O=C(CCCCCCCS)Nc1ccccc1,6.107006312401728,5
O=C(CCCCCCCc1ccc2ccccc2c1)NO,7.6020599913279625,6
O=C(CCCCCCCc1ccccc1)NO,6.251811972993799,1
O=C(CCCCCCCc1ccn(Cc2ccc(-c3ccccc3)cc2)n1)NO,5.575118363368933,2
O=C(CCCCCCCn1c2c(c3ccccc31)CCN(C(=O)c1ccccc1)C2)NO,7.3979400086720375,2
O=C(CCCCCCCn1c2cc3c(cc2c2[nH]c(=O)c4ccccc4c21)OCO3)NO,8.397940008672037,2
O=C(CCCCCCCn1cc(-c2ccc(-c3ccncc3)cc2)nn1)NO,6.671824338561677,1
O=C(CCCCCCCn1cc(-c2cccc(-c3ccccc3)c2)nn1)NO,6.962972120244225,1
O=C(CCCCCCCn1cc(-c2ccccc2)nn1)NO,6.43937612545007,1
O=C(CCCCCCCn1cc(-c2cccnc2)nn1)NO,6.370794342897696,1
O=C(CCCCCCCn1cc(-c2ncnc3[nH]ccc23)cn1)NO,7.443697499232712,2
O=C(CCCCCCCn1cc(Nc2ncc(Cl)c(Nc3ccc(F)cc3)n2)cn1)NO,7.42021640338319,1
O=C(CCCCCCN(CCCc1ccccc1)CCc1ccccc1)NO,6.798602875679549,2
O=C(CCCCCCN(Cc1cc2ccccc2[nH]1)Cc1cc2ccccc2[nH]1)NO,6.468521082957745,2
O=C(CCCCCCN(Cc1ccc(-c2ccccc2)s1)Cc1ccc(-c2ccccc2)s1)NO,6.075720713938118,2
O=C(CCCCCCN(Cc1ccc(F)cc1)c1ncc(C(=O)NCCCn2ccnc2)s1)NO,7.443697499232712,2
O=C(CCCCCCN(Cc1ccc(F)cc1)c1ncc(C(=O)NCc2cccnc2)s1)NO,7.022276394711152,2
O=C(CCCCCCN(Cc1ccc2ccccc2c1)Cc1ccc2ccccc2c1)NO,5.958607314841775,2
O=C(CCCCCCN(Cc1ccccc1)C(=O)NC(=O)c1ccccc1)NO,5.795880017344075,2
O=C(CCCCCCN(Cc1ccccc1)Cc1ccccc1)NO,5.958607314841775,2
O=C(CCCCCCN(Cc1ccccn1)C(=O)NC(=O)c1ccccc1)NO,5.6492894096002555,4
O=C(CCCCCCN(c1ccc(F)cn1)c1nc(C(F)(F)F)ns1)NO,6.1249387366083,1
O=C(CCCCCCN(c1ccc(F)cn1)c1nc2ccccc2o1)NO,5.259637310505756,1
O=C(CCCCCCN(c1ccccn1)c1cc(-c2ccccc2)ccn1)NO,6.935542010773082,1
O=C(CCCCCCN(c1ccccn1)c1cc(OCc2ccccc2)ccn1)NO,6.821023052706831,1
O=C(CCCCCCN(c1ccccn1)c1cc2ccccc2cn1)NO,7.1938200260161125,1
O=C(CCCCCCN(c1ccccn1)c1ccc(OCc2ccccc2)cn1)NO,6.739928612014925,1
O=C(CCCCCCN(c1ccccn1)c1ccc2ccccc2n1)NO,7.1487416512809245,1
O=C(CCCCCCN(c1ccccn1)c1ccccn1)NO,6.339134521996131,1
O=C(CCCCCCN(c1ccccn1)c1nc(C(F)(F)F)ns1)NO,5.259637310505756,1
O=C(CCCCCCN(c1ccccn1)c1nc2ccccc2s1)NO,5.259637310505756,1
O=C(CCCCCCN(c1ccccn1)c1nccs1)NO,5.259637310505756,1
O=C(CCCCCCN(c1ccccn1)c1ncns1)NO,6.1249387366083,1
O=C(CCCCCCN1C(=O)C/C(=C\c2ccc(C(F)(F)F)cc2)C1=O)NO,7.471083299722345,1
O=C(CCCCCCN1C(=O)C/C(=C\c2ccc(Cl)c(Cl)c2)C1=O)NO,7.554395796726403,1
O=C(CCCCCCN1C(=O)C/C(=C\c2ccc(Cl)cc2)C1=O)NO,7.630784142589857,1
O=C(CCCCCCN1C(=O)C/C(=C\c2cccc(Br)c2)C1=O)NO,7.718966632752273,1
O=C(CCCCCCN1C(=O)C/C(=C\c2cccc(Cl)c2)C1=O)NO,7.72584215073632,1
O=C(CCCCCCN1C(=O)C/C(=C\c2cccc(F)c2)C1=O)NO,7.123782159408358,1
O=C(CCCCCCN1C(=O)C/C(=C\c2cccc(I)c2)C1=O)NO,7.542118103266008,1
O=C(CCCCCCN1C(=O)C/C(=C\c2ccccc2)C1=O)NO,7.889410289700751,1
O=C(CCCCCCN1C(=O)C/C(=C\c2ccccc2Cl)C1=O)NO,7.714442690992226,1
O=C(CCCCCCN1C(=O)C/C(=C\c2ccccc2O)C1=O)NO,7.7121982700697735,1
O=C(CCCCCCN1C(=O)C/C(=C\c2cccs2)C1=O)NO,7.600326278518962,1
O=C(CCCCCCN1C(=O)CC(=Cc2ccc(C(F)(F)F)cc2)C1=O)NO,7.468521082957745,1
O=C(CCCCCCN1C(=O)CC(=Cc2ccc(Cl)c(Cl)c2)C1=O)NO,7.552841968657781,1
O=C(CCCCCCN1C(=O)CC(=Cc2ccc(Cl)cc2)C1=O)NO,7.638272163982407,1
O=C(CCCCCCN1C(=O)CC(=Cc2cccc(Br)c2)C1=O)NO,7.721246399047171,1
O=C(CCCCCCN1C(=O)CC(=Cc2cccc(Cl)c2)C1=O)NO,7.721246399047171,1
O=C(CCCCCCN1C(=O)CC(=Cc2cccc(F)c2)C1=O)NO,7.1249387366083,1
O=C(CCCCCCN1C(=O)CC(=Cc2cccc(I)c2)C1=O)NO,7.537602002101044,1
O=C(CCCCCCN1C(=O)CC(=Cc2ccccc2)C1=O)NO,7.886056647693163,1
O=C(CCCCCCN1C(=O)CC(=Cc2ccccc2Cl)C1=O)NO,7.721246399047171,1
O=C(CCCCCCN1C(=O)CC(=Cc2ccccc2O)C1=O)NO,7.721246399047171,1
O=C(CCCCCCN1C(=O)CC(=Cc2cccs2)C1=O)NO,7.602059991327962,1
O=C(CCCCCCN1C(=O)Cc2cc(Cl)ccc21)NO,8.154901959985743,1
O=C(CCCCCCN1C(=O)Cc2cc(F)ccc21)NO,7.327902142064282,1
O=C(CCCCCCN1C(=O)Cc2ccccc21)NO,7.823908740944319,1
O=C(CCCCCCN1C(=O)NC2(CCCc3ccccc32)C1=O)NO,7.568636235841012,2
O=C(CCCCCCN1C(=O)c2ccccc2C1=O)NO,6.447331783887806,1
O=C(CCCCCCN1C/C=C/CCOc2cccc(c2)-c2ccnc(n2)Nc2cccc(c2)C1)NO,7.060480747381382,1
O=C(CCCCCCN1C/C=C/COCc2cccc(c2)-c2ccnc(n2)Nc2cccc(c2)C1)NO,6.798602875679549,1
O=C(CCCCCCN1CC(=O)N2[C@H](CC3c4ccccc4NC3[C@H]2c2ccc(Br)cc2)C1=O)NO,7.847711655616943,1
O=C(CCCCCCN1CC(=O)N2[C@H](c3ccc(Cl)cc3)c3[nH]c4ccccc4c3C[C@@H]2C1=O)NO,8.040958607678906,1
O=C(CCCCCCN1CC(c2ccc3ncnc(Nc4ccc(Br)cc4F)c3c2)N=N1)NO,8.958607314841775,2
O=C(CCCCCCN1CCc2ccccc2C1)NO,7.008773924307505,2
O=C(CCCCCCN1c2cccc3cccc(c23)S1(=O)=O)NO,8.0,1
O=C(CCCCCCNC(=O)/C(=C\c1ccccc1)c1ccccc1)NO,6.42021640338319,1
O=C(CCCCCCNC(=O)C(O)(O)C(F)(F)F)Nc1ccc(-c2ccccc2)cc1,4.214670164989233,2
O=C(CCCCCCNC(=O)C(O)(O)C(F)(F)F)Nc1ccc(Br)cc1,3.920818753952375,2
O=C(CCCCCCNC(=O)C(O)(O)C(F)(F)F)Nc1ccc(Cl)cc1,3.795880017344075,2
O=C(CCCCCCNC(=O)C(O)(O)C(F)(F)F)Nc1nc2ccccc2s1,4.251811972993799,2
O=C(CCCCCCNC(=O)C(O)(O)C(F)(F)F)Nc1ncc(-c2ccc(Br)cc2)s1,3.920818753952375,2
O=C(CCCCCCNC(=O)C(O)(O)C(F)(F)F)Nc1ncc(-c2ccc(O)cc2)s1,3.9586073148417746,2
O=C(CCCCCCNC(=O)C(O)(O)C(F)(F)F)Nc1ncc(-c2ccccc2)s1,3.7447274948966935,2
O=C(CCCCCCNC(=O)C1Cc2ccccc2O1)NO,7.528708288941061,1
O=C(CCCCCCNC(=O)Cn1cnc2c(Nc3ccccc3)nc(Nc3ccccc3)nc21)NO,6.746544637224241,2
O=C(CCCCCCNC(=O)Cn1cnc2c(Nc3ccccc3)ncnc21)NO,5.531652669587842,1
O=C(CCCCCCNC(=O)NC(=O)c1ccccc1)NO,6.205248601868118,4
O=C(CCCCCCNC(=O)c1c(-c2ccc(O)cc2)sc2cc(O)ccc12)NO,6.4997222292669505,4
O=C(CCCCCCNC(=O)c1c[nH]c2ccccc12)NO,7.425968732272281,2
O=C(CCCCCCNC(=O)c1cc(-c2ccc(F)cc2)[nH]n1)NO,7.102372908709558,1
O=C(CCCCCCNC(=O)c1cc(-c2ccc(F)cc2)n[nH]1)NO,7.234452226564986,2
O=C(CCCCCCNC(=O)c1cc(Oc2ccc(NC(=O)Nc3ccc(Cl)c(C(F)(F)F)c3)cc2)ccn1)NO,7.0,1
O=C(CCCCCCNC(=O)c1cc2cc(-c3cn[nH]c3)ccc2s1)NO,8.04119736222847,2
O=C(CCCCCCNC(=O)c1cc2cc(Br)ccc2[nH]1)NO,8.455931955649724,2
O=C(CCCCCCNC(=O)c1cc2cc(Cl)ccc2o1)NO,7.823908740944319,2
O=C(CCCCCCNC(=O)c1cc2cc(F)ccc2[nH]1)NO,8.267606240177031,2
O=C(CCCCCCNC(=O)c1cc2cc(OC(F)(F)F)ccc2[nH]1)NO,7.795880017344075,1
O=C(CCCCCCNC(=O)c1cc2cc(OCc3ccccc3)ccc2[nH]1)NO,7.866461091629782,1
O=C(CCCCCCNC(=O)c1cc2ccccc2[nH]1)NO,7.835647144215563,3
O=C(CCCCCCNC(=O)c1cc2ccccc2o1)NO,7.528708288941061,1
O=C(CCCCCCNC(=O)c1ccc(-c2ccc(-c3cc(O)cc(O)c3)cc2)cc1)NO,4.804100347590766,2
O=C(CCCCCCNC(=O)c1ccc(-c2cn(CCCCCCOCCOCCNC(=O)CC34CC5CC(CC(C5)C3)C4)nn2)cc1)NO,6.193935097885466,2
O=C(CCCCCCNC(=O)c1ccc(-c2cn(CCCCCCOCCOCCNC(=O)CC34C[C@H]5C[C@@H](C3)C[C@@H](C4)C5)nn2)cc1)NO,6.455931955649724,1
O=C(CCCCCCNC(=O)c1ccc(-c2csc(-n3[nH]c(-c4ccccc4)c(N=Nc4nccs4)c3=O)n2)cc1)NO,7.005243055412372,1
O=C(CCCCCCNC(=O)c1ccc(CNC2(c3ccccc3)CC2)cc1)NO,7.823908740944319,2
O=C(CCCCCCNC(=O)c1ccc(NC(=O)CC23CC4CC(CC(C4)C2)C3)cc1)NO,6.333401346545669,2
O=C(CCCCCCNC(=O)c1ccc(NC(=O)CC23C[C@H]4C[C@@H](C2)C[C@@H](C3)C4)cc1)NO,6.71669877129645,1
O=C(CCCCCCNC(=O)c1ccc(NC(=O)CCCCCCCNC(=O)COc2cccc3c2C(=O)N(C2CCC(=O)NC2=O)C3=O)cc1)NO,6.923183692873908,6
O=C(CCCCCCNC(=O)c1ccc(NC(=O)CCOCCOCCOCCNC(=O)COc2cccc3c2C(=O)N(C2CCC(=O)NC2=O)C3=O)cc1)NO,6.79317412396815,2
O=C(CCCCCCNC(=O)c1ccc(NC(=O)CCOCCOCCOCCOCCNC(=O)CNc2cccc3c2C(=O)N(C2CCC(=O)NC2=O)C3=O)cc1)NO,6.730487055782083,2
O=C(CCCCCCNC(=O)c1ccc(NC(=O)CCOCCOCCOCCOCCNC(=O)COc2cccc3c2C(=O)N(C2CCC(=O)NC2=O)C3=O)cc1)NO,6.681936665037238,2
O=C(CCCCCCNC(=O)c1ccc(NC(=O)CNC(=O)CC23CC4CC(CC(C4)C2)C3)cc1)NO,6.557014241184154,2
O=C(CCCCCCNC(=O)c1ccc(NC(=O)CNC(=O)CC23C[C@H]4C[C@@H](C2)C[C@@H](C3)C4)cc1)NO,6.876148359032914,1
O=C(CCCCCCNC(=O)c1ccc(NC(=O)CNC(=O)CC2c3ccccc3-c3ccccc32)cc1)NO,6.798864682151524,3
O=C(CCCCCCNC(=O)c1ccc(NC(=O)COCCNC(=O)COc2cccc3c2C(=O)N(C2CCC(=O)NC2=O)C3=O)cc1)NO,6.807572504141341,2
O=C(CCCCCCNC(=O)c1ccc(NC(=O)COCCOCCNC(=O)COc2cccc3c2C(=O)N(C2CCC(=O)NC2=O)C3=O)cc1)NO,6.7594507517174005,5
O=C(CCCCCCNC(=O)c1ccc2[nH]c(=O)ccc2c1)NO,7.619788758288394,2
O=C(CCCCCCNC(=O)c1ccc2[nH]ccc2c1)NO,7.503070351926786,2
O=C(CCCCCCNC(=O)c1ccc2c(c1)CCC(=O)N2)NO,7.619788758288394,2
O=C(CCCCCCNC(=O)c1ccc2cc[nH]c2c1)NO,7.247951552180561,2
O=C(CCCCCCNC(=O)c1ccc2ccccc2c1)NO,7.698970004336019,1
O=C(CCCCCCNC(=O)c1ccc[nH]1)NO,6.280668713016274,2
O=C(CCCCCCNC(=O)c1cccc2[nH]ccc12)NO,7.095284454721319,2
O=C(CCCCCCNC(=O)c1cccc2cc[nH]c12)NO,7.3872161432802645,2
O=C(CCCCCCNC(=O)c1ccccc1)NO,6.059033582266631,4
O=C(CCCCCCNC(=O)c1ccccn1)NO,5.774690718274137,2
O=C(CCCCCCNC(=O)c1cn(-c2ccc(Br)cc2)c2ccccc12)NO,7.723538195826756,1
O=C(CCCCCCNC(=O)c1cn(-c2ccc(F)cc2)c2ccccc12)NO,7.928117992693875,1
O=C(CCCCCCNC(=O)c1cn(-c2ccccc2)c2ccccc12)NO,8.455931955649724,1
O=C(CCCCCCNC(=O)c1cn(Cc2ccccc2)c2ccccc12)NO,7.920818753952375,1
O=C(CCCCCCNC(=O)c1cnc(-c2ccc(Cl)cc2)s1)NO,6.017728766960431,1
O=C(CCCCCCNC(=O)c1cnc(-c2ccc(F)cc2)s1)NO,5.991399828238082,1
O=C(CCCCCCNC(=O)c1cnc(-c2ccc(OC(F)(F)F)cc2)s1)NO,6.154901959985743,1
O=C(CCCCCCNC(=O)c1cnc(-c2ccc(Oc3ccccc3)cc2)s1)NO,6.096910013008056,1
O=C(CCCCCCNC(=O)c1cnc(N(c2ccccc2)c2ccccc2)nc1)NO,7.173630452829244,66
O=C(CCCCCCNC(=O)c1cnc(N(c2ccccc2)c2ccccc2Cl)nc1)NO,7.455931955649724,12
O=C(CCCCCCNC(=O)c1csc(Br)n1)NO,6.473263350306038,4
O=C(CCCCCCNC(=O)c1nc(-c2nc3c(s2)CCCC3)sc1C1CC1)NO,7.958607314841775,1
O=C(CCCCCCNC(=O)c1nc(-c2nccs2)sc1C1CC1)NO,7.698970004336019,1
O=C(CCCCCCNC(=O)c1ncc(-c2ccc(Br)cc2)o1)NO,7.70170145218677,2
O=C(CCCCCCNC(=O)c1ncc(-c2ccc(C(F)(F)F)cc2)o1)NO,7.367442440730997,2
O=C(CCCCCCNC(=O)c1ncc(-c2ccc(C(F)(F)F)cc2)s1)NO,6.987796165848774,2
O=C(CCCCCCNC(=O)c1ncc(-c2ccc(Cl)cc2)o1)NO,7.5059926834574044,2
O=C(CCCCCCNC(=O)c1ncc(-c2ccc(Cl)cc2)s1)NO,6.667359636545021,2
O=C(CCCCCCNC(=O)c1ncc(-c2ccc(F)cc2)o1)NO,7.220981893211857,2
O=C(CCCCCCNC(=O)c1ncc(-c2ccc(F)cc2)s1)NO,7.186186515330584,2
O=C(CCCCCCNC(=O)c1ncc(-c2cccc(Br)c2)o1)NO,7.2207297105727015,2
O=C(CCCCCCNC(=O)c1ncc(-c2cccc(C(F)(F)F)c2)o1)NO,6.6059865579520975,2
O=C(CCCCCCNC(=O)c1ncc(-c2cccc(Cl)c2)o1)NO,7.2279002231885165,2
O=C(CCCCCCNC(=O)c1ncc(-c2cccc(Cl)c2)s1)NO,7.526528364651087,2
O=C(CCCCCCNC(=O)c1ncc(-c2ccccc2)o1)NO,7.441178778886906,2
O=C(CCCCCCNC(=O)c1ncc(-c2ccccc2)s1)NO,7.179340298637333,2
O=C(CCCCCCNC(=O)c1ncc(-c2ccccc2Cl)o1)NO,7.483270027407054,2
O=C(CCCCCCNC(=O)c1ncc(-c2ccccc2Cl)s1)NO,7.194125604233778,2
O=C(CCCCCCNCc1cc(Oc2ccc(NC(=O)Nc3ccc(Cl)c(C(F)(F)F)c3)cc2)ccn1)NO,7.0,1
O=C(CCCCCCNCc1cc2ccccc2[nH]1)NO,7.214670164989233,2
O=C(CCCCCCNCc1ccc(-c2ccc3ncnc(Nc4ccc(OCc5cccc(F)c5)c(Cl)c4)c3c2)o1)NO,7.0,1
O=C(CCCCCCNCc1ccc(-c2ccccc2)s1)NO,7.318758762624412,2
O=C(CCCCCCNCc1ccc(F)cc1)NO,6.657577319177793,2
O=C(CCCCCCNCc1ccc([N+](=O)[O-])cc1)NO,6.657577319177793,2
O=C(CCCCCCNCc1ccc2ccccc2c1)NO,7.4089353929735005,2
O=C(CCCCCCNCc1ccccc1)NO,6.468521082957745,4
O=C(CCCCCCNP(=O)([O-])[O-])Nc1ccccc1.[K+].[K+],3.309803919971486,1
O=C(CCCCCCNc1cc(N2CCCCCC2)nc(-c2ccccn2)n1)NO,7.537602002101044,2
O=C(CCCCCCNc1cc(N2CCCCCC2)nc(-c2cccnc2)n1)NO,8.920818753952375,2
O=C(CCCCCCNc1cc(N2CCc3ccccc3CC2)nc(-c2ccccn2)n1)NO,7.187086643357144,2
O=C(CCCCCCNc1ccc2ccccc2c1)c1ncco1,6.366531544420413,1
O=C(CCCCCCNc1ccc2ncnc(Nc3ccc(F)cc3)c2n1)NO,6.107905397309519,1
O=C(CCCCCCNc1nc(N2CCOCC2)nc2nc[nH]c12)NO,6.804100347590767,1
O=C(CCCCCCNc1nc(NCc2ccccc2)nc2nc[nH]c12)NO,6.661543506395395,1
O=C(CCCCCCNc1nc2cc(C(=O)O)ccc2c2cnccc12)NO,6.853871964321762,1
O=C(CCCCCCNc1nc2cc(C(=O)O)ccc2c2cnccc12)NO.O=C(O)C(F)(F)F,6.853871964321762,1
O=C(CCCCCCNc1nc2ccccc2nc1-c1nc2ccccc2o1)NO,7.9590024873638505,2
O=C(CCCCCCNc1nccc(-c2sc(-c3ccccc3)nc2-c2cccc(NS(=O)(=O)c3c(F)cccc3F)c2F)n1)NO,7.801516951077616,2
O=C(CCCCCCNc1ncnc2ccc(Cl)cc12)NO,7.958607314841775,2
O=C(CCCCCCNc1ncnc2ccc(F)cc12)NO,7.886056647693163,2
O=C(CCCCCCNc1ncnc2nc[nH]c12)NO,7.180456064458131,1
O=C(CCCCCCNc1nn2c(=O)c3cc(Br)ccc3nc2c2ccccc12)NO,7.638272163982407,2
O=C(CCCCCCNc1nn2c(=O)c3cc(Cl)ccc3nc2c2ccccc12)NO,7.572695180952103,2
O=C(CCCCCCNc1nn2c(=O)c3cc(F)ccc3nc2c2ccccc12)NO,7.520718058389017,2
O=C(CCCCCCNc1nn2c(=O)c3ccccc3nc2c2ccccc12)NO,7.8794759246641775,2
O=C(CCCCCCOC(=O)c1ccc2c(c1)no[n+]2[O-])NO,7.735182176990463,1
O=C(CCCCCCOC(=O)c1cccc2c1no[n+]2[O-])NO,7.892790030352131,1
O=C(CCCCCCOP(=O)([O-])[O-])Nc1ccccc1.[K+].[K+],2.4089353929735005,1
O=C(CCCCCCOc1cc(Oc2ccc(NC(=O)Nc3ccc(Cl)c(C(F)(F)F)c3)cc2)ccn1)NO,7.0,1
O=C(CCCCCCOc1ccc(-c2cc(=S)ss2)cc1)NO,8.0,1
O=C(CCCCCCOc1ccc(-c2cc(=S)ss2)cc1)Nc1ccccc1,3.036826283624748,1
O=C(CCCCCCOc1ccc(-c2ccc3ccccc3n2)cc1)NO,7.175421200383185,2
O=C(CCCCCCOc1ccc(-c2ccccc2)cc1)C(F)(F)F,6.137602002101045,5
O=C(CCCCCCOc1ccc(-c2ccccc2)cc1)C1=NCCO1,5.7447274948966935,1
O=C(CCCCCCOc1ccc(-c2ccccc2)cc1)NO,9.198970004336019,2
O=C(CCCCCCOc1ccc(-c2ccccc2)cc1)c1ncco1,5.958607314841775,1
O=C(CCCCCCOc1ccc(-c2ccccc2)cc1)c1nn[nH]n1,5.698970004336019,1
O=C(CCCCCCOc1ccc(-c2csc(-n3[nH]c(-c4ccccc4)c(N=Nc4nccs4)c3=O)n2)cc1)NO,7.3893398369101195,1
O=C(CCCCCCOc1ccc(-c2nc3ccc(-c4nc5ccccc5[nH]4)cc3[nH]2)cc1)NO,7.7121543400168875,3
O=C(CCCCCCOc1ccc(-c2nc3ccccc3[nH]2)cc1)NO,7.39469495385889,1
O=C(CCCCCCOc1ccc(-c2nnc(-c3ccccc3)s2)cc1)NO,6.95783973960762,3
O=C(CCCCCCOc1ccc(N(Cc2ccncc2)C(=O)CCc2c[nH]c3ccccc23)cc1)NO,7.7905180846481885,2
O=C(CCCCCCOc1ccc(NC(=O)CCc2c[nH]c3ccccc23)cc1)NO,7.795880017344075,2
O=C(CCCCCCOc1ccc(NC(=O)Cc2c[nH]c3ccccc23)c(F)c1)NO,7.6243604480083285,2
O=C(CCCCCCOc1ccc(NC(=O)Cc2c[nH]c3ccccc23)cc1)NO,7.889423339022647,2
O=C(CCCCCCOc1ccc(NC(=O)Cc2c[nH]c3ccccc23)cc1F)NO,7.884392676018699,2
O=C(CCCCCCOc1ccc(NCc2ccc3[nH]ccc3c2)cc1)NO,7.84926796342835,2
O=C(CCCCCCOc1ccc(Oc2ccccc2)cc1)C(F)(F)F,5.468521082957745,1
O=C(CCCCCCOc1ccc2[nH]ccc2c1)NO,8.443697499232712,2
O=C(CCCCCCOc1ccc2cc1COC/C=C/COCc1cccc(c1)-c1ccnc(n1)N2)NO,6.653647025549361,2
O=C(CCCCCCOc1ccc2ccccc2c1)NO,9.045757490560675,2
O=C(CCCCCCOc1ccc2ccccc2c1)c1ncco1,6.2839966563652006,1
O=C(CCCCCCOc1ccc2nc(-c3ccccc3)ccc2c1)NO,7.325924508706205,2
O=C(CCCCCCOc1ccc2ncnc(Nc3ccc(F)c(Cl)c3)c2c1)NO,8.356547323513812,2
O=C(CCCCCCOc1cccc(-c2ccccc2)c1)C(F)(F)F,5.552841968657781,1
O=C(CCCCCCOc1cccc(-c2ccccc2)c1)c1ncco1,6.207608310501746,1
O=C(CCCCCCOc1cccc(-c2nc(N3CCOCC3)c3sccc3n2)c1)NO,6.42021640338319,1
O=C(CCCCCCOc1cccc(-c2nc3ccc(-c4nc5ccccc5[nH]4)cc3[nH]2)c1)NO,7.747146969020107,1
O=C(CCCCCCOc1cccc(-c2nc3ccccc3[nH]2)c1)NO,7.706334528456979,3
O=C(CCCCCCOc1cccc(-c2nnc(-c3ccccc3)s2)c1)NO,7.562205980807284,3
O=C(CCCCCCOc1cccc(-c2nnc(-c3ccccc3Cl)s2)c1)NO,6.774690718274137,3
O=C(CCCCCCOc1cccc2cccnc12)NO,7.42021640338319,2
O=C(CCCCCCOc1ccccc1)C(F)(F)F,5.096910013008056,1
O=C(CCCCCCOc1ccccc1)NO,6.481486060122112,1
O=C(CCCCCCOc1ccccc1N1C(=O)CSC1c1cccc(Br)c1)NO,7.301029995663981,2
O=C(CCCCCCOc1no[n+]([O-])c1S(=O)(=O)c1ccccc1)NO,7.267606240177031,1
O=C(CCCCCCS(=O)(=O)c1ccc2ccccc2c1)c1ncco1,6.214670164989233,1
O=C(CCCCCCS(=O)c1ccc(Cl)cc1)NO,6.00399214602378,3
O=C(CCCCCCS)N1CCc2ccccc2C1,5.756961951313706,2
O=C(CCCCCCS)NC1CCCC1,6.062983892535186,2
O=C(CCCCCCS)NCc1ccc(C(F)(F)F)cc1,5.224753740259764,2
O=C(CCCCCCS)NCc1cccc(OCc2ccccc2)c1,5.500312917381596,2
O=C(CCCCCCS)Nc1ccc(-c2ccccc2)cc1,5.958607314841775,2
O=C(CCCCCCS)Nc1ccc(Oc2ccccc2)cc1,6.207608310501746,2
O=C(CCCCCCS)Nc1cccc(-c2ccccc2)c1,7.1249387366083,2
O=C(CCCCCCS)Nc1cccc(Oc2ccccc2)c1,6.6777807052660805,2
O=C(CCCCCCS)Nc1ccccc1,6.791910131909493,12
O=C(CCCCCCS)Nc1cccnc1,6.958607314841775,2
O=C(CCCCCCS)Nc1cnc2ccccc2c1,7.142667503568731,4
O=C(CCCCCCS)Nc1nc(-c2ccc(F)cc2)cs1,7.443697499232712,2
O=C(CCCCCCS)Nc1nc(-c2cccc(F)c2)cs1,7.309803919971486,2
O=C(CCCCCCS)Nc1nc(-c2ccccc2)cs1,7.106199342707745,8
O=C(CCCCCCS)Nc1nc2ccccc2s1,6.468521082957745,1
O=C(CCCCCCSc1ccc2ccccc2c1)c1ncco1,6.267606240177031,1
O=C(CCCCCCc1ccc(-c2ccccc2)cc1)NO,7.236572006437063,1
O=C(CCCCCCc1ccc(-c2sc3cc(O)ccc3c2C(=O)c2ccc(OCCN3CCCCC3)cc2)cc1)NO,6.46344155742847,2
O=C(CCCCCCc1ccn(Cc2ccc(-c3ccccc3)cc2)n1)NO,6.632644078973981,2
O=C(CCCCCCc1cnc(-c2ccc(-c3ccccc3)cc2)o1)NO,7.920818753952375,2
O=C(CCCCCCc1cnc(-c2ccc(Br)cc2)o1)NO,8.356547323513812,2
O=C(CCCCCCc1cnc(-c2ccc(F)cc2)o1)NO,7.638272163982407,2
O=C(CCCCCCc1cnc(-c2ccc(OC(F)(F)F)cc2)o1)NO,7.050609993355087,2
O=C(CCCCCCc1cnc(-c2ccccc2)o1)NO,7.886056647693163,2
O=C(CCCCCCc1nc(-c2ccc(-c3ccccc3)cc2)cs1)NO,7.958607314841775,2
O=C(CCCCCCc1nc(-c2ccc(Br)cc2)cs1)NO,8.070581074285707,2
O=C(CCCCCCc1nc(-c2ccc(C(F)(F)F)cc2)cs1)NO,7.376750709602099,2
O=C(CCCCCCc1nc(-c2ccc(C(F)(F)F)cc2)no1)C(F)(F)F,5.0835460514500745,2
O=C(CCCCCCc1nc(-c2ccc(C(F)(F)F)cc2)no1)NO,5.71669877129645,2
O=C(CCCCCCc1nc(-c2ccc(Cl)cc2)no1)NO,6.167491087293763,2
O=C(CCCCCCc1nc(-c2ccc(F)cc2)no1)NO,5.939302159646388,2
O=C(CCCCCCc1nc(-c2ccc(OC(F)(F)F)cc2)cs1)NO,7.130768280269024,2
O=C(CCCCCCc1nc(-c2ccc([N+](=O)[O-])cc2)no1)NO,7.154901959985743,2
O=C(CCCCCCc1nc(-c2ccc3ccccc3c2)cs1)NO,8.366531544420413,2
O=C(CCCCCCc1nc(-c2cccc(Br)c2)cs1)NO,8.236572006437063,2
O=C(CCCCCCc1nc(-c2cccc([N+](=O)[O-])c2)no1)C(F)(F)F,5.400116927926312,2
O=C(CCCCCCc1nc(-c2cccc([N+](=O)[O-])c2)no1)NO,6.455931955649724,2
O=C(CCCCCCc1nc(-c2ccccc2)cs1)NO,7.721246399047171,2
O=C(CCCCCCc1nc(-c2ccccc2)no1)C(F)(F)F,5.274088367704952,2
O=C(CCCCCCc1nc(-c2ccccc2)no1)NO,6.42021640338319,2
O=C(CCCCCCc1nc(-c2ccccc2Cl)no1)C(F)(F)F,5.116338564846382,2
O=C(CCCCCCc1nc(-c2ccccc2Cl)no1)NO,6.721246399047171,2
O=C(CCCCCCc1nc(-c2cccnc2)no1)NO,7.096910013008056,2
O=C(CCCCCCc1nc(-c2cccs2)no1)C(F)(F)F,5.286509456906058,2
O=C(CCCCCCc1nc(-c2cccs2)no1)NO,6.920818753952375,2
O=C(CCCCCCc1nc2ccc(Br)cc2[nH]1)NO,7.694648630553377,1
O=C(CCCCCCc1ncc(-c2ccc(-c3ccc(Cl)cc3)cc2)o1)NO,8.167491087293763,2
O=C(CCCCCCc1ncc(-c2ccc(Br)cc2)o1)NO,8.568636235841012,2
O=C(CCCCCCc1ncc(-c2ccccc2)o1)NO,8.008773924307505,2
O=C(CCCCCCc1nnc(-c2ccc(-c3ccccc3)cc2)o1)c1ncco1,6.6020599913279625,1
O=C(CCCCCCn1c(C(=O)NC2C3CC4CC(C3)CC2C4)cc2cc(Cl)ccc21)NO,8.661561784013431,2
O=C(CCCCCCn1c(C(=O)NC2C3CC4CC(C3)CC2C4)cc2ccc(Br)cc21)NO,8.497581469530845,2
O=C(CCCCCCn1c(C(=O)NC2C3CC4CC(C3)CC2C4)cc2ccccc21)NO,8.67778070526608,2
O=C(CCCCCCn1c(C(=O)NC2C3CC4CC(C3)CC2C4)nc2ccccc21)NO,8.77212089844793,2
O=C(CCCCCCn1c2c(c3ccccc31)CCN(C(=O)c1ccccc1)C2)NO,8.1249387366083,2
O=C(CCCCCCn1c2cc3c(cc2c2[nH]c(=O)c4ccccc4c21)OCO3)NO,8.397940008672037,2
O=C(CCCCCCn1c2cc3c(cc2c2nc(Cl)c4ccccc4c21)OCO3)NO,8.397940008672037,2
O=C(CCCCCCn1c2cc3c(cc2c2ncc4ccccc4c21)OCO3)NO,8.522878745280337,2
O=C(CCCCCCn1c2ccccc2c2ccccc21)NO,6.690369832574101,2
O=C(CCCCCCn1cc(-c2cc(Oc3ccc(NC(=O)NC4CC4)cc3)ccn2)cn1)NO,8.431798275933005,2
O=C(CCCCCCn1cc(-c2cc(Oc3ccc(NC(=O)NC4CCCCC4)cc3)ccn2)cn1)NO,8.455931955649724,2
O=C(CCCCCCn1cc(-c2cc(Oc3ccc(NC(=O)Nc4cc(-c5ccc(F)cc5)on4)cc3)ccn2)cn1)NO,6.982966660701219,2
O=C(CCCCCCn1cc(-c2cc(Oc3ccc(NC(=O)Nc4cc(C(F)(F)F)on4)cc3)ccn2)cn1)NO,7.70446769648675,2
O=C(CCCCCCn1cc(-c2cc(Oc3ccc(NC(=O)Nc4ccc(C(F)(F)F)c(Cl)c4)cc3)ccn2)cn1)NO,6.217527375833714,2
O=C(CCCCCCn1cc(-c2cc(Oc3ccc(NC(=O)Nc4ccc(C(F)(F)F)cc4)cc3)ccn2)cn1)NO,6.732828271596986,2
O=C(CCCCCCn1cc(-c2cc(Oc3ccc(NC(=O)Nc4ccc(F)cc4)cc3)ccn2)cn1)NO,7.9978393131086785,2
O=C(CCCCCCn1cc(-c2cc(Oc3ccc(NC(=O)Nc4cccc(F)c4)cc3)ccn2)cn1)NO,7.823908740944319,2
O=C(CCCCCCn1cc(-c2cc(Oc3ccc(NC(=O)Nc4ccccc4Cl)cc3)ccn2)cn1)NO,7.7508447231052,2
O=C(CCCCCCn1cc(-c2cc(Oc3ccc(NC(=O)Nc4ccon4)cc3)ccn2)cn1)NO,8.366531544420413,2
O=C(CCCCCCn1cc(-c2ccc(-c3ccncc3)cc2)nn1)NO,7.779891911959945,1
O=C(CCCCCCn1cc(-c2ccc(C(=O)NCCNc3nonc3/C(=N/O)Nc3ccc(F)c(Br)c3)cc2)nn1)NO,7.619788758288394,1
O=C(CCCCCCn1cc(-c2ccc(C(=O)NCCNc3nonc3C(=Nc3ccc(F)c(Br)c3)NO)cc2)nn1)NO,7.628932137728263,1
O=C(CCCCCCn1cc(-c2ccc(C(=O)c3c(-c4ccc(O)cc4)sc4cc(O)ccc34)cc2)nn1)NO,5.987162775294828,2
O=C(CCCCCCn1cc(-c2ccc(Nc3c4ccccc4nc4ccccc34)cc2)nn1)NO,8.4089353929735,2
O=C(CCCCCCn1cc(-c2ccc3ncnc(Nc4ccc(Br)cc4F)c3c2)nn1)NO,8.958607314841775,2
O=C(CCCCCCn1cc(-c2ccc3ncnc(Nc4ccc(F)c(Cl)c4)c3c2)nn1)NO,8.585026652029182,2
O=C(CCCCCCn1cc(-c2ccc3ncnc(Nc4ccc(OCc5cccc(F)c5)c(Cl)c4)c3c2)nn1)NO,8.080921907623926,2
O=C(CCCCCCn1cc(-c2ccc3ncnc(Nc4ccc(OCc5nccs5)c(Cl)c4)c3c2)nn1)NO,8.2518119729938,2
O=C(CCCCCCn1cc(-c2ccc3ncnc(Nc4cccc(Cl)c4F)c3c2)nn1)NO,9.142667503568731,2
O=C(CCCCCCn1cc(-c2cccc(-c3ccccc3)c2)nn1)NO,8.267606240177031,1
O=C(CCCCCCn1cc(-c2cccc(Nc3c4ccccc4nc4ccccc34)c2)nn1)NO,8.292429823902063,2
O=C(CCCCCCn1cc(-c2ccccc2)nn1)NO,8.017728766960431,1
O=C(CCCCCCn1cc(-c2ccccn2)nn1)NO,7.621602099051862,1
O=C(CCCCCCn1cc(-c2cccnc2)nn1)NO,6.436756298859602,1
O=C(CCCCCCn1cc(-c2ncnc3[nH]ccc23)cn1)NO,8.161150909262744,2
O=C(CCCCCCn1cc(C(=O)N2CCOCC2)c2ccccc21)NO,8.046967227622382,2
O=C(CCCCCCn1cc(C(=O)NC23CC4CC(CC(C4)C2)C3)c2ccccc21)NO,8.92818038236273,2
O=C(CCCCCCn1cc(C(=O)NC2C3CC4CC(C3)CC2C4)c2ccccc21)NO,8.694669918455059,2
O=C(CCCCCCn1cc(C(=O)NC2CCCCC2)c2ccccc21)NO,8.801377709494806,2
O=C(CCCCCCn1cc(C(=O)NC2CCCCCC2)c2ccccc21)NO,8.698970004336019,2
O=C(CCCCCCn1cc(C(=O)NC2CCCCCCC2)c2ccccc21)NO,8.884392676018699,2
O=C(CCCCCCn1cc(C(=O)NCc2ccc(Cl)cc2)c2ccccc21)NO,8.637330092045131,2
O=C(CCCCCCn1cc(C(=O)Nc2ccc(Cl)cc2Cl)c2ccccc21)NO,8.599469735076072,2
O=C(CCCCCCn1cc(Nc2cc(-c3cccc(NCC4CCOCC4)n3)c(Cl)cn2)cn1)NO,6.261140205156076,2
O=C(CCCCCCn1cc(Nc2cc(-c3cccc(NCc4cccc(F)c4)n3)c(Cl)cn2)cn1)NO,6.047207556955907,2
O=C(CCCCCCn1cc(Nc2ncc(C(F)(F)F)c(Nc3ccc(F)cc3)n2)cn1)NO,7.3872161432802645,1
O=C(CCCCCCn1cc(Nc2ncc(Cl)c(-c3cnc4ccccn34)n2)cn1)NO,6.873706967967299,2
O=C(CCCCCCn1cc(Nc2ncc(Cl)c(N3CCCCC3)n2)cn1)NO,7.3979400086720375,1
O=C(CCCCCCn1cc(Nc2ncc(Cl)c(N3CCOCC3)n2)cn1)NO,7.431798275933005,1
O=C(CCCCCCn1cc(Nc2ncc(Cl)c(NC3CC3)n2)cn1)NO,7.886056647693163,1
O=C(CCCCCCn1cc(Nc2ncc(Cl)c(Nc3ccc(Cl)cc3)n2)cn1)NO,8.698970004336019,2
O=C(CCCCCCn1cc(Nc2ncc(Cl)c(Nc3ccc(F)cc3)n2)cn1)NO,8.522878745280337,1
O=C(CCCCCCn1cc(Nc2ncc(Cl)c(Nc3cccc(Cl)c3)n2)cn1)NO,7.698970004336019,1
O=C(CCCCCCn1cc(Nc2ncc(Cl)c(Nc3ccccc3)n2)cn1)NO,7.721246399047171,1
O=C(CCCCCCn1cc(Nc2ncc(Cl)c(Nc3ccccc3Cl)n2)cn1)NO,8.0,1
O=C(CCCCCCn1cc(Nc2ncc(Cl)c(OC3CCCCC3)n2)cn1)NO,6.285837986297062,2
O=C(CCCCCCn1cc(Nc2ncc(F)c(Nc3ccc(F)cc3)n2)cn1)NO,8.522878745280337,1
O=C(CCCCCCn1cc(Nc2ncc3ccn(-c4ccccc4)c3n2)cn1)NO,7.283579466532838,2
O=C(CCCCCCn1cc(Nc2ncc3ccn(Cc4cccc(F)c4)c3n2)cn1)NO,7.035976271228797,2
O=C(CCCCCCn1cc(Nc2ncc3ccn(Cc4ccccc4F)c3n2)cn1)NO,7.467247488450805,2
O=C(CCCCCCn1cc(Nc2nccc(Nc3ccc(F)cc3)n2)cn1)NO,7.7447274948966935,1
O=C(CCCCCCn1ccc(Oc2ccc(NC(=O)Nc3ccc(Cl)c(C(F)(F)F)c3)cc2)cc1=O)NO,7.0,1
O=C(CCCCCCn1ccc2c(N3CCOCC3)nc(-c3cccc(O)c3)nc21)NO,8.795880017344075,2
O=C(CCCCCCn1cnc2c(N3CCOCC3)nc(-c3ccc(CO)cc3)nc21)NO,8.356547323513812,2
O=C(CCCCCCn1cnc2c(N3CCOCC3)nc(-c3ccc(F)c(O)c3)nc21)NO,9.309803919971486,2
O=C(CCCCCCn1cnc2c(N3CCOCC3)nc(-c3ccc(F)c(OCCO)c3)nc21)NO,8.431798275933005,2
O=C(CCCCCCn1cnc2c(N3CCOCC3)nc(-c3ccc4cn[nH]c4c3)nc21)NO,8.853871964321762,2
O=C(CCCCCCn1cnc2c(N3CCOCC3)nc(-c3cccc(CO)c3)nc21)NO,8.861114545091585,8
O=C(CCCCCCn1cnc2c(N3CCOCC3)nc(-c3cccc(OCCO)c3)nc21)NO,9.119186407719209,2
O=C(CCCCCCn1cnc2c(N3CCOCC3)nc(-c3cn[nH]c3)nc21)NO,8.769551078621726,2
O=C(CCCCCCn1cnc2c(N3CCOCC3)nc(N3CCOCC3)nc21)NO,8.253759494935561,2
O=C(CCCCCCn1nc(C(=O)NC2C3CC4CC(C3)CC2C4)c2ccccc21)NO,8.5257935171107,2
O=C(CCCCCN(C(=O)c1ccccc1)C(C(=O)NC1CCCCC1)c1ccccc1)NO,5.575143601543101,4
O=C(CCCCCN(C(=O)c1ccccc1)C1(C(=O)NC2CCCCC2)CCCCC1)NO,4.926159404656393,4
O=C(CCCCCN(CC(=O)NC1CCCCC1)C(=O)c1cccc2ccccc12)NO,6.06348163572146,4
O=C(CCCCCN(CC(=O)NC1CCCCC1)C(=O)c1ccccc1)NO,5.891571228656192,4
O=C(CCCCCN(CCCc1ccccc1)C(=O)NC(=O)c1ccccc1)NO,6.406713932979542,2
O=C(CCCCCN(Cc1ccc(F)cc1)c1ncc(C(=O)NCCCn2ccnc2)s1)NO,7.0,2
O=C(CCCCCN(Cc1ccccc1)C(=O)NC(=O)c1ccccc1)NO,5.972990481943862,4
O=C(CCCCCN(Cc1ccccn1)C(=O)NC(=O)c1ccccc1)NO,5.7217582904436455,4
O=C(CCCCCN1C(=O)C/C(=C\c2ccccc2)C1=O)NO,7.492144128304169,1
O=C(CCCCCN1C(=O)CC(=Cc2ccccc2)C1=O)NO,7.494850021680094,1
O=C(CCCCCN1C(=O)CC(c2c3ccccc3cc3ccccc23)Sc2ccccc21)NO,6.609064892896621,1
O=C(CCCCCN1C(=O)CC(c2ccc(Cl)c(Cl)c2)S(=O)(=O)c2ccccc21)NO,7.225693150614536,3
O=C(CCCCCN1C(=O)CC(c2ccc(Cl)c(Cl)c2)Sc2ccccc21)NO,6.639785386704648,1
O=C(CCCCCN1C(=O)CC(c2cccc(Br)c2)Sc2ccccc21)NO,6.532687937019448,1
O=C(CCCCCN1C(=O)CC(c2cccc3ccccc23)S(=O)(=O)c2ccccc21)NO,6.651044800399156,3
O=C(CCCCCN1C(=O)CC(c2cccc3ccccc23)Sc2ccccc21)NO,6.586197483230649,1
O=C(CCCCCN1C(=O)CC(c2ccccc2)S(=O)(=O)c2ccccc21)NO,7.097087458629147,3
O=C(CCCCCN1C(=O)CC(c2ccccc2Cl)S(=O)(=O)c2ccccc21)NO,6.842969105902434,3
O=C(CCCCCN1C(=O)CC(c2ccccc2Cl)Sc2ccccc21)NO,6.960982678002588,1
O=C(CCCCCN1C(=O)C[C@@H](c2ccc(Cl)c(Cl)c2)Sc2ccccc21)NO,6.782252926737206,1
O=C(CCCCCN1C(=O)C[C@H](c2ccc(Cl)c(Cl)c2)Sc2ccccc21)NO,6.5616158929652855,1
O=C(CCCCCN1C(=O)[C@@H]2CCCN2Cc2ccccc21)NO,6.359518563029578,1
O=C(CCCCCN1C(=O)c2ccc(I)cc2S1(=O)=O)NO,6.809668301829708,1
O=C(CCCCCN1C(=O)c2ccc(NC(=O)Cc3ccccc3)cc2S1(=O)=O)NO,6.61261017366127,1
O=C(CCCCCN1C(=O)c2ccc(NC(=O)c3ccc(F)cc3)cc2S1(=O)=O)NO,6.769551078621726,1
O=C(CCCCCN1C(=O)c2ccc(NC(=O)c3ccc(I)cc3)cc2S1(=O)=O)NO,6.769551078621726,1
O=C(CCCCCN1C(=O)c2ccc(NC(=O)c3ccc([N+](=O)[O-])cc3)cc2S1(=O)=O)NO,7.017728766960431,1
O=C(CCCCCN1C(=O)c2ccc(NC(=O)c3ccc4ccccc4c3)cc2S1(=O)=O)NO,6.22767829327708,1
O=C(CCCCCN1C(=O)c2ccc(NC(=O)c3cccc(Br)c3)cc2S1(=O)=O)NO,6.3585258894959,1
O=C(CCCCCN1C(=O)c2ccc(NC(=O)c3ccccc3)cc2S1(=O)=O)NO,6.818156412055227,1
O=C(CCCCCN1C(=O)c2ccc(NC(=O)c3cccs3)cc2S1(=O)=O)NO,6.94692155651658,1
O=C(CCCCCN1C(=O)c2ccc([N+](=O)[O-])cc2S1(=O)=O)NO,5.467245621007502,1
O=C(CCCCCN1C(=O)c2cccc3c(N4CCOCC4)ccc(c23)C1=O)NO,7.0612231880157825,4
O=C(CCCCCN1C(=O)c2cccc3c(NCc4ccccc4)ccc(c23)C1=O)NO,5.703334809738469,2
O=C(CCCCCN1C(=O)c2cccc3c(Nc4cccc(F)c4)ccc(c23)C1=O)NO,5.514278573518419,2
O=C(CCCCCN1C(=O)c2cccc3c(Nc4ccccc4)ccc(c23)C1=O)NO,5.623423042943488,2
O=C(CCCCCN1C(=O)c2cccc3c(OCc4ccc(C(F)(F)F)cc4)ccc(c23)C1=O)NO,6.552841968657781,2
O=C(CCCCCN1C(=O)c2cccc3c([N+](=O)[O-])ccc(c23)C1=O)NO,6.200659450546418,2
O=C(CCCCCN1C(=O)c2cccc3cccc(c23)C1=O)NO,6.364976289891013,10
O=C(CCCCCN1C(=O)c2ccccc2C(F)(F)c2ccccc21)NO,6.954677021213342,1
O=C(CCCCCN1C(=O)c2ccccc2C(F)c2ccccc21)NO,7.275724130399211,1
O=C(CCCCCN1C(=O)c2ccccc2C(O)c2ccccc21)NO,7.221848749616356,1
O=C(CCCCCN1C(=O)c2ccccc2C1=O)NO,6.288192770958808,1
O=C(CCCCCN1C(=O)c2ccccc2Cc2ccccc21)NO,7.376750709602099,1
O=C(CCCCCN1C(=O)c2ccccc2S1(=O)=O)NCc1ccc(C(=O)NO)cc1,5.576754126063192,1
O=C(CCCCCN1C(=O)c2ccccc2S1(=O)=O)NO,5.357535479757878,1
O=C(CCCCCN1C/C=C/CCOc2cccc(c2)-c2ccnc(n2)Nc2cccc(c2)C1)NO,6.818156412055227,1
O=C(CCCCCN1C/C=C/COCc2cccc(c2)-c2ccnc(n2)Nc2cccc(c2)C1)NO,6.910094888560602,1
O=C(CCCCCN1CC(=O)N2[C@@H](CC3c4ccccc4NC3[C@@H]2c2ccc(Br)cc2)C1=O)NO,7.213248577854439,1
O=C(CCCCCN1CC(=O)N2[C@H](c3ccc(Br)cc3)c3[nH]c4ccccc4c3C[C@@H]2C1=O)NO,7.214670164989233,1
O=C(CCCCCN1CCN(Cc2ccc(-c3cc4c(NCc5ccccc5)ncnc4[nH]3)cc2)CC1)NO,7.0,1
O=C(CCCCCN1CCN2[C@H](Cc3c([nH]c4ccccc34)[C@H]2c2ccc(Br)cc2)C1)NO,7.838631997765026,1
O=C(CCCCCNC(=O)/C(=C/c1c(F)cc(F)cc1F)c1ccc(F)cc1)NO,7.522878745280337,1
O=C(CCCCCNC(=O)CC#Cc1ccccc1)NO,7.207608310501746,1
O=C(CCCCCNC(=O)CC/C=C/c1ccccc1)NO,6.204119982655925,1
O=C(CCCCCNC(=O)CN1C(=O)C2(OCCO2)c2cc(Br)ccc21)NO,6.173925197299173,1
O=C(CCCCCNC(=O)Cn1cnc2c(N3CCOCC3)nc(Nc3ccccc3)nc21)NO,7.290435346129012,2
O=C(CCCCCNC(=O)Cn1cnc2c(NCc3ccccc3)ncnc21)NO,5.688246138944246,1
O=C(CCCCCNC(=O)Cn1cnc2c(Nc3ccccc3)nc(Nc3ccccc3)nc21)NO,7.037860356969059,2
O=C(CCCCCNC(=O)Cn1cnc2c(Nc3ccccc3)ncnc21)NO,5.679853713888946,1
O=C(CCCCCNC(=O)NC(=O)/C(=C/c1ccccc1)c1ccccc1)NO,7.154901959985743,1
O=C(CCCCCNC(=O)NC(=O)c1c(Cl)cccc1Cl)NO,6.131503127809411,4
O=C(CCCCCNC(=O)NC(=O)c1ccc(-c2cncnc2)cc1)NO,6.292513326014591,4
O=C(CCCCCNC(=O)NC(=O)c1ccc(Br)cc1)NO,6.973268697537272,4
O=C(CCCCCNC(=O)NC(=O)c1ccc(Cl)cc1)NO,6.690453334686628,4
O=C(CCCCCNC(=O)NC(=O)c1ccc(F)cc1)NO,6.266380989606216,4
O=C(CCCCCNC(=O)NC(=O)c1ccc(I)cc1)NO,7.078695380194719,4
O=C(CCCCCNC(=O)NC(=O)c1ccc(N2CCCC2)c([N+](=O)[O-])c1)NO,6.580575454631372,4
O=C(CCCCCNC(=O)NC(=O)c1ccc(N2CCCCC2)c([N+](=O)[O-])c1)NO,5.950398021345451,4
O=C(CCCCCNC(=O)NC(=O)c1ccc(N2CCOCC2)c([N+](=O)[O-])c1)NO,6.090228032229065,4
O=C(CCCCCNC(=O)NC(=O)c1ccc(NC(=O)Cc2ccccc2)cc1)NO,6.117986696153981,4
O=C(CCCCCNC(=O)NC(=O)c1ccc(NCCN2CCCC2)c([N+](=O)[O-])c1)NO,6.126532805309125,4
O=C(CCCCCNC(=O)NC(=O)c1ccc(NS(=O)(=O)c2ccccc2)cc1)NO,7.013228265733755,2
O=C(CCCCCNC(=O)NC(=O)c1ccc([N+](=O)[O-])cc1)NO,6.491587753166256,4
O=C(CCCCCNC(=O)NC(=O)c1ccc2c(c1)nc(CCc1ccccc1)n2CCN1CCCC1)NO,6.368869403645678,4
O=C(CCCCCNC(=O)NC(=O)c1ccc2c(c1)ncn2CCCc1ccccc1)NO,6.56246936830415,4
O=C(CCCCCNC(=O)NC(=O)c1ccc2c(c1)ncn2CCc1ccccc1)NO,5.660436197132307,4
O=C(CCCCCNC(=O)NC(=O)c1ccc2ccccc2c1)NO,6.944705144850375,4
O=C(CCCCCNC(=O)NC(=O)c1cccc(Br)c1)NO,6.361769097913378,4
O=C(CCCCCNC(=O)NC(=O)c1cccc([N+](=O)[O-])c1)NO,6.2945270706561125,4
O=C(CCCCCNC(=O)NC(=O)c1ccccc1)NO,6.195646527676328,3
O=C(CCCCCNC(=O)NC12CC3CC(CC(C3)C1)C2)NO,6.62429494351584,3
O=C(CCCCCNC(=O)NO)Nc1ccccc1,4.096910013008056,1
O=C(CCCCCNC(=O)Nc1cccc(-c2nc3cc(C(F)(F)F)ccc3o2)c1)NO,7.721246399047171,1
O=C(CCCCCNC(=O)Nc1cccc(-c2nc3cc(F)ccc3o2)c1)NO,8.096910013008056,1
O=C(CCCCCNC(=O)Nc1cccc(-c2nc3ccc(F)cc3o2)c1)NO,8.045757490560675,1
O=C(CCCCCNC(=O)Nc1cccc(-c2nc3ccccc3o2)c1)NO,8.096910013008056,1
O=C(CCCCCNC(=O)[C@H](Cc1ccccc1)N1C(=O)CCC1=O)NO,6.180456064458131,2
O=C(CCCCCNC(=O)c1c[nH]c2ccccc12)NO,7.400116927926312,1
O=C(CCCCCNC(=O)c1cc(-c2ccc(F)cc2)[nH]n1)NO,7.180456064458131,1
O=C(CCCCCNC(=O)c1cc(-c2ccc(F)cc2)n[nH]1)NO,7.208514035447597,2
O=C(CCCCCNC(=O)c1cc(Oc2ccc(NC(=O)Nc3ccc(Cl)c(C(F)(F)F)c3)cc2)ccn1)NO,7.0,1
O=C(CCCCCNC(=O)c1cc2c(cn1)[nH]c1ccccc12)NO,5.7423214251308154,1
O=C(CCCCCNC(=O)c1cc2ccccc2[nH]1)NO,7.903089986991944,1
O=C(CCCCCNC(=O)c1ccc(-c2ccc(-c3cc(O)cc(O)c3)cc2)cc1)NO,6.045757490560675,2
O=C(CCCCCNC(=O)c1ccc(-c2ccccc2)cc1)NO,6.998485264723191,2
O=C(CCCCCNC(=O)c1ccc(-c2csc(-n3[nH]c(-c4ccccc4)c(N=Nc4nccs4)c3=O)n2)cc1)NO,7.057991946977687,1
O=C(CCCCCNC(=O)c1ccc(Cl)cc1)NO,6.432973633840939,1
O=C(CCCCCNC(=O)c1ccc(O)cc1)NO,6.826813731587726,1
O=C(CCCCCNC(=O)c1ccc(OCc2ccccc2)cc1)NO,6.657577319177793,1
O=C(CCCCCNC(=O)c1ccc([N+](=O)[O-])cc1)NO,5.807990407346329,1
O=C(CCCCCNC(=O)c1ccc2[nH]ccc2c1)NO,7.769551078621726,1
O=C(CCCCCNC(=O)c1ccc2cc[nH]c2c1)NO,7.438898616350944,1
O=C(CCCCCNC(=O)c1ccc2cccc(OCc3ccc(Br)cc3)c2n1)NO,6.774690718274137,1
O=C(CCCCCNC(=O)c1ccc2cccc(OCc3ccccc3)c2n1)NO,6.774690718274137,1
O=C(CCCCCNC(=O)c1ccc2ccccc2c1)NO,7.6777807052660805,1
O=C(CCCCCNC(=O)c1cccc2[nH]ccc12)NO,7.057495893831919,1
O=C(CCCCCNC(=O)c1cccc2cc3ccccc3nc12)NO,7.7747214952908354,4
O=C(CCCCCNC(=O)c1cccc2cc[nH]c12)NO,7.424812155072339,1
O=C(CCCCCNC(=O)c1ccccc1)NO,6.623423042943488,1
O=C(CCCCCNC(=O)c1nc(-c2nccs2)sc1C1CC1)NO,7.2839966563652,1
O=C(CCCCCNC(=O)c1ncc(-c2ccccc2)o1)NO,6.548520703481585,2
O=C(CCCCCNC(=S)CS)Nc1ccccc1,4.876148359032914,1
O=C(CCCCCNC(=S)N/N=C(\c1ccccc1)c1cccc([N+](=O)[O-])c1)NO,7.148436025275579,2
O=C(CCCCCNC(=S)Nc1ccc2c(c1)C(=O)NC2=O)NO,4.893469146177619,4
O=C(CCCCCNCc1cc(Oc2ccc(NC(=O)Nc3ccc(Cl)c(C(F)(F)F)c3)cc2)ccn1)NO,7.0,1
O=C(CCCCCNCc1ccc(-c2ccc3ncnc(Nc4ccc(OCc5cccc(F)c5)c(Cl)c4)c3c2)o1)NO,7.0,1
O=C(CCCCCNP(=O)([O-])[O-])Nc1ccccc1.[K+].[K+],4.154901959985743,1
O=C(CCCCCNc1cc(N2CCCCCC2)nc(-c2ccccn2)n1)NO,7.795880017344075,2
O=C(CCCCCNc1cc(N2CCc3ccccc3CC2)nc(-c2ccccn2)n1)NO,7.275724130399211,2
O=C(CCCCCNc1nc(Cl)nc2c1ncn2Cc1ccccc1)NO,7.585026652029182,1
O=C(CCCCCNc1nc(NCc2ccccc2)nc2c1ncn2Cc1ccccc1)NO,6.8124792791635365,1
O=C(CCCCCNc1nc(NCc2ccccc2)nc2nc[nH]c12)NO,6.5951662833800615,1
O=C(CCCCCNc1nc2cc(C(=O)O)ccc2c2cnccc12)NO,6.721246399047171,1
O=C(CCCCCNc1nc2cc(C(=O)O)ccc2c2cnccc12)NO.O=C(O)C(F)(F)F,6.721246399047171,1
O=C(CCCCCNc1ncnc2c1ncn2Cc1ccccc1)NO,6.950781977329818,1
O=C(CCCCCNc1nn2c(=O)c3cc(Br)ccc3nc2c2ccccc12)NO,7.357041401635845,2
O=C(CCCCCOC(=O)c1ccc2c(c1)no[n+]2[O-])NO,6.359518563029578,1
O=C(CCCCCOC(=O)c1cccc2c1no[n+]2[O-])NO,7.769551078621726,1
O=C(CCCCCONC(=O)Cc1ccc2ccccc2c1)NO,5.597548821738703,2
O=C(CCCCCONC(=O)NNc1ccccc1)NO,5.26874859252417,2
O=C(CCCCCONC(=O)Nc1ccc(F)cc1)NO,5.735130872267023,2
O=C(CCCCCONC(=O)Nc1cccc2ccccc12)NO,6.010225812647953,2
O=C(CCCCCONC(=O)Nc1ccccc1)NO,5.768277484114786,2
O=C(CCCCCONC(=O)Nc1ccccc1)Nc1ccccc1O,4.4130282813578114,2
O=C(CCCCCONC(=O)Nc1cnc2ccccc2c1)NO,6.372068422063502,4
O=C(CCCCCONC(=O)c1c(Cl)cncc1Cl)NO,4.867414138404534,2
O=C(CCCCCONC(=O)c1c[nH]c2ccccc12)NO,5.978988036375566,2
O=C(CCCCCONC(=O)c1cc(Br)cc(Br)c1)NO,5.763621775341393,2
O=C(CCCCCONC(=O)c1cc(C(F)(F)F)cc(C(F)(F)F)c1)NO,4.96747169832199,2
O=C(CCCCCONC(=O)c1cc(F)cc(F)c1)NO,5.422509719913068,2
O=C(CCCCCONC(=O)c1cc(I)cc(I)c1I)NO,5.084769824984516,2
O=C(CCCCCONC(=O)c1cc2ccccc2[nH]1)NO,6.039646810250444,4
O=C(CCCCCONC(=O)c1cc2ccccc2o1)NO,5.73407540659907,2
O=C(CCCCCONC(=O)c1cc2ccccc2s1)NO,5.724580197467107,2
O=C(CCCCCONC(=O)c1ccc(C(F)(F)F)cc1)NO,5.694909551263214,2
O=C(CCCCCONC(=O)c1ccc(F)cc1)NO,5.644518440502362,2
O=C(CCCCCONC(=O)c1ccc2[nH]ccc2c1)NO,6.208684280255182,2
O=C(CCCCCONC(=O)c1ccc2cc[nH]c2c1)NO,6.309894379144197,2
O=C(CCCCCONC(=O)c1ccc2ccccc2c1)NO,6.027837767530125,4
O=C(CCCCCONC(=O)c1ccc2ccccc2n1)NO,6.112400542649709,4
O=C(CCCCCONC(=O)c1cccc2[nH]ccc12)NO,6.224763521446718,2
O=C(CCCCCONC(=O)c1cccc2cc[nH]c12)NO,6.265531097167269,2
O=C(CCCCCONC(=O)c1cccc2ccccc12)NO,5.672570147439309,2
O=C(CCCCCONC(=O)c1ccccc1)NO,5.850486183964007,2
O=C(CCCCCONC(=O)c1ccnc2ccccc12)NO,5.169332224419559,2
O=C(CCCCCONC(=O)c1cnc2ccccc2n1)NO,5.8242026786458005,4
O=C(CCCCCONC(=O)c1n[nH]c2ccccc12)NO,6.257636597850668,2
O=C(CCCCCONC(=O)c1nc(-c2ccc(N3CCCC3)cc2)cs1)NO,7.920818753952375,2
O=C(CCCCCONC(=O)c1nc2ccccc2[nH]1)NO,5.210889048252579,2
O=C(CCCCCONC(=O)c1nc2ccccc2s1)NO,5.534474576611304,2
O=C(CCCCCONC(=O)c1nccc2ccccc12)NO,5.924932671367411,4
O=C(CCCCCOP(=O)([O-])[O-])Nc1ccccc1.[K+].[K+],4.221848749616356,1
O=C(CCCCCOP([O-])([O-])=S)Nc1ccccc1.[K+].[K+],4.301029995663981,1
O=C(CCCCCOc1cc(Oc2ccc(NC(=O)Nc3ccc(Cl)c(C(F)(F)F)c3)cc2)ccn1)NO,6.0,1
O=C(CCCCCOc1cc2ncnc(Nc3cccc(Cl)c3)c2c2c1OCCO2)NO,6.923724355907059,2
O=C(CCCCCOc1cc2ncnc(Nc3ccccc3Cl)c2c2c1OCCO2)NO,6.832534996262147,2
O=C(CCCCCOc1ccc(-c2ccccc2)cc1)C(F)(F)F,5.585026652029182,2
O=C(CCCCCOc1ccc(-c2csc(-n3[nH]c(-c4ccccc4)c(N=Nc4nccs4)c3=O)n2)cc1)NO,7.120330794367947,1
O=C(CCCCCOc1ccc(-c2nc3ccc(-c4nc5ccccc5[nH]4)cc3[nH]2)cc1)NO,7.360314338757319,1
O=C(CCCCCOc1ccc(-c2nc3ccccc3[nH]2)cc1)NO,7.119186407719209,1
O=C(CCCCCOc1ccc(-c2nc3ccccc3c3cc(-c4ccccc4)nn23)cc1)NO,6.967905273918379,6
O=C(CCCCCOc1ccc(-c2sc3cc(O)ccc3c2C(=O)c2ccc(OCCN3CCCCC3)cc2)cc1)NO,6.8794260687941495,2
O=C(CCCCCOc1ccc(NC(=O)Cc2c[nH]c3ccccc23)cc1)NO,7.301029995663981,2
O=C(CCCCCOc1ccc2c3n(c(=NC(=O)c4ccccc4)nc2c1)CCN3)NO,7.301029995663981,1
O=C(CCCCCOc1ccc2cc1COC/C=C/COCc1cccc(c1)-c1ccnc(n1)N2)NO,5.39040559077478,2
O=C(CCCCCOc1cccc(-c2nc3ccc(-c4nc5ccccc5[nH]4)cc3[nH]2)c1)NO,7.562249437179612,1
O=C(CCCCCOc1cccc(-c2nc3ccccc3[nH]2)c1)NO,6.925915310971757,1
O=C(CCCCCOc1cccc(-c2nnc(-c3ccccc3)s2)c1)NO,7.689344628423942,3
O=C(CCCCCOc1cccc(-c2nnc(-c3ccccc3Cl)s2)c1)NO,6.4698003017969175,1
O=C(CCCCCOc1ccccc1N1C(=O)CSC1c1cccc(Br)c1)NO,6.585026652029182,2
O=C(CCCCCOc1no[n+]([O-])c1S(=O)(=O)c1ccccc1)NO,5.899323024999966,5
O=C(CCCCCS(=O)(=O)c1ccccc1)NO,5.672425537443818,3
O=C(CCCCCS(=O)c1ccc(Cl)cc1)NO,6.198674012110215,3
O=C(CCCCCS(=O)c1ccccc1)NO,5.822042101570966,3
O=C(CCCCCS)Nc1ccccc1,6.299808372160731,5
O=C(CCCCCSc1ccc(Cl)cc1)NO,6.585026652029182,1
O=C(CCCCCSc1ccc(NS(=O)(=O)c2ccc(Cl)cc2)cc1)NO,5.670783869214126,3
O=C(CCCCCSc1ccccc1)NO,5.6581876822509924,3
O=C(CCCCCSc1nc(-c2ccc(-c3ccccc3)cc2)cc(=O)[nH]1)NO,7.0,2
O=C(CCCCCSc1nc(-c2ccc3ccccc3c2)cc(=O)[nH]1)NO,6.0,2
O=C(CCCCCSc1nc(-c2ccccc2)cc(=O)[nH]1)NO,7.4089353929735005,2
O=C(CCCCCSc1nc(Cc2ccccc2)cc(=O)[nH]1)NO,6.987162775294828,2
O=C(CCCCCSc1nc2c([nH]c3ccccc32)c(=O)[nH]1)NO,5.58838029403677,1
O=C(CCCCCSc1ncn[nH]1)Nc1ccccc1,5.09151498112135,1
O=C(CCCCC[C@@H](NC(=O)c1ccccc1)C(=O)Nc1ccc2ncccc2c1)NO,8.455931955649724,2
O=C(CCCCC[C@@H](NC(=O)c1ccccc1)C(=O)Nc1ccccc1)NO,7.919016691817962,2
O=C(CCCCC[C@@H]1NC(=O)[C@H](Cc2c[nH]c3ccccc23)NC(=O)[C@H]2CCCN2C(=O)[C@H](Cc2c[nH]c3ccccc23)NC1=O)NO,4.136677139879544,2
O=C(CCCCC[C@@H]1NC(=O)[C@H]2CCCCCCCCCC[C@H](NC(=O)[C@H]3CCCN3C1=O)C(=O)N2)NO,7.6020599913279625,2
O=C(CCCCC[C@@H]1NC(=O)[C@H]2CCCN2C(=O)[C@@H]2CCCCCCCCCCCC[C@@H](NC1=O)C(=O)N2)NO,7.886056647693163,2
O=C(CCCCC[C@@H]1NC(=O)[C@H]2CCCN2C(=O)[C@@H]2CCCCCCCCCCC[C@@H](NC1=O)C(=O)N2)NO,7.958607314841775,4
O=C(CCCCC[C@@H]1NC(=O)[C@H]2CCCN2C(=O)[C@@H]2CCCCCCCCCC[C@@H](NC1=O)C(=O)N2)NO,8.040958607678906,4
O=C(CCCCC[C@@H]1NC(=O)[C@H]2CCCN2C(=O)[C@@H]2CCCCCCCCCC[C@H](NC1=O)C(=O)N2)NO,7.6020599913279625,2
O=C(CCCCC[C@@H]1NC(=O)[C@H]2CCCN2C(=O)[C@@H]2CCCCCCCCC[C@@H](NC1=O)C(=O)N2)NO,8.040958607678906,2
O=C(CCCCC[C@@H]1NC(=O)[C@H]2CCCN2C(=O)[C@@H]2CCOCCCCOCC[C@@H](NC1=O)C(=O)N2)NO,7.508638306165727,2
O=C(CCCCC[C@@H]1NC(=O)[C@H]2CCCN2C(=O)[C@H](Cc2ccccc2)NC(=O)[C@H](Cc2ccccc2)NC1=O)NO,8.698970004336019,1
O=C(CCCCC[C@H](NC(=O)C(F)(F)F)c1nc(-c2ccccc2F)c[nH]1)c1ccon1,9.259637310505756,1
O=C(CCCCC[C@H](NC(=O)C1C(=O)NCC1c1ccccc1)C(=O)Nc1ccccc1)NO,7.481486060122112,2
O=C(CCCCC[C@H](NC(=O)C1CCCNC1=O)C(=O)Nc1ccccc1)NO,6.882728704344236,2
O=C(CCCCC[C@H](NC(=O)C1CCNC1=O)C(=O)Nc1ccccc1)NO,7.142667503568731,2
O=C(CCCCC[C@H](NC(=O)OCc1ccccc1)C(=O)NCc1ccccc1)NO,7.318758762624412,2
O=C(CCCCC[C@H](NC(=O)OCc1ccccc1)C(=O)Nc1ccc2ncccc2c1)NO,8.113509274827518,2
O=C(CCCCC[C@H](NC(=O)OCc1ccccc1)C(=O)Nc1cccc2cccnc12)NO,7.892421331843351,3
O=C(CCCCC[C@H](NC(=O)OCc1ccccc1)C(=O)Nc1ccccc1)NO,7.7447274948966935,2
O=C(CCCCC[C@H](NC(=O)[C@@H]1CC(=O)N1)C(=O)Nc1ccccc1)NO,7.3488345356578,4
O=C(CCCCC[C@H](NC(=O)[C@@H]1CCC(=O)N1)C(=O)Nc1ccccc1)NO,7.3488345356578,4
O=C(CCCCC[C@H](NC(=O)[C@@H]1CCCC(=O)N1)C(=O)NC1CCCC1)NO,5.838631997765026,2
O=C(CCCCC[C@H](NC(=O)[C@@H]1CCCC(=O)N1)C(=O)NCCc1ccccc1)NO,6.991399828238082,2
O=C(CCCCC[C@H](NC(=O)[C@@H]1CCCC(=O)N1)C(=O)Nc1ccccc1)NO,7.6020599913279625,2
O=C(CCCCC[C@H](NC(=O)[C@H]1CC12CCOCC2)c1nc(-c2ccc(F)cc2)c[nH]1)c1ncco1,9.207608310501746,1
O=C(CCCCC[C@H](NC(=O)[C@H]1CCC(=O)N1)C(=O)NCCc1ccccc1)NO,7.113509274827518,2
O=C(CCCCC[C@H](NC(=O)[C@H]1CCC(=O)N1)C(=O)Nc1cccc(C(F)(F)F)c1)NO,8.698970004336019,4
O=C(CCCCC[C@H](NC(=O)[C@H]1CCC(=O)N1)C(=O)Nc1ccccc1)NO,7.366531544420414,2
O=C(CCCCC[C@H](NC(=O)c1cc2ccccc2[nH]1)C(=O)Nc1cccc2cccnc12)NO,7.318758762624412,2
O=C(CCCCC[C@H](NC(=O)c1ccc2ccccc2n1)C(=O)NCc1ccccc1)NO,7.289882634888183,2
O=C(CCCCC[C@H](NC(=O)c1ccc2ccccc2n1)C(=O)Nc1ccc2ncccc2c1)NO,7.267606240177031,2
O=C(CCCCC[C@H](NC(=O)c1ccc2ccccc2n1)C(=O)Nc1cccc2cccnc12)NO,7.376750709602099,2
O=C(CCCCC[C@H](NC(=O)c1ccc2ccccc2n1)C(=O)Nc1ccccc1)NO,8.0,2
O=C(CCCCC[C@H](NC(=O)c1ccccc1)C(=O)NCc1ccccc1)NO,7.031517051446065,2
O=C(CCCCC[C@H](NC(=O)c1ccccc1)C(=O)Nc1ccc2ncccc2c1)NO,8.455931955649724,2
O=C(CCCCC[C@H](NC(=O)c1ccccc1)C(=O)Nc1cccc2cccnc12)NO,8.0268721464003,2
O=C(CCCCC[C@H](NC(=O)c1ccccc1)C(=O)Nc1ccccc1)NO,7.91721462968355,2
O=C(CCCCC[C@H](NC(=O)c1ccccn1)C(=O)NCc1ccccc1)NO,6.920818753952375,2
O=C(CCCCC[C@H](NC(=O)c1ccccn1)C(=O)Nc1ccc2ncccc2c1)NO,8.886056647693163,2
O=C(CCCCC[C@H](NC(=O)c1ccccn1)C(=O)Nc1cccc2cccnc12)NO,8.397940008672037,2
O=C(CCCCC[C@H](NC(=O)c1ccccn1)C(=O)Nc1ccccc1)NO,7.954677021213342,2
O=C(CCCCC[C@H](NC(=O)c1cncs1)c1nc(-c2ccc(F)cc2)c[nH]1)c1ncco1,9.431798275933003,1
O=C(CCCCCc1ccc(-c2sc3cc(O)ccc3c2C(=O)c2ccc(OCCN3CCCCC3)cc2)cc1)NO,7.920818753952375,2
O=C(CCCCCc1ccc2c(c1)OCO2)NO,6.250577458389915,5
O=C(CCCCCc1ccn(Cc2ccc(-c3ccccc3)cc2)n1)NO,6.6439741428068775,2
O=C(CCCCCc1nc2cc3ccccc3cc2[nH]1)C(F)(F)F,5.983288122256525,2
O=C(CCCCCn1c(=O)c(-c2ccc(Cl)cc2Cl)cc2cnc(NC3CC3)nc21)NO,6.632457766443503,2
O=C(CCCCCn1c(=O)c2ccccc2c(=O)c2ccccc21)NO,6.815308569182401,1
O=C(CCCCCn1c2c(c3ccccc31)CCCC2)NO,5.065501548756432,2
O=C(CCCCCn1c2cc3c(cc2c2[nH]c(=O)c4ccccc4c21)OCO3)NO,8.045757490560675,2
O=C(CCCCCn1c2cc3c(cc2c2nc(Cl)c4ccccc4c21)OCO3)NO,6.638272163982407,2
O=C(CCCCCn1c2ccccc2c2ccccc21)NO,5.183084050579017,4
O=C(CCCCCn1cc(-c2ccc(-c3ccccc3)cc2)nn1)NO,7.280668713016273,1
O=C(CCCCCn1cc(-c2ccc(-c3ccncc3)cc2)nn1)NO,8.638272163982407,1
O=C(CCCCCn1cc(-c2ccc(C(=O)NCCNc3nonc3/C(=N/O)Nc3ccc(F)c(Br)c3)cc2)nn1)NO,7.173925197299173,1
O=C(CCCCCn1cc(-c2ccc(C(=O)NCCNc3nonc3C(=Nc3ccc(F)c(Br)c3)NO)cc2)nn1)NO,7.1771783546968955,1
O=C(CCCCCn1cc(-c2ccc(C(=O)c3c(-c4ccc(O)cc4)sc4cc(O)ccc34)cc2)nn1)NO,6.031700407233064,4
O=C(CCCCCn1cc(-c2ccc(Nc3c4ccccc4nc4ccccc34)cc2)nn1)NO,8.247560770294893,4
O=C(CCCCCn1cc(-c2ccc3ccccc3n2)nn1)NO,8.67778070526608,1
O=C(CCCCCn1cc(-c2ccc3cccnc3c2)nn1)NO,6.819587367161676,1
O=C(CCCCCn1cc(-c2ccc3ncnc(Nc4ccc(Br)cc4F)c3c2)nn1)NO,8.958607314841775,2
O=C(CCCCCn1cc(-c2ccc3ncnc(Nc4ccc(F)c(Cl)c4)c3c2)nn1)NO,8.154901959985743,2
O=C(CCCCCn1cc(-c2ccc3ncnc(Nc4ccc(OCc5cccc(F)c5)c(Cl)c4)c3c2)nn1)NO,7.411174044150872,2
O=C(CCCCCn1cc(-c2ccc3ncnc(Nc4ccc(OCc5nccs5)c(Cl)c4)c3c2)nn1)NO,8.142667503568731,2
O=C(CCCCCn1cc(-c2ccc3ncnc(Nc4cccc(Cl)c4F)c3c2)nn1)NO,8.853871964321762,2
O=C(CCCCCn1cc(-c2cccc(-c3ccccc3)c2)nn1)NO,8.721246399047171,1
O=C(CCCCCn1cc(-c2cccc(Nc3c4ccccc4nc4ccccc34)c2)nn1)NO,7.852326425833191,2
O=C(CCCCCn1cc(-c2ccccc2)nn1)NO,7.847711655616943,1
O=C(CCCCCn1cc(-c2ccccc2-c2ccccc2)nn1)NO,6.788879458741951,1
O=C(CCCCCn1cc(-c2ccccn2)nn1)NO,7.170053304058364,1
O=C(CCCCCn1cc(-c2cccnc2)nn1)NO,6.541815564429737,1
O=C(CCCCCn1cc(-c2cccs2)nn1)NO,7.498940737782249,1
O=C(CCCCCn1cc(-c2ccncc2)nn1)NO,6.948847477552619,1
O=C(CCCCCn1cc(-c2ncnc3[nH]ccc23)cn1)NO,6.860120913598763,2
O=C(CCCCCn1cc(C(=O)NC2C3CC4CC(C3)CC2C4)c2ccccc21)NO,7.172664870463736,2
O=C(CCCCCn1cc(Nc2cc(-c3cccc(NCC4CCOCC4)n3)c(Cl)cn2)cn1)NO,6.013228265733755,2
O=C(CCCCCn1cc(Nc2cc(-c3cccc(NCc4cccc(F)c4)n3)c(Cl)cn2)cn1)NO,5.763966852882364,2
O=C(CCCCCn1cc(Nc2ncc(Cl)c(-c3cnc4ccccn34)n2)cn1)NO,6.3787198448716556,2
O=C(CCCCCn1cc(Nc2ncc(Cl)c(Nc3ccc(Cl)cc3)n2)cn1)NO,8.698970004336019,1
O=C(CCCCCn1cc(Nc2ncc(Cl)c(Nc3ccc(F)cc3)n2)cn1)NO,7.585026652029182,1
O=C(CCCCCn1cc(Nc2ncc(Cl)c(Nc3cccc(Cl)c3)n2)cn1)NO,8.397940008672037,1
O=C(CCCCCn1cc(Nc2ncc(Cl)c(Nc3ccccc3Cl)n2)cn1)NO,7.7447274948966935,1
O=C(CCCCCn1cc(Nc2ncc(Cl)c(OC3CCCCC3)n2)cn1)NO,6.024545214162431,2
O=C(CCCCCn1cc(Nc2ncc3ccn(Cc4cccc(F)c4)c3n2)cn1)NO,6.762079451798641,2
O=C(CCCCCn1cc(Nc2ncc3ccn(Cc4ccccc4F)c3n2)cn1)NO,6.839081733322994,2
O=C(CCCCCn1ccc(Oc2ccc(NC(=O)Nc3ccc(Cl)c(C(F)(F)F)c3)cc2)cc1=O)NO,7.0,1
O=C(CCCCCn1cnc2c(N3CCOCC3)nc(-c3ccc(F)c(O)c3)nc21)NO,8.070581074285707,2
O=C(CCCCN(Cc1ccccc1)Cc1ccccc1)NO,5.7447274948966935,2
O=C(CCCCN1C(=O)C/C(=C\c2ccccc2)C1=O)NO,6.86518562967954,1
O=C(CCCCN1C(=O)CC(=Cc2ccccc2)C1=O)NO,6.866461091629782,1
O=C(CCCCN1C(=O)CN=C(c2ccccc2)c2ccccc21)NO,5.415668775632469,2
O=C(CCCCN1C(=O)[C@@H](CS)N=C(c2ccccc2)c2ccccc21)NO,6.337242168318426,2
O=C(CCCCN1C(=O)[C@H](CC(=O)NO)N=C(c2ccccc2)c2ccccc21)NO,5.000434511774017,2
O=C(CCCCN1C(=O)[C@H](CCC(=O)NC(c2ccccc2)(c2ccccc2)c2ccccc2)N=C(c2ccccc2)c2ccccc21)NO,5.0343280287798935,2
O=C(CCCCN1C(=O)[C@H](CCC(=O)NO)N=C(c2ccccc2)c2ccccc21)NO,4.824778199656947,2
O=C(CCCCN1C(=O)[C@H](Cc2cc3ccccc3[nH]2)N=C(c2ccccc2)c2ccccc21)NO,4.773657912836369,2
O=C(CCCCN1C(=O)[C@H](Cc2ccccc2)N=C(c2ccccc2)c2ccccc21)NO,5.070070439915412,2
O=C(CCCCN1C(=O)[C@H](Cc2cnc[nH]2)N=C(c2ccccc2)c2ccccc21)NO,4.857610533881164,2
O=C(CCCCN1C(=O)c2ccc(I)cc2S1(=O)=O)Nc1ccc(C(=O)NO)cc1,6.515700160653214,1
O=C(CCCCN1C(=O)c2ccc(NC(=O)c3ccccc3)cc2S1(=O)=O)NO,6.379863945026242,1
O=C(CCCCN1C(=O)c2ccccc2S1(=O)=O)NCc1ccc(C(=O)NO)cc1,5.468521082957745,1
O=C(CCCCN1C/C=C/CCOc2cccc(c2)-c2ccnc(n2)Nc2cccc(c2)C1)NO,6.600326278518962,1
O=C(CCCCN1C/C=C/COCc2cccc(c2)-c2ccnc(n2)Nc2cccc(c2)C1)NO,6.801342913045577,1
O=C(CCCCN1CC(=O)N2[C@H](c3ccc(Br)cc3)c3[nH]c4ccccc4c3C[C@@H]2C1=O)NO,7.214670164989233,1
O=C(CCCCN1CCc2ccccc2C1c1ccccc1)NO,6.113509274827518,2
O=C(CCCCNC(=O)/C(Cc1ccc(O)c(Br)c1)=N/O)NO,6.360513510731414,2
O=C(CCCCNC(=O)Cn1cnc2c(Nc3ccccc3)nc(Nc3ccccc3)nc21)NO,6.229147988357855,1
O=C(CCCCNC(=O)Cn1cnc2c(Nc3ccccc3)ncnc21)NO,5.600326278518962,1
O=C(CCCCNC(=O)c1cc(-c2ccc(F)cc2)[nH]n1)NO,5.983384452442823,1
O=C(CCCCNC(=O)c1cc(-c2ccc(F)cc2)n[nH]1)NO,6.087249292541506,2
O=C(CCCCNC(=O)c1cc(-c2ccccc2)on1)NO,6.1911141326401875,2
O=C(CCCCNC(=O)c1cc2c(cn1)[nH]c1ccccc12)NO,5.844663962534938,1
O=C(CCCCNC(=O)c1ccc(-c2csc(-n3[nH]c(-c4ccccc4)c(N=Nc4nccs4)c3=O)n2)cc1)NO,6.6831912479469775,1
O=C(CCCCNC(=O)c1csc(-c2cccs2)n1)NO,6.872895201635192,1
O=C(CCCCNC(=O)c1csc(-c2cscn2)n1)NO,6.260628271231816,3
O=C(CCCCNC(=O)c1csc(-c2nccs2)n1)NO,6.67640851653447,3
O=C(CCCCNC(=O)c1nc(-c2nc(-c3ccccc3)cs2)sc1C1CC1)NO,7.251811972993799,1
O=C(CCCCNC(=O)c1nc(-c2nc(C3CC3)cs2)sc1C1CC1)NO,6.97469413473523,1
O=C(CCCCNC(=O)c1nc(-c2nc3c(s2)CCC3)sc1C1CC1)NO,7.0655015487564325,1
O=C(CCCCNC(=O)c1nc(-c2nc3c(s2)CCCC3)sc1C1CC1)NO,7.602059991327962,1
O=C(CCCCNC(=O)c1nc(-c2nc3c(s2)CCCCC3)sc1C1CC1)NO,6.661543506395395,1
O=C(CCCCNC(=O)c1nc(-c2nc3c(s2)CCCCCC3)sc1C1CC1)NO,6.832682665251824,1
O=C(CCCCNC(=O)c1nc(-c2ncc(-c3ccccc3)s2)sc1C1CC1)NO,7.494850021680094,1
O=C(CCCCNC(=O)c1nc(-c2ncc([N+](=O)[O-])s2)sc1C1CC1)NO,5.202455485638273,1
O=C(CCCCNC(=O)c1nc(-c2nccs2)sc1-c1ccc(F)cc1)NO,6.696103280415379,3
O=C(CCCCNC(=O)c1nc(-c2nccs2)sc1-c1ccc(F)cc1Cl)NO,6.310396005980087,3
O=C(CCCCNC(=O)c1nc(-c2nccs2)sc1-c1ccc([N+](=O)[O-])cc1)NO,6.965341776871203,3
O=C(CCCCNC(=O)c1nc(-c2nccs2)sc1-c1cccc([N+](=O)[O-])c1)NO,6.568636235841012,1
O=C(CCCCNC(=O)c1nc(-c2nccs2)sc1-c1ccccc1)NO,6.953436592782359,3
O=C(CCCCNC(=O)c1nc(-c2nccs2)sc1-c1ccccc1Cl)NO,6.791425363491414,3
O=C(CCCCNC(=O)c1nc(-c2nccs2)sc1/C=C/c1ccccc1)NO,7.327902142064282,1
O=C(CCCCNC(=O)c1nc(-c2nccs2)sc1C1CC1)NO,7.103053483761038,7
O=C(CCCCNC(=O)c1nc(-c2nccs2)sc1C1CCCCC1)NO,6.4571781455028585,3
O=C(CCCCNC(=O)c1nc(-c2nccs2)sc1CCOCc1ccccc1)NO,7.301029995663981,3
O=C(CCCCNC(=O)c1nc(-c2nccs2)sc1Cc1ccccc1)NO,7.226756501889926,3
O=C(CCCCNC(=O)c1ncc(-c2ccccc2)o1)NO,6.028214064593648,2
O=C(CCCCNC(=S)Nc1ccc(/C=C/C(=O)c2cccnc2)cc1)NO,5.471083299722345,2
O=C(CCCCNC(=S)Nc1ccc2c(c1)C(=O)NC2=O)NO,5.29929628285498,2
O=C(CCCCNCc1ccccc1)NO,4.853871964321762,2
O=C(CCCCNP(=O)([O-])[O-])Nc1ccccc1.[K+].[K+],3.443697499232713,1
O=C(CCCCNc1cc(N2CCCCCC2)nc(-c2ccccn2)n1)NO,6.149966742310231,2
O=C(CCCCNc1cc(N2CCc3ccccc3CC2)nc(-c2ccccn2)n1)NO,6.158640529545146,2
O=C(CCCCNc1nc(NS(=O)(=O)c2ccc(F)cc2)nc2c1ncn2Cc1ccccc1)NO,6.767003889607846,1
O=C(CCCCOC(=O)c1ccc2c(c1)no[n+]2[O-])NO,5.656197666838345,1
O=C(CCCCOC(=O)c1cccc2c1no[n+]2[O-])NO,6.589054141312225,1
O=C(CCCCOCc1cc(-c2ccccc2)on1)NO,6.906578314837764,2
O=C(CCCCONC(=O)Nc1ccccc1)NO,4.799024162007586,2
O=C(CCCCONC(=O)c1ccc(F)c(F)c1Nc1ccc(I)cc1F)NO,7.0,1
O=C(CCCCOP(=O)([O-])[O-])Nc1ccccc1.[K+].[K+],2.6575773191777934,1
O=C(CCCCOc1cc(Oc2ccc(NC(=O)Nc3ccc(Cl)c(C(F)(F)F)c3)cc2)ccn1)NO,7.0,1
O=C(CCCCOc1ccc(-c2cc(=S)ss2)cc1)NO,7.096910013008056,1
O=C(CCCCOc1ccc(-c2cc(=S)ss2)cc1)Nc1ccccc1,4.301029995663981,1
O=C(CCCCOc1ccc(-c2csc(-n3[nH]c(-c4ccccc4)c(N=Nc4nccs4)c3=O)n2)cc1)NO,6.926281649653877,1
O=C(CCCCOc1ccc(-c2nc3ccc(-c4nc5ccccc5[nH]4)cc3[nH]2)cc1)NO,6.6599526823386075,1
O=C(CCCCOc1ccc(-c2nc3ccccc3[nH]2)cc1)NO,6.72330847115496,1
O=C(CCCCOc1ccc(-c2nnc(-c3ccccc3)s2)cc1)NO,6.441291429466834,1
O=C(CCCCOc1ccc(-c2sc3cc(O)ccc3c2C(=O)c2ccc(OCCN3CCCCC3)cc2)cc1)NO,6.410050398674292,2
O=C(CCCCOc1ccc2cc1COC/C=C/COCc1cccc(c1)-c1ccnc(n1)N2)NO,5.510041520575165,2
O=C(CCCCOc1ccc2ncnc(Nc3ccc(F)c(Cl)c3)c2c1)NO,7.0,1
O=C(CCCCOc1cccc(-c2nc3ccc(-c4nc5ccccc5[nH]4)cc3[nH]2)c1)NO,6.5166980476418335,1
O=C(CCCCOc1cccc(-c2nc3ccccc3[nH]2)c1)NO,6.711303739409744,1
O=C(CCCCOc1cccc(-c2nnc(-c3ccccc3)s2)c1)NO,6.8074706435780294,3
O=C(CCCCOc1cccc(-c2nnc(-c3ccccc3Cl)s2)c1)NO,6.1830961606243395,1
O=C(CCCCOc1ccccc1C(=O)Nc1cccc2[nH]cnc12)NO,6.40548457257655,3
O=C(CCCCOc1ccccc1N1C(=O)CSC1c1cccc(Br)c1)NO,6.275724130399211,2
O=C(CCCCOc1no[n+]([O-])c1S(=O)(=O)c1ccccc1)NO,6.886056647693163,1
O=C(CCCCS)Nc1ccccc1,5.207608310501746,3
O=C(CCCCSc1nc(-c2ccc(-c3ccccc3)cc2)cc(=O)[nH]1)NO,7.0,4
O=C(CCCCSc1nc(-c2ccc(Cl)cc2)cc(=O)[nH]1)NO,7.293282217663242,1
O=C(CCCCSc1nc(-c2ccc3ccccc3c2)cc(=O)[nH]1)NO,5.769551078621726,2
O=C(CCCCSc1nc(-c2cccc(Cl)c2)cc(=O)[nH]1)NO,7.435333935747911,1
O=C(CCCCSc1nc(-c2ccccc2)cc(=O)[nH]1)NO,7.397940008672037,2
O=C(CCCCSc1nc2c([nH]c3ccccc32)c(=O)[nH]1)NO,5.330683119433887,1
O=C(CCCCc1cc(C(=O)NO)no1)NC1CCCC1,4.767003889607846,2
O=C(CCCCc1cc(C(=O)NO)no1)NC1CCCCC1,4.910094888560602,2
O=C(CCCCc1cc(C(=O)NO)no1)Nc1ccc(-c2ccccc2)cc1,6.053056729302174,2
O=C(CCCCc1cc(C(=O)NO)no1)Nc1ccccc1,5.305394801066431,2
O=C(CCCCc1cc(C(=O)NO)no1)Nc1cnc2ccccc2c1,6.484126156288321,2
O=C(CCCCc1cc(C(=O)NO)no1)Nc1nc(-c2ccccc2)cs1,6.518557371497695,2
O=C(CCCCc1ccc(-c2sc3cc(O)ccc3c2C(=O)c2ccc(OCCN3CCCCC3)cc2)cc1)NO,6.590066876668706,2
O=C(CCCCc1ccc(Cl)cc1)NO,5.58838029403677,1
O=C(CCCCc1ccc(NS(=O)(=O)c2ccccc2)cc1)NO,6.522878745280337,1
O=C(CCCCc1ccc2n1Cc1ccccc1-2)NO,5.75448733218585,2
O=C(CCCCc1ccccc1)Nc1ccc(C(=O)NO)cc1,6.6020599913279625,1
O=C(CCCCc1cccn1Cc1cccc(-c2ccccc2)c1)NO,6.718966632752272,2
O=C(CCCCc1ccn(-c2ccccc2)n1)NO,6.504455662453552,2
O=C(CCCCc1ccn(Cc2ccc(-c3ccccc3)cc2)n1)NO,7.481486060122112,2
O=C(CCCCc1ccn(Cc2ccc(-n3ccc4ccccc43)cc2)n1)NO,7.1249387366083,2
O=C(CCCCc1ccn(Cc2ccc(Br)cc2)n1)NO,6.661543506395395,2
O=C(CCCCc1ccn(Cc2ccc(C(F)(F)F)cc2)n1)NO,6.7055337738384075,2
O=C(CCCCc1ccn(Cc2ccc(F)c(Cl)c2)n1)NO,6.935542010773082,2
O=C(CCCCc1ccn(Cc2ccc(F)cc2)n1)NO,6.53313237964589,2
O=C(CCCCc1ccn(Cc2ccc(F)cc2F)n1)NO,6.268411234813261,2
O=C(CCCCc1ccn(Cc2ccc(N3CCOCC3)cc2)n1)NO,6.424812155072339,2
O=C(CCCCc1ccn(Cc2ccc(Nc3ccccc3)cc2)n1)NO,7.455931955649724,2
O=C(CCCCc1ccn(Cc2ccc(OCc3ccccc3)cc2)n1)NO,7.173925197299173,2
O=C(CCCCc1ccn(Cc2ccc(Oc3ccccc3)cc2)n1)NO,7.0655015487564325,2
O=C(CCCCc1ccn(Cc2ccc([N+](=O)[O-])cc2)n1)NO,6.616184634019569,2
O=C(CCCCc1ccn(Cc2ccc3c(c2)OCO3)n1)NO,6.709965388637482,2
O=C(CCCCc1ccn(Cc2ccc3ccccc3c2)n1)NO,7.366531544420414,2
O=C(CCCCc1ccn(Cc2cccc(-c3ccccc3)c2)n1)NO,7.1938200260161125,2
O=C(CCCCc1ccn(Cc2cccc(Br)c2)n1)NO,7.167491087293763,2
O=C(CCCCc1ccn(Cc2cccc(Nc3ccccc3)c2)n1)NO,6.838631997765026,2
O=C(CCCCc1ccn(Cc2cccc(Oc3ccccc3)c2)n1)NO,6.1432711096171175,2
O=C(CCCCc1ccn(Cc2ccccc2)n1)NO,6.494850021680094,2
O=C(CCCCc1ccnn1Cc1cccc(-c2ccccc2)c1)NO,7.455931955649724,2
O=C(CCCCc1cn(-c2ccc(C(=O)c3c(-c4ccc(O)cc4)sc4cc(O)ccc34)cc2)nn1)NO,5.739928612014925,2
O=C(CCCCc1cn(Cc2ccc(-c3ccccc3)cc2)nn1)NO,6.694648630553376,2
O=C(CCCCc1cn(Cc2ccc(Br)cc2)nn1)NO,5.795880017344075,2
O=C(CCCCc1cn(Cc2ccc(C(F)(F)F)cc2)nn1)NO,6.356547323513812,2
O=C(CCCCc1cn(Cc2ccc(Cl)cc2)nn1)NO,5.655607726314889,2
O=C(CCCCc1cn(Cc2ccc(F)c(Cl)c2)nn1)NO,6.187755303199631,2
O=C(CCCCc1cn(Cc2ccc(F)cc2)nn1)NO,6.1904402853647325,2
O=C(CCCCc1cn(Cc2ccc(F)cc2F)nn1)NO,5.913640169325252,2
O=C(CCCCc1cn(Cc2ccc(Oc3ccccc3)cc2)nn1)NO,6.913640169325252,2
O=C(CCCCc1cn(Cc2ccc3c(c2)OCO3)nn1)NO,5.721246399047171,2
O=C(CCCCc1cn(Cc2ccc3ccccc3c2)nn1)NO,6.97061622231479,2
O=C(CCCCc1cn(Cc2ccc3ccccc3n2)nn1)NO,6.609064892896621,2
O=C(CCCCc1cn(Cc2cccc(-c3ccccc3)c2)nn1)NO,7.093676991883441,4
O=C(CCCCc1cn(Cc2cccc(Br)c2)nn1)NO,6.402304814074488,2
O=C(CCCCc1cn(Cc2ccccc2)nc1-c1ccccc1)NO,6.694648630553376,2
O=C(CCCCc1cn(Cc2ccccc2)nn1)NO,5.774690718274137,2
O=C(CCCCc1cn(Cc2ccccc2Br)nn1)NO,5.446116973356125,2
O=C(CCCCc1cn(Cc2ccccc2Cn2cc(CCCCC(=O)NO)nn2)nn1)NO,6.09312646527793,2
O=C(CCCCc1cn(Cc2ccccc2F)nn1)NO,5.866461091629782,2
O=C(CCCCc1cn(Cc2ccccn2)nn1)NO,5.590066876668706,2
O=C(CCCCc1cnn(Cc2cccc(-c3ccccc3)c2)c1)NO,6.575118363368933,2
O=C(CCCCc1ncc2n1Cc1ccccc1-2)NO,5.935542010773082,2
O=C(CCCCc1nccn1Cc1cccc(-c2ccccc2)c1)NO,6.435333935747911,2
O=C(CCCCc1nnc(-c2cc3c([nH]c4ccccc43)c(-c3ccc(C(F)(F)F)cc3)n2)o1)NO,8.657577319177793,2
O=C(CCCCc1nnc(-c2cc3c([nH]c4ccccc43)c(-c3ccccc3)n2)o1)NO,8.920818753952375,2
O=C(CCCCn1c2cc3c(cc2c2[nH]c(=O)c4ccccc4c21)OCO3)NO,7.022276394711152,2
O=C(CCCCn1c2ccc(Br)cc2c2[nH]c(=O)c3ccccc3c21)NO,6.42021640338319,2
O=C(CCCCn1c2ccc(Cl)cc2c2[nH]c(=O)c3ccccc3c21)NO,6.455931955649724,2
O=C(CCCCn1c2ccc(F)cc2c2[nH]c(=O)c3ccccc3c21)NO,6.698970004336019,2
O=C(CCCCn1c2ccc(OC(F)F)cc2c2[nH]c(=O)c3ccccc3c21)NO,6.7447274948966935,2
O=C(CCCCn1c2ccccc2c2[nH]c(=O)c3ccccc3c21)NO,7.013228265733755,2
O=C(CCCCn1c2ccccc2c2ccccc21)NO,4.892790030352131,2
O=C(CCCCn1cc(-c2ccc(C(=O)NCCNc3nonc3/C(=N/O)Nc3ccc(F)c(Br)c3)cc2)nn1)NO,6.048176964684088,1
O=C(CCCCn1cc(-c2ccc(C(=O)NCCNc3nonc3C(=Nc3ccc(F)c(Br)c3)NO)cc2)nn1)NO,6.048274024575408,1
O=C(CCCCn1cc(-c2ccc3ncnc(Nc4ccccc4F)c3c2)nn1)NO,8.958607314841775,1
O=C(CCCCn1cc(-c2ccccc2)nn1)NO,5.846124194872714,3
O=C(CCCCn1cc(-c2ncnc3[nH]ccc23)cn1)NO,6.068542129310995,2
O=C(CCCCn1cc(C(=O)NC2C3CC4CC(C3)CC2C4)c2ccccc21)NO,7.26930176545242,2
O=C(CCCCn1cc(Nc2ncc(Cl)c(Nc3ccc(F)cc3)n2)cn1)NO,6.244887733604928,1
O=C(CCCCn1ccc(Oc2ccc(NC(=O)Nc3ccc(Cl)c(C(F)(F)F)c3)cc2)cc1=O)NO,6.0,1
O=C(CCCN1C(=O)C/C(=C\c2ccccc2)C1=O)NO,6.740645072691965,1
O=C(CCCN1C(=O)C2(OCCCO2)c2cc(Br)ccc21)Nc1ccc(C(=O)NO)cc1,7.7121982700697735,1
O=C(CCCN1C(=O)CC(=Cc2ccccc2)C1=O)NO,6.739928612014925,1
O=C(CCCN1C(=O)c2ccc(-c3ccccc3)cc2S1(=O)=O)Nc1ccc(C(=O)NO)cc1,5.821023052706831,1
O=C(CCCN1C(=O)c2ccc(I)cc2S1(=O)=O)Nc1ccc(C(=O)NO)cc1,6.377785977033705,1
O=C(CCCN1C(=O)c2ccc([N+](=O)[O-])cc2S1(=O)=O)Nc1ccc(C(=O)NO)cc1,5.779891911959945,1
O=C(CCCN1C(=O)c2ccccc2S1(=O)=O)Nc1ccc(C(=O)NO)cc1,6.632644078973981,1
O=C(CCCNC(=O)/C(Cc1ccc(O)c(Br)c1)=N/O)NO,6.252158466191542,2
O=C(CCCNC(=O)CC[C@@H]1N=C(c2ccccc2)c2ccccc2NC1=O)NO,4.640733835393252,2
O=C(CCCNC(=O)CN1C(=O)C2(OCCO2)c2cc(Br)ccc21)NO,6.036212172654444,1
O=C(CCCNC(=O)C[C@@H]1N=C(c2ccccc2)c2ccccc2NC1=O)NO,4.759950227887352,2
O=C(CCCNC(=O)c1cc(-c2ccc(F)cc2)[nH]n1)NO,5.427012291801795,1
O=C(CCCNC(=O)c1cc(-c2ccc(F)cc2)n[nH]1)NO,5.50576906184628,2
O=C(CCCNC(=O)c1cc(Oc2ccc(NC(=O)Nc3ccc(Cl)c(C(F)(F)F)c3)cc2)ccn1)NO,6.0,1
O=C(CCCNC(=O)c1cc2c(cn1)[nH]c1ccccc12)NO,5.806875401645538,1
O=C(CCCNC(=O)c1nc(-c2nccs2)sc1C1CC1)NO,4.837943662639448,1
O=C(CCCNC(=S)Nc1ccc2c(c1)C(=O)NC2=O)NO,5.649751981665837,2
O=C(CCCNc1cc(-c2cccnc2)cc(N2CCN(c3ccc(F)cc3)CC2)c1)NO,6.268411234813261,2
O=C(CCCNc1cc(N2CCCCCC2)nc(-c2ccccn2)n1)NO,5.835052627378158,2
O=C(CCCNc1cc(N2CCCCCC2)nc(-c2cccnc2)n1)NO,6.06346112619292,2
O=C(CCCNc1cc(N2CCN(c3ccc(F)cc3)CC2)nc(-c2ccccn2)n1)NO,6.0347982989740885,2
O=C(CCCNc1cc(N2CCc3ccccc3CC2)nc(-c2ccccn2)n1)NO,5.667763584508556,2
O=C(CCCNc1nn2c(=O)c3cc(Br)ccc3nc2c2ccccc12)NO,7.276545103932699,2
O=C(CCCOC(=O)c1ccc2c(c1)no[n+]2[O-])NO,5.254168196541416,1
O=C(CCCOC(=O)c1cccc2c1no[n+]2[O-])NO,5.167031489351273,1
O=C(CCCONC(=O)c1ccc(F)c(F)c1Nc1ccc(I)cc1F)NO,6.0,1
O=C(CCCOc1cc(Oc2ccc(NC(=O)Nc3ccc(Cl)c(C(F)(F)F)c3)cc2)ccn1)NO,6.0,1
O=C(CCCOc1ccc(-c2csc(-n3[nH]c(-c4ccccc4)c(N=Nc4nccs4)c3=O)n2)cc1)NO,6.170824926082912,1
O=C(CCCOc1ccc(-c2nc3ccccc3[nH]2)cc1)NO,6.008198201155356,1
O=C(CCCOc1ccc(-c2sc3cc(O)ccc3c2C(=O)c2ccc(OCCN3CCCCC3)cc2)cc1)NO,5.2225731776106885,2
O=C(CCCOc1ccc(N2C(=O)CSC2c2ccc(Br)s2)cc1)NO,7.136677139879544,2
O=C(CCCOc1ccc2cc1COC/C=C/COCc1cccc(c1)-c1ccnc(n1)N2)NO,5.619788758288394,2
O=C(CCCOc1cccc(-c2nc3ccc(-c4nc5ccccc5[nH]4)cc3[nH]2)c1)NO,7.301029995663981,1
O=C(CCCOc1cccc(-c2nc3ccccc3[nH]2)c1)NO,6.309449538489641,1
O=C(CCCOc1ccccc1N1C(=O)CSC1c1ccc(Br)s1)NO,7.136677139879544,2
O=C(CCCOc1ccccc1N1C(=O)CSC1c1cccc(Br)c1)NO,5.730487055782083,2
O=C(CCCOc1no[n+]([O-])c1S(=O)(=O)c1ccccc1)NO,7.327902142064282,1
O=C(CCCSC[C@H](NC(=O)OCc1ccccc1)C(=O)Nc1cccc2ccccc12)NO,6.92935963856383,3
O=C(CCCSC[C@H](NC(=O)OCc1ccccc1)C(=O)Nc1ccccc1)NO,6.884266156323549,3
O=C(CCCSC[C@H](NC(=O)c1ccccc1)C(=O)Nc1ccccc1)NO,6.894953001421464,3
O=C(CCCc1ccc(CCCCc2ccccc2)cc1)NO,6.1249387366083,1
O=C(CCCc1ccc(NS(=O)(=O)c2ccccc2)cc1)NO,6.0,5
O=C(CCCc1ccccc1)NCc1ccc(C(=O)NO)cc1,6.098271442175793,2
O=C(CCCc1ccccc1)NO,6.221848749616356,2
O=C(CCCc1ccccc1)Nc1cc(-c2ccccc2)ccc1O,6.214670164989233,2
O=C(CCCc1ccccc1)Nc1ccc(C(=O)NO)cc1,7.356547323513812,2
O=C(CCCc1ccccc1)Oc1ccc(-c2cssc2=S)cc1,3.746177561291927,1
O=C(CCCc1csc(/C=C/c2ccccc2)n1)NO,5.4953659346468715,4
O=C(CCCc1csc(CCc2ccccc2)n1)NO,5.936291440608583,2
O=C(CCCc1csc(Cc2ccccc2)n1)NO,4.798193357042978,2
O=C(CCCn1cc(CNC2CC2)c(-c2ccccc2)n1)NO,5.559090917934782,1
O=C(CCCn1cc(CNC2CCCCC2)c(-c2ccccc2)n1)NO,5.530177984021837,1
O=C(CCCn1ccc(Oc2ccc(NC(=O)Nc3ccc(Cl)c(C(F)(F)F)c3)cc2)cc1=O)NO,6.0,1
O=C(CCCn1cncn1)N(Cc1ccc(-c2noc(C(F)(F)F)n2)cc1)c1cccc(C(F)(F)F)c1,5.721246399047171,1
O=C(CCN(Cc1ccc(C(=O)NO)cc1)C(=O)c1ccccc1)NCc1ccccc1,6.872571222148402,1
O=C(CCN(Cc1ccccc1)Cc1ccccc1)NO,4.481486060122113,2
O=C(CCN1C(=O)C2(OCCCO2)c2cc(Br)ccc21)Nc1ccc(C(=O)NO)cc1,7.129217623423447,3
O=C(CCN1C(=O)c2ccc(-c3ccccc3)cc2S1(=O)=O)Nc1ccc(C(=O)NO)cc1,5.769551078621726,1
O=C(CCN1C(=O)c2ccc(I)cc2S1(=O)=O)Nc1ccc(C(=O)NO)cc1,6.281498311132726,1
O=C(CCN1C(=O)c2ccc([N+](=O)[O-])cc2S1(=O)=O)Nc1ccc(C(=O)NO)cc1,5.694648630553376,1
O=C(CCN1C(=O)c2ccccc2S1(=O)=O)NCc1ccc(C(=O)NO)cc1,5.554395796726403,1
O=C(CCN1C(=O)c2ccccc2S1(=O)=O)Nc1ccc(C(=O)NO)cc1,6.522878745280337,1
O=C(CCN1CCc2ccccc2C1)NO,4.2441251443275085,2
O=C(CCN1CCc2ccccc2C1c1ccc(-c2ccccc2)cc1)NO,5.136677139879544,2
O=C(CCN1CCc2ccccc2C1c1ccc(C(F)(F)F)cc1)NO,4.7447274948966935,2
O=C(CCN1CCc2ccccc2C1c1cccc(C(F)(F)F)c1)NO,4.431798275933005,2
O=C(CCN1CCc2ccccc2C1c1cccc2ccccc12)NO,5.619788758288394,2
O=C(CCN1CCc2ccccc2C1c1ccccc1)NO,5.356547323513812,2
O=C(CCNC(=O)/C(Cc1ccc(O)c(Br)c1)=N/O)NO,8.221848749616356,2
O=C(CCNC(=O)Cc1ccc([N+](=O)[O-])cc1)NO,4.404503778174426,2
O=C(CCNC(=O)c1cc(Oc2ccc(NC(=O)Nc3ccc(Cl)c(C(F)(F)F)c3)cc2)ccn1)NO,6.0,1
O=C(CCNC(=O)c1cc2c(cn1)[nH]c1ccccc12)NO,5.490797477668897,1
O=C(CCNC(=O)c1ccn(Cc2ccccc2)n1)NO,5.018634490921455,2
O=C(CCNC(=S)Nc1ccc2c(c1)C(=O)NC2=O)NO,5.425968732272281,2
O=C(CCNCc1ccccc1)NO,4.301029995663981,2
O=C(CCNc1cc(N2CCCCCC2)nc(-c2ccccn2)n1)NO,5.064593510247651,2
O=C(CCNc1cc(N2CCCCCC2)nc(-c2cccnc2)n1)NO,5.00291956452827,2
O=C(CCOc1ccc2ncnc(Nc3ccc(F)c(Cl)c3)c2c1)NO,6.0,1
O=C(CCS)NCCCCCC(=O)Nc1ccccc1,4.619788758288394,1
O=C(CCS/C=C/c1ccccc1)NCCSCc1ccco1,4.717151397165355,1
O=C(CCS/C=C/c1ccccc1)NO,5.431798275933005,1
O=C(CC[C@@H](CCCC(=O)Nc1ccccc1)Cc1ccccc1)NO,4.6020599913279625,2
O=C(CC[C@@H]1N=C(c2ccccc2)c2ccccc2NC1=O)NO,4.771599641296995,2
O=C(CC[C@H](CCCC(=O)Nc1ccccc1)Cc1ccccc1)NO,4.3979400086720375,2
O=C(CCc1cc(C(=O)NO)no1)Nc1nc(-c2ccccc2)cs1,6.512861624522813,2
O=C(CCc1ccc(-c2sc3cc(O)ccc3c2C(=O)c2ccc(OCCN3CCCCC3)cc2)cc1)NO,6.333482019445119,2
O=C(CCc1ccc(C(=O)NCC2CCN(Cc3ccccc3)CC2)cc1)NO,6.0,1
O=C(CCc1ccc(CC(=O)c2ccccc2)o1)NO,5.619788758288394,1
O=C(CCc1ccc(CCCCc2ccccc2)cc1)NO,6.045757490560675,1
O=C(CCc1ccc(CCCc2ccccc2)cc1)NO,6.187086643357144,1
O=C(CCc1ccc(CCc2ccccc2)cc1)NO,5.619788758288394,1
O=C(CCc1ccc(NC(=O)CCCc2ccccc2)cc1)NO,6.098271442175793,2
O=C(CCc1ccc(NC(=O)Cc2ccccc2)cc1)NO,6.173925197299173,1
O=C(CCc1ccc(NC(=O)Nc2ccc(Cl)cc2)cc1)NO,6.026410376572743,2
O=C(CCc1ccc(NS(=O)(=O)c2ccccc2)cc1)NO,7.0,5
O=C(CCc1ccc(Nc2c3ccccc3nc3ccccc23)cc1)NO,6.915479696067796,3
O=C(CCc1ccc(Oc2cccs2)c(O)c1)Nc1ccc(C(=O)NO)cc1,7.619788758288394,2
O=C(CCc1ccc2c(c1)OCO2)Nc1ccc(C(=O)NO)cc1,6.3979400086720375,1
O=C(CCc1ccc2c(ccn2S(=O)(=O)c2ccccc2)c1)NO,6.389872386924004,1
O=C(CCc1cccc(C(=O)NCC2CCN(Cc3ccccc3)CC2)c1)NO,6.327902142064282,1
O=C(CCc1ccccc1)Nc1ccc(C(=O)NO)cc1,6.458607314841775,2
O=C(CCc1ccccc1)Nc1ccc(C(=O)Nc2ccc(Oc3ccccc3)cc2)cc1,5.823908740944319,2
O=C(CCc1ccccc1)Nc1ccc2cc(C(=O)NO)sc2c1,7.259637310505756,2
O=C(CCc1csc(/C=C/c2c[nH]c3ccccc23)n1)NO,6.4036779484140505,2
O=C(CCc1csc(/C=C/c2ccc(Br)cc2)n1)NO,4.779630367548606,2
O=C(CCc1csc(/C=C/c2ccc(Cl)cc2)n1)NO,4.708342603897819,2
O=C(CCc1csc(/C=C/c2ccc(F)cc2)n1)NO,5.265040238727554,2
O=C(CCc1csc(/C=C/c2ccccc2)n1)NO,4.593698321229225,2
O=C(CCc1csc(CCc2c[nH]c3ccccc23)n1)NO,6.473919385226747,2
O=C(CCc1csc(CCc2cc(O)c(O)c(O)c2)n1)NO,4.803906756262485,2
O=C(CCc1csc(CCc2ccc(Br)cc2)n1)NO,7.097426351099795,2
O=C(CCc1csc(CCc2ccc(C(F)(F)F)cc2)n1)NO,6.783043112454921,2
O=C(CCc1csc(CCc2ccc(Cl)cc2)n1)NO,7.045636886702561,2
O=C(CCc1csc(CCc2ccc(F)c(F)c2)n1)NO,6.555720998873941,2
O=C(CCc1csc(CCc2ccc(F)cc2)n1)NO,6.528561617377935,2
O=C(CCc1csc(CCc2ccc(O)c(O)c2)n1)NO,5.946153573147747,2
O=C(CCc1csc(CCc2ccc(O)cc2)n1)NO,6.3278559454380146,2
O=C(CCc1csc(CCc2ccc([N+](=O)[O-])cc2)n1)NO,7.008729613065447,2
O=C(CCc1csc(CCc2cccc(F)c2)n1)NO,6.585360981950425,2
O=C(CCc1csc(CCc2ccccc2)n1)NO,6.927383145153486,2
O=C(CCc1csc(CCc2ccco2)n1)NO,6.253326889272881,2
O=C(CCc1csc(CCc2cccs2)n1)NO,6.85016573894187,2
O=C(CCc1csc(Cc2ccccc2)n1)NO,4.718943895416496,2
O=C(CCn1cc(CCn2nc3c(Br)c(Br)c(Br)c(Br)c3n2)nn1)NO,5.479303657420887,4
O=C(CCn1cncn1)N(Cc1ccc(-c2noc(C(F)(F)F)n2)cc1)c1cccc(C(F)(F)F)c1,5.958607314841775,1
O=C(CN(C(=O)Cc1ccc(C(=O)NO)cc1)c1ccccc1)NC1CCCCC1,6.53313237964589,2
O=C(CN(C(=O)Cc1ccc(C(=O)NO)cc1)c1ccccc1)NCc1ccccc1,6.548213564475709,2
O=C(CN(C(=O)Cc1ccc(C(=O)NO)cc1)c1ccccc1C(F)(F)F)NC1CCCCC1,6.638272163982407,2
O=C(CN(C(=O)Cc1ccc(C(=O)NO)cc1F)c1ccccc1)NC1CCCCC1,6.447331783887806,2
O=C(CN(C(=O)Cc1ccc(C(=O)NO)cc1F)c1ccccc1C(F)(F)F)NC1CCCCC1,6.576754126063192,2
O=C(CN(CCCCCCC(=O)Nc1ccccc1)CC(=O)Nc1ccccc1)NO,7.886056647693163,2
O=C(CN(Cc1ccc(C(=O)NO)cc1)C(=O)Cc1ccccc1)NC1CCCCC1,5.614393726401688,2
O=C(CN(Cc1ccc(C(=O)NO)cc1)C(=O)Cc1ccccc1)NCc1ccccc1,6.221848749616356,2
O=C(CN(Cc1ccc(C(=O)NO)cc1)C(=O)c1c[nH]c2ccccc12)NC1CCCC1,7.0,2
O=C(CN(Cc1ccc(C(=O)NO)cc1)C(=O)c1c[nH]c2ccccc12)NC1CCCCC1,7.167491087293763,2
O=C(CN(Cc1ccc(C(=O)NO)cc1)C(=O)c1c[nH]c2ccccc12)NCc1ccccc1,8.0,2
O=C(CN(Cc1ccc(C(=O)NO)cc1)C(=O)c1cc2ccccc2[nH]1)NC1CCCCC1,7.113509274827518,2
O=C(CN(Cc1ccc(C(=O)NO)cc1)C(=O)c1cc2ccccc2[nH]1)NCc1ccccc1,8.045757490560675,2
O=C(CN(Cc1ccc(C(=O)NO)cc1)C(=O)c1cccc2ccccc12)NC1CCCCC1,6.258060922270801,2
O=C(CN(Cc1ccc(C(=O)NO)cc1)C(=O)c1cccc2ccccc12)NCc1ccccc1,6.886056647693163,2
O=C(CN(Cc1ccc(C(=O)NO)cc1F)C(=O)c1ccccc1C(F)(F)F)NC1CCCCC1,5.838631997765026,2
O=C(CN(Cc1ccc(C(=O)NO)cc1F)C(=O)c1ccccc1F)NC1CCCCC1,6.112945621949043,2
O=C(CN1C(=O)C2(OCCCCO2)c2cc(Br)ccc21)Nc1ccc(C(=O)NO)cc1,7.665546248849069,1
O=C(CN1C(=O)C2(OCCCCO2)c2cc(Cl)ccc21)Nc1ccc(C(=O)NO)cc1,7.428291168191312,1
O=C(CN1C(=O)C2(OCCCO2)c2cc(Br)ccc21)Nc1ccc(C(=O)NO)cc1,7.886056647693163,1
O=C(CN1C(=O)C2(OCCCO2)c2cc(Cl)ccc21)Nc1ccc(C(=O)NO)cc1,7.46344155742847,1
O=C(CN1C(=O)C2(OCCO2)c2cc(Br)ccc21)Nc1ccc(C(=O)NO)cc1,6.920818753952375,1
O=C(CN1C(=O)C2(OCCO2)c2cc(Cl)ccc21)Nc1ccc(C(=O)NO)cc1,6.431798275933005,1
O=C(CN1C(=O)C2(OCCO2)c2cc(F)ccc21)Nc1ccc(C(=O)NO)cc1,6.721246399047171,1
O=C(CN1C(=O)C2(OCCO2)c2ccccc21)Nc1ccc(C(=O)NO)cc1,6.508638306165727,1
O=C(CN1CCOCC1)NC(Cc1ccc(-c2noc(C(F)(F)F)n2)cn1)c1cccc(C(F)(F)F)c1,5.958607314841775,1
O=C(CN1CCS(=O)(=O)CC1)N(Cc1ccc(-c2noc(C(F)(F)F)n2)cc1)c1cccc(C(F)(F)F)c1,5.886056647693163,1
O=C(CN1CCc2c(oc3cc(O)ccc23)C1)Nc1ccc(C(=O)NO)cc1,8.721246399047171,2
O=C(CN1CCc2c(oc3cc4c(cc23)OCO4)C1)Nc1ccc(C(=O)NO)cc1,8.853871964321762,2
O=C(CN1CCc2c(oc3ccccc23)C1)Nc1ccc(C(=O)NO)cc1,8.309803919971486,2
O=C(CNC(=O)/C(Cc1ccc(O)c(Br)c1)=N/O)NO,5.53313237964589,2
O=C(CNC(=O)CN1C(=O)C2(OCCO2)c2cc(Br)ccc21)NO,6.481486060122112,1
O=C(CNC(=O)c1cc2c(cn1)[nH]c1ccccc12)NO,5.209714835966759,1
O=C(CNC(=S)N=Nc1c(O)[nH]c2ccc(Cl)cc12)NO,6.013228265733755,1
O=C(CO)NCc1ccc(C(=O)CSc2nc3cc(C(F)(F)F)ncc3o2)s1,5.461889199592969,2
O=C(CO)NCc1ccc(C(=O)CSc2nc3nc(C(F)(F)F)ccc3o2)s1,6.1249387366083,2
O=C(CO)NCc1ccc(C(=O)CSc2nc3ncc(C(F)(F)F)cc3o2)s1,6.1249387366083,2
O=C(CO)N[C@@H](CCCCCS)C(=O)NC1CCCC1,5.703334809738469,2
O=C(COCCCCOc1ccc(-c2ccccc2)cc1)C(F)(F)F,4.958607314841775,1
O=C(COCCOc1no[n+]([O-])c1S(=O)(=O)c1ccccc1)NO,5.823908740944319,1
O=C(COc1cc(-c2noc(C(F)(F)F)n2)ccn1)N1CCOCC1,5.657577319177793,1
O=C(COc1ccc(-c2nc3ccccc3[nH]2)cc1)NO,6.80493100353141,1
O=C(COc1ccc(/C=C/C(=O)C(F)(F)F)cc1)Nc1ccccc1,5.657577319177793,2
O=C(COc1ccc(C(=O)NO)cc1)Nc1ccc2ccnc(Nc3ccc4ccccc4c3)c2c1,6.565367238520568,2
O=C(COc1ccc(CNCCc2c[nH]c3ccccc23)c(F)c1)NO,8.67778070526608,2
O=C(CS)CCCCCCC(=O)Nc1ccccc1,6.823908740944319,1
O=C(CS)NCCC(=O)Nc1cnc2ccccc2c1,4.403402904373539,1
O=C(CS)NCCCC(=O)Nc1cnc2ccccc2c1,6.180456064458131,1
O=C(CS)NCCCCC(=O)Nc1ccccc1,4.958607314841775,1
O=C(CS)NCCCCC(=O)Nc1cnc2ccccc2c1,5.552841968657781,1
O=C(CS)NCCCCCC(=O)Nc1ccc(-c2ccccc2NC(=O)[C@@H]2CCCN2)cc1,5.747946506073094,3
O=C(CS)NCCCCCC(=O)Nc1ccc2ncccc2c1,6.045757490560675,1
O=C(CS)NCCCCCC(=O)Nc1cccc2cccnc12,5.584413022013586,6
O=C(CS)NCCCCCC(=O)Nc1ccccc1,6.209854088145443,4
O=C(CS)NCCCCCC(=O)Nc1cnc2ccccc2c1,5.958607314841775,1
O=C(CS)NCCCCCCC(=O)Nc1ccccc1,5.522878745280337,1
O=C(CS)NCCCCCCNC(=O)Nc1ccccc1,4.966576244513051,2
O=C(CS)NCCCCCCn1ccc2cc(F)c(Cl)cc21,4.533132379645891,2
O=C(CS)NCCCCCNc1c(Cl)cc(Cl)c2cccnc12,5.18243463044022,2
O=C(CS)NCCCCCn1ccc2cc(Cl)c(Cl)cc21,5.117803091103542,6
O=C(CS)NCCCCNC(=O)c1cc(-c2ccc(F)cc2)n[nH]1,5.065501548756432,1
O=C(CS)NCCCCNc1c(Cl)cc(Cl)c2cccnc12,5.172020543584463,8
O=C(CS)NCCCNC(=O)c1cc(-c2ccc(F)cc2)[nH]n1,5.853871964321762,1
O=C(CS)NCCCNC(=O)c1cc(-c2ccc(F)cc2)n[nH]1,5.83889035263304,2
O=C(CS)NCCNC(=O)c1cc(-c2ccc(F)cc2)[nH]n1,5.638272163982407,1
O=C(CS)NCCNC(=O)c1cc(-c2ccc(F)cc2)n[nH]1,5.6479247415801,2
O=C(CSC(=S)Sc1ccccc1)c1ccc(Cl)c(Cl)c1,7.0,1
O=C(CSCCCCOc1ccc(-c2ccccc2)cc1)C(F)(F)F,5.337242168318426,1
O=C(CSSCC(=O)NCCCCCC(=O)Nc1nc(-c2ccccc2)cs1)NCCCCCC(=O)Nc1nc(-c2ccccc2)cs1,7.0,1
O=C(CSSCC(=O)c1ccc(Br)cc1)c1ccc(Br)cc1,6.8696662315049934,1
O=C(Cc1[nH]nc2ccccc12)N(Cc1ccc(-c2noc(C(F)(F)F)n2)cn1)c1cccc(F)c1,6.376750709602099,1
O=C(Cc1ccc(-c2csc(NC(=O)COc3ccccc3)n2)s1)NO,6.154901959985743,2
O=C(Cc1ccc(/C=C/C(=O)c2ncc[nH]2)cc1)Nc1ccc(F)cc1,5.7447274948966935,2
O=C(Cc1ccc(C(=O)NO)cc1)Nc1ccc2ncnc(Nc3ccc(Br)c(F)c3)c2c1,6.1295960947209736,2
O=C(Cc1ccc(CCCCc2cc(F)c(F)cc2F)cc1)NO,6.301029995663981,1
O=C(Cc1ccc(CCCCc2ccc(C(F)(F)F)cc2)cc1)NO,6.154901959985743,1
O=C(Cc1ccc(CCCCc2ccc3[nH]ccc3c2)cc1)NO,6.42021640338319,1
O=C(Cc1ccc(CCCCc2ccc3c(c2)OCO3)cc1)NO,6.698970004336019,1
O=C(Cc1ccc(CCCCc2cccc(C(F)(F)F)c2)cc1)NO,6.031517051446064,1
O=C(Cc1ccc(CCCCc2ccccc2C(F)(F)F)cc1)NO,6.075720713938118,1
O=C(Cc1ccc(CN2CCN(C(=O)c3cc(Cc4n[nH]c(=O)c5ccccc45)ccc3F)CC2)cc1)NO,6.039648174668594,2
O=C(Cc1ccc(F)cc1)Nc1ccc2cc(C(=O)NO)sc2c1,7.698970004336019,2
O=C(Cc1ccc(NS(=O)(=O)c2ccccc2)cc1)NO,6.0,4
O=C(Cc1ccc(Nc2c3ccccc3nc3ccccc23)cc1)NO,5.684029654543082,1
O=C(Cc1ccc(O)c(Br)c1)C(=O)NCCS,6.3979400086720375,2
O=C(Cc1ccc(O)c(Br)c1)C(=O)NCCSSCCNC(=O)C(=O)Cc1ccc(O)c(Br)c1,5.301029995663981,2
O=C(Cc1ccc(OCCCn2c3c(c4cccc(Cl)c42)CCNC3)cc1)NO,5.652474840001311,4
O=C(Cc1ccc(Oc2no[n+]([O-])c2S(=O)(=O)c2ccccc2)cc1)NO,6.853871964321762,1
O=C(Cc1ccc2ccccc2c1)Nc1ccc(C(=O)NO)nc1,4.026872146400302,2
O=C(Cc1cccc2ccccc12)Nc1ccc(C(=O)NO)nc1,6.034016942635914,4
O=C(Cc1ccccc1)NCc1ccc(C(=O)NO)cc1,5.6020599913279625,1
O=C(Cc1ccccc1)NCc1ccc2cc(C(=O)NO)sc2c1,7.154901959985743,2
O=C(Cc1ccccc1)Nc1ccc(C(=O)NO)cc1,7.003146283912285,4
O=C(Cc1ccccc1)Nc1ccc(C(=O)NO)nc1,6.110924374808178,4
O=C(Cc1ccccc1)Nc1ccc2c(c1)S(=O)(=O)N(Cc1ccc(C(=O)NO)cc1)C2=O,6.275724130399211,1
O=C(Cc1ccccc1)Nc1ccc2cc(C(=O)NO)sc2c1,7.969651079823194,4
O=C(Cc1ccccc1)Nc1ccc2sc(C(=O)NO)cc2c1,7.515758525723032,4
O=C(Cc1cnc(N2CCC(CN3CC(=O)N4[C@H](c5ccc6c(c5)OCO6)c5[nH]c6ccccc6c5C[C@@H]4C3=O)CC2)nc1)NO,6.7055337738384075,2
O=C(Cc1cnccn1)N(Cc1ccc(-c2noc(C(F)(F)F)n2)cc1)c1cccc(C(F)(F)F)c1,5.853871964321762,1
O=C(Cc1noc(-c2ccc(C(=O)C(F)(F)F)s2)n1)N1CCCC1,5.229147988357855,2
O=C(Cn1ccc(-c2ccc(C(=O)NO)s2)n1)Nc1cc(F)cc(F)c1,8.096910013008056,2
O=C(Cn1ccc(-c2ccc(C(=O)NO)s2)n1)Nc1cccc(Cl)c1,8.221848749616356,2
O=C(Cn1ccc(-c2ccc(C(=O)NO)s2)n1)Nc1cccc2cc[nH]c12,7.920818753952375,2
O=C(Cn1ccc(-c2ccc(C(=O)NO)s2)n1)Nc1cccc2cccnc12,8.154901959985743,3
O=C(Cn1ccc(-c2ccc(C(=O)NO)s2)n1)Nc1ccccc1,7.6777807052660805,3
O=C(Cn1ccnn1)N(Cc1ccc(-c2noc(C(F)(F)F)n2)cc1)c1cccc(C(F)(F)F)c1,6.0,1
O=C(Cn1cnc2ccccc21)N(Cc1ccc(-c2noc(C(F)(F)F)n2)cc1)c1cccc(C(F)(F)F)c1,5.376750709602099,1
O=C(Cn1cncn1)N(Cc1ccc(-c2noc(C(F)(F)F)n2)cc1)c1cccc(C(F)(F)F)c1,6.161150909262744,1
O=C(Cn1ncccc1=O)N(Cc1ccc(-c2noc(C(F)(F)F)n2)cc1)c1cccc(C(F)(F)F)c1,6.017728766960431,1
O=C(N(Cc1ccc(-c2noc(C(F)(F)F)n2)cn1)c1cccc(F)c1)C1(CN2CCOCC2)CC1,6.619788758288394,1
O=C(N1CCOCC1)N(Cc1ccc(-c2noc(C(F)(F)F)n2)cc1)c1cccc(C(F)(F)F)c1,6.356547323513812,1
O=C(N1CCOCC1)N(Cc1ccc(-c2noc(C(F)(F)F)n2)cn1)c1cccc(C(F)(F)F)c1,6.0,1
O=C(N1CCOCC1)N(Cc1ncc(-c2noc(C(F)(F)F)n2)cn1)c1cccc(C(F)(F)F)c1,6.619788758288394,1
O=C(NC(CCCCCB(O)O)C(=O)Nc1cccc(-c2ccccc2)c1)OCc1ccccc1,5.376750709602099,1
O=C(NC(CCCCCB(O)O)C(=O)Nc1cccc(-c2ccccc2)c1)c1cc2ccccc2[nH]1,4.958607314841775,1
O=C(NC(CCCCCB(O)O)C(=O)Nc1cccc(-c2ccccc2)c1)c1ccccc1,5.698970004336019,1
O=C(NC(CCCCCB(O)O)C(=O)Nc1cccc(-c2ccccc2)c1)c1cccnc1,5.698970004336019,1
O=C(NC(CCCCCB(O)O)C(=O)Nc1cccc(-c2ccccc2)c1)c1cncs1,5.853871964321762,1
O=C(NC(CCCCCB(O)O)C(=O)Nc1cccc(-c2ccccc2)c1)c1cscn1,5.327902142064282,1
O=C(NC(CCCCCSSCCCCCC(NC(=O)OCc1ccccc1)C(=O)Nc1cccc2cccnc12)C(=O)Nc1cccc2cccnc12)OCc1ccccc1,8.086186147616283,2
O=C(NC(CCCCCSSCCCCC[C@H](NC(=O)OCc1ccccc1)C(=O)Nc1cccc2cccnc12)C(=O)Nc1cccc2cccnc12)OCc1ccccc1,8.086186147616283,1
O=C(NC(CCCCCSSCCO)C(=O)Nc1cccc2cccnc12)OCc1ccccc1,8.309803919971486,2
O=C(NC(Cc1ccc(-c2noc(C(F)(F)F)n2)cn1)c1cccc(C(F)(F)F)c1)C(F)(F)F,5.886056647693163,1
O=C(NC(Cc1ccc(-c2noc(C(F)(F)F)n2)cn1)c1cccc(C(F)(F)F)c1)C1CCOCC1,6.200659450546418,1
O=C(NC(Cc1ccc(-c2noc(C(F)(F)F)n2)cn1)c1cccc(C(F)(F)F)c1)C1CCS(=O)(=O)CC1,6.173925197299173,1
O=C(NC(Cc1ccc(-c2noc(C(F)(F)F)n2)cn1)c1cccc(C(F)(F)F)c1)c1ccccc1,6.161150909262744,1
O=C(NC(Cc1ccc(-c2noc(C(F)(F)F)n2)cn1)c1cccc(C(F)(F)F)c1)c1ccccn1,6.055517327849831,1
O=C(NC(Cc1ccc(-c2noc(C(F)(F)F)n2)cn1)c1cccc(C(F)(F)F)c1)c1cccnc1,6.173925197299173,1
O=C(NC(Cc1ccc(-c2noc(C(F)(F)F)n2)cn1)c1cccc(C(F)(F)F)c1)c1ncccn1,6.221848749616356,1
O=C(NC1C2CC3CC(C2)CC1C3)c1cn(CCCCCCCS)c2ccccc12,6.725899910343244,2
O=C(NC1C2CC3CC(C2)CC1C3)c1cn(CCCCCCS)c2ccccc12,6.772049060142269,2
O=C(NC1CC1)c1ccccc1NCc1ccc(-c2noc(C(F)(F)F)n2)cn1,6.619788758288394,1
O=C(NC1CCOCC1)OCc1ccc(-c2noc(C(F)(F)F)n2)cn1,6.107905397309519,1
O=C(NCC1(c2nc(-c3ccccc3)cs2)CCOCC1)c1cccc(-c2noc(C(F)(F)F)n2)c1,6.364516253185088,1
O=C(NCC12CC3CC(CC(C3)C1)C2)c1ccc2c(ccn2Cc2ccc(C(=O)NO)c(Br)c2)c1,5.135488918941608,1
O=C(NCC12CC3CC(CC(C3)C1)C2)c1ccc2c(ccn2Cc2ccc(C(=O)NO)c(F)c2)c1,6.309803919971486,1
O=C(NCC12C[C@H]3C[C@@H](C1)C[C@@H](C2)C3)c1ccc2c(ccn2Cc2ccc(C(=O)NO)c(Br)c2)c1,5.135488918941608,1
O=C(NCC12C[C@H]3C[C@@H](C1)C[C@@H](C2)C3)c1ccc2c(ccn2Cc2ccc(C(=O)NO)c(F)c2)c1,6.309803919971486,1
O=C(NCC1CCC(C(=O)NO)CC1)c1ccc(-c2ccccc2)cc1,6.508638306165727,1
O=C(NCC1CCC(C(=O)NO)CC1)c1ccc2ccccc2c1,5.698970004336019,1
O=C(NCC1CCCCC1)c1ccc(C(=O)C(F)(F)F)s1,5.537602002101044,2
O=C(NCCCC(=O)C(F)(F)F)c1nc(-c2nccs2)sc1C1CC1,5.010958637931419,2
O=C(NCCCCC(=O)C(F)(F)F)c1nc(-c2nc3c(s2)CCCC3)sc1C1CC1,7.716946313166212,2
O=C(NCCCCC(=O)C(F)(F)F)c1nc(-c2nccs2)sc1C1CC1,7.5827006455707195,2
O=C(NCCCCC(=O)C(F)(F)F)c1nc(-c2nccs2)sc1Cc1ccccc1,7.180160156293851,2
O=C(NCCCCC/C=C(\F)CS)c1ccccc1,6.537602002101044,1
O=C(NCCCCCC(=O)C(F)(F)F)c1nc(-c2nccs2)sc1C1CC1,6.796491604407273,2
O=C(NCCCCCC(=O)c1ncco1)c1cc2ccccc2[nH]1,6.468521082957745,1
O=C(NCCCCCCC(=O)c1ncco1)c1cc2ccccc2[nH]1,7.045757490560675,1
O=C(NCCCCCCS)c1cc(-c2c[nH]c3ccccc23)n[nH]1,6.9342398139581265,3
O=C(NCCCCCCS)c1cc(-c2ccc(-c3ccccc3)cc2)n[nH]1,6.887388836065896,3
O=C(NCCCCCCS)c1cc(-c2ccc(F)cc2)n(CCCCO)n1,6.326900295734885,3
O=C(NCCCCCCS)c1cc(-c2ccc(F)cc2)n(CCCO)n1,5.465344434877051,3
O=C(NCCCCCCS)c1cc(-c2ccc(F)cc2)n(CCO)n1,5.546917608503435,3
O=C(NCCCCCCS)c1cc(-c2ccc(F)cc2)n[nH]1,6.286878860155213,6
O=C(NCCCCCCS)c1cc(-c2ccc(F)cc2)nn1CCCCO,6.657890353759217,3
O=C(NCCCCCCS)c1cc(-c2ccc(F)cc2)nn1CCCO,5.897644016446233,3
O=C(NCCCCCCS)c1cc(-c2ccc(F)cc2)nn1CCO,6.3747076765023225,3
O=C(NCCCCCCS)c1cc(-c2ccc(F)cc2)on1,6.04997869095964,3
O=C(NCCCCCCS)c1cc(-c2ccc3ccccc3c2)n[nH]1,6.914565515434636,3
O=C(NCCCCCCS)c1cc(-c2cccc3ccccc23)n[nH]1,6.317060612119271,3
O=C(NCCCCCCS)c1cc(-c2ccccc2)n[nH]1,7.218606670865806,3
O=C(NCCCCCCS)c1cc(-c2ccccn2)n[nH]1,7.098214229932547,3
O=C(NCCCCCCS)c1cc(-c2cccnc2)n[nH]1,7.463967351224906,3
O=C(NCCCCCCS)c1cc(-c2ccncc2)n[nH]1,7.979515840304269,3
O=C(NCCCCCCS)c1cc(-c2cnccn2)n[nH]1,7.797514992261777,3
O=C(NCCCCCCS)c1cc(C2CCCCC2)[nH]n1,6.459535311287612,2
O=C(NCCCCCCS)c1cc(C2CCCCC2)n[nH]1,6.480172006224281,1
O=C(NCCCCCCS)c1cc2ccccc2[nH]1,7.0,2
O=C(NCCCCCCS)c1cc2ccccc2o1,7.102372908709558,3
O=C(NCCCCCCS)c1ccc2ccccc2c1,7.070581074285707,2
O=C(NCCCCCCS)c1ccccc1,6.443697499232712,2
O=C(NCCCCCCS)c1ccn[nH]1,6.549847830937957,3
O=C(NCCCCCS)c1cc(-c2ccc(F)cc2)[nH]n1,5.657577319177793,1
O=C(NCCCCCS)c1cc(-c2ccc(F)cc2)n[nH]1,5.689411859112482,2
O=C(NCCCCCS)c1cc(-c2ccc(F)cc2)on1,5.626146718604166,3
O=C(NCCCCN1CCc2nc(C(=O)NO)sc2C1)c1ccc(-c2ccccc2)s1,5.216096420727265,2
O=C(NCCCN1CCc2nc(C(=O)NO)sc2C1)c1ccc(-c2ccccc2)s1,5.246416941107094,2
O=C(NCCN1CCCC1)c1ccc(-c2noc(C(F)(F)F)n2)cc1,4.886056647693163,2
O=C(NCCNc1ccccc1)c1ccc(-c2noc(C(F)(F)F)n2)cc1,5.055517327849831,1
O=C(NCCS)/C(Cc1cc(Br)c(O)c(Br)c1)=N/O,9.698970004336019,1
O=C(NCCS)/C(Cc1cc(Br)cc([N+](=O)[O-])c1)=N/O,8.301029995663981,1
O=C(NCCS)/C(Cc1ccc(F)c(Br)c1)=N/O,9.0,1
O=C(NCCS)/C(Cc1ccc(F)cc1)=N/O,8.154901959985743,1
O=C(NCCS)/C(Cc1ccc(O)c(Br)c1)=N/O,8.164877073462938,2
O=C(NCCS)/C(Cc1ccc(O)cc1)=N/O,8.397940008672037,1
O=C(NCCS)/C(Cc1cccc([N+](=O)[O-])c1)=N/O,9.0,1
O=C(NCCS)/C(Cc1ccccc1)=N/O,7.920818753952375,1
O=C(NCCS)C(=O)Nc1ccccc1,5.552841968657781,1
O=C(NCCSSCCNC(=O)/C(Cc1ccc(Cl)cc1Cl)=N/O)/C(Cc1ccc(Cl)cc1Cl)=N/O,6.552841968657781,1
O=C(NCCSSCCNC(=O)/C(Cc1ccc(O)c(Br)c1)=N/O)/C(Cc1ccc(O)c(Br)c1)=N/O,7.745538831119584,5
O=C(NCCSSCCNC(=O)/C(Cc1ccc(O)cc1)=N/O)/C(Cc1ccc(O)cc1)=N/O,6.920818753952375,1
O=C(NCCSSCCNC(=O)/C(Cc1ccc2c(c1)OCO2)=N/O)/C(Cc1ccc2c(c1)OCO2)=N/O,6.886056647693163,1
O=C(NCCSSCCNC(=O)/C(Cc1cccc(C(F)(F)F)c1)=N/O)/C(Cc1cccc(C(F)(F)F)c1)=N/O,6.568636235841012,1
O=C(NCCSSCCNC(=O)/C(Cc1cccc(Cl)c1)=N/O)/C(Cc1cccc(Cl)c1)=N/O,6.6777807052660805,1
O=C(NCCSSCCNC(=O)c1cc(-c2ccc(O)c(Br)c2)n[nH]1)c1cc(-c2ccc(O)c(Br)c2)n[nH]1,6.167491087293763,1
O=C(NCCSSCCNC(=O)c1cc(-c2ccc(O)cc2)n[nH]1)c1cc(-c2ccc(O)cc2)n[nH]1,5.7423214251308154,1
O=C(NCCSSCCNC(=O)c1cc(-c2ccc(O)cc2)on1)c1cc(-c2ccc(O)cc2)on1,5.503070351926786,1
O=C(NCC[Se][Se]CCNC(=O)/C(Cc1ccc(Br)s1)=N/O)/C(Cc1ccc(Br)s1)=N/O,6.2441251443275085,2
O=C(NCC[Se][Se]CCNC(=O)/C(Cc1ccc(O)c(Br)c1)=N/O)/C(Cc1ccc(O)c(Br)c1)=N/O,6.769551078621726,2
O=C(NCC[Se][Se]CCNC(=O)/C(Cc1ccsc1)=N/O)/C(Cc1ccsc1)=N/O,6.113509274827518,2
O=C(NCCc1cc(C(=O)NO)no1)c1ccc(Cl)c(Cl)c1,5.347834680212859,8
O=C(NCCc1cc(C(=O)NO)no1)c1ccc2ccccc2c1,5.518557371497695,2
O=C(NCCc1cc(C(=O)NO)no1)c1cccc(-c2ccccc2)c1,5.690369832574101,2
O=C(NCCc1ccccc1)Nc1ccc(C(=O)NO)cc1,6.235077015350111,1
O=C(NCCc1ccccc1)c1ccc(C(=O)C(F)(F)F)s1,6.055517327849831,2
O=C(NCc1ccc(-c2noc(C(F)(F)F)n2)cc1)C1CCCC1,5.657577319177793,1
O=C(NCc1ccc(-c2noc(C(F)(F)F)n2)cc1)c1cc(N2CCOCC2)ccn1,6.0,1
O=C(NCc1ccc(-c2noc(C(F)(F)F)n2)cc1)c1cccc(O)c1,6.142667503568731,1
O=C(NCc1ccc(C(=O)NO)c(-c2ccccc2)c1)c1ccccc1F,4.4089353929735005,2
O=C(NCc1ccc(C(=O)NO)cc1)Nc1ccc(CO)cc1,5.97469413473523,3
O=C(NCc1ccc(C(=O)NO)cc1)OCc1cccnc1,5.522878745280337,2
O=C(NCc1ccc(C(=O)Nc2cc(-c3ccccc3)ccc2O)cc1)OCc1cccnc1,7.698970004336019,1
O=C(NCc1ccc(C(=O)Nc2cc(-c3cccnc3)ccc2O)cc1)OCc1cccnc1,7.795880017344075,1
O=C(NCc1ccc(C(=O)Nc2ccccc2O)cc1)OCc1cccnc1,5.657577319177793,2
O=C(NCc1ccc2cc(C(=O)NO)sc2c1)c1ccccc1,8.0,2
O=C(NCc1ccccc1)c1ccc(C(=O)C(F)(F)F)s1,6.330683119433887,2
O=C(NCc1ccccc1)c1ccc2cc(C(=O)NO)sc2c1,7.275724130399211,2
O=C(NCc1ccccc1)c1ccc2sc(C(=O)NO)cc2c1,7.119186407719209,2
O=C(NCc1ccccc1Cl)c1ccc(C(=O)C(F)(F)F)s1,6.259637310505756,2
O=C(NCc1ccccn1)c1cccc(NCc2ccc(-c3noc(C(F)(F)F)n3)cn2)c1,6.309803919971486,1
O=C(NNCC1CCCC1)c1ccc(Br)cc1,5.055024091587953,4
O=C(NNCCC1CCCC1)c1ccc(Br)cc1,5.130768280269024,4
O=C(NO)C(CCCCN1C(=O)c2ccccc2C1=O)c1ccccc1,4.585026652029182,2
O=C(NO)C(F)(F)C(F)(F)C(F)(F)C(F)(F)C(F)(F)C(F)(F)C(=O)Nc1ccc2ccccc2c1,4.346787486224656,1
O=C(NO)C(F)(F)C(F)(F)C(F)(F)C(F)(F)C(F)(F)C(F)(F)C(=O)Nc1ccccc1,4.309803919971486,1
O=C(NO)C(F)(F)C(F)(F)C(F)(F)C(F)(F)C(F)(F)C(F)(F)C(=O)Nc1nc(-c2ccccc2)cs1,4.68837535480105,2
O=C(NO)C(c1ccc(-c2ncc(C(F)(F)F)cn2)cc1)c1ccccc1F,4.401209493236885,2
O=C(NO)C(c1ccc(F)cc1)c1ccc(F)cc1,5.455931955649724,1
O=C(NO)C(c1ccc2c(c1)CCO2)c1ccc2c(c1)CCO2,6.045757490560675,1
O=C(NO)C(c1ccccc1)c1ccccc1,5.337242168318426,1
O=C(NO)C1=CCCC1,6.195179321278838,2
O=C(NO)C1CCC(CNS(=O)(=O)c2ccc3ccccc3c2)CC1,5.958607314841775,1
O=C(NO)C1CCN(CC(O)COC(Cn2c3ccccc3c3ccccc32)Cn2c3ccccc3c3ccccc32)CC1,6.879867679430467,4
O=C(NO)C1CCN(C[C@@H](O)COC(Cn2c3ccccc3c3ccccc32)Cn2c3ccccc3c3ccccc32)CC1,5.380906669373257,2
O=C(NO)C1c2ccccc2Oc2ccccc21,5.522878745280337,1
O=C(NO)N/C=C/c1ccc(-c2ccccc2)cc1,5.882728704344236,2
O=C(NO)OCCOCCOc1no[n+]([O-])c1S(=O)(=O)c1ccccc1,5.366531544420413,1
O=C(NO)[C@@H](CCCCN1C(=O)c2ccccc2C1=O)c1ccccc1,4.721246399047171,2
O=C(NO)[C@@H](Cc1ccccc1)n1nnc(-c2ccccc2)c1C#CC1CC1,5.366531544420413,2
O=C(NO)[C@@H]1[C@H](c2ccccc2)[C@H]1c1cc(Cl)c2c(c1)OCCO2,4.769551078621726,1
O=C(NO)[C@@H]1[C@H](c2ccccc2)[C@H]1c1ccc(-c2cnco2)cc1,4.494850021680094,1
O=C(NO)[C@@H]1[C@H](c2ccccc2)[C@H]1c1ccc(-c2ncc(F)cn2)cc1,4.6777807052660805,2
O=C(NO)[C@@H]1[C@H](c2ccccc2)[C@H]1c1ccc2c(c1)CN(CC(F)(F)F)C2=O,4.619788758288394,1
O=C(NO)[C@@H]1[C@H](c2ccccc2)[C@H]1c1ccc2nccnc2c1,4.657577319177793,1
O=C(NO)[C@H](CCCCN1C(=O)c2ccccc2C1=O)c1ccccc1,4.698970004336019,2
O=C(NO)[C@H](Cc1ccccc1)n1nnc(-c2ccccc2)c1C#CC1CC1,5.366531544420413,2
O=C(NO)[C@]1(F)[C@H](c2ccccc2)[C@H]1c1ccc(-c2ncc(F)cn2)cc1,4.853871964321762,1
O=C(NO)c1cc(CCCCN2CCCc3cc(Cl)ccc32)on1,4.950781977329818,2
O=C(NO)c1cc(F)c(CN2CN(c3ccccc3)C3(CCN(Cc4ccccc4)CC3)C2=O)c(F)c1,5.132252697695712,2
O=C(NO)c1cc(F)c(Cn2nnc(-c3ncccn3)n2)c(F)c1,5.402304814074488,2
O=C(NO)c1cc(F)c(Cn2nnnc2-c2cccs2)c(F)c1,5.1491700401514695,2
O=C(NO)c1cc2c(Cl)cccc2s1,4.9344202852715515,1
O=C(NO)c1cc2cc(CNCCc3ccccc3)ccc2s1,6.698970004336019,2
O=C(NO)c1cc2cc(CNCc3ccccc3)ccc2s1,6.838631997765026,2
O=C(NO)c1cc2cc(CNc3ccccc3)ccc2s1,6.756961951313706,2
O=C(NO)c1cc2cc(NC(=O)c3cccc4ccccc34)ccc2s1,6.192551130310475,4
O=C(NO)c1cc2cc(NCCc3ccccc3)ccc2s1,6.809668301829708,2
O=C(NO)c1cc2cc(NCc3ccccc3)ccc2s1,7.1249387366083,2
O=C(NO)c1cc2cc(Nc3ccccc3)ccc2s1,6.221848749616356,2
O=C(NO)c1cc2ccc(CNCCc3ccccc3)cc2s1,6.892790030352131,2
O=C(NO)c1cc2ccc(CNCc3ccccc3)cc2s1,7.301029995663981,2
O=C(NO)c1cc2ccc(CNc3ccccc3)cc2s1,7.346787486224656,2
O=C(NO)c1cc2ccc(NC(c3ccccc3)c3ccccc3)cc2s1,6.54515513999149,2
O=C(NO)c1cc2ccc(NCCc3ccccc3)cc2s1,7.221848749616356,2
O=C(NO)c1cc2ccc(NCc3ccccc3)cc2s1,7.259637310505756,2
O=C(NO)c1cc2ccc(NS(=O)(=O)Cc3ccccc3)cc2s1,7.3872161432802645,2
O=C(NO)c1cc2ccc(NS(=O)(=O)c3cccc4ccccc34)cc2s1,7.585026652029182,2
O=C(NO)c1cc2ccc(NS(=O)(=O)c3ccccc3)cc2s1,7.332547047110046,2
O=C(NO)c1cc2ccc(Nc3ccccc3)cc2s1,6.211124884224583,2
O=C(NO)c1cc2cccc(C(F)(F)F)c2s1,5.036684488613888,1
O=C(NO)c1cc2cccc(Cl)c2s1,5.536107011014092,1
O=C(NO)c1cc2ccccc2s1,6.071330422928432,5
O=C(NO)c1cc2ccsc2s1,5.96657624451305,1
O=C(NO)c1cc2sccc2s1,6.2541448048262716,1
O=C(NO)c1ccc(-c2cc3c(NCc4ccccc4)ncnc3[nH]2)cc1,7.0,1
O=C(NO)c1ccc(-c2ccc(-c3cc(O)cc(O)c3)cc2)cc1,5.050609993355087,2
O=C(NO)c1ccc(-c2ccc(CCNCCc3ccccc3)cn2)s1,7.508638306165727,2
O=C(NO)c1ccc(-c2ccc(CCNCc3ccc(F)cc3)cn2)s1,7.886056647693163,2
O=C(NO)c1ccc(-c2ccc(CCNCc3ccc4c(c3)OCO4)cn2)s1,8.045757490560675,2
O=C(NO)c1ccc(-c2ccc(CCNCc3ccccc3)cn2)s1,8.045757490560675,2
O=C(NO)c1ccc(-c2ccc(CN3CCc4ccccc4C3)cn2)s1,7.522878745280337,2
O=C(NO)c1ccc(-c2ccc(CNCCCc3ccccc3)cn2)s1,7.7447274948966935,2
O=C(NO)c1ccc(-c2ccc(CNCCOc3ccccc3)cn2)s1,7.958607314841775,2
O=C(NO)c1ccc(-c2ccc(CNCCc3c[nH]c4ccccc34)cn2)s1,8.096910013008056,2
O=C(NO)c1ccc(-c2ccc(CNCCc3ccc(F)cc3)cn2)s1,8.045757490560675,2
O=C(NO)c1ccc(-c2ccc(CNCCc3cccc4occc34)cn2)s1,8.397940008672037,2
O=C(NO)c1ccc(-c2ccc(CNCCc3ccccc3)cn2)s1,7.920818753952375,2
O=C(NO)c1ccc(-c2ccc(CNCCc3ccccc3Cl)cn2)s1,8.221848749616356,2
O=C(NO)c1ccc(-c2ccc(CNCCc3ccccc3F)cn2)s1,7.920818753952375,2
O=C(NO)c1ccc(-c2ccc(CNCc3ccc(-c4ccccc4)cc3)cn2)s1,8.154901959985743,2
O=C(NO)c1ccc(-c2ccc(CNCc3ccc(Cl)cc3)cn2)s1,8.045757490560675,2
O=C(NO)c1ccc(-c2ccc(CNCc3ccc4c(c3)OCCO4)cn2)s1,7.958607314841775,2
O=C(NO)c1ccc(-c2ccc(CNCc3ccc4c(c3)OCO4)cn2)s1,8.096910013008056,2
O=C(NO)c1ccc(-c2ccc(CNCc3ccccc3)cn2)s1,7.795880017344075,2
O=C(NO)c1ccc(-c2ccc(CNCc3ccccc3Cl)cn2)s1,8.154901959985743,2
O=C(NO)c1ccc(-c2ccc(CNc3ccccc3)cn2)s1,7.795880017344075,2
O=C(NO)c1ccc(-c2ccc(NCCc3ccccc3)cn2)s1,7.096910013008056,2
O=C(NO)c1ccc(-c2ccc3ncnc(Nc4ccc(OCc5cccc(F)c5)c(Cl)c4)c3c2)o1,5.080921907623926,1
O=C(NO)c1ccc(-c2ccc3ncnc(Nc4ccc(OCc5cccc(F)c5)c(Cl)c4)c3c2)s1,6.140091945740338,3
O=C(NO)c1ccc(-c2ccc[nH]2)cc1,5.832682665251824,1
O=C(NO)c1ccc(-c2cccc(CNCCc3ccccc3)n2)s1,6.235823867609669,2
O=C(NO)c1ccc(-c2cccc(CNCc3ccccc3)n2)s1,6.44490555142168,2
O=C(NO)c1ccc(-c2ccccc2)s1,6.045757490560675,2
O=C(NO)c1ccc(-c2ccccn2)s1,6.614393726401688,3
O=C(NO)c1ccc(-c2cccnc2)s1,5.946921556516581,3
O=C(NO)c1ccc(-c2cccs2)s1,5.6020599913279625,2
O=C(NO)c1ccc(-c2ccn(CCCc3ccccc3)n2)s1,7.4685210829577455,3
O=C(NO)c1ccc(-c2ccn(CCN3CCc4ccccc4C3)n2)s1,7.721246399047171,2
O=C(NO)c1ccc(-c2ccn(CCNCCc3ccccc3)n2)s1,7.161150909262744,2
O=C(NO)c1ccc(-c2ccn(CCNCc3ccc(-c4ccccn4)cc3)n2)s1,8.301029995663981,3
O=C(NO)c1ccc(-c2ccn(CCNCc3ccc(-n4ccnc4)cc3)n2)s1,8.045757490560675,3
O=C(NO)c1ccc(-c2ccn(CCNCc3ccc4[nH]ccc4c3)n2)s1,8.301029995663981,3
O=C(NO)c1ccc(-c2ccn(CCNCc3ccc4c(c3)OCO4)n2)s1,7.537602002101044,5
O=C(NO)c1ccc(-c2ccn(CCNCc3ccc4occc4c3)n2)s1,7.958607314841775,2
O=C(NO)c1ccc(-c2ccn(CCNCc3ccccc3)n2)s1,7.481486060122112,3
O=C(NO)c1ccc(-c2ccn(CCNCc3cnc(-c4ccccc4)nc3)n2)s1,7.318758762624412,2
O=C(NO)c1ccc(-c2ccn(CCOCc3ccccc3)n2)s1,7.698970004336019,3
O=C(NO)c1ccc(-c2ccn(CCOc3ccccc3)n2)s1,7.657577319177793,3
O=C(NO)c1ccc(-c2ccn(CCc3ccccc3)n2)s1,7.0,3
O=C(NO)c1ccc(-c2ccn(Cc3ccccc3)n2)s1,6.815308569182402,3
O=C(NO)c1ccc(-c2ccnc(Nc3ccc(N4CCOCC4)cc3)n2)cc1,6.795880017344075,2
O=C(NO)c1ccc(-c2ccncc2)cc1,5.189095719331299,1
O=C(NO)c1ccc(-c2ccncc2)s1,5.899629454882437,3
O=C(NO)c1ccc(-c2ncccn2)s1,6.730487055782083,2
O=C(NO)c1ccc(-c2nnc(Cc3cccc4ccccc34)o2)cc1,5.004364805402449,2
O=C(NO)c1ccc(-n2cc(Cc3ccccc3)c3ccccc32)cc1,4.87942606879415,1
O=C(NO)c1ccc(-n2ccc3ccccc32)cc1,5.234331445240986,1
O=C(NO)c1ccc(-n2cccc2)cc1,5.24184537803261,1
O=C(NO)c1ccc(-n2cnc3cncnc32)cc1,6.026872146400301,1
O=C(NO)c1ccc(-n2cnc3ncncc32)cc1,5.448550002027124,1
O=C(NO)c1ccc(/C=C/c2cc(-c3ccc(C(F)(F)F)cc3)ncc2F)cc1,5.530177984021837,2
O=C(NO)c1ccc(/C=C/c2ccc(O)cc2)o1,4.3655227298392685,2
O=C(NO)c1ccc(/C=C/c2ccc3c(c2)OCO3)o1,4.528708288941061,2
O=C(NO)c1ccc(/C=C/c2cccc(-c3cc(F)ccc3O)c2)cc1,5.673664139071249,2
O=C(NO)c1ccc(/C=C/c2cccc(-c3cccc(O)c3)c2)cc1,5.906578314837764,2
O=C(NO)c1ccc(/C=C/c2cccc(-c3ccccc3O)c2)cc1,6.031517051446064,2
O=C(NO)c1ccc(/C=C/c2cccc(Cl)c2Cl)o1,4.596707854841746,2
O=C(NO)c1ccc(/C=C/c2ccccc2)cc1,5.638272163982407,1
O=C(NO)c1ccc(/C=C/c2ccccc2)o1,4.308476477831846,2
O=C(NO)c1ccc(/C=C/c2ccccc2O)o1,4.327255801693401,2
O=C(NO)c1ccc(/C=C/c2ccnc(-c3cc(F)ccc3O)c2)cc1,5.943095148663527,2
O=C(NO)c1ccc(/C=C/c2ccnc(-c3ccc(C(F)(F)F)cc3)c2)cc1,5.315154638355588,2
O=C(NO)c1ccc(/C=C/c2ccnc(-c3cccc(CO)c3)c2)cc1,6.552841968657781,2
O=C(NO)c1ccc(/C=C/c2ccnc(-c3cccc(O)c3)c2)cc1,6.537602002101044,2
O=C(NO)c1ccc(/C=C/c2ccnc(-c3ccccc3O)c2)cc1,6.657577319177793,4
O=C(NO)c1ccc(/C=C/c2ccnc(-c3cccnc3)c2)cc1,6.236572006437063,2
O=C(NO)c1ccc(/C=C/c2ccnc(-c3ccsc3)c2)cc1,6.6777807052660805,2
O=C(NO)c1ccc(/C=C/c2ccnc(Br)c2)cc1,5.436518914605589,2
O=C(NO)c1ccc(/C=C/c2ccncc2)cc1,6.200659450546418,2
O=C(NO)c1ccc(/C=C/c2cncc(-c3ccccc3O)c2)cc1,5.4723700991286615,2
O=C(NO)c1ccc(/C=C/c2nc3ccccc3c(=O)[nH]2)cc1,4.790484985457369,2
O=C(NO)c1ccc(Br)c(NC(=O)c2ccccc2)c1,5.130768280269024,2
O=C(NO)c1ccc(C(=O)N2CCCc3cc(Cl)ccc32)cc1,6.017276612331455,2
O=C(NO)c1ccc(C(=O)N2CCCc3cc(F)ccc32)cc1,8.292429823902063,2
O=C(NO)c1ccc(C(=O)N2CCc3c(c4ccccc4n3Cc3ccccc3)C2)cc1,6.005243055412372,2
O=C(NO)c1ccc(C(=O)NCC2CCN(Cc3ccccc3)CC2)cc1,6.853871964321762,1
O=C(NO)c1ccc(C(=O)NCCCN2c3ccccc3CCc3ccc(Cl)cc32)cc1,5.137868620686962,2
O=C(NO)c1ccc(C(=O)NCCNc2nonc2/C(=N/O)Nc2ccc(F)c(Br)c2)cc1,6.581698708680255,1
O=C(NO)c1ccc(C(=O)NCCNc2nonc2C(=Nc2ccc(F)c(Br)c2)NO)cc1,6.581036169296377,1
O=C(NO)c1ccc(C(=O)Nc2cccc(Nc3ncc(-c4cccnc4)s3)c2)cc1,6.6777807052660805,2
O=C(NO)c1ccc(C(C(=O)Nc2ccccc2)C(=O)Nc2ccccc2)cc1,8.301029995663981,2
O=C(NO)c1ccc(C(F)(F)F)c(NC(=O)c2ccccc2)c1,5.619788758288394,2
O=C(NO)c1ccc(C(c2ccccc2)c2ccccc2)cc1,5.176525770829699,1
O=C(NO)c1ccc(C2(NC(=O)c3nc(-c4nccs4)sc3C3CC3)CC2)cc1,7.654344298053178,2
O=C(NO)c1ccc(C2=Nc3ccccc3Oc3ccccc32)cc1,7.251037138743839,1
O=C(NO)c1ccc(C2CCCC2)cc1,4.537602002101044,1
O=C(NO)c1ccc(CC(=O)N(CCO)C(=O)Cc2ccccc2)cc1,6.074687908500351,2
O=C(NO)c1ccc(CC(=O)N(CCO)c2ccccc2)cc1,5.623097820243595,29
O=C(NO)c1ccc(CC(=O)N2CCC(N3C(=O)[C@H](c4ccccc4)[C@H]3c3ccccc3)CC2)cc1,5.289036881004725,2
O=C(NO)c1ccc(CC(=O)N2CCC(N3CC(c4ccccc4)(c4ccccc4)C3=O)CC2)cc1,5.013228265733755,2
O=C(NO)c1ccc(CC(=O)N2CCC3(CC2)CN(Cc2ccccc2)c2ccccc23)cc1,4.991399828238082,2
O=C(NO)c1ccc(CC(=O)N2CCc3c(c4ccccc4n3Cc3ccccc3)C2)cc1,5.919734372660155,2
O=C(NO)c1ccc(CCCC(O)c2ccc3ccccc3c2)cc1,7.0,1
O=C(NO)c1ccc(CCCCCc2ccccc2)cc1,5.318758762624412,1
O=C(NO)c1ccc(CCCCN2CCN(C(c3ccccc3)c3ccccc3)CC2)cc1,5.259637310505756,2
O=C(NO)c1ccc(CCCN2CCC(CN[C@@H]3C[C@H]3c3ccc(-c4cncnc4)cc3)CC2)cc1,5.343901797987169,1
O=C(NO)c1ccc(CCCN2CCC(CN[C@H]3C[C@@H]3c3ccc(-c4cncnc4)cc3)CC2)cc1,5.607303046740334,1
O=C(NO)c1ccc(CCCN2CCC(CN[C@H]3C[C@@H]3c3ccccc3)CC2)cc1,5.468521082957745,2
O=C(NO)c1ccc(CCCN2CCN(C(c3ccccc3)c3ccccc3)CC2)cc1,5.42021640338319,2
O=C(NO)c1ccc(CCCS(=O)(=O)c2ccccc2)cc1,5.698970004336019,1
O=C(NO)c1ccc(CCN2CCN(C(c3ccccc3)c3ccccc3)CC2)cc1,5.318758762624412,2
O=C(NO)c1ccc(CCSc2ccccc2)cc1,6.045757490560675,1
O=C(NO)c1ccc(CCc2ccccc2)cc1,6.0,1
O=C(NO)c1ccc(CN(CC2CC2)C(=O)c2ccccc2)cc1,5.43842163169904,2
O=C(NO)c1ccc(CN(CC2CCCCC2)C(=O)c2ccccc2)cc1,5.606951533583222,2
O=C(NO)c1ccc(CN(CCCCO)C(=O)Nc2ccccc2)cc1,6.182698899988687,4
O=C(NO)c1ccc(CN(CCCO)C(=O)Cc2ccccc2)cc1,5.94692155651658,2
O=C(NO)c1ccc(CN(CCO)C(=O)Cc2ccccc2)cc1,6.021915784762318,4
O=C(NO)c1ccc(CN(CCc2ccccc2)C(=O)Nc2ccccc2)cc1,5.505845405981557,6
O=C(NO)c1ccc(CN(Cc2ccc(F)cc2)c2ncc(C(=O)NCCCn3ccnc3)s2)cc1,7.337242168318426,2
O=C(NO)c1ccc(CN(Cc2cccc3ccccc23)C(=O)c2ccccc2)cc1,5.93404701968613,2
O=C(NO)c1ccc(CN(Cc2ccccc2)C(=O)c2ccccc2)cc1,6.070581074285707,2
O=C(NO)c1ccc(CN(Cc2ccccc2)Cc2ccc3ccccc3n2)cc1,6.077793722560983,1
O=C(NO)c1ccc(CN(Cc2cccnc2)S(=O)(=O)c2cc(F)c(F)c(F)c2F)cc1,6.03574036980315,2
O=C(NO)c1ccc(CN(Cc2ccco2)C(=O)c2ccccc2)cc1,6.304518323509802,2
O=C(NO)c1ccc(CN(Cc2cccs2)C(=O)c2ccccc2)cc1,6.133122185662501,2
O=C(NO)c1ccc(CN(Cc2nnnn2C2CCCCC2)C(=O)c2ccccc2)cc1,5.625251653989896,2
O=C(NO)c1ccc(CN(Cc2nnnn2Cc2ccccc2)C(=O)c2ccccc2)cc1,5.906578314837764,2
O=C(NO)c1ccc(CN(Cc2nnnn2Cc2ccccc2)C(=O)c2ccccc2C(F)(F)F)cc1,5.285670240254767,2
O=C(NO)c1ccc(CN(c2ccccc2)c2ccccc2)cc1,5.176525770829699,1
O=C(NO)c1ccc(CN2C(=O)C(Cc3ccccc3)N(Cc3ccc(Cl)cc3)C2=O)cc1,5.0874192805822585,2
O=C(NO)c1ccc(CN2C(=O)C(Cc3ccccc3)N(Cc3ccccn3)C2=O)cc1,5.465719994794918,2
O=C(NO)c1ccc(CN2C(=O)C(Cc3ccccc3)N(Cc3cccnc3)C2=O)cc1,4.9338605071293005,2
O=C(NO)c1ccc(CN2C(=O)C/C(=C\c3ccccc3)C2=O)cc1,7.482804102050026,1
O=C(NO)c1ccc(CN2C(=O)CC(=Cc3ccccc3)C2=O)cc1,7.481486060122112,1
O=C(NO)c1ccc(CN2C(=O)CCCc3cc(Cl)ccc32)cc1,6.899629454882437,2
O=C(NO)c1ccc(CN2C(=O)CCc3cc(Br)ccc32)cc1,6.97061622231479,2
O=C(NO)c1ccc(CN2C(=O)CCc3cc(C4CC4)ccc32)cc1,6.931814138253838,2
O=C(NO)c1ccc(CN2C(=O)CCc3cc(Cl)ccc32)cc1,6.559090917934782,2
O=C(NO)c1ccc(CN2C(=O)CN(Cc3ccc(Cl)cc3)C2=O)cc1,6.06411505026974,2
O=C(NO)c1ccc(CN2C(=O)CSC2=O)cc1,6.411168274405792,2
O=C(NO)c1ccc(CN2C(=O)Cc3cc(Br)ccc32)cc1,5.562407967746038,1
O=C(NO)c1ccc(CN2C(=O)Cc3cc(Cl)ccc32)cc1,6.308918507877031,1
O=C(NO)c1ccc(CN2C(=O)Cc3cc(F)ccc32)cc1,6.3214816209598865,1
O=C(NO)c1ccc(CN2C(=O)Cc3ccccc32)cc1,6.3214816209598865,1
O=C(NO)c1ccc(CN2C(=O)N[C@@H](Cc3ccccc3)C2=O)cc1,5.121478204498794,3
O=C(NO)c1ccc(CN2C(=O)[C@@H]3CCCN3Cc3ccccc32)cc1,6.056505484093897,1
O=C(NO)c1ccc(CN2C(=O)c3ccc(-c4ccccc4)cc3S2(=O)=O)cc1,6.413412695328245,1
O=C(NO)c1ccc(CN2C(=O)c3ccc(I)cc3S2(=O)=O)cc1,5.874518734299405,1
O=C(NO)c1ccc(CN2C(=O)c3ccc(NC(=O)c4ccc(C(F)(F)F)cc4)cc3S2(=O)=O)cc1,5.849857838151442,1
O=C(NO)c1ccc(CN2C(=O)c3ccc(NC(=O)c4ccc(F)cc4)cc3S2(=O)=O)cc1,6.189767482004916,1
O=C(NO)c1ccc(CN2C(=O)c3ccc(NC(=O)c4ccccc4)cc3S2(=O)=O)cc1,6.42021640338319,1
O=C(NO)c1ccc(CN2C(=O)c3cccc(F)c3C2=O)cc1-c1ccccc1,4.568636235841013,2
O=C(NO)c1ccc(CN2C(=O)c3cccc4c(N5CCOCC5)ccc(c34)C2=O)cc1,7.442494464349773,2
O=C(NO)c1ccc(CN2C(=O)c3ccccc3C2=O)cc1,6.769551078621726,2
O=C(NO)c1ccc(CN2C(=O)c3ccccc3C2=O)cc1-c1ccccc1,4.494850021680094,2
O=C(NO)c1ccc(CN2C(=O)c3ccccc3S2(=O)=O)cc1,5.854492828590337,1
O=C(NO)c1ccc(CN2C(=O)c3ccccc3S2(=O)=O)cc1-c1ccccc1,5.309803919971486,2
O=C(NO)c1ccc(CN2CC(=O)N(Cc3ccc(Cl)cc3)[C@H](Cc3ccccc3)C2=O)cc1,5.036212172654444,1
O=C(NO)c1ccc(CN2CC(=O)N(Cc3cccc(Cl)c3)[C@H](Cc3ccccc3)C2=O)cc1,5.068033885271827,1
O=C(NO)c1ccc(CN2CC(=O)N(Cc3ccccc3)[C@H](Cc3ccccc3)C2=O)cc1,5.015922966097169,1
O=C(NO)c1ccc(CN2CC(=O)N(Cc3ccccc3Cl)[C@H](Cc3ccccc3)C2=O)cc1,5.080398976215889,1
O=C(NO)c1ccc(CN2CC3(CCCCC3)c3ccccc32)cc1,5.168130225719498,2
O=C(NO)c1ccc(CN2CCC(CN[C@@H]3C[C@H]3c3ccccc3)CC2)cc1,7.887733468696958,2
O=C(NO)c1ccc(CN2CCC(S(=O)(=O)N[C@@H]3C[C@H]3c3ccccc3)CC2)cc1,8.386159463623564,2
O=C(NO)c1ccc(CN2CCC3(CC2)CN(C(=O)c2ccccc2)c2c(-c4ccccc4)cccc23)cc1,5.327902142064282,2
O=C(NO)c1ccc(CN2CCC3(CC2)CN(C(=O)c2ccccc2)c2ccccc23)cc1,4.995678626217358,2
O=C(NO)c1ccc(CN2CCC3(CC2)CN(Cc2ccccc2)c2ccccc23)cc1,5.187086643357144,2
O=C(NO)c1ccc(CN2CCCC2)cc1,4.537602002101044,1
O=C(NO)c1ccc(CN2CCCCc3cc(-c4cc[nH]n4)ccc32)cc1,5.96657624451305,1
O=C(NO)c1ccc(CN2CCCCc3cc(-c4ccn[nH]4)ccc32)cc1,5.96657624451305,1
O=C(NO)c1ccc(CN2CCCCc3cc(Br)ccc32)cc1,5.798602875679549,2
O=C(NO)c1ccc(CN2CCCCc3cc(Cl)ccc32)cc1,5.903981248643376,4
O=C(NO)c1ccc(CN2CCCCc3ccc(-c4ccccc4)cc32)cc1,6.151195298948196,2
O=C(NO)c1ccc(CN2CCCCc3ccc(Br)cc32)cc1,6.3979400086720375,2
O=C(NO)c1ccc(CN2CCCCc3ccc(C4CC4)cc32)cc1,6.293282217663242,2
O=C(NO)c1ccc(CN2CCCCc3ccc(Cl)cc32)cc1,6.391473966422806,2
O=C(NO)c1ccc(CN2CCCCc3ccc(F)cc32)cc1,6.118615343229427,2
O=C(NO)c1ccc(CN2CCCCc3ccccc32)cc1,6.143070000886846,4
O=C(NO)c1ccc(CN2CCCOc3ccccc32)cc1,6.435333935747911,2
O=C(NO)c1ccc(CN2CCCS(=O)c3ccccc32)cc1,6.779891911959945,1
O=C(NO)c1ccc(CN2CCCSc3ccccc32)cc1,6.5951662833800615,4
O=C(NO)c1ccc(CN2CCC[S+]([O-])c3ccccc32)cc1,6.779891911959945,1
O=C(NO)c1ccc(CN2CCCc3cc(-c4cc[nH]n4)ccc32)cc1,6.735182176990463,1
O=C(NO)c1ccc(CN2CCCc3cc(-c4ccn[nH]4)ccc32)cc1,6.735182176990463,1
O=C(NO)c1ccc(CN2CCCc3cc(Cl)c(Cl)cc32)cc1,7.489974435087377,3
O=C(NO)c1ccc(CN2CCCc3cc(Cl)c(F)cc32)cc1,7.376778849329528,3
O=C(NO)c1ccc(CN2CCCc3cc(Cl)ccc32)c(F)c1,6.83402889902636,3
O=C(NO)c1ccc(CN2CCCc3cc(Cl)ccc32)cc1,5.868251002045212,20
O=C(NO)c1ccc(CN2CCCc3cc(F)c(Cl)cc32)cc1,7.555454443256928,3
O=C(NO)c1ccc(CN2CCCc3cc(F)ccc32)cc1,5.281083313985139,1
O=C(NO)c1ccc(CN2CCCc3ccccc32)cc1,6.233098225073486,5
O=C(NO)c1ccc(CN2CCCc3ccccc3C2)cc1,6.0,2
O=C(NO)c1ccc(CN2CCCc3cccnc32)c(F)c1,5.441291429466834,2
O=C(NO)c1ccc(CN2CCCc3cccnc32)cc1,5.853871964321762,2
O=C(NO)c1ccc(CN2CCN(C(=O)c3c[nH]c4cc(F)ccc34)CC2)cc1,5.924453038607469,2
O=C(NO)c1ccc(CN2CCN(C(=O)c3c[nH]c4cc(OCc5ccccc5)ccc34)CC2)cc1,5.976747540366288,2
O=C(NO)c1ccc(CN2CCN(C(=O)c3c[nH]c4ccc(Cl)cc34)CC2)cc1,5.843753809602656,2
O=C(NO)c1ccc(CN2CCN(C(=O)c3c[nH]c4ccccc34)CC2)cc1,5.901356274182943,2
O=C(NO)c1ccc(CN2CCN(C(=O)c3cc(Cc4n[nH]c(=O)c5ccccc45)ccc3F)CC2)cc1,6.298518372965076,2
O=C(NO)c1ccc(CN2CCN(C(c3ccccc3)c3ccccc3)CC2)cc1,5.356547323513812,2
O=C(NO)c1ccc(CN2CCN(Cc3ccccc3)CC2)cc1,4.982966660701219,2
O=C(NO)c1ccc(CN2CCN(c3ccnc(-c4ccc(N5CCOCC5)cc4)c3)CC2)cc1,8.326061900195098,2
O=C(NO)c1ccc(CN2CCS(=O)c3ccccc32)cc1,5.585026652029182,1
O=C(NO)c1ccc(CN2CCSc3ccccc32)cc1,5.1004530689091325,1
O=C(NO)c1ccc(CN2CCc3[nH]c4ccc(F)cc4c3C2)cc1,4.992679047077256,2
O=C(NO)c1ccc(CN2CCc3[nH]c4ccccc4c3C2)cc1,4.886056647693163,2
O=C(NO)c1ccc(CN2CCc3c([nH]c4ccccc34)C2)cc1,4.782516055786093,2
O=C(NO)c1ccc(CN2CCc3c(c4ccccc4n3Cc3ccccc3)C2)cc1,5.058190526991162,2
O=C(NO)c1ccc(CN2CCc3c(n(CC4CC4)c4ccc(F)cc34)C2)cc1,4.549750891680639,2
O=C(NO)c1ccc(CN2CCc3ccc(F)cc32)cc1,5.2564902352715706,1
O=C(NO)c1ccc(CN2CCc3ccccc3CC2)cc1,6.094743951251549,2
O=C(NO)c1ccc(CN2CCc3cccnc32)c(F)c1,6.152427340857888,2
O=C(NO)c1ccc(CN2CCc3cccnc32)cc1,6.2636034977233574,2
O=C(NO)c1ccc(CN2CN(c3ccccc3)C3(CCN(C(=O)C(=O)N4CCCC4)CC3)C2=O)c(F)c1,5.17114684032336,2
O=C(NO)c1ccc(CN2CN(c3ccccc3)C3(CCN(C(=O)NC4CCCC4)CC3)C2=O)cc1,5.94649899931086,2
O=C(NO)c1ccc(CN2CN(c3ccccc3)C3(CCN(C(=O)NCCc4ccccc4)CC3)C2=O)cc1,5.913996294381619,2
O=C(NO)c1ccc(CN2CN(c3ccccc3)C3(CCN(C(=O)NCc4ccccc4)CC3)C2=O)cc1,5.908315460343584,2
O=C(NO)c1ccc(CN2CN(c3ccccc3)C3(CCN(C(=O)[C@H]4CCCO4)CC3)C2=O)c(F)c1,5.606258129911456,2
O=C(NO)c1ccc(CN2CN(c3ccccc3)C3(CCN(C(=O)[C@H]4CCCO4)CC3)C2=O)cc1,6.238824186844269,2
O=C(NO)c1ccc(CN2CN(c3ccccc3)C3(CCN(C(=O)c4cc5ccccc5o4)CC3)C2=O)c(F)c1,5.619996908449774,2
O=C(NO)c1ccc(CN2CN(c3ccccc3)C3(CCN(C(=O)c4cccnc4)CC3)C2=O)c(F)c1,5.833540283915386,2
O=C(NO)c1ccc(CN2CN(c3ccccc3)C3(CCN(C(=O)c4cccnc4)CC3)C2=O)cc1,5.778025325000318,2
O=C(NO)c1ccc(CN2CN(c3ccccc3)C3(CCN(Cc4ccc(Br)cc4)CC3)C2=O)c(F)c1,5.238993572547749,2
O=C(NO)c1ccc(CN2CN(c3ccccc3)C3(CCN(Cc4ccccc4)CC3)C2=O)c(F)c1,5.132349875840674,2
O=C(NO)c1ccc(CN2CN(c3ccccc3)C3(CCN(Cc4ccccc4)CC3)C2=O)cc1,5.863279432843593,2
O=C(NO)c1ccc(CN2CN(c3ccccc3)C3(CCN(Cc4cccnc4)CC3)C2=O)c(F)c1,5.810229043653126,2
O=C(NO)c1ccc(CN2CN(c3ccccc3)C3(CCN(Cc4cccnc4)CC3)C2=O)cc1,6.313363730737707,2
O=C(NO)c1ccc(CN2CN(c3ccccc3)C3(CCN(Cc4ccco4)CC3)C2=O)c(F)c1,5.8371967117213295,2
O=C(NO)c1ccc(CN2CN(c3ccccc3)C3(CCNCC3)C2=O)cc1,5.910094888560602,2
O=C(NO)c1ccc(CN2Cc3ccccc3C2=O)cc1-c1ccccc1,5.0,2
O=C(NO)c1ccc(CN2c3cc(C(F)(F)F)ccc3CCC[C@@H]3CCCC[C@H]32)cc1,5.055517327849831,2
O=C(NO)c1ccc(CN2c3cc(C(F)(F)F)ccc3S(=O)(=O)C[C@H]3CCCC[C@H]32)cc1,5.055517327849831,2
O=C(NO)c1ccc(CN2c3ccccc3C3C2CCS3(=O)=O)cc1,4.920818753952375,2
O=C(NO)c1ccc(CN2c3ccccc3CCC[C@@H]3CCCC[C@H]32)cc1,5.09151498112135,2
O=C(NO)c1ccc(CN2c3ccccc3CC[C@@H]3CCCC[C@H]32)cc1,5.309803919971486,2
O=C(NO)c1ccc(CN2c3ccccc3S(=O)(=O)C[C@H]3CCCC[C@H]32)cc1,5.09151498112135,4
O=C(NO)c1ccc(CN2c3ccccc3S(=O)(=O)c3ccccc32)cc1,5.399027104313252,2
O=C(NO)c1ccc(CN2c3ccccc3S(=O)C[C@H]3CCCC[C@H]32)cc1,5.309803919971486,1
O=C(NO)c1ccc(CN2c3ccccc3S(=O)c3ccc(C(F)(F)F)cc32)cc1,5.673664139071249,1
O=C(NO)c1ccc(CN2c3ccccc3S(=O)c3ccc(Cl)cc32)cc1,6.0,1
O=C(NO)c1ccc(CN2c3ccccc3S(=O)c3ccccc32)cc1,5.362971903010998,2
O=C(NO)c1ccc(CN2c3ccccc3Sc3ccc(C(=O)Nc4ccc(Br)cn4)cc32)cc1,7.522878745280337,1
O=C(NO)c1ccc(CN2c3ccccc3Sc3ccc(C(=O)Nc4ccccn4)cc32)cc1,7.3979400086720375,1
O=C(NO)c1ccc(CN2c3ccccc3Sc3ccc(C(F)(F)F)cc32)cc1,5.442252359513062,3
O=C(NO)c1ccc(CN2c3ccccc3Sc3ccc(Cl)cc32)cc1,5.86598599004824,3
O=C(NO)c1ccc(CN2c3ccccc3Sc3cccc(Cl)c32)cc1,5.239577516576788,2
O=C(NO)c1ccc(CN2c3ccccc3Sc3ccccc32)cc1,5.480939646867687,5
O=C(NO)c1ccc(CN2c3ccccc3Sc3ccccc32)nc1,6.129011186239424,1
O=C(NO)c1ccc(CN2c3ccccc3Sc3cccnc32)cc1,5.570247719997592,4
O=C(NO)c1ccc(CN2c3ccccc3[S+]([O-])C[C@H]3CCCC[C@H]32)cc1,5.309803919971486,1
O=C(NO)c1ccc(CN2c3ccccc3[S+]([O-])c3ccccc32)cc1,5.166852888087215,1
O=C(NO)c1ccc(CN2c3ccncc3Sc3ncccc32)cc1,5.476253533188435,2
O=C(NO)c1ccc(CNC(=O)N2CCC(N3C(=O)CC3c3cccc(Cl)c3)CC2)cc1,4.82102305270683,2
O=C(NO)c1ccc(CNC(=O)N2CCC(N3C(=O)[C@H](c4ccccc4)[C@H]3c3ccccc3)CC2)cc1,5.376750709602099,2
O=C(NO)c1ccc(CNC(=O)N2CCC(N3CC(c4ccccc4)(c4ccccc4)C3=O)CC2)cc1,5.366531544420413,2
O=C(NO)c1ccc(CNC(=O)N2CCC3(CC2)CN(Cc2ccccc2)c2ccccc23)cc1,5.443697499232712,2
O=C(NO)c1ccc(CNC(=O)N2CCc3c(c4ccccc4n3Cc3ccccc3)C2)cc1,5.869023308394382,2
O=C(NO)c1ccc(CNC(=O)[C@@H]2Cc3c([nH]c4ccccc34)[C@@H](C3CC3)N2)cc1,6.928117992693874,2
O=C(NO)c1ccc(CNC(=O)[C@@H]2Cc3c([nH]c4ccccc34)[C@@H](C3CC3)N2Cc2ccc(Cl)cc2)cc1,5.7594507517174005,2
O=C(NO)c1ccc(CNC(=O)[C@@H]2Cc3c([nH]c4ccccc34)[C@@H](C3CC3)N2Cc2ccccc2)cc1,5.769551078621726,2
O=C(NO)c1ccc(CNC(=O)[C@@H]2Cc3c([nH]c4ccccc34)[C@@H](C3CCCC3)N2)cc1,6.690369832574101,2
O=C(NO)c1ccc(CNC(=O)[C@@H]2Cc3c([nH]c4ccccc34)[C@@H](c3ccc(Cl)cc3)N2)cc1,6.113509274827518,2
O=C(NO)c1ccc(CNC(=O)[C@@H]2Cc3c([nH]c4ccccc34)[C@@H](c3ccc(Cl)cc3)N2CC2CC2)cc1,6.098854013671759,4
O=C(NO)c1ccc(CNC(=O)[C@@H]2Cc3c([nH]c4ccccc34)[C@@H](c3ccc4c(c3)OCO4)N2)cc1,6.665546248849069,2
O=C(NO)c1ccc(CNC(=O)[C@@H]2Cc3c([nH]c4ccccc34)[C@@H](c3ccccc3)N2)cc1,6.1295960947209736,2
O=C(NO)c1ccc(CNC(=O)[C@H]2Cc3c([nH]c4ccccc34)[C@H](C3CC3)N2)cc1,7.42021640338319,2
O=C(NO)c1ccc(CNC(=O)[C@H]2Cc3c([nH]c4ccccc34)[C@H](C3CC3)N2Cc2ccc(Cl)cc2)cc1,6.735182176990463,2
O=C(NO)c1ccc(CNC(=O)[C@H]2Cc3c([nH]c4ccccc34)[C@H](C3CCCC3)N2)cc1,7.389880560032798,2
O=C(NO)c1ccc(CNC(=O)[C@H]2Cc3c([nH]c4ccccc34)[C@H](c3ccc(Cl)cc3)N2)cc1,7.209013799168661,2
O=C(NO)c1ccc(CNC(=O)[C@H]2Cc3c([nH]c4ccccc34)[C@H](c3ccc(Cl)cc3)N2CC2CC2)cc1,6.97469413473523,2
O=C(NO)c1ccc(CNC(=O)[C@H]2Cc3c([nH]c4ccccc34)[C@H](c3ccccc3)N2)cc1,7.375205171113528,2
O=C(NO)c1ccc(CNC(=O)c2[nH]c(-c3ccc(O)cc3)cc2-c2ccoc2)cc1,7.30189945437661,1
O=C(NO)c1ccc(CNC(=O)c2[nH]c(-c3ccc(O)cc3)cc2-c2ccsc2)cc1,7.074687908500351,1
O=C(NO)c1ccc(CNC(=O)c2[nH]c(-c3cccs3)cc2-c2ccc(F)cc2)nc1,6.128135297911805,1
O=C(NO)c1ccc(CNC(=O)c2[nH]c(-c3cccs3)cc2-c2ccc(O)cc2)cc1,6.062983892535186,1
O=C(NO)c1ccc(CNC(=O)c2[nH]c(-c3ccoc3)cc2-c2ccc(F)cc2)cc1,6.416008200801683,1
O=C(NO)c1ccc(CNC(=O)c2cc(-c3ccc(C(F)(F)F)cc3)ncc2O)cc1,7.885223068009432,2
O=C(NO)c1ccc(CNC(=O)c2cc(-c3ccc(F)cc3)[nH]n2)cc1,7.42021640338319,1
O=C(NO)c1ccc(CNC(=O)c2cc(-c3ccc(F)cc3)cn3ccnc23)cc1,8.508638306165727,2
O=C(NO)c1ccc(CNC(=O)c2cc(-c3ccc(F)cc3)n[nH]2)cc1,7.538896861280492,2
O=C(NO)c1ccc(CNC(=O)c2cc(-c3ccc(N4CCOCC4)cc3)cc3[nH]ccc23)cc1,8.468521082957745,2
O=C(NO)c1ccc(CNC(=O)c2cc(-c3ccc(N4CCOCC4)cc3)nc3ccccc23)cc1,7.4089353929735005,2
O=C(NO)c1ccc(CNC(=O)c2ccc(-c3ccccc3)cc2)cc1,6.619788758288394,1
O=C(NO)c1ccc(CNC(=O)c2ccc(-c3csc(-n4[nH]c(-c5ccccc5)c(N=Nc5nccs5)c4=O)n3)cc2)cc1,7.191248210360468,2
O=C(NO)c1ccc(CNC(=O)c2ccc(-c3csc(N4N=C(c5ccccc5)/C(=N/Nc5nccs5)C4=O)n3)cc2)cc1,7.180456064458131,1
O=C(NO)c1ccc(CNC(=O)c2ccc(Cl)c(Cl)c2)cc1,7.083745543646882,4
O=C(NO)c1ccc(CNC(=O)c2ccc3cccc(OCc4ccc(Br)cc4)c3n2)cc1,7.267606240177031,1
O=C(NO)c1ccc(CNC(=O)c2ccc3cccc(OCc4ccc(F)cc4)c3n2)cc1,7.263763326697866,3
O=C(NO)c1ccc(CNC(=O)c2ccc3cccc(OCc4ccccc4)c3n2)cc1,7.207608310501746,1
O=C(NO)c1ccc(CNC(=O)c2ccc3ccccc3c2)cc1,7.356547323513812,1
O=C(NO)c1ccc(CNC(=O)c2cccc3ccccc23)cc1,6.080921907623926,1
O=C(NO)c1ccc(CNC(=O)c2ccccc2)cc1,6.058962678847046,4
O=C(NO)c1ccc(CNC(=O)c2ccnc(-c3ccc(C(F)(F)F)cc3)c2)cc1,8.358530417122612,2
O=C(NO)c1ccc(CNC(=O)c2ccnc(-c3ccc(N4CCOCC4)c(Cl)c3)c2)cc1,8.720106515899722,2
O=C(NO)c1ccc(CNC(=O)c2ccnc(-c3ccc(N4CCOCC4)cc3)c2)cc1,8.819608655063359,2
O=C(NO)c1ccc(CNC(=O)c2ccnc(-c3ccc(O)cc3)c2)cc1,9.18045606445813,2
O=C(NO)c1ccc(CNC(=O)c2ccnc(-c3ccc(OCCN4CCOCC4)cc3)c2)cc1,8.721246399047171,2
O=C(NO)c1ccc(CNC(=O)c2ccnc(-c3ccc(OCc4ccccc4)cc3)c2)cc1,8.250651789071227,2
O=C(NO)c1ccc(CNC(=O)c2ccnc(-c3ccc(S(=O)(=O)N4CCOCC4)cc3)c2)cc1,8.43004472206216,2
O=C(NO)c1ccc(CNC(=O)c2ccnc(-c3cccc(N4CCOCC4)c3)c2)cc1,8.293710932284363,2
O=C(NO)c1ccc(CNC(=O)c2ccnc(-c3cccc(O)c3)c2)cc1,8.431798275933005,2
O=C(NO)c1ccc(CNC(=O)c2ccnc(-c3ccccc3O)c2)cc1,8.260428376010694,2
O=C(NO)c1ccc(CNC(=O)c2cncc(-c3ccc(C(F)(F)F)cc3)c2)cc1,8.365021824033523,2
O=C(NO)c1ccc(CNC(=O)c2cncc(-c3ccccc3O)c2)cc1,8.38774641763646,2
O=C(NO)c1ccc(CNC(=O)c2cnn(-c3ccccc3)n2)cc1,8.42021640338319,2
O=C(NO)c1ccc(CNC(=O)c2nc(-c3nc4c(s3)CCCC4)sc2C2CC2)cc1,7.102372908709558,1
O=C(NO)c1ccc(CNC(=O)c2nc(-c3nccs3)sc2C2CC2)cc1,7.540352917757307,3
O=C(NO)c1ccc(CNC(c2ccccc2)c2nnnn2C2CCCCC2)cc1,5.391473966422806,2
O=C(NO)c1ccc(CNC(c2ccccc2)c2nnnn2Cc2ccccc2)cc1,5.4723700991286615,2
O=C(NO)c1ccc(CNC2CC2c2ccccc2)cc1,5.842845560093719,2
O=C(NO)c1ccc(CNC2CCCCC2)cc1,4.618704376996174,2
O=C(NO)c1ccc(CNC2CCCc3cccnc32)c(F)c1,5.296966695266314,2
O=C(NO)c1ccc(CNC2CCCc3cccnc32)cc1,5.326979092871104,2
O=C(NO)c1ccc(CNCC2CCN(Cc3ccccc3)CC2)cc1,5.847711655616944,1
O=C(NO)c1ccc(CNCCc2cccc(Cl)c2)cc1,5.997402019280091,2
O=C(NO)c1ccc(CNCc2cccc(Cl)c2)cc1,6.458420756053419,2
O=C(NO)c1ccc(CNCc2csc3ccccc23)cc1,5.1249387366083,2
O=C(NO)c1ccc(CNCc2nc(-c3ccc(C(F)(F)F)cc3)no2)cc1,5.016373712875465,2
O=C(NO)c1ccc(CNCc2nc(-c3ccc(Cl)cc3)no2)cc1,5.414539270491499,2
O=C(NO)c1ccc(CNCc2nc(-c3ccc(F)cc3)no2)cc1,5.452225294612178,2
O=C(NO)c1ccc(CNCc2nc(-c3ccc([N+](=O)[O-])cc3)no2)cc1,5.573488738635424,2
O=C(NO)c1ccc(CNCc2nc(-c3ccccc3)no2)cc1,5.24184537803261,2
O=C(NO)c1ccc(CNCc2nnnn2C2CCCCC2)cc1,5.686132779630847,2
O=C(NO)c1ccc(CNCc2nnnn2Cc2ccccc2)cc1,5.610833915635467,2
O=C(NO)c1ccc(CN[C@@H]2C[C@H]2c2ccccc2)cc1,8.059982131224407,2
O=C(NO)c1ccc(CNc2cc3c([nH]c4ccccc43)c(-c3ccc([N+](=O)[O-])cc3)n2)cc1,7.187086643357144,2
O=C(NO)c1ccc(CNc2cc3c([nH]c4ccccc43)c(-c3cccc([N+](=O)[O-])c3)n2)cc1,7.3872161432802645,2
O=C(NO)c1ccc(CNc2cc3c([nH]c4ccccc43)c(-c3ccccc3)n2)cc1,6.6595558851598815,2
O=C(NO)c1ccc(CNc2cc3c(cn2)[nH]c2ccccc23)cc1,7.1487416512809245,2
O=C(NO)c1ccc(CNc2ccc(Cl)cc2)cc1,5.790484985457369,2
O=C(NO)c1ccc(CNc2cccc3ccc(F)nc23)cc1,6.092051478387727,2
O=C(NO)c1ccc(CNc2cccc3cccnc23)cc1,5.019996628416253,4
O=C(NO)c1ccc(CNc2cccc3ncccc23)cc1,5.151810883008601,2
O=C(NO)c1ccc(CNc2nccc(-c3cccnc3)n2)cc1,7.187086643357144,1
O=C(NO)c1ccc(COC(=O)N2CCC(N3CC(c4ccccc4)(c4ccccc4)C3=O)CC2)cc1,5.3872161432802645,2
O=C(NO)c1ccc(COC(=O)N2CCC3(CC2)CN(Cc2ccccc2)c2ccccc23)cc1,5.167491087293763,2
O=C(NO)c1ccc(COC(=O)N2CCc3c(c4ccccc4n3Cc3ccccc3)C2)cc1,5.6256183019491175,2
O=C(NO)c1ccc(COc2c(-c3ccccc3)c3ccccc3[nH]c2=O)cc1,5.180456064458131,2
O=C(NO)c1ccc(COc2c(-c3ccccc3)c3ccccc3n(Cc3ccncc3)c2=O)cc1,5.920818753952375,2
O=C(NO)c1ccc(COc2c(-c3cccnc3)c3ccccc3n(Cc3ccccc3)c2=O)cc1,5.6020599913279625,2
O=C(NO)c1ccc(COc2c(-c3cccnc3)c3ccccc3n(Cc3ccncc3)c2=O)cc1,5.769551078621726,2
O=C(NO)c1ccc(COc2ccc(-c3csc(-n4[nH]c(-c5ccccc5)c(N=Nc5nccs5)c4=O)n3)cc2)cc1,7.070581074285707,1
O=C(NO)c1ccc(COc2ccc(CNC(=O)[C@@H]3CCC(=O)N3Cc3ccccc3)cc2)cc1,5.703115524461452,2
O=C(NO)c1ccc(COc2no[n+]([O-])c2S(=O)(=O)c2ccccc2)cc1,5.318758762624412,2
O=C(NO)c1ccc(CSc2nc3ccccc3[nH]2)cc1,7.30715308072277,1
O=C(NO)c1ccc(CSc2nc3ccccc3n2Cc2ccc(Br)cc2)cc1,6.309803919971486,1
O=C(NO)c1ccc(CSc2nc3ccccc3n2Cc2ccc(Cl)c(Cl)c2)cc1,5.958607314841775,1
O=C(NO)c1ccc(CSc2nc3ccccc3n2Cc2ccc(Cl)cc2)cc1,6.2839966563652006,1
O=C(NO)c1ccc(CSc2nc3ccccc3n2Cc2cccc(Br)c2)cc1,6.267606240177031,1
O=C(NO)c1ccc(CSc2nc3ccccc3n2Cc2ccccc2)cc1,6.309803919971486,1
O=C(NO)c1ccc(CSc2nc3ccccc3n2Cc2ccccn2)cc1,6.455931955649724,1
O=C(NO)c1ccc(CSc2nc3ccccc3n2Cc2cccnc2)cc1,6.585026652029182,1
O=C(NO)c1ccc(CSc2nnc(-c3ccncc3)n2-c2ccccc2)cc1,4.8230410194130915,2
O=C(NO)c1ccc(Cc2ccncc2)cc1,5.189095719331299,1
O=C(NO)c1ccc(Cc2nnc(Cc3cccc4ccccc34)o2)cc1,6.698970004336019,2
O=C(NO)c1ccc(Cl)c(NC(=O)c2ccc(-c3ccccc3)cc2)c1,4.963770455913705,2
O=C(NO)c1ccc(Cl)c(NC(=O)c2ccc(Cl)cc2)c1,5.42021640338319,2
O=C(NO)c1ccc(Cl)c(NC(=O)c2ccc(Cl)cc2Cl)c1,4.5003129173815966,2
O=C(NO)c1ccc(Cl)c(NC(=O)c2ccc(Oc3ccccc3)cc2)c1,5.070581074285707,2
O=C(NO)c1ccc(Cl)c(NC(=O)c2cccc(OCc3ccccc3)c2)c1,5.026872146400301,2
O=C(NO)c1ccc(Cl)c(NC(=O)c2cccc(Oc3ccccc3)c2)c1,5.1938200260161125,2
O=C(NO)c1ccc(Cl)c(NC(=O)c2cccc3ccsc23)c1,4.669586226650809,2
O=C(NO)c1ccc(Cl)c(NC(=O)c2ccccc2)c1,4.935542010773082,2
O=C(NO)c1ccc(Cl)c(NCc2ccccc2)c1,4.982966660701219,2
O=C(NO)c1ccc(Cn2c(=O)[nH]c(=O)c3c(Cl)cccc32)cc1,5.478861916295964,2
O=C(NO)c1ccc(Cn2c(=O)[nH]c(=O)c3cc(Br)ccc32)cc1,5.368556230986828,2
O=C(NO)c1ccc(Cn2c(=O)[nH]c(=O)c3cc(F)ccc32)cc1,5.896196279044043,2
O=C(NO)c1ccc(Cn2c(=O)[nH]c(=O)c3ccc(C(F)(F)F)cc32)cc1,5.285670240254767,2
O=C(NO)c1ccc(Cn2c(=O)[nH]c(=O)c3ccc(F)cc32)cc1,6.373659632624958,2
O=C(NO)c1ccc(Cn2c(=O)[nH]c(=O)c3cccc(Cl)c32)cc1,6.721246399047171,2
O=C(NO)c1ccc(Cn2c(=O)c(F)cn(C3CCCO3)c2=O)cc1,5.767003889607846,2
O=C(NO)c1ccc(Cn2c(=O)c(O)c(-c3ccccc3)c3ccccc32)cc1,4.958607314841775,2
O=C(NO)c1ccc(Cn2c(=O)c(OCc3ccccc3)c(-c3ccccc3)c3ccccc32)cc1,5.259637310505756,2
O=C(NO)c1ccc(Cn2c(=O)n(CCc3ccc(F)cc3)c(=O)c3ccccc32)cc1,4.96617430604669,3
O=C(NO)c1ccc(Cn2c(=O)n(CCc3ccc(N4CCOCC4)cc3)c(=O)c3ccccc32)cc1,5.009217308196862,1
O=C(NO)c1ccc(Cn2c(=O)n(CCc3ccc(O)cc3)c(=O)c3ccccc32)cc1,5.041914151478915,2
O=C(NO)c1ccc(Cn2c(=O)n(CCc3cccc(C(F)(F)F)c3)c(=O)c3ccccc32)cc1,4.896196279044043,2
O=C(NO)c1ccc(Cn2c(=O)n(CCc3cccc(F)c3)c(=O)c3ccccc32)cc1,4.8804142250382165,3
O=C(NO)c1ccc(Cn2c(=O)n(CCc3ccccc3)c(=O)c3cc(Cl)ccc32)cc1,4.724090265289917,5
O=C(NO)c1ccc(Cn2c(=O)n(CCc3ccccc3)c(=O)c3cc(F)ccc32)cc1,4.872571222148401,3
O=C(NO)c1ccc(Cn2c(=O)n(CCc3ccccc3)c(=O)c3ccc(C(F)(F)F)cc32)cc1,5.095793142882288,5
O=C(NO)c1ccc(Cn2c(=O)n(CCc3ccccc3)c(=O)c3ccc(C4CC4)cc32)cc1,4.838631997765025,3
O=C(NO)c1ccc(Cn2c(=O)n(CCc3ccccc3)c(=O)c3ccc(Cl)cc32)cc1,5.020451625295905,3
O=C(NO)c1ccc(Cn2c(=O)n(CCc3ccccc3)c(=O)c3ccc(F)cc32)cc1,5.026410376572743,3
O=C(NO)c1ccc(Cn2c(=O)n(CCc3ccccc3)c(=O)c3ccc(O)cc32)cc1,5.082231997552244,3
O=C(NO)c1ccc(Cn2c(=O)n(CCc3ccccc3)c(=O)c3ccccc32)c(F)c1,4.838631997765025,2
O=C(NO)c1ccc(Cn2c(=O)n(CCc3ccccc3)c(=O)c3ccccc32)cc1,4.95233580539844,3
O=C(NO)c1ccc(Cn2c(=O)n(CCc3ccccc3)c(=O)c3ccccc32)s1,4.639406586434752,2
O=C(NO)c1ccc(Cn2c(=O)n(CCc3ccccc3)c(=O)c3cccnc32)cc1,4.952725132615821,3
O=C(NO)c1ccc(Cn2c(=O)n(CCc3ccccc3)c(=O)c3ccsc32)cc1,5.176851940189306,3
O=C(NO)c1ccc(Cn2c(=O)n(CCc3ccccc3O)c(=O)c3ccccc32)cc1,5.054039296422431,3
O=C(NO)c1ccc(Cn2c(=O)n(CCc3cccs3)c(=O)c3ccccc32)cc1,4.97061622231479,1
O=C(NO)c1ccc(Cn2c(=O)n(Cc3ccccc3)c(=O)c3ccccc32)cc1,4.800793520838342,1
O=C(NO)c1ccc(Cn2c([C@@H]3CC4(CC4)CN3c3ncnc4[nH]cnc34)nc3cccc(F)c3c2=O)cc1,6.443697499232712,1
O=C(NO)c1ccc(Cn2c([C@@H]3CC4(CC4)CN3c3ncnc4nc[nH]c34)nc3cccc(F)c3c2=O)cc1,6.443697499232712,1
O=C(NO)c1ccc(Cn2c3c(c4cc(F)ccc42)C(=O)C(CN2CCOCC2)CC3)cc1,5.3829996588791005,2
O=C(NO)c1ccc(Cn2c3c(c4cc(F)ccc42)C(=O)CCC3)cc1,5.442492798094342,2
O=C(NO)c1ccc(Cn2c3c(c4cc(F)ccc42)CS(=O)(=O)CC3)cc1,4.920818753952375,2
O=C(NO)c1ccc(Cn2c3c(c4cc(F)ccc42)CS(=O)CC3)cc1,5.026872146400301,1
O=C(NO)c1ccc(Cn2c3c(c4cc(F)ccc42)CSCC3)cc1,4.6777807052660805,2
O=C(NO)c1ccc(Cn2c3c(c4cc(F)ccc42)C[S+]([O-])CC3)cc1,5.026872146400301,1
O=C(NO)c1ccc(Cn2c3c(c4ccccc42)C(=O)C(CN2CCCCC2)CC3)cc1,5.546681659952963,2
O=C(NO)c1ccc(Cn2c3c(c4ccccc42)C(=O)C(CN2CCN(c4ccc(F)cc4)CC2)CC3)cc1,5.276544327964814,2
O=C(NO)c1ccc(Cn2c3c(c4ccccc42)C(=O)CCC3)cc1,5.157093315551013,4
O=C(NO)c1ccc(Cn2c3c(c4ccccc42)CCCC3)cc1,4.961578554357541,2
O=C(NO)c1ccc(Cn2c3c(c4ccccc42)CCN(Cc2ccccc2)C3)cc1,5.364516253185088,2
O=C(NO)c1ccc(Cn2c3c(c4ccccc42)CCNC3)cc1,5.013228265733755,2
O=C(NO)c1ccc(Cn2c3c(c4ccccc42)CN(Cc2ccccc2)CC3)cc1,4.987162775294828,2
O=C(NO)c1ccc(Cn2c3c(c4ccccc42)CN(Cc2ccncc2)CC3)cc1,5.562249437179612,2
O=C(NO)c1ccc(Cn2c3c(c4ccccc42)CNCC3)cc1,4.785156151952302,2
O=C(NO)c1ccc(Cn2c3c(c4ccccc42)COCC3)cc1,5.7999858041247165,2
O=C(NO)c1ccc(Cn2c3c(c4ccccc42)CS(=O)(=O)CC3)cc1,4.958607314841775,4
O=C(NO)c1ccc(Cn2c3c(c4ccccc42)S(=O)(=O)CC3)cc1,4.920818753952375,4
O=C(NO)c1ccc(Cn2c3ccccc3c3ccccc32)cc1,4.962573502059376,2
O=C(NO)c1ccc(Cn2cc(-c3ccc(CN4CCCC4)cc3)nn2)cc1,7.6020599913279625,2
O=C(NO)c1ccc(Cn2cc(C(=O)NC3C4CC5CC(C4)CC3C5)c3ccccc32)cc1,6.938924840279597,2
O=C(NO)c1ccc(Cn2cc(CN3CCCC3)c3ccccc32)cc1,6.100089266209717,2
O=C(NO)c1ccc(Cn2cc(CN[C@@H]3C[C@H]3c3ccccc3)cn2)cc1,6.0347982989740885,1
O=C(NO)c1ccc(Cn2cc(CN[C@H]3CC3c3ccccc3)cn2)cc1,5.809668301829708,1
O=C(NO)c1ccc(Cn2cc(Cc3ccccc3)c3ccccc32)cc1,4.87942606879415,1
O=C(NO)c1ccc(Cn2cc(Nc3cc(-c4cccc(NCC5CCOCC5)n4)c(Cl)cn3)cn2)cc1,5.918652692195868,2
O=C(NO)c1ccc(Cn2cc(Nc3cc(-c4cccc(NCc5cccc(F)c5)n4)c(Cl)cn3)cn2)cc1,5.768530409569319,2
O=C(NO)c1ccc(Cn2cc(Nc3ncc(Cl)c(Nc4ccc(F)cc4)n3)cn2)cc1,7.207608310501746,1
O=C(NO)c1ccc(Cn2cc(Nc3ncc(Cl)c(OC4CCCCC4)n3)cn2)cc1,5.82564940252062,2
O=C(NO)c1ccc(Cn2ccc(C(=O)Nc3ccccc3)n2)cc1,6.277366077466188,2
O=C(NO)c1ccc(Cn2ccc3cc(C(=O)NCC45CC6CC(CC(C6)C4)C5)ccc32)c(F)c1,6.721246399047171,1
O=C(NO)c1ccc(Cn2ccc3cc(C(=O)NCC45CC6CC(CC(C6)C4)C5)ccc32)cc1,6.055517327849831,1
O=C(NO)c1ccc(Cn2ccc3cc(C(=O)NCC45C[C@H]6C[C@@H](C4)C[C@@H](C5)C6)ccc32)c(F)c1,6.721246399047171,1
O=C(NO)c1ccc(Cn2ccc3cc(C(=O)NCC45C[C@H]6C[C@@H](C4)C[C@@H](C5)C6)ccc32)cc1,6.055517327849831,1
O=C(NO)c1ccc(Cn2ccc3cc(C(=O)c4ccc(Cl)cc4)ccc32)cc1,5.320572103387882,2
O=C(NO)c1ccc(Cn2ccc3cc(C(=O)c4ccc(F)cc4)ccc32)cc1,5.481486060122112,2
O=C(NO)c1ccc(Cn2ccc3ccccc32)cc1,5.234331445240986,1
O=C(NO)c1ccc(Cn2cccc2)cc1,5.24184537803261,1
O=C(NO)c1ccc(Cn2cccn2)cc1,5.498179274772536,2
O=C(NO)c1ccc(Cn2cnc(-c3c(F)cccc3F)n2)cc1,6.432973633840939,2
O=C(NO)c1ccc(Cn2cnc(-c3cc(F)cc(F)c3)n2)cc1,6.592099592600894,2
O=C(NO)c1ccc(Cn2cnc(-c3ccc(F)cc3)n2)cc1,6.570409227807902,2
O=C(NO)c1ccc(Cn2cnc(-c3cccc(-c4ccccc4)c3)n2)cc1,6.824343470300633,2
O=C(NO)c1ccc(Cn2cnc(-c3cccc(C(F)(F)F)c3)n2)cc1,6.913640169325252,2
O=C(NO)c1ccc(Cn2cnc(-c3cccc(Cl)c3)n2)cc1,6.954677021213342,2
O=C(NO)c1ccc(Cn2cnc(-c3cccc(F)c3)n2)cc1,6.571541347237128,2
O=C(NO)c1ccc(Cn2cnc(-c3cccc(O)c3)n2)cc1,6.705754339871543,2
O=C(NO)c1ccc(Cn2cnc(-c3cccc(OC(F)(F)F)c3)n2)cc1,6.673664139071249,2
O=C(NO)c1ccc(Cn2cnc(-c3ccccc3)n2)c(F)c1,6.341273388013274,2
O=C(NO)c1ccc(Cn2cnc(-c3ccccc3)n2)cc1,6.6857115433378365,2
O=C(NO)c1ccc(Cn2cnc(-c3ccccc3)n2)nc1,6.3655227298392685,2
O=C(NO)c1ccc(Cn2cnc(-c3ccccc3F)n2)c(F)c1,6.524365129996857,4
O=C(NO)c1ccc(Cn2cnc(-c3ccccc3F)n2)cc1,6.591590454639741,2
O=C(NO)c1ccc(Cn2cnc(-c3cccnc3)n2)cc1,6.448672029139609,2
O=C(NO)c1ccc(Cn2cnc(-c3cccs3)n2)cc1,6.6041497642993185,2
O=C(NO)c1ccc(Cn2cnc(Br)n2)cc1,6.033506295114572,2
O=C(NO)c1ccc(Cn2cnc3c(Nc4ccc(Br)cc4F)ncnc32)cc1,7.077017119227258,2
O=C(NO)c1ccc(Cn2cnc3c(Nc4ccc(F)c(Cl)c4)ncnc32)cc1,6.724113420642472,2
O=C(NO)c1ccc(Cn2cnc3ccccc32)cc1,5.068542129310995,1
O=C(NO)c1ccc(Cn2cnc3cncnc32)cc1,6.026872146400301,1
O=C(NO)c1ccc(Cn2cnc3ncncc32)cc1,5.448550002027124,1
O=C(NO)c1ccc(Cn2cncn2)cc1,5.841336019186011,2
O=C(NO)c1ccc(Cn2nc(-c3ccc(F)cc3)cc2Cc2ccccc2)cc1,5.812768748435805,3
O=C(NO)c1ccc(Cn2nc(C(=O)Nc3cccc(F)c3)cc2C(F)(F)F)cc1,5.8230410194130915,2
O=C(NO)c1ccc(Cn2nc(C(=O)Nc3ccccc3)cc2C(F)(F)F)cc1,6.021819483062586,2
O=C(NO)c1ccc(Cn2ncnc2-c2ccccc2)cc1,6.466991052114394,2
O=C(NO)c1ccc(Cn2ncnc2-c2ccccc2F)cc1,6.21817285299819,2
O=C(NO)c1ccc(Cn2ncnc2-c2cccs2)cc1,6.369673857111271,2
O=C(NO)c1ccc(Cn2nnc(-c3ncccn3)n2)cc1,6.031517051446064,2
O=C(NO)c1ccc(Cn2nnnc2-c2cccs2)cc1,6.0343280287798935,2
O=C(NO)c1ccc(Cn2sc3ccccc3c2=O)cc1,6.6020599913279625,2
O=C(NO)c1ccc(Cn2sc3ncccc3c2=O)cc1,6.756961951313706,1
O=C(NO)c1ccc(F)c(NC(=O)c2ccccc2)c1,4.651695136951839,2
O=C(NO)c1ccc(F)c(NCc2ccccc2)c1,4.6020599913279625,2
O=C(NO)c1ccc(N2CCN(CCCN3CCCC3)C2=O)cc1,6.943095148663527,2
O=C(NO)c1ccc(N2CCN(CCCN3CCOCC3)C2=O)cc1,6.903089986991944,2
O=C(NO)c1ccc(N2CCN(CCc3ccccc3)C2=O)cc1,7.886056647693163,2
O=C(NO)c1ccc(N2CCN(Cc3ccc(C(F)(F)F)cc3)C2=O)cc1,7.096910013008056,2
O=C(NO)c1ccc(N2CCN(Cc3ccc(F)cc3)C2=O)cc1,7.6777807052660805,2
O=C(NO)c1ccc(N2CCN(Cc3ccc4ccccc4c3)C2=O)cc1,8.267606240177031,2
O=C(NO)c1ccc(N2CCN(Cc3cccc4ccccc34)C2=O)cc1,8.022276394711152,2
O=C(NO)c1ccc(N2CCN(Cc3cccc4ncccc34)C2=O)cc1,8.267606240177031,2
O=C(NO)c1ccc(N2CCN(Cc3ccccc3)C2=O)cc1,7.769551078621726,2
O=C(NO)c1ccc(N2CCN(Cc3cccnc3)C2=O)cc1,7.376750709602099,2
O=C(NO)c1ccc(N2CCN(Cc3ccncc3)C2=O)cc1,7.3872161432802645,2
O=C(NO)c1ccc(N2CCN(c3cccnc3)C2=O)cc1,6.739928612014925,2
O=C(NO)c1ccc(N2CCN(c3cnc4ccccc4c3)C2=O)cc1,6.818156412055227,2
O=C(NO)c1ccc(N2C[C@H]3CN(Cc4ccc5ccccc5c4)C[C@H]3C2)nc1,7.346787486224656,1
O=C(NO)c1ccc(NC(=O)C(Cc2ccccc2)c2ccccc2)cn1,6.106238237942057,2
O=C(NO)c1ccc(NC(=O)C(c2ccccc2)c2ccccc2)cc1,6.6020599913279625,2
O=C(NO)c1ccc(NC(=O)C2(c3c[nH]c(-c4ccc(Br)cc4)n3)CCCC2)cc1,8.0,1
O=C(NO)c1ccc(NC(=O)C2(c3c[nH]c(-c4ccc([N+](=O)[O-])cc4)n3)CCCC2)cc1,8.221848749616356,1
O=C(NO)c1ccc(NC(=O)C2(c3c[nH]c(-c4ccccc4)n3)CCCC2)cc1,8.522878745280337,1
O=C(NO)c1ccc(NC(=O)C2(c3c[nH]c4ccccc34)CCCC2)cc1,7.638272163982407,2
O=C(NO)c1ccc(NC(=O)C2(c3ccc(-c4cc[nH]n4)cc3)CCCC2)cc1,8.397940008672037,1
O=C(NO)c1ccc(NC(=O)C2(c3ccc(-c4ccc(OCc5ccccc5)nc4)cc3)CCCC2)cc1,6.619788758288394,2
O=C(NO)c1ccc(NC(=O)C2(c3ccc(-c4ccc5[nH]ccc5c4)cc3)CCCC2)cc1,8.096910013008056,2
O=C(NO)c1ccc(NC(=O)C2(c3ccc(-c4ccccc4)c(F)c3)CCCC2)cc1,7.376750709602099,2
O=C(NO)c1ccc(NC(=O)C2(c3ccc(-c4ccccc4)cc3)CCCC2)cc1,7.795880017344075,2
O=C(NO)c1ccc(NC(=O)C2(c3ccc(-c4cccnc4)cc3)CCCC2)cc1,8.301029995663981,2
O=C(NO)c1ccc(NC(=O)C2(c3ccc(-c4ccn[nH]4)cc3)CCCC2)cc1,8.397940008672037,1
O=C(NO)c1ccc(NC(=O)C2(c3ccc(-c4cn[nH]c4)cc3)CCCC2)cc1,8.522878745280337,2
O=C(NO)c1ccc(NC(=O)C2(c3ccc(-c4cn[nH]c4)cc3)CCCCC2)cc1,8.698970004336019,4
O=C(NO)c1ccc(NC(=O)C2(c3ccc(-c4cn[nH]c4)cc3)CCOCC2)cc1,8.698970004336019,2
O=C(NO)c1ccc(NC(=O)C2(c3ccc(Br)cc3)CCCC2)cc1,8.154901959985743,2
O=C(NO)c1ccc(NC(=O)C2(c3ccc(Br)cc3)CCCCC2)cc1,7.200659450546418,2
O=C(NO)c1ccc(NC(=O)C2(c3ccc(Br)cc3)CCOCC2)cc1,8.698970004336019,2
O=C(NO)c1ccc(NC(=O)C2(c3ccc(C(F)(F)F)c(F)c3)CCCC2)cc1,6.6439741428068775,2
O=C(NO)c1ccc(NC(=O)C2(c3ccc(Cl)c(Cl)c3)CCOCC2)cc1,8.221848749616356,2
O=C(NO)c1ccc(NC(=O)C2(c3ccc(Cl)cc3)CCCC2)cc1,7.920818753952375,2
O=C(NO)c1ccc(NC(=O)C2(c3ccc(F)cc3)CCCC2)cc1,7.3872161432802645,2
O=C(NO)c1ccc(NC(=O)C2(c3ccc([N+](=O)[O-])cc3)CCOCC2)cc1,8.045757490560675,2
O=C(NO)c1ccc(NC(=O)C2(c3ccc4c(c3)OCO4)CCCCC2)cc1,7.376750709602099,2
O=C(NO)c1ccc(NC(=O)C2(c3ccc4ccccc4c3)CCCC2)cc1,7.958607314841775,2
O=C(NO)c1ccc(NC(=O)C2(c3ccc4ccccc4c3)CCCCC2)cc1,7.366531544420414,2
O=C(NO)c1ccc(NC(=O)C2(c3ccc4ccccc4c3)CCOCC2)cc1,9.142667503568731,2
O=C(NO)c1ccc(NC(=O)C2(c3ccccc3)CC2)cc1,7.031517051446065,2
O=C(NO)c1ccc(NC(=O)C2(c3ccccc3)CCCC2)cc1,7.552841968657781,2
O=C(NO)c1ccc(NC(=O)C2(c3ccccc3)CCCC2)nc1,6.8794260687941495,2
O=C(NO)c1ccc(NC(=O)C2(c3ccccc3)CCCCC2)cc1,7.823908740944319,2
O=C(NO)c1ccc(NC(=O)C2(c3ccccc3)CCNCC2)cc1,7.920818753952375,2
O=C(NO)c1ccc(NC(=O)C2(c3ccccc3)CCOCC2)cc1,7.552841968657781,2
O=C(NO)c1ccc(NC(=O)C2(c3cnc(-c4ccc(Br)cc4)[nH]3)CCCC2)cc1,8.0,1
O=C(NO)c1ccc(NC(=O)C2(c3cnc(-c4ccc([N+](=O)[O-])cc4)[nH]3)CCCC2)cc1,8.221848749616356,1
O=C(NO)c1ccc(NC(=O)C2(c3cnc(-c4ccccc4)[nH]3)CCCC2)cc1,8.522878745280337,1
O=C(NO)c1ccc(NC(=O)C2(c3csc(-c4ccccc4)n3)CCCC2)cc1,7.920818753952375,2
O=C(NO)c1ccc(NC(=O)C2(c3csc(-c4ccccc4Oc4ccccc4)n3)CCCC2)cc1,6.3655227298392685,2
O=C(NO)c1ccc(NC(=O)N2CCC(N3C(=O)[C@H](c4ccccc4)[C@H]3c3ccccc3)CC2)cc1,5.896196279044043,2
O=C(NO)c1ccc(NC(=O)N2CCc3c(c4ccccc4n3Cc3ccccc3)C2)cc1,6.081969663215119,2
O=C(NO)c1ccc(NC(=O)[C@@H](NC(=O)c2ccc(Cl)cc2)c2ccccc2)cc1,6.4576726172260255,1
O=C(NO)c1ccc(NC(=O)[C@@H](NC(=O)c2ccc3ccccc3c2)c2ccccc2)cc1,7.64146135596733,3
O=C(NO)c1ccc(NC(=O)[C@@H](NC(=O)c2cccc(Br)c2)c2ccccc2)cc1,7.904072059829947,3
O=C(NO)c1ccc(NC(=O)[C@@H](NS(=O)(=O)c2cccc3ccccc23)c2ccccc2)cc1,7.609458444111358,3
O=C(NO)c1ccc(NC(=O)[C@H](Cc2ccccc2)N2CCc3c(oc4cc5c(cc34)OCO5)C2)cc1,8.130768280269024,2
O=C(NO)c1ccc(NC(=O)c2[nH]c(-c3ccccc3)cc2-c2ccc(O)cc2)cc1,6.325047051951435,1
O=C(NO)c1ccc(NC(=O)c2[nH]c(-c3ccoc3)cc2-c2ccc(O)cc2)cc1,6.422508200162774,1
O=C(NO)c1ccc(NC(=O)c2ccccc2)cc1,6.6777807052660805,1
O=C(NO)c1ccc(NC2CCN(CCc3ccccc3)C2=O)cc1,5.051587034221399,2
O=C(NO)c1ccc(NC2CCN(Cc3ccccc3)C2=O)cc1,4.931814138253839,2
O=C(NO)c1ccc(NC2CCN(c3ccc(C(F)(F)F)cc3)C2=O)cc1,4.573488738635425,2
O=C(NO)c1ccc(NC2CCN(c3ccc(Cl)c(Cl)c3)C2=O)cc1,4.798602875679548,2
O=C(NO)c1ccc(NC2CCN(c3ccc(Cl)cc3)C2)cc1,4.716698771296451,2
O=C(NO)c1ccc(NC2CCN(c3ccc(Cl)cc3)C2=O)c(Cl)c1,4.531652669587842,2
O=C(NO)c1ccc(NC2CCN(c3ccc(Cl)cc3)C2=O)cc1,4.844663962534939,2
O=C(NO)c1ccc(NC2CCN(c3cccc(Cl)c3)C2=O)cc1,4.91721462968355,2
O=C(NO)c1ccc(NC2CCN(c3ccccc3)C2=O)cc1,4.709965388637482,2
O=C(NO)c1ccc(NC2CCN(c3ccccc3Cl)C2=O)cc1,4.661543506395395,2
O=C(NO)c1ccc(NCc2nc(-c3cc4ccccc4s3)nn2-c2ccccc2)cc1,5.83654044823001,2
O=C(NO)c1ccc(NCc2nc(-c3ccc(Cl)cc3)nn2-c2ccccc2)cc1,5.615467384505752,2
O=C(NO)c1ccc(NCc2nc(-c3ccc(F)cc3)nn2-c2ccccc2)cc1,5.468521082957745,2
O=C(NO)c1ccc(NCc2nc(-c3cccc(Cl)c3)nn2-c2ccccc2)cc1,5.727462222624762,2
O=C(NO)c1ccc(NCc2nc(-c3ccccc3)nn2-c2ccc(Br)cc2)cc1,5.4949857599158936,2
O=C(NO)c1ccc(NCc2nc(-c3ccccc3)nn2-c2ccc(F)cc2)cc1,5.740406121114051,2
O=C(NO)c1ccc(NCc2nc(-c3ccccc3)nn2-c2cccc(Cl)c2)cc1,5.356942316248547,2
O=C(NO)c1ccc(NCc2nc(-c3ccccc3)nn2-c2ccccc2)cc1,5.604149623981218,2
O=C(NO)c1ccc(NCc2nc(-c3ccccc3)nn2-c2ccccc2Cl)cc1,5.506123889147178,2
O=C(NO)c1ccc(NCc2nc(-c3ccccc3Cl)nn2-c2ccccc2)cc1,5.416687848016922,2
O=C(NO)c1ccc(NCc2nc(-c3cccs3)nn2-c2ccc(O)cc2)cc1,5.823330067331851,2
O=C(NO)c1ccc(NCc2nc(-c3sccc3Br)nn2-c2ccccc2)cc1,5.681102285372513,2
O=C(NO)c1ccc(NS(=O)(=O)c2ccccc2)cc1,6.045757490560675,4
O=C(NO)c1ccc(Nc2c3ccccc3nc3ccc(Br)cc23)cc1,6.962464999488475,6
O=C(NO)c1ccc(Nc2c3ccccc3nc3ccc(F)cc23)cc1,6.6020599913279625,1
O=C(NO)c1ccc(Nc2c3ccccc3nc3ccc(OC(F)(F)F)cc23)cc1,6.173925197299173,1
O=C(NO)c1ccc(Nc2c3ccccc3nc3ccc(OCc4ccccc4)cc23)cc1,5.455931955649724,1
O=C(NO)c1ccc(Nc2c3ccccc3nc3ccccc23)cc1,6.398893158807081,3
O=C(NO)c1ccc(Nc2ccnc3ccccc23)cc1,6.221848749616356,1
O=C(NO)c1ccc(Nc2nc3ccccc3n2C2CCCCC2)cc1,6.414539270491499,2
O=C(NO)c1ccc(Nc2nc3ccccc3n2C2CCCCCC2)cc1,6.351639989019068,2
O=C(NO)c1ccc(Nc2nc3ccccc3n2CC2CCCCC2)cc1,6.886056647693163,2
O=C(NO)c1ccc(Oc2no[n+]([O-])c2S(=O)(=O)c2ccccc2)cc1,7.327902142064282,1
O=C(NO)c1ccc(S(=O)(=O)N2CCN(c3nc4ccccc4s3)CC2)cc1,5.318758762624412,1
O=C(NO)c1ccc(S(=O)(=O)NCC2CCN(Cc3ccccc3)CC2)cc1,6.346787486224656,1
O=C(NO)c1ccc(S(=O)(=O)n2ccc3cc(OCCCN4CCCCC4)ccc32)cc1,6.133712660915805,2
O=C(NO)c1ccc(S(=O)(=O)n2ccc3cc(OCc4ccccc4)ccc32)cc1,5.398700689805663,2
O=C(NO)c1ccc2[nH]c(CNc3ccccc3)nc2c1,6.0996328713435295,1
O=C(NO)c1ccc2c(c1)C(=O)CC1(CCN(C(=O)c3ccccc3)CC1)O2,4.5376020021010435,1
O=C(NO)c1ccc2c(c1)C(=O)CC1(CCN(Cc3ccccc3)CC1)O2,4.619788758288394,1
O=C(NO)c1ccc2c(c1)C(=O)c1ccccc1C2=O,6.040958607678906,1
O=C(NO)c1ccc2c(c1)CC(Nc1nccc(-c3cccnc3)n1)CN2,5.001740661576301,2
O=C(NO)c1ccc2c(c1)CN(Cc1ccc(-c3cccc([N+](=O)[O-])c3)o1)CC2,4.671620396561262,2
O=C(NO)c1ccc2c(c1)C[C@@H](Nc1nccc(-c3cccnc3)n1)CC2,4.950781977329818,2
O=C(NO)c1ccc2c(c1)C[C@H](Nc1nccc(-c3cccnc3)n1)CC2,5.199970640755866,4
O=C(NO)c1ccc2c(c1)nc(CCc1ccccc1)n2CCCO,5.481486060122112,4
O=C(NO)c1ccc2nc(-c3ccc(-c4ccc(CN5CCOCC5)cc4)cc3)[nH]c2c1,5.3979400086720375,1
O=C(NO)c1ccc2nc(-c3ccc(-c4ccccc4)cc3)[nH]c2c1,4.292429823902063,1
O=C(NO)c1ccc2nc(-c3ccc4c(c3)CCO4)[nH]c2c1,5.301029995663981,1
O=C(NO)c1ccc2nc(-c3cccc(Br)c3)[nH]c2c1,5.823908740944319,1
O=C(NO)c1ccc2nc(-c3cccc4cccnc34)sc2c1,5.214670164989233,1
O=C(NO)c1ccc2nc(-c3ccccc3-c3ccccc3)[nH]c2c1,5.3979400086720375,1
O=C(NO)c1ccc2nc(-c3cccs3)[nH]c2c1,5.356547323513812,1
O=C(NO)c1ccc2nc(CNc3ccccc3)[nH]c2c1,6.0998514392806555,1
O=C(NO)c1ccc2nc(Nc3cccc(OCc4ccccc4)c3)[nH]c2c1,5.920818753952375,1
O=C(NO)c1ccc2ncc(Nc3ccccc3)cc2c1,5.710634048479968,2
O=C(NO)c1ccc2oc(-c3ccc(-c4ccccc4F)cc3)nc2c1,5.251811972993799,1
O=C(NO)c1ccc2oc(-c3ccc(C(F)(F)F)cc3)nc2c1,5.698970004336019,1
O=C(NO)c1ccc2oc(-c3ccc(C4CC4)cc3)nc2c1,5.6777807052660805,1
O=C(NO)c1ccc2oc(-c3ccc(OC(F)(F)F)cc3)nc2c1,5.221848749616356,1
O=C(NO)c1ccc2oc(-c3ccccc3Cl)nc2c1,5.920818753952375,1
O=C(NO)c1ccc2oc(COc3cccc(F)c3)cc2c1,6.259637310505756,1
O=C(NO)c1ccc2sc(-c3ccc(F)cc3)nc2c1,5.823908740944319,1
O=C(NO)c1ccc2sc(-c3cccnc3)cc2c1,5.013228265733755,1
O=C(NO)c1cccc(-c2cn(CCc3ccccc3)nn2)c1,4.638272163982407,1
O=C(NO)c1cccc(-c2cn(CCc3ccsc3)nn2)c1,4.356547323513812,1
O=C(NO)c1cccc(-c2cn(CSc3ccccc3)nn2)c1,4.3896943707419585,5
O=C(NO)c1cccc(-c2cn(Cc3ccccc3)nn2)c1,4.402076854164512,3
O=C(NO)c1cccc(/C=C/c2ccnc(-c3cc(F)ccc3O)c2)c1,5.821023052706831,4
O=C(NO)c1cccc(/C=C/c2ccnc(-c3ccccc3O)c2)c1,5.8326826652518236,2
O=C(NO)c1cccc(C(=O)NCC2CCN(Cc3ccccc3)CC2)c1,6.096910013008056,1
O=C(NO)c1cccc(C(=O)NCCc2ccccc2)c1,5.047371975625774,2
O=C(NO)c1cccc(C(=O)Nc2ccccc2)c1,4.407823242604133,2
O=C(NO)c1cccc(CN2CCN(C(c3ccccc3)c3ccccc3)CC2)c1,4.33161408331,2
O=C(NO)c1cccc(Cn2cnc(-c3ccccc3)n2)c1,4.4108773497941485,2
O=C(NO)c1cccc(Cn2cncn2)c1,4.634924041471536,2
O=C(NO)c1cccc(Cn2ncnc2-c2ccccc2)c1,4.737193076999437,2
O=C(NO)c1cccc(F)c1,4.5321404167728,2
O=C(NO)c1cccc(N(Cc2ccccc2)Cc2ccccc2)c1,4.373659632624958,2
O=C(NO)c1cccc(NC(=O)c2ccccc2)c1,4.473660722610156,2
O=C(NO)c1cccc(NC2CCCCC2)c1,3.886390848926972,2
O=C(NO)c1cccc(Oc2no[n+]([O-])c2S(=O)(=O)c2ccccc2)c1,5.795880017344075,1
O=C(NO)c1cccc(S(=O)(=O)NCC2CCN(Cc3ccccc3)CC2)c1,5.167491087293763,1
O=C(NO)c1cccc2[nH]c(C#Cc3cccc(C(F)(F)F)c3)cc12,4.428291168191312,2
O=C(NO)c1cccc2[nH]c(C#Cc3ccccc3)cc12,4.375717904164332,2
O=C(NO)c1ccccc1,4.829646812543885,8
O=C(NO)c1cccnc1,4.456453421970414,2
O=C(NO)c1cccs1,5.180456064458131,2
O=C(NO)c1ccsc1,5.013228265733755,2
O=C(NO)c1cn(C2CCN(C(=O)Cc3ccc4ccccc4c3)CC2)nn1,6.0,1
O=C(NO)c1cnc(N2CC3C(CNCc4ccc5ccccc5c4)C3C2)nc1,7.494850021680094,1
O=C(NO)c1cnc(N2CCC(CN3CC(=O)N4C(Cc5c([nH]c6ccccc56)C4c4ccc5c(c4)OCO5)C3=O)CC2)nc1,7.096910013008056,2
O=C(NO)c1cnc(N2CCC(CNC(/C=C/c3ccccc3)CO)CC2)nc1,8.823908740944319,1
O=C(NO)c1cnc(N2CCC(CNCc3nnnn3C3CCCC3)CC2)nc1,7.180456064458131,2
O=C(NO)c1cnc(N2CCC(CNCc3nnnn3C3CCCCC3)CC2)nc1,7.244125144327508,2
O=C(NO)c1cnc(N2CCC(CNCc3nnnn3CCc3c[nH]c4ccccc34)CC2)nc1,6.920818753952375,2
O=C(NO)c1cnc(N2CCC(CNCc3nnnn3Cc3ccccc3)CC2)nc1,7.060480747381382,2
O=C(NO)c1cnc(N2CCC(NC(/C=C/c3ccccc3)CO)CC2)nc1,8.154901959985743,1
O=C(NO)c1cnc(N2CCC(NC(=O)c3cnc(-n4cccn4)[nH]c3=O)CC2)nc1,7.704432900037521,1
O=C(NO)c1cnc(N2CCC(NC(=O)c3cnc(-n4cccn4)nc3O)CC2)nc1,7.698970004336019,1
O=C(NO)c1cnc(N2CCC3(CCN(Cc4c[nH]c5ccccc45)C3)CC2)nc1,9.236572006437065,1
O=C(NO)c1cnc(N2CCN(C(/C=C/c3ccc(-c4ccccc4)cc3)CO)CC2)nc1,9.045757490560675,1
O=C(NO)c1cnc(N2CCN(C(/C=C/c3ccc(C(F)(F)F)cc3)CO)CC2)nc1,8.67778070526608,1
O=C(NO)c1cnc(N2CCN(C(/C=C/c3ccc(Cl)cc3)CO)CC2)nc1,8.920818753952375,1
O=C(NO)c1cnc(N2CCN(C(/C=C/c3ccc(F)cc3)CO)CC2)nc1,8.549278189361072,4
O=C(NO)c1cnc(N2CCN(C(/C=C/c3cccc(F)c3)CO)CC2)nc1,8.920818753952375,1
O=C(NO)c1cnc(N2CCN(C(/C=C/c3ccccc3)C(=O)N3CCOCC3)CC2)nc1,8.154901959985743,1
O=C(NO)c1cnc(N2CCN(C(/C=C/c3ccccc3)CN3CCOCC3)CC2)nc1,7.958607314841775,1
O=C(NO)c1cnc(N2CCN(C(/C=C/c3ccccc3)CO)CC2)nc1,8.814565833077571,3
O=C(NO)c1cnc(N2CCN(C(/C=C/c3ccccc3F)CO)CC2)nc1,8.698970004336019,1
O=C(NO)c1cnc(N2CCN(C(=O)Cc3ccccc3)CC2)s1,4.494850021680094,1
O=C(NO)c1cnc(N2CCN(C(=O)c3ccccc3)CC2)s1,5.455931955649724,1
O=C(NO)c1cnc(N2CCN(Cc3ccc4ccccc4c3)CC2)nc1,8.823908740944319,1
O=C(NO)c1cnc(N2CCN(S(=O)(=O)c3ccc(-c4ccccc4)cc3)CC2)s1,6.698970004336019,1
O=C(NO)c1cnc(N2CCN(S(=O)(=O)c3ccc(C(F)(F)F)cc3)CC2)s1,5.585026652029182,1
O=C(NO)c1cnc(N2CCN(S(=O)(=O)c3ccc(F)cc3)CC2)s1,6.823908740944319,1
O=C(NO)c1cnc(N2CCN(S(=O)(=O)c3ccc(OC(F)(F)F)cc3)CC2)s1,5.920818753952375,1
O=C(NO)c1cnc(N2CCN(S(=O)(=O)c3ccc([N+](=O)[O-])cc3)CC2)s1,6.3979400086720375,1
O=C(NO)c1cnc(N2CCN(S(=O)(=O)c3ccc4ccccc4c3)CC2)nc1,8.475322910757427,3
O=C(NO)c1cnc(N2CCN(S(=O)(=O)c3ccc4ccccc4c3)CC2)s1,6.657577319177793,1
O=C(NO)c1cnc(N2CCN(S(=O)(=O)c3ccccc3)CC2)s1,6.2441251443275085,1
O=C(NO)c1cnc(N2CCOC(CNC(/C=C/c3ccccc3)CO)C2)nc1,8.096910013008056,1
O=C(NO)c1cnc(N2C[C@@H]3C(NC(=O)c4ccc5ccccc5c4)[C@@H]3C2)nc1,7.886056647693163,1
O=C(NO)c1cnc(N2C[C@@H]3C(NC(=O)c4ccccc4)[C@@H]3C2)nc1,7.2441251443275085,1
O=C(NO)c1cnc(N2C[C@@H]3C(NC(=O)c4cccs4)[C@@H]3C2)nc1,7.3979400086720375,1
O=C(NO)c1cnc(N2C[C@@H]3C(NCC4CCCCC4)[C@@H]3C2)nc1,7.356547323513812,1
O=C(NO)c1cnc(N2C[C@@H]3C(NCCc4ccccc4)[C@@H]3C2)nc1,7.468521082957745,1
O=C(NO)c1cnc(N2C[C@@H]3C(NCc4cc(C(F)(F)F)cc(C(F)(F)F)c4)[C@@H]3C2)nc1,7.795880017344075,1
O=C(NO)c1cnc(N2C[C@@H]3C(NCc4cc(F)cc(F)c4)[C@@H]3C2)nc1,7.795880017344075,1
O=C(NO)c1cnc(N2C[C@@H]3C(NCc4ccc(-c5ccccc5)cc4)[C@@H]3C2)nc1,7.853871964321762,1
O=C(NO)c1cnc(N2C[C@@H]3C(NCc4ccc(Br)cc4)[C@@H]3C2)nc1,7.853871964321762,1
O=C(NO)c1cnc(N2C[C@@H]3C(NCc4ccc(C(F)(F)F)cc4)[C@@H]3C2)nc1,7.468521082957745,1
O=C(NO)c1cnc(N2C[C@@H]3C(NCc4ccc(Cl)cc4)[C@@H]3C2)nc1,8.05395269865476,2
O=C(NO)c1cnc(N2C[C@@H]3C(NCc4ccc(F)cc4)[C@@H]3C2)nc1,7.568636235841012,1
O=C(NO)c1cnc(N2C[C@@H]3C(NCc4ccc(OC(F)(F)F)cc4)[C@@H]3C2)nc1,7.823908740944319,1
O=C(NO)c1cnc(N2C[C@@H]3C(NCc4ccc(Oc5ccccc5)cc4)[C@@H]3C2)nc1,7.795880017344075,1
O=C(NO)c1cnc(N2C[C@@H]3C(NCc4ccc5cc(F)ccc5n4)[C@@H]3C2)nc1,8.309894379144197,2
O=C(NO)c1cnc(N2C[C@@H]3C(NCc4ccc5ccccc5c4)[C@@H]3C2)nc1,7.906578314837764,1
O=C(NO)c1cnc(N2C[C@@H]3C(NCc4ccc5ccccc5n4)[C@@H]3C2)nc1,8.045757490560675,1
O=C(NO)c1cnc(N2C[C@@H]3C(NCc4ccccc4)[C@@H]3C2)nc1,8.0,1
O=C(NO)c1cnc(N2C[C@@H]3C(NS(=O)(=O)c4ccc5ccccc5c4)[C@@H]3C2)nc1,8.187086643357144,1
O=C(NO)c1cnc(N2C[C@@H]3C(NS(=O)(=O)c4cccs4)[C@@H]3C2)nc1,7.568636235841012,1
O=C(NO)c1cnc(N2C[C@@H]3C(Nc4ccc5ccccc5n4)[C@@H]3C2)nc1,7.7447274948966935,1
O=C(NO)c1cnc(N2C[C@@H]3CN(S(=O)(=O)c4cc(C(F)(F)F)cc(C(F)(F)F)c4)C[C@@H]3C2)nc1,6.363512103646634,1
O=C(NO)c1cnc(N2C[C@@H]3CN(S(=O)(=O)c4ccc(OC(F)(F)F)cc4)C[C@@H]3C2)nc1,6.910094888560602,1
O=C(NO)c1cnc(N2C[C@@H]3CN(S(=O)(=O)c4ccc5ccccc5c4)C[C@@H]3C2)nc1,7.1938200260161125,1
O=C(NO)c1cnc(N2C[C@@H]3[C@H](C2)[C@H]3NCc2ccc(Cl)cc2)nc1,8.221848749616356,1
O=C(NO)c1cnc(N2C[C@@H]3[C@H](C2)[C@H]3NCc2ccc3cc(F)ccc3n2)nc1,8.522878745280337,1
O=C(NO)c1cnc(N2C[C@H]3CN(C(=O)CCCOc4ccccc4)C[C@H]3C2)nc1,6.913640169325252,1
O=C(NO)c1cnc(N2C[C@H]3CN(C(=O)c4ccc5ccccc5c4)C[C@H]3C2)nc1,7.920818753952375,1
O=C(NO)c1cnc(N2C[C@H]3CN(Cc4cc(Cl)cc(Cl)c4)C[C@H]3C2)nc1,7.301029995663981,1
O=C(NO)c1cnc(N2C[C@H]3CN(Cc4ccc(Cl)cc4)C[C@H]3C2)nc1,7.376750709602099,1
O=C(NO)c1cnc(N2C[C@H]3CN(Cc4ccc5ccccc5c4)C[C@H]3C2)nc1,7.886056647693163,1
O=C(NO)c1cnc(NC(c2ccc(F)cc2)c2ccc(F)cc2)nc1,6.651695136951839,1
O=C(NO)c1cnc(NC(c2ccccc2)c2ccccc2)nc1,6.889410289700751,1
O=C(NO)c1cnc(NC2(Cc3ccccc3)CC2)nc1,6.489454989793388,1
O=C(NO)c1cnc(NC2(c3c(F)cccc3F)CC2)nc1,8.301029995663981,1
O=C(NO)c1cnc(NC2(c3cc(C(F)(F)F)cc(C(F)(F)F)c3)CC2)nc1,6.982966660701219,1
O=C(NO)c1cnc(NC2(c3cc(C(F)(F)F)ccc3F)CC2)nc1,8.154901959985743,1
O=C(NO)c1cnc(NC2(c3cc(Cl)cc(Cl)c3)CC2)nc1,7.795880017344075,1
O=C(NO)c1cnc(NC2(c3cc(F)cc(F)c3)CC2)nc1,7.022276394711152,1
O=C(NO)c1cnc(NC2(c3cc(F)cc(F)c3)CCCCC2)nc1,5.982549270489464,2
O=C(NO)c1cnc(NC2(c3cc(F)cc(F)c3)CCOCC2)nc1,6.581698708680255,1
O=C(NO)c1cnc(NC2(c3cc(F)ccc3F)CCOCC2)nc1,6.931814138253838,2
O=C(NO)c1cnc(NC2(c3cc4ccccc4s3)CC2)nc1,7.886056647693163,1
O=C(NO)c1cnc(NC2(c3ccc(C(F)(F)F)c(F)c3)CC2)nc1,7.568636235841012,1
O=C(NO)c1cnc(NC2(c3ccc(C(F)(F)F)cc3)CC2)nc1,6.826813731587726,1
O=C(NO)c1cnc(NC2(c3ccc(CO)cc3)CC2)nc1,7.721246399047171,1
O=C(NO)c1cnc(NC2(c3ccc(Cl)c(Cl)c3)CC2)nc1,7.886056647693163,1
O=C(NO)c1cnc(NC2(c3ccc(Cl)cc3)CC2)nc1,7.346787486224656,1
O=C(NO)c1cnc(NC2(c3ccc(F)c(Cl)c3)CC2)nc1,7.769551078621726,1
O=C(NO)c1cnc(NC2(c3ccc(F)c(F)c3)CC2)nc1,7.259637310505756,1
O=C(NO)c1cnc(NC2(c3ccc(F)cc3)CC2)nc1,7.327902142064282,1
O=C(NO)c1cnc(NC2(c3ccc(F)cc3)CCCC2)nc1,6.234331445240986,1
O=C(NO)c1cnc(NC2(c3ccc(F)cc3)CCCCC2)nc1,5.494036481981874,1
O=C(NO)c1cnc(NC2(c3ccc(F)cc3)CCOCC2)nc1,6.494850021680094,1
O=C(NO)c1cnc(NC2(c3ccc(F)cc3Cl)CC2)nc1,7.602059991327962,1
O=C(NO)c1cnc(NC2(c3ccc(F)cc3F)CC2)nc1,7.886056647693163,1
O=C(NO)c1cnc(NC2(c3ccc4c(c3)OCO4)CC2)nc1,7.795880017344075,1
O=C(NO)c1cnc(NC2(c3cccc(C(F)(F)F)c3)CC2)nc1,7.568636235841012,1
O=C(NO)c1cnc(NC2(c3cccc(Cl)c3)CC2)nc1,7.657577319177793,1
O=C(NO)c1cnc(NC2(c3cccc(Cl)c3)CCCC2)nc1,6.277366077466188,1
O=C(NO)c1cnc(NC2(c3cccc(F)c3)CC2)nc1,7.070581074285707,1
O=C(NO)c1cnc(NC2(c3cccc(F)c3)CCC3(CC2)OCCO3)nc1,6.153044674980176,2
O=C(NO)c1cnc(NC2(c3cccc(F)c3)CCCC2)nc1,6.2335871528876,1
O=C(NO)c1cnc(NC2(c3cccc(F)c3)CCCCC2)nc1,5.673050005834002,5
O=C(NO)c1cnc(NC2(c3cccc(F)c3)CCOCC2)nc1,6.4698003017969175,1
O=C(NO)c1cnc(NC2(c3cccc(F)c3F)CC2)nc1,7.920818753952375,1
O=C(NO)c1cnc(NC2(c3cccc(OC(F)(F)F)c3)CC2)nc1,7.744727494896693,1
O=C(NO)c1cnc(NC2(c3ccccc3)CC2)nc1,7.026872146400302,12
O=C(NO)c1cnc(NC2(c3ccccc3)CCC(F)(F)CC2)nc1,5.750659621393055,8
O=C(NO)c1cnc(NC2(c3ccccc3)CCC2)nc1,6.853871964321762,1
O=C(NO)c1cnc(NC2(c3ccccc3)CCCC2)nc1,6.148130399270234,1
O=C(NO)c1cnc(NC2(c3ccccc3)CCCCC2)nc1,5.652474840001311,1
O=C(NO)c1cnc(NC2(c3ccccc3)CCN(C(=O)Cc3c[nH]c4ccccc34)CC2)nc1,8.522878745280337,1
O=C(NO)c1cnc(NC2(c3ccccc3)CCN(C(=O)Cc3cc4ccccc4[nH]3)CC2)nc1,8.0,1
O=C(NO)c1cnc(NC2(c3ccccc3)CCN(C(=O)Nc3c(F)cccc3F)CC2)nc1,7.657577319177793,1
O=C(NO)c1cnc(NC2(c3ccccc3)CCN(C(=O)Nc3ccc(Cl)c(Cl)c3)CC2)nc1,6.958607314841775,1
O=C(NO)c1cnc(NC2(c3ccccc3)CCN(C(=O)Nc3ccc(F)cc3)CC2)nc1,7.481486060122112,1
O=C(NO)c1cnc(NC2(c3ccccc3)CCN(C(=O)Nc3cccc(F)c3)CC2)nc1,7.301029995663981,1
O=C(NO)c1cnc(NC2(c3ccccc3)CCN(C(=O)Nc3ccccc3)CC2)nc1,7.42021640338319,1
O=C(NO)c1cnc(NC2(c3ccccc3)CCN(C(=O)Nc3ccccc3F)CC2)nc1,7.744727494896693,1
O=C(NO)c1cnc(NC2(c3ccccc3)CCN(C(=O)OCc3ccccc3)CC2)nc1,5.995678626217357,1
O=C(NO)c1cnc(NC2(c3ccccc3)CCN(C(=S)Nc3ccccc3)CC2)nc1,8.229147988357855,1
O=C(NO)c1cnc(NC2(c3ccccc3)CCN(S(=O)(=O)c3ccc(C(F)(F)F)cc3)CC2)nc1,6.152427340857888,1
O=C(NO)c1cnc(NC2(c3ccccc3)CCN(S(=O)(=O)c3ccc(Cl)cc3)CC2)nc1,6.068542129310995,1
O=C(NO)c1cnc(NC2(c3ccccc3)CCN(S(=O)(=O)c3cccc(F)c3)CC2)nc1,6.258848401148216,1
O=C(NO)c1cnc(NC2(c3ccccc3)CCN(S(=O)(=O)c3ccccc3)CC2)nc1,6.073657553374344,1
O=C(NO)c1cnc(NC2(c3ccccc3)CCN(c3ccccc3)CC2)nc1,6.448550002027124,1
O=C(NO)c1cnc(NC2(c3ccccc3)CCOCC2)nc1,6.232102383981909,1
O=C(NO)c1cnc(NC2(c3ccccc3C(F)(F)F)CC2)nc1,6.795880017344075,1
O=C(NO)c1cnc(NC2(c3ccccc3Cl)CC2)nc1,7.568636235841012,1
O=C(NO)c1cnc(NC2(c3ccccc3F)CC2)nc1,7.795880017344075,1
O=C(NO)c1cnc(NC2(c3ccco3)CC2)nc1,6.698970004336019,1
O=C(NO)c1cnc(NC2(c3cccs3)CC2)nc1,6.832682665251824,1
O=C(NO)c1cnc(NC2(c3cccs3)CCCCC2)nc1,5.862645888629267,1
O=C(NO)c1cnc(NC23CC4CC(CC(C4)C2)C3)nc1,6.258060922270801,1
O=C(NO)c1cnc(NC2CCCCC2)nc1,6.238072161579471,1
O=C(NO)c1cnc(NC2CCOCC2)nc1,6.089909454405932,1
O=C(NO)c1cnc(NC2c3ccccc3-c3ccccc32)nc1,6.040481623027002,1
O=C(NO)c1cnc(NCCc2c(Cl)cccc2Cl)nc1,5.840132152907433,1
O=C(NO)c1cnc(NCCc2c[nH]c3ccccc23)nc1,7.045757490560675,1
O=C(NO)c1cnc(NCCc2ccc(Cl)cc2)nc1,6.761953896871205,1
O=C(NO)c1cnc(NCCc2cccc(Cl)c2)nc1,7.107905397309519,1
O=C(NO)c1cnc(NCCc2ccccc2)nc1,6.669586226650809,1
O=C(NO)c1cnc(NCCc2ccccc2-c2ccccc2)nc1,6.216811308924743,1
O=C(NO)c1cnc(NCCc2ccccc2Cl)nc1,6.580044251510242,1
O=C(NO)c1cnc(NCc2c(CO)cccc2CO)nc1,6.329754146925875,1
O=C(NO)c1cnc(NCc2c(Cl)cccc2Cl)nc1,6.440093374963888,1
O=C(NO)c1cnc(NCc2ccc(-c3ccccc3)cc2)nc1,7.221848749616356,1
O=C(NO)c1cnc(NCc2ccc(C(F)(F)F)cc2)nc1,7.050609993355087,1
O=C(NO)c1cnc(NCc2ccc(Cl)cc2)nc1,7.397940008672037,1
O=C(NO)c1cnc(NCc2ccc(F)c(Cl)c2)nc1,7.619788758288394,1
O=C(NO)c1cnc(NCc2ccc(F)cc2C(F)(F)F)nc1,6.279014255846261,1
O=C(NO)c1cnc(NCc2ccc3c(c2)OCO3)nc1,7.397940008672037,1
O=C(NO)c1cnc(NCc2cccc(C(F)(F)F)c2)nc1,7.42021640338319,1
O=C(NO)c1cnc(NCc2cccc(Cl)c2)nc1,7.698970004336019,1
O=C(NO)c1cnc(NCc2ccccc2)nc1,7.113509274827518,1
O=C(NO)c1cnc(NCc2ccccc2-c2ccccc2)nc1,6.337242168318426,1
O=C(NO)c1cnc(NCc2ccccc2C(F)(F)F)nc1,6.327902142064282,1
O=C(NO)c1cnc(NCc2ccccc2Cl)nc1,6.958607314841775,1
O=C(NO)c1cnc(NCc2ccccc2OC(F)(F)F)nc1,6.651695136951839,1
O=C(NO)c1cnc(NCc2ccccn2)nc1,6.6595558851598815,1
O=C(NO)c1cnc(NCc2cccnc2)nc1,7.036212172654444,1
O=C(NO)c1cnc(NCc2cccs2)nc1,6.669586226650809,1
O=C(NO)c1cnc(NCc2ccncc2)nc1,6.690369832574101,1
O=C(NO)c1cnc(NCc2cnccn2)nc1,6.484126156288321,1
O=C(NO)c1cnc(Nc2c(Cl)cccc2Cl)nc1,4.9747760848216895,1
O=C(NO)c1cnc(Nc2c(F)c(F)cc(F)c2F)nc1,6.478861916295964,1
O=C(NO)c1cnc(Nc2cc(C(F)(F)F)cc(C(F)(F)F)c2)nc1,5.85078088734462,1
O=C(NO)c1cnc(Nc2cc(Cl)cc(C(F)(F)F)c2)nc1,6.287350298372789,1
O=C(NO)c1cnc(Nc2cc(Cl)cc(OC(F)(F)F)c2)nc1,6.379863945026242,1
O=C(NO)c1cnc(Nc2cc(Cl)ccc2Cl)nc1,6.673664139071249,1
O=C(NO)c1cnc(Nc2cc(F)cc(C(F)(F)F)c2)nc1,6.798602875679549,1
O=C(NO)c1cnc(Nc2cc(F)cc(F)c2)nc1,6.866461091629782,1
O=C(NO)c1cnc(Nc2ccc(Cl)c(Cl)c2)nc1,6.578396073130168,1
O=C(NO)c1cnc(Nc2ccc(Cl)cc2)nc1,6.694648630553376,1
O=C(NO)c1cnc(Nc2ccc(F)cc2)nc1,6.6777807052660805,1
O=C(NO)c1cnc(Nc2ccc([N+](=O)[O-])c(C(F)(F)F)c2)nc1,6.482804102050025,1
O=C(NO)c1cnc(Nc2cccc(-c3ccccc3)c2)nc1,6.954677021213342,1
O=C(NO)c1cnc(Nc2cccc(-c3ccncc3)c2)nc1,7.055517327849831,1
O=C(NO)c1cnc(Nc2cccc(C(F)(F)F)c2)nc1,6.653647025549361,1
O=C(NO)c1cnc(Nc2cccc(Cl)c2)nc1,6.739928612014925,1
O=C(NO)c1cnc(Nc2cccc(N3CCOCC3)c2)nc1,6.333482019445119,1
O=C(NO)c1cnc(Nc2ccccc2Cl)nc1,6.381951903287908,1
O=C(NO)c1cnc(Nc2nnc(-c3ccc(Cl)cc3)o2)nc1,8.045757490560675,2
O=C(NO)c1cnc(Nc2nnc(-c3ccc(Cl)cc3)s2)nc1,8.0,2
O=C(NO)c1cnc(Nc2nnc(-c3ccc(F)cc3)o2)nc1,8.045757490560675,2
O=C(NO)c1cnc(Nc2nnc(-c3ccc(F)cc3)s2)nc1,8.154901959985743,2
O=C(NO)c1cnc(Nc2nnc(-c3ccc(O)cc3)o2)nc1,7.769551078621726,2
O=C(NO)c1cnc(Nc2nnc(-c3ccc(O)cc3)s2)nc1,7.7447274948966935,2
O=C(NO)c1cnc(Nc2nnc(-c3ccc([N+](=O)[O-])cc3)o2)nc1,8.0,2
O=C(NO)c1cnc(Nc2nnc(-c3ccc([N+](=O)[O-])cc3)s2)nc1,8.0,2
O=C(NO)c1cnc(Nc2nnc(-c3cccc(Cl)c3)o2)nc1,8.221848749616356,2
O=C(NO)c1cnc(Nc2nnc(-c3cccc(Cl)c3)s2)nc1,8.154901959985743,2
O=C(NO)c1cnc(Nc2nnc(-c3ccccc3)o2)nc1,8.221848749616356,2
O=C(NO)c1cnc(Nc2nnc(-c3ccccc3)s2)nc1,8.096910013008056,2
O=C(NO)c1cnc(Nc2nnc(-c3ccccc3Cl)o2)nc1,8.096910013008056,2
O=C(NO)c1cnc(Nc2nnc(-c3ccccc3Cl)s2)nc1,8.096910013008056,2
O=C(NO)c1coc(-c2ccc(-c3ccccc3)cc2)n1,4.530472520812986,2
O=C(NO)c1coc(-c2ccc(Br)cc2)n1,4.8395314688809625,2
O=C(NO)c1coc(-c2ccc(Cl)cc2)n1,4.708631149548418,2
O=C(NO)c1coc(-c2ccc(F)cc2)n1,4.624336386039115,2
O=C(NO)c1coc(-c2ccc3ccccc3c2)n1,4.913284336055118,2
O=C(NO)c1coc(-c2cccc(-c3ccccc3)c2)n1,4.719421629631924,2
O=C(NO)c1coc(-c2ccccc2)n1,4.5247647773958715,2
O=C(NO)c1coc(-c2ccccc2Br)n1,4.645315446045271,2
O=C(NO)c1coc(-c2cccs2)n1,4.437588167050272,2
O=C(NO)c1coc(C(c2ccccc2)c2ccccc2)n1,4.027380660940376,2
O=C(NO)c1csc(-c2ccc(Br)cc2)n1,4.757955760630449,2
O=C(NO)c1csc(-c2ccccc2)n1,4.988429556402722,2
O=C(NO)c1csc(-c2cnccn2)n1,4.0848640933779885,2
O=C(NO)c1csc(C(c2ccccc2)c2ccccc2)n1,4.321845961989562,2
O=C(NO)c1csc(Cc2ccccc2)n1,4.077897633192393,2
O=C(NO)c1csc(NS(=O)(=O)Nc2ccc(Cl)cc2)n1,7.443697499232712,1
O=C(NO)c1csc(NS(=O)(=O)Nc2ccccc2)n1,7.443697499232712,1
O=C(NO)c1csc2ccccc12,4.118444170206688,1
O=C(NO)c1noc(-c2ccc(-c3ccccc3)cc2)n1,4.827689031478045,2
O=C(NO)c1noc(-c2ccc(Br)cc2)n1,4.475603877896158,2
O=C(NO)c1noc(-c2ccccc2)n1,4.6020599913279625,2
O=C(NO)c1sc2ccccc2c1Cl,4.7121982700697735,2
O=C(NOCCN1CCCCC1)c1ccc(-c2noc(C(F)(F)F)n2)cc1,4.684029654543083,2
O=C(NOCCN1CCOCC1)c1ccc(-c2noc(C(F)(F)F)n2)cc1,5.655607726314889,2
O=C(N[C@@H](C(=O)O)c1ccccc1)c1cccc(=S)n1O,4.031517051446065,2
O=C(N[C@@H](CCCCCB(O)O)C(=O)Nc1cccc(-c2ccccc2)c1)c1ccccc1,5.795880017344075,1
O=C(N[C@@H](CCCCCB(O)O)C(=O)Nc1cccc(-c2ccccc2)c1)c1cccnc1,5.653185300545775,3
O=C(N[C@@H](CCCCCB(O)O)C(=O)Nc1cccc(-c2ccccc2)c1)c1cncs1,5.783788937003344,3
O=C(N[C@@H](CCCCCC(=O)C1NC=CO1)C1NC(c2ccc(F)cc2)=NC1Cl)c1cncs1,9.657577319177792,1
O=C(N[C@@H](CCCCCC(=O)c1nccs1)c1nc(-c2ccc(F)cc2)c[nH]1)c1cncs1,7.721246399047171,1
O=C(N[C@@H](CCCCCCSSc1ccccn1)C(=O)NC1CCCCC1)OCc1ccccc1,7.174573882232177,2
O=C(N[C@@H](CCCCCCSSc1ccccn1)C(=O)NC1c2ccccc2-c2ccccc21)OCc1ccccc1,7.166215625343521,2
O=C(N[C@@H](CCCCCCSSc1ccccn1)C(=O)Nc1ccc(-c2ccccc2)cc1)OCc1ccccc1,7.149353764816933,2
O=C(N[C@@H](CCCCCCSSc1ccccn1)C(=O)Nc1cccc2ccccc12)OCc1ccccc1,7.185752404268079,2
O=C(N[C@@H](CCCCCCSSc1ccccn1)C(=O)Nc1ccccc1-c1ccccc1)OCc1ccccc1,7.147520006363144,2
O=C(N[C@@H](CCCCCCSSc1ccccn1)C(=O)Nc1nc(-c2ccccc2)cs1)OCc1ccccc1,8.292429823902063,2
O=C(N[C@@H](CCCCCCSSc1ccccn1)C(=O)OCC1c2ccccc2-c2ccccc21)OCc1ccccc1,8.119186407719209,2
O=C(N[C@@H](CCCCCCSSc1ccccn1)C(=O)OCc1c2ccccc2cc2ccccc12)OCc1ccccc1,7.22767829327708,2
O=C(N[C@@H](CCCCCCSSc1ccccn1)C(=O)OCc1ccc(-c2ccccc2)cc1)OCc1ccccc1,7.193141970481182,2
O=C(N[C@@H](CCCCCCSSc1ccccn1)C(=O)OCc1ccc([N+](=O)[O-])cc1)OCc1ccccc1,7.1911141326401875,2
O=C(N[C@@H](CCCCCCSSc1ccccn1)C(=O)OCc1ccc2ccccc2c1)OCc1ccccc1,7.185752404268079,2
O=C(N[C@@H](CCCCCCSSc1ccccn1)C(=O)OCc1cccc([N+](=O)[O-])c1)OCc1ccccc1,7.175874166083451,2
O=C(N[C@@H](CCCCCCSSc1ccccn1)C(=O)OCc1cccc2ccccc12)OCc1ccccc1,7.189095719331299,2
O=C(N[C@@H](CCCCCS)C(=O)NC1CCCC1)OC1CCCCC1,5.987162775294828,2
O=C(N[C@@H](CCCCCS)C(=O)NC1CCCC1)OCc1ccccc1,6.886056647693163,2
O=C(N[C@@H](CCCCCS)C(=O)NC1CCCC1)c1ccc(Cl)cc1,5.844663962534938,2
O=C(N[C@@H](CCCCCS)C(=O)NC1CCCC1)c1ccccc1,6.251811972993799,2
O=C(N[C@@H](CCCCCSSCCO)C(=O)Nc1cccc2cccnc12)OCc1ccccc1,8.309803919971486,1
O=C(N[C@@H](CCCCNC(=O)c1c(O)cccc1F)c1ncc(-c2ccc3ccccc3c2)[nH]1)c1cncs1,8.013228265733755,2
O=C(N[C@@H](CCCCNC(=O)c1ccccc1-n1cccc1)c1ncc(-c2ccc3ccccc3c2)[nH]1)c1cncs1,4.585026652029182,2
O=C(N[C@@H](CCCCNC(=O)c1ccccc1C1CC1)c1ncc(-c2ccc3ccccc3c2)[nH]1)c1cncs1,4.6020599913279625,2
O=C(N[C@@H](CCCCNC(=O)c1ccccc1O)c1ncc(-c2ccc3ccccc3c2)[nH]1)c1cncs1,8.050609993355087,2
O=C(N[C@@H](CCCCNC(=O)c1ccccc1S)c1ncc(-c2ccc3ccccc3c2)[nH]1)c1cncs1,4.823908740944319,2
O=C(N[C@@H](CCCCNC(=O)c1ncccc1O)c1ncc(-c2ccc3ccccc3c2)[nH]1)c1cncs1,7.2839966563652006,2
O=C(N[C@H](CCCCCB(O)O)C(=O)Nc1cccc(-c2ccccc2)c1)c1ccccc1,4.769551078621726,1
O=C(N[C@H](CCCCCB(O)O)C(=O)Nc1cccc(-c2ccccc2)c1)c1cccnc1,4.823908740944319,1
O=C(N[C@H](CCCCCB(O)O)C(=O)Nc1cccc(-c2ccccc2)c1)c1cncs1,4.619788758288394,1
O=C(Nc1cc(-c2ccccc2)ccc1O)c1cc2ccccc2s1,6.886056647693163,2
O=C(Nc1cc(-c2ccccc2)ccc1O)c1ccc(CN2CCCC2c2ccccn2)cc1,6.552841968657781,1
O=C(Nc1cc(-c2ccccc2)ccc1O)c1ccc(CN2CCNCC2)cc1,7.187086643357144,1
O=C(Nc1cc(-c2ccccc2)ccc1O)c1ccc(CN2CCOCC2)cc1,7.318758762624412,1
O=C(Nc1cc(-c2ccccc2)ccc1O)c1ccc(CN2CCc3ccccc3C2)cc1,6.6020599913279625,1
O=C(Nc1cc(-c2ccccc2)ccc1O)c1ccc(CN2Cc3ccccc3C2)cc1,4.568636235841013,1
O=C(Nc1cc(-c2ccccc2)ccc1O)c1ccc(CNC2CC2)cc1,7.119186407719209,1
O=C(Nc1cc(-c2ccccc2)ccc1O)c1ccc(CNC2CCCC2)cc1,6.823908740944319,1
O=C(Nc1cc(-c2ccccc2)ccc1O)c1ccc(CNC2Cc3ccccc3C2)cc1,6.795880017344075,1
O=C(Nc1cc(-c2ccccc2)ccc1O)c1ccc(CNCC2CC2)cc1,7.142667503568731,1
O=C(Nc1cc(-c2ccccc2)ccc1O)c1ccc(CNCCCN2CCCC2)cc1,7.040958607678906,1
O=C(Nc1cc(-c2ccccc2)ccc1O)c1ccc(CNCCCc2ccccc2)cc1,6.346787486224656,1
O=C(Nc1cc(-c2ccccc2)ccc1O)c1ccc(CNCCCc2ccncc2)cc1,7.0,1
O=C(Nc1cc(-c2ccccc2)ccc1O)c1ccc(CNCCNc2ccccc2)cc1,6.585026652029182,1
O=C(Nc1cc(-c2ccccc2)ccc1O)c1ccc(CNCCOc2ccccc2)cc1,6.443697499232712,1
O=C(Nc1cc(-c2ccccc2)ccc1O)c1ccc(CNCCc2c[nH]cn2)cc1,5.6020599913279625,1
O=C(Nc1cc(-c2ccccc2)ccc1O)c1ccc(CNCCc2ccc(Br)cc2)cc1,5.7447274948966935,1
O=C(Nc1cc(-c2ccccc2)ccc1O)c1ccc(CNCCc2ccccc2)cc1,6.012631911960401,3
O=C(Nc1cc(-c2ccccc2)ccc1O)c1ccc(CNCCc2cccnc2)cc1,5.6020599913279625,1
O=C(Nc1cc(-c2ccccc2)ccc1O)c1ccc(CNCCn2cccn2)cc1,7.481486060122112,1
O=C(Nc1cc(-c2ccccc2)ccc1O)c1ccc(CNCc2cccnc2)cc1,7.494850021680094,3
O=C(Nc1cc(-c2ccccc2)ccc1O)c1ccc(CNCc2cccs2)cc1,5.6777807052660805,1
O=C(Nc1cc(-c2ccccc2)ccc1O)c1ccc(CNc2ccccc2)cc1,7.050609993355087,1
O=C(Nc1cc(-c2ccccc2)ccc1O)c1ccc(CNc2ccncc2)cc1,8.00145493513415,3
O=C(Nc1cc(-c2ccccc2)ccc1O)c1ccccc1,7.236572006437063,4
O=C(Nc1cc(-c2ccccc2)ccc1O)c1ccccn1,6.508638306165727,2
O=C(Nc1cc(-c2ccccc2)ccc1O)c1cccnc1,7.167491087293763,2
O=C(Nc1cc(-c2ccccc2)ccc1O)c1ccco1,6.886056647693163,2
O=C(Nc1cc(-c2ccccc2)ccc1O)c1cccs1,6.781918676479622,4
O=C(Nc1cc(-c2ccccc2)ccc1O)c1ccncc1,7.1249387366083,2
O=C(Nc1cc(-c2ccccc2)ccc1O)c1ccno1,7.0,2
O=C(Nc1cc(-c2ccccc2)ccc1O)c1nc2ccccc2s1,6.455931955649724,2
O=C(Nc1cc(Br)ccc1O)c1ccc(CNc2ccncc2)cc1,5.282079974163006,2
O=C(Nc1cc(Cl)ccc1O)c1ccc(CNc2ccncc2)cc1,5.298259367562787,2
O=C(Nc1cc(F)ccc1O)c1ccc(CNc2ccncc2)cc1,5.696156225111345,2
O=C(Nc1ccc(C(=O)N2CCc3nc(C(=O)NO)sc3C2)cc1)c1ccc(-c2ccccc2)s1,5.586700235918748,2
O=C(Nc1ccc(CNC(=O)c2cc(F)ccc2N2CCCC2)cc1)OCc1cccnc1,5.928117992693874,2
O=C(Nc1ccc(Cl)cc1)Nc1ccc(C(=O)NO)cc1,5.8794260687941495,2
O=C(Nc1ccc(Oc2ccc(C(=O)c3ncc[nH]3)cc2)cc1)Nc1ccc(C(F)(F)F)c(Cl)c1,5.732828271596986,2
O=C(Nc1ccc2cc(C(=O)NO)sc2c1)c1ccc2ccccc2c1,7.102372908709558,2
O=C(Nc1ccc2cc(C(=O)NO)sc2c1)c1ccccc1,6.689840862691503,4
O=C(Nc1ccc2sc(C(=O)NO)cc2c1)c1ccccc1,6.972650392225244,2
O=C(Nc1ccccc1)C(CCCCCB(O)O)C(=O)Nc1cccc(-c2ccccc2)c1,4.522878745280337,1
O=C(Nc1ccccc1)c1ccc2sc(C(=O)NO)cc2c1,6.235077015350111,2
O=C(Nc1ccccc1)c1ccccc1NCc1ccc(-c2noc(C(F)(F)F)n2)cn1,6.013228265733755,1
O=C(Nc1ccccc1O)c1ccc(CNc2ccncc2)cc1,5.80465394165158,2
O=C(Nc1cccnc1)C(CCCCCB(O)O)C(=O)Nc1cccc(-c2ccccc2)c1,4.292429823902063,1
O=C(O)/C=C/c1ccc(O)c(O)c1,2.5951662833800615,1
O=C(O)/C=C\c1cc2ccoc2cc1O[C@@H]1O[C@H](CO)[C@@H](O)[C@H](O)[C@H]1O,5.337242168318426,2
O=C(O)C(=O)CCCCCCOc1ccc(-c2ccccc2)cc1,6.931798275933005,2
O=C(O)C(=O)NCCSSCCNC(=O)/C(Cc1ccc(O)c(Br)c1)=N/O,8.698970004336019,1
O=C(O)CC(c1nc2ccccc2o1)n1cc(/C=C/C(=O)NO)nn1,6.853871964321762,1
O=C(O)CC/C=C\C[C@@H]1NC(=O)[C@H]2CCCN2C(=O)[C@H](Cc2ccccc2)NC(=O)[C@H](Cc2c[nH]c3ccccc23)NC1=O,4.809243912633988,2
O=C(O)CCC(c1nc2ccccc2o1)n1cc(/C=C/C(=O)NO)nn1,6.47755576649368,1
O=C(O)CCC=CC[C@@H]1NC(=O)[C@H]2CCCN2C(=O)[C@H](Cc2ccccc2)NC(=O)[C@H](Cc2c[nH]c3ccccc23)NC1=O,4.991399828238082,1
O=C(O)CCCCCC/C(=N\O)c1ccc(-c2ccccc2)cc1,6.698970004336019,2
O=C(O)CCCCCCC(=O)Nc1ccc(C2=C(c3ccc(O)cc3)C3CC(S(=O)(=O)Oc4ccc(Cl)cc4)C2O3)cc1,6.617982957425132,2
O=C(O)CCCCCCC(=O)Nc1ccc(C2=C(c3ccc(O)cc3)C3CC(S(=O)(=O)Oc4ccc5ccccc5c4)C2O3)cc1,6.549750891680639,2
O=C(O)CCCCCCC(=O)Nc1ccc(OS(=O)(=O)C2CC3OC2C(c2ccc(O)cc2)=C3c2ccc(O)cc2)cc1,6.97061622231479,2
O=C(O)CCCCCCC(=O)c1ccccc1,6.568636235841012,1
O=C(O)CCCCCSc1nnc(-c2ccncc2)n1-c1ccccc1,5.048176964684088,2
O=C(O)CCCCC[C@@H]1NC(=O)[C@H](Cc2c(F)c(F)c(F)c(F)c2F)NC(=O)C[C@H](Cc2ccc(O)cc2)NC(=O)[C@H](Cc2cccc3ccccc23)NC1=O,6.0,2
O=C(O)CCCCC[C@@H]1NC(=O)[C@H](Cc2ccccc2)NC(=O)C[C@H](Cc2c[nH]c3ccccc23)NC(=O)[C@H](Cc2cccc3ccccc23)NC1=O,6.163389957775291,4
O=C(O)CCCCC[C@@H]1NC(=O)[C@H]2CCCCN2C(=O)C[C@H](Cc2ccccc2)NC(=O)[C@H](Cc2c[nH]c3ccccc23)NC1=O,6.101823516502323,1
O=C(O)CCCCC[C@H](NC(=O)c1cncs1)c1nc(-c2ccc3ccccc3c2)c[nH]1,7.638272163982407,1
O=C(O)CCCCC[C@H](NC(=O)c1cncs1)c1ncc(-c2ccc3ccccc3c2)[nH]1,7.638272163982407,1
O=C(O)CCCCC[C@H](NS(=O)(=O)c1ccccc1[N+](=O)[O-])c1nc(-c2ccc3ccccc3c2)c[nH]1,7.721246399047171,1
O=C(O)CCCCC[C@H](NS(=O)(=O)c1ccccc1[N+](=O)[O-])c1ncc(-c2ccc3ccccc3c2)[nH]1,7.721246399047171,1
O=C(O)CCCc1ccccc1,4.1938200260161125,1
O=C(O)CCCn1nc(-c2ccc(F)cc2)cc1C(=O)NCCCCCCS,6.9563411027981275,3
O=C(O)CCCn1nc(C(=O)NCCCCCCS)cc1-c1ccc(F)cc1,5.860323323638245,3
O=C(O)CCn1c(CCc2ccccc2)nc2cc(/C=C/C(=O)NO)ccc21,5.648673501381896,5
O=C(O)CCn1nc(-c2ccc(F)cc2)cc1C(=O)NCCCCCCS,6.299017343998209,3
O=C(O)CCn1nc(C(=O)NCCCCCCS)cc1-c1ccc(F)cc1,5.845070826784688,3
O=C(O)Cn1nc(-c2ccc(F)cc2)cc1C(=O)NCCCCCCS,6.703678218566554,3
O=C(O)Cn1nc(C(=O)NCCCCCCS)cc1-c1ccc(F)cc1,5.874316287517491,3
O=C(O)c1ccc(-c2ccc(C(=O)C(F)(F)F)s2)cc1,5.6020599913279625,2
O=C(O)c1ccc(-c2cssc2=S)cc1,4.0,1
O=C(O)c1cccc(-c2ccc(C(=O)C(F)(F)F)s2)c1,4.892790030352131,2
O=C(O)c1cccc(-c2ccc(C3(C(=O)Nc4ccc(C(=O)NO)cc4)CCCC3)cc2)c1,8.698970004336019,2
O=C(O)c1cccc(=S)n1O,4.366531544420414,2
O=C(O)c1cccc(C(CCCCN2C(=O)c3ccccc3C2=O)C(=O)NO)c1,5.853871964321762,2
O=C(O)c1csc(=S)s1,4.333482019445119,1
O=C(OCCOCCCl)[C@@H]1CCC(=O)N1c1ccc(-c2noc(C(F)(F)F)n2)c(F)c1,5.920818753952375,1
O=C([C@@H]1CCC(=O)N1c1cc(F)c(-c2noc(C(F)(F)F)n2)cc1F)N1CCC1,4.3872161432802645,1
O=C([C@@H]1CCC(=O)N1c1cc(F)c(-c2noc(C(F)(F)F)n2)cc1F)N1CCCC1,5.0,1
O=C([C@@H]1CCC(=O)N1c1cc(F)c(-c2noc(C(F)(F)F)n2)cc1F)N1CCCc2ccccc21,5.356547323513812,1
O=C([C@@H]1CCC(=O)N1c1cc(F)c(-c2noc(C(F)(F)F)n2)cc1F)N1CCc2ccccc2C1,5.920818753952375,1
O=C([C@H](Cc1ccc(-c2noc(C(F)(F)F)n2)cn1)c1cccc(C(F)(F)F)c1)N1CCS(=O)(=O)CC1,5.267680720452484,2
O=C([O-])CCCc1ccccc1,3.992152505736741,2
O=C([O-])CCCc1ccccc1.[Na+],3.7904849854573692,1
O=C(c1ccc(-c2ccc3nccnc3c2)s1)C(F)(F)F,6.040958607678906,2
O=C(c1ccc(-c2nc(-c3ccc(F)cc3)no2)s1)C(F)(F)F,5.229147988357855,2
O=C(c1ccc(-c2nc(-c3ccc(F)cc3F)no2)s1)C(F)(F)F,5.376750709602099,2
O=C(c1ccc(-c2nc(-c3cccc(C(F)(F)F)c3)no2)s1)C(F)(F)F,4.756961951313706,2
O=C(c1ccc(-c2nc(-c3ccccc3)no2)s1)C(F)(F)F,5.130768280269024,2
O=C(c1ccc(-c2nc(-c3ccccn3)no2)s1)C(F)(F)F,5.552841968657781,2
O=C(c1ccc(-c2nc(-c3cccnc3)no2)s1)C(F)(F)F,5.657577319177793,2
O=C(c1ccc(-c2nc(-c3cccs3)no2)s1)C(F)(F)F,5.537602002101044,2
O=C(c1ccc(-c2nc(COc3ccc(-c4nnco4)cc3)no2)s1)C(F)(F)F,5.318758762624412,2
O=C(c1ccc(-c2nc(CS(=O)(=O)Cc3ccc(F)cc3)no2)s1)C(F)(F)F,5.182107382233173,4
O=C(c1ccc(-c2nc(CS(=O)(=O)c3cccs3)no2)s1)C(F)(F)F,5.409492895823896,4
O=C(c1ccc(-c2nc(Cc3cccs3)no2)s1)C(F)(F)F,6.004364805402449,2
O=C(c1ccc(-c2nnc(-c3ccccc3)o2)s1)C(F)(F)F,5.527243550682788,2
O=C(c1ccc(-c2nnc(-c3cccs3)o2)s1)C(F)(F)F,5.585026652029182,2
O=C(c1ccc(C(=O)C(F)(F)C(F)(F)F)s1)N1CCc2ccccc21,5.376750709602099,2
O=C(c1ccc(C(=O)C(F)(F)F)s1)N1CCC(c2nnc(-c3ccccc3)o2)CC1,5.886056647693163,2
O=C(c1ccc(C(=O)C(F)(F)F)s1)N1CCc2ccccc21,5.7613322187884,6
O=C(c1ccc(C(=O)C(F)(F)F)s1)N1CCn2c(-c3ccccc3)cnc2C1,5.293769726285019,4
O=C(c1ccc(C(=O)N2CCc3ccccc32)s1)C(F)F,5.013228265733755,4
O=C(c1cnc(-c2ccccc2)s1)C(F)(F)F,5.431798275933005,2
O=C(c1cncnc1)N(Cc1ccc(-c2noc(C(F)(F)F)n2)cc1)c1cccc(C(F)(F)F)c1,6.173925197299173,1
O=C(c1ncc(C(=O)C(F)(F)F)s1)N1CCc2ccccc21,5.795880017344075,2
O=C1/C(=C/c2ccc(O)c(O)c2)Oc2cc(O)cc(O)c21,4.524420359454456,3
O=C1/C(=C/c2ccc(O)c(O)c2)Oc2ccccc21,4.990792148314446,3
O=C1/C(=C/c2ccc(O)cc2)Oc2ccccc21,4.22570147585477,3
O=C1/C(=C/c2cccc(O)c2O)Oc2ccccc21,4.695349488771416,3
O=C1C(C2CCOCC2)NC[C@@H](c2cc(F)cc(F)c2)N1c1ccc(-c2noc(C(F)(F)F)n2)cn1,5.366531544420413,1
O=C1CC(NCc2ccc(-c3noc(C(F)(F)F)n3)cn2)CCN1,5.267606240177031,1
O=C1CCC(NCc2ccc(-c3noc(C(F)(F)F)n3)cn2)c2ccccc2N1,5.889423339022647,2
O=C1CCC(c2c(F)cccc2F)N1c1ccc(-c2noc(C(F)(F)F)n2)cc1F,4.958607314841775,1
O=C1CCC(c2ccc(-c3noc(C(F)(F)F)n3)cc2)N1c1cccc(F)c1,5.6020599913279625,1
O=C1CCC(c2ccc(-c3noc(C(F)(F)F)n3)cc2)N1c1ccccc1F,5.732226360411666,2
O=C1CCC(c2ccc(Cl)cc2)N1c1ccc(-c2noc(C(F)(F)F)n2)cc1F,6.142667503568731,1
O=C1CCC(c2cccc(Cl)c2)N1c1ccc(-c2noc(C(F)(F)F)n2)cc1F,5.795880017344075,1
O=C1CCC(c2ccccc2)N1c1cc(F)c(-c2noc(C(F)(F)F)n2)cc1F,6.214670164989233,1
O=C1CCC(c2ccccc2)N1c1ccc(-c2noc(C(F)(F)F)n2)c(F)c1,5.721246399047171,1
O=C1CCC(c2ccccc2)N1c1ccc(-c2noc(C(F)(F)F)n2)cc1,6.0,1
O=C1CCC(c2ccccc2)N1c1ccc(-c2noc(C(F)(F)F)n2)cc1F,6.275724130399211,1
O=C1CCC(c2ccccc2)N1c1ncc(-c2noc(C(F)(F)F)n2)cc1F,5.638272163982407,1
O=C1CCC(c2ccccc2Cl)N1c1ccc(-c2noc(C(F)(F)F)n2)c(F)c1,4.795880017344075,1
O=C1CCC(c2ccccc2Cl)N1c1ccc(-c2noc(C(F)(F)F)n2)cc1F,5.7447274948966935,1
O=C1CCC(c2ccccc2F)N1c1ccc(-c2noc(C(F)(F)F)n2)cc1F,6.2441251443275085,2
O=C1CCCC(c2ccccc2)N1c1ccc(-c2noc(C(F)(F)F)n2)cc1,6.3872161432802645,1
O=C1CCCC(c2ccccc2)N1c1ccc(-c2noc(C(F)(F)F)n2)cn1,5.537602002101044,1
O=C1CCCC[C@@](CCCCCC(=O)c2ccon2)(C2=NC(c3ccccc3F)CN2)N1,7.769551078621726,1
O=C1CCC[C@@H](C(=O)N[C@@H](CCCCCS)C(=O)N2CCc3ccccc3C2)N1,5.537602002101044,2
O=C1CCC[C@@H](C(=O)N[C@@H](CCCCCS)C(=O)NC2CCCC2)N1,6.795880017344075,2
O=C1CCC[C@@H](C(=O)N[C@@H](CCCCCS)C(=O)NCc2ccc(C(F)(F)F)cc2)N1,6.413412695328245,2
O=C1CCC[C@@H](C(=O)N[C@@H](CCCCCS)C(=O)NCc2cccc(OCc3ccccc3)c2)N1,6.297569463554474,2
O=C1CCC[C@@H](C(=O)N[C@@H](CCCCCS)C(=O)Nc2ccccc2)N1,7.823908740944319,2
O=C1CCC[C@@H](c2nc3ccccc3s2)N1c1ccc(-c2noc(C(F)(F)F)n2)cc1,6.657577319177793,1
O=C1CCC[C@H](C(=O)N[C@@H](CCCCCS)C(=O)Nc2ccccc2)N1,8.0,2
O=C1CCSc2ccc(C(=O)NO)cc2N1,5.008773924307505,2
O=C1CC[C@@H](C(=O)N[C@@H](CCCCCS)C(=O)Nc2ccccc2)N1,7.619788758288394,2
O=C1CC[C@@H](C(=O)N[C@H](CCCCCS)C(=O)Nc2ccccc2)N1,7.886056647693163,2
O=C1CC[C@@H](CN2CCOCC2)N1c1ccc(-c2noc(C(F)(F)F)n2)c(F)c1,4.823908740944319,1
O=C1CC[C@@H](CO)N1c1ccc(-c2noc(C(F)(F)F)n2)c(F)c1,6.42021640338319,1
O=C1CC[C@@H](c2ccccc2)N1c1ccc(-c2noc(C(F)(F)F)n2)cn1,5.318758762624412,2
O=C1CC[C@@H](c2nc(-c3ccccn3)no2)N1c1ccc(-c2noc(C(F)(F)F)n2)cc1,7.013228265733755,1
O=C1CC[C@@H](c2nc(-c3cccnc3)no2)N1c1ccc(-c2noc(C(F)(F)F)n2)cc1,6.886056647693163,1
O=C1CC[C@@H](c2nc(-c3ccncc3)no2)N1c1ccc(-c2noc(C(F)(F)F)n2)cc1,7.086186147616283,1
O=C1CC[C@@H](c2nc3ccccc3[nH]2)N1c1ccc(-c2noc(C(F)(F)F)n2)cc1,6.958607314841775,1
O=C1CC[C@@H](c2nc3ccccc3o2)N1c1ccc(-c2noc(C(F)(F)F)n2)cc1,6.920818753952375,1
O=C1CC[C@@H](c2nc3ccccc3o2)N1c1ccc(-c2noc(C(F)(F)F)n2)cc1F,7.494850021680094,1
O=C1CC[C@@](CCCCCC(=O)c2ccon2)(C2=NC(c3ccc(C4CC4)cc3F)CN2)N1,9.0,1
O=C1CC[C@@](CCCCCC(=O)c2ccon2)(C2=NC(c3ccc(C4NC=CO4)cc3F)CN2)N1,8.744727494896694,1
O=C1CC[C@@](CCCCCC(=O)c2ccon2)(C2=NC(c3ccccc3F)CN2)N1,9.036212172654444,1
O=C1CC[C@H](C(=O)N[C@@H](CCCCCS)C(=O)Nc2cccc(C(F)(F)F)c2)N1,8.301029995663981,4
O=C1CC[C@H](C(=O)N[C@@H](CCCCCS)C(=O)Nc2ccccc2)N1,7.886056647693163,2
O=C1CC[C@H](C(=O)N[C@H](CCCCCS)C(=O)Nc2ccccc2)N1,6.995678626217357,2
O=C1CC[C@](CCCCCC(=O)C2NC=CO2)(c2ncc(-c3ccc(F)cc3)[nH]2)N1,8.657577319177793,1
O=C1CCc2cc(C(F)(F)F)ccc2N1Cc1ccc(-c2noc(C(F)(F)F)n2)cn1,6.522878745280337,1
O=C1CCc2ccc(Br)cc2N1Cc1ccc(-c2noc(C(F)(F)F)n2)cc1,6.7447274948966935,1
O=C1CCc2ccc(F)cc2N1Cc1ccc(-c2noc(C(F)(F)F)n2)cn1,7.275724130399211,1
O=C1CCc2cccc(C(F)(F)F)c2N1Cc1ccc(-c2noc(C(F)(F)F)n2)cn1,6.055517327849831,1
O=C1CCc2ccccc2N1Cc1ccc(-c2noc(C(F)(F)F)n2)cn1,6.823908740944319,1
O=C1CCc2cccnc2N1Cc1ccc(-c2noc(C(F)(F)F)n2)cn1,5.431798275933005,1
O=C1CCc2ncccc2N1Cc1ccc(-c2noc(C(F)(F)F)n2)cn1,6.236572006437063,1
O=C1CN(Cc2ccc(C(=O)NO)cc2)C(=O)[C@@H](Cc2c[nH]c3ccccc23)N1,5.095825631715837,1
O=C1CN(Cc2ccc(C(=O)NO)cc2)C(=O)[C@@H](Cc2ccccc2)N1,5.082494490447454,1
O=C1CN(Cc2ccc(C(=O)NO)cc2)C(=O)[C@H](Cc2c[nH]c3ccccc23)N1,5.7935220593134655,2
O=C1CN(Cc2ccc(C(=O)NO)cc2)C(=O)[C@H](Cc2ccccc2)N1,5.142667503568731,1
O=C1CNC(=O)/C(=C/c2ccc(C(=O)NO)cc2)N1,6.242653328461637,2
O=C1CNCC(c2ccccc2)N1c1ccc(-c2noc(C(F)(F)F)n2)cc1,6.259637310505756,1
O=C1COC[C@@H](CNCc2ccc(-c3noc(C(F)(F)F)n3)cn2)N1,5.552841968657781,1
O=C1COC[C@@H](c2ccccc2)N1c1cc(F)c(-c2noc(C(F)(F)F)n2)cc1F,5.886056647693163,1
O=C1COC[C@@H](c2ccccc2)N1c1ccc(-c2noc(C(F)(F)F)n2)c(F)c1,6.318758762624412,1
O=C1COC[C@@H](c2ccccc2)N1c1ccc(-c2noc(C(F)(F)F)n2)cc1,6.356547323513812,1
O=C1COC[C@@H](c2ccccc2)N1c1ccc(-c2noc(C(F)(F)F)n2)cc1F,6.4089353929735005,1
O=C1COC[C@@H](c2ccccc2)N1c1ccc(-c2noc(C(F)(F)F)n2)cn1,5.853871964321762,1
O=C1COC[C@@H](c2ccccc2)N1c1ccc(-c2noc(C(F)(F)F)n2)nc1,5.619788758288394,1
O=C1COC[C@@H](c2ccccc2)N1c1ccc(-c2noc(C(F)(F)F)n2)nn1,4.552841968657781,2
O=C1COC[C@@H](c2ccccc2)N1c1cnc(-c2noc(C(F)(F)F)n2)cn1,5.537602002101044,2
O=C1COC[C@@H](c2nc(-c3ccccn3)no2)N1c1ccc(-c2noc(C(F)(F)F)n2)cc1,7.1938200260161125,1
O=C1COC[C@@H](c2nc(-c3cccnc3)no2)N1c1ccc(-c2noc(C(F)(F)F)n2)cc1,7.0,1
O=C1COC[C@@H](c2nc3ccccc3o2)N1c1ccc(-c2noc(C(F)(F)F)n2)cc1,7.259637310505756,1
O=C1COC[C@H](CNCc2ccc(-c3noc(C(F)(F)F)n3)cn2)N1,5.6020599913279625,1
O=C1COc2ccccc2N1Cc1ccc(-c2noc(C(F)(F)F)n2)cn1,6.823908740944319,1
O=C1COc2ccccc2N1Cc1noc(-c2ccc(C(=O)C(F)(F)F)s2)n1,5.931814138253838,2
O=C1CSc2ccccc2N1Cc1ccc(-c2noc(C(F)(F)F)n2)cn1,6.886056647693163,1
O=C1C[C@@H](C(=O)N[C@@H](CCCCCS)C(=O)Nc2ccccc2)N1,8.096910013008056,2
O=C1C[C@H]2CCCCN2C(=O)[C@H](Cc2ccccc2)NC(=O)[C@H](Cc2ccccc2)NC(=O)[C@H](CCCCCC(=O)[C@@H]2CO2)N1,9.086186147616283,2
O=C1C[C@H]2CCCN2C(=O)[C@H](Cc2ccccc2)NC(=O)[C@H](Cc2ccccc2)NC(=O)[C@H](CCCCCC(=O)[C@@H]2CO2)N1,9.958607314841775,2
O=C1N(CC2CCOCC2)CC(c2ccccc2)N1c1ccc(-c2noc(C(F)(F)F)n2)cc1,5.468521082957745,1
O=C1N=C(N2CCN(Cc3ccccc3B(O)O)CC2)S/C1=C\c1ccc(Cl)c(Cl)c1,6.638272163982407,1
O=C1NC(=O)/C(=C\c2ccc(OCC(=O)N3N=C(c4ccc(F)cc4)CC3c3ccc(Cl)c(Cl)c3)cc2)S1,4.958607314841775,2
O=C1NC(=O)/C(=C\c2ccc(OCC(=O)N3N=C(c4ccccc4)CC3c3ccc(Cl)c(Cl)c3)cc2)S1,5.309803919971486,2
O=C1NC(=O)[C@]2(CC[C@H](NCc3ccc(-c4noc(C(F)(F)F)n4)cn3)CC2)N1,5.468521082957745,1
O=C1NC(CCCCCC(=O)C2NC=CO2)(C2=NC(c3ccc(F)cc3)CN2)CO1,8.356547323513812,1
O=C1NCCCC1NCc1ccc(-c2noc(C(F)(F)F)n2)cn1,5.080921907623926,1
O=C1NCCCCC1NCc1ccc(-c2noc(C(F)(F)F)n2)cn1,5.136677139879544,1
O=C1NCCC[C@@H]1C(=O)N[C@@H](CCCCCS)C(=O)Nc1ccccc1,7.920818753952375,2
O=C1NCCC[C@H]1C(=O)N[C@@H](CCCCCS)C(=O)Nc1ccccc1,8.154901959985743,2
O=C1NCCN(c2ccc(-c3noc(C(F)(F)F)n3)cn2)C1c1cccc(F)c1,6.906578314837764,1
O=C1NCCc2c(OCc3ccc(-c4noc(C(F)(F)F)n4)c(F)c3)cccc21,5.161150909262744,1
O=C1NCCc2c(OCc3ccc(-c4noc(C(F)(F)F)n4)cn3)cccc21,5.886056647693163,1
O=C1NCCc2ccccc2C1NCc1ccc(-c2noc(C(F)(F)F)n2)cn1,5.886056647693163,1
O=C1NC[C@@H](c2ccccc2)[C@@H]1C(=O)N[C@@H](CCCCCS)C(=O)Nc1ccccc1,8.154901959985743,2
O=C1NC[C@@H](c2ccccc2)[C@H]1C(=O)N[C@@H](CCCCCS)C(=O)Nc1ccccc1,7.130768280269024,2
O=C1NC[C@H](c2ccccc2)[C@@H]1C(=O)N[C@@H](CCCCCS)C(=O)Nc1ccccc1,7.494850021680094,2
O=C1NC[C@H](c2ccccc2)[C@H]1C(=O)N[C@@H](CCCCCS)C(=O)Nc1ccccc1,7.275724130399211,2
O=C1N[C@@H](Cc2ccccc2)C(=O)N2CCC[C@@H]2C(=O)N[C@@H](CCCCCC(=O)[C@@H]2CO2)C(=O)N[C@H]1Cc1ccccc1,8.45218244117127,3
O=C1N[C@@H]2CCCCCCCCCCCC[C@H](NC2=O)C(=O)N2CCC[C@@H]2C(=O)N[C@H]1CCCCCSSc1ccccn1,7.455931955649724,2
O=C1N[C@@H]2CCCCCCCCCCC[C@H](NC2=O)C(=O)N2CCC[C@@H]2C(=O)N[C@H]1CCCCCB(O)O,4.920818753952375,2
O=C1N[C@@H]2CCCCCSSCCCCC[C@@H]1NC(=O)[C@H]1CCCN1C(=O)[C@H](Cc1ccccc1)NC2=O,8.309803919971486,2
O=C1N[C@@H]2CCOCCSSCCCCC[C@@H]1NC(=O)[C@H]1CCCN1C(=O)[C@H](Cc1ccccc1)NC2=O,8.0,2
O=C1Nc2cc(-c3cn(Cc4ccc(-c5nnc(C(F)F)o5)cc4)nn3)ccc2NC12CCNCC2,3.780939667551139,1
O=C1Nc2cc(-c3cn(Cc4ccc(-c5nnc(C(F)F)o5)cn4)nn3)ccc2NC12CCNCC2,3.910448117113546,1
O=C1Nc2ccc(F)cc2C1Cc1ccc(-c2noc(C(F)(F)F)n2)cc1,6.1487416512809245,1
O=C1Nc2ccccc2CC1NCc1ccc(-c2noc(C(F)(F)F)n2)cn1,6.0,1
O=C1OC[C@@H](c2ccccc2)N1c1cc(F)c(-c2noc(C(F)(F)F)n2)cc1F,6.0,1
O=C1OC[C@@H](c2ccccc2)N1c1ccc(-c2noc(C(F)(F)F)n2)c(F)c1,5.346787486224656,1
O=C1c2cc(F)ccc2CCN1Cc1ccc(-c2noc(C(F)(F)F)n2)cn1,6.1938200260161125,1
O=CN(CC1CCN(c2ncc(C(=O)NO)cn2)CC1)C1(C(=O)NCCc2c[nH]c3ccccc23)CCNC1,7.214670164989233,2
O=CN(CC1CCN(c2ncc(C(=O)NO)cn2)CC1)C1(C(=O)NCc2ccccc2)CCNC1,7.6777807052660805,2
O=CN(O)CCCCCC(C(=O)Nc1ccc2ncccc2c1)C(=O)Nc1ccc2ncccc2c1,6.538131242133896,3
O=CN(O)CCCCCC(C(=O)Nc1cnc2ccccc2c1)C(=O)Nc1cnc2ccccc2c1,6.534996100140635,3
O=CN(O)CCCCCCCC(=O)Nc1ccc2ccccc2c1,5.860323323638245,3
O=CN(O)CCCCCCCC(=O)Nc1cccc2ccccc12,4.929760094772999,3
O=CN(O)CCCCCCCC(=O)Nc1ccccc1,5.552841968657781,1
O=CN(O)CCCCCNC(=O)CCc1ccccc1,4.309803919971486,2
O=CN(O)CCCCCNC(=O)c1ccc2ccccc2c1,5.709553539633379,3
O=CN(O)CCCCCNC(=O)c1ccccc1,4.522878745280337,2
O=CN/N=C/c1ccc(NS(=O)(=O)c2ccc(-c3ccccc3)cc2)cc1O,3.5346171485515816,1
O=NC(=O)/C=C/c1ccc2c(O)c3ccccc3c(O)c2c1,5.513003111568177,1
O=NC(=O)/C=C/c1ccc2c(O)n(Cc3ccccc3)c(O)c2c1,6.242603971206975,1
O=NC(=O)c1ccc(-c2csc(-n3[nH]c(-c4ccccc4)c(NNc4nccs4)c3=O)n2)cc1,6.238523220455298,1
O=NC(=O)c1ccc2c(O)c3ccccc3c(O)c2c1,6.040958607678906,1
O=NC(CCCCCCC(=O)NO)c1ccc(-c2ccccc2)cc1,8.397940008672037,3
O=NC(CCCCCCC(=O)NO)c1ccc2ccccc2c1,8.070581074285707,3
O=NC(CCCCCCC(=O)O)c1ccc(-c2ccccc2)cc1,6.698970004336019,2
O=NC(Cc1cc(Br)c(O)c(Br)c1)C(=O)NCCS,9.69897000433602,1
O=NC(Cc1cc(Br)cc([N+](=O)[O-])c1)C(=O)NCCS,8.301029995663981,1
O=NC(Cc1ccc(F)c(Br)c1)C(=O)NCCS,9.0,1
O=NC(Cc1ccc(F)cc1)C(=O)NCCS,8.154901959985743,1
O=NC(Cc1ccc(O)c(Br)c1)C(=O)NCCC(=O)NO,8.221848749616356,2
O=NC(Cc1ccc(O)c(Br)c1)C(=O)NCCCC(=O)NO,6.252158466191542,2
O=NC(Cc1ccc(O)c(Br)c1)C(=O)NCCS,8.164877073462938,2
O=NC(Cc1ccc(O)c(Br)c1)C(=O)NCCSSCCNC(=O)C(Cc1ccc(O)c(Br)c1)N=O,7.676241383753965,3
O=NC(Cc1ccc(O)cc1)C(=O)NCCS,8.397940008672037,1
O=NC(Cc1cccc([N+](=O)[O-])c1)C(=O)NCCS,9.0,1
O=NC(Cc1ccccc1)C(=O)NCCS,7.920818753952375,1
O=NOc1ccc(N=NCc2ccc(O)c(O)c2)c(S(=O)(=O)Nc2ccc(Cl)cc2)c1,7.0,1
O=Nc1c(-c2c(O)n(CCCCCCC(=O)NO)c3c(Cl)cccc23)[nH]c2ccccc12,8.154901959985743,1
O=Nc1c(-c2c(O)n(CCCCCCC(=O)NO)c3ccc(Br)cc23)[nH]c2ccccc12,8.397940008672037,1
O=Nc1c(-c2c(O)n(CCCCCCC(=O)NO)c3ccc(Cl)cc23)[nH]c2ccccc12,8.522878745280337,1
O=Nc1c(-c2c(O)n(CCCCCCC(=O)NO)c3ccc(F)cc23)[nH]c2ccccc12,7.853871964321762,1
O=Nc1c(-c2c(O)n(CCCCCCC(=O)NO)c3ccccc23)[nH]c2ccccc12,7.657577319177793,1
O=Nc1c(-c2c(O)n(Cc3ccc(/C=C/C(=O)NO)cc3)c3c(Cl)cccc23)[nH]c2ccccc12,6.218963061378869,1
O=Nc1c(-c2c(O)n(Cc3ccc(/C=C/C(=O)NO)cc3)c3ccc(Br)cc23)[nH]c2ccccc12,6.73754891026957,1
O=Nc1c(-c2c(O)n(Cc3ccc(/C=C/C(=O)NO)cc3)c3ccc(Cl)cc23)[nH]c2ccccc12,6.497572880015568,1
O=Nc1c(-c2c(O)n(Cc3ccc(/C=C/C(=O)NO)cc3)c3ccc(F)cc23)[nH]c2ccccc12,6.374687549038326,1
O=Nc1c(-c2c(O)n(Cc3ccc(/C=C/C(=O)NO)cc3)c3ccccc23)[nH]c2ccccc12,7.022276394711152,1
O=Nc1c(-c2c(O)n(Cc3ccc(C(=O)NO)cc3)c3c(Cl)cccc23)[nH]c2ccccc12,7.1487416512809245,1
O=Nc1c(-c2c(O)n(Cc3ccc(C(=O)NO)cc3)c3ccc(Br)cc23)[nH]c2ccccc12,7.4089353929735005,1
O=Nc1c(-c2c(O)n(Cc3ccc(C(=O)NO)cc3)c3ccc(Cl)cc23)[nH]c2ccccc12,6.7594507517174005,1
O=Nc1c(-c2c(O)n(Cc3ccc(C(=O)NO)cc3)c3ccc(F)cc23)[nH]c2ccccc12,6.661543506395395,1
O=Nc1c(-c2c(O)n(Cc3ccc(C(=O)NO)cc3)c3ccccc23)[nH]c2ccccc12,6.709965388637482,1
O=S(=O)(N1CCC2(CC1)CN(C1CCC1)C2)N(Cc1ccc(-c2nnc(C(F)F)o2)cc1)c1ccccc1,6.913640169325252,1
O=S(=O)(N1CCC2(CC1)CN(C1COC1)C2)N(Cc1ccc(-c2nnc(C(F)F)o2)cc1)c1ccccc1,6.7495799976911055,1
O=S(=O)(N1CCC2(CC1)CNC2)N(Cc1ccc(-c2nnc(C(F)F)o2)cc1)c1ccccc1,7.017728766960431,1
O=S(=O)(N1CCN(C2CCC2)CC1)N(Cc1ccc(-c2nnc(C(F)F)o2)cc1)c1ccc(F)c(Cl)c1,6.625251653989896,1
O=S(=O)(N1CCN(C2CCC2)CC1)N(Cc1ccc(-c2nnc(C(F)F)o2)cc1)c1ccccc1,6.876148359032914,1
O=S(=O)(N1CCN(C2CCC2)CC1)N(Cc1ccc(-c2nnc(C(F)F)o2)cn1)c1ccc(F)c(Cl)c1,7.568636235841012,1
O=S(=O)(N1CCN(C2CCC2)CC1)N(Cc1ccc(-c2nnc(C(F)F)o2)cn1)c1cccc(Cl)c1,7.443697499232712,1
O=S(=O)(N1CCN(C2COC2)CC1)N(Cc1ccc(-c2nnc(C(F)(F)F)o2)cc1F)c1ccccc1,7.119186407719209,1
O=S(=O)(N1CCN(C2COC2)CC1)N(Cc1ccc(-c2nnc(C(F)(F)F)o2)cn1)c1ccccc1,7.102372908709558,1
O=S(=O)(N1CCN(C2COC2)CC1)N(Cc1ccc(-c2nnc(C(F)F)o2)cc1)c1ccc(F)c(Cl)c1,7.366531544420414,1
O=S(=O)(N1CCN(C2COC2)CC1)N(Cc1ccc(-c2nnc(C(F)F)o2)cc1)c1ccccc1,7.318758762624412,1
O=S(=O)(N1CCN(C2COC2)CC1)N(Cc1ccc(-c2nnc(C(F)F)o2)cc1F)c1ccccc1,7.585026652029182,1
O=S(=O)(N1CCN(C2COC2)CC1)N(Cc1ccc(-c2nnc(C(F)F)o2)cn1)c1ccc(F)c(Cl)c1,7.853871964321762,1
O=S(=O)(N1CCN(C2COC2)CC1)N(Cc1ccc(-c2nnc(C(F)F)o2)cn1)c1cccc(Cl)c1,7.67778070526608,1
O=S(=O)(N1CCN(C2COC2)CC1)N(Cc1ccc(-c2nnc(C(F)F)o2)cn1)c1ccccc1,7.795880017344075,1
O=S(=O)(N1CCNCC1)N(Cc1ccc(-c2nnc(C(F)(F)F)o2)cc1F)c1cccc(F)c1,7.236572006437063,1
O=S(=O)(N1CCNCC1)N(Cc1ccc(-c2nnc(C(F)(F)F)o2)cc1F)c1ccccc1,7.180456064458131,1
O=S(=O)(N1CCNCC1)N(Cc1ccc(-c2nnc(C(F)(F)F)o2)cc1F)c1cccnc1,7.356547323513812,1
O=S(=O)(N1CCNCC1)N(Cc1ccc(-c2nnc(C(F)F)o2)cc1F)c1cccc(F)c1,7.619788758288394,1
O=S(=O)(N1CCNCC1)N(Cc1ccc(-c2nnc(C(F)F)o2)cc1F)c1ccccc1,7.552841968657781,1
O=S(=O)(N1CCNCC1)N(Cc1ccc(-c2nnc(C(F)F)o2)cc1F)c1cccnc1,7.091514981121351,1
O=S(=O)(N1CCOCC1)N(Cc1ccc(-c2nnc(C(F)(F)F)o2)cc1)c1ccc(F)cc1,6.866461091629782,1
O=S(=O)(N1CCOCC1)N(Cc1ccc(-c2nnc(C(F)F)o2)cc1)c1ccc(F)cc1,7.2839966563652,1
O=S(=O)(Nc1cccc(Cl)c1)c1ccc(-c2noc(C(F)(F)F)n2)cc1,5.207608310501746,1
O=S(=O)(Nc1ccccc1)c1ccc(-c2noc(C(F)(F)F)n2)cc1,5.154901959985743,1
O=S1(=O)CCC(S(=O)(=O)N(Cc2ccc(-c3noc(C(F)(F)F)n3)cc2)c2cccc(C(F)(F)F)c2)C1,5.920818753952375,1
O=S1(=O)CCN(S(=O)(=O)N(Cc2ccc(-c3nnc(C(F)F)o3)cn2)c2ccc(F)c(Cl)c2)CC1,7.638272163982407,1
O=S1(=O)CCN(S(=O)(=O)N(Cc2ccc(-c3nnc(C(F)F)o3)cn2)c2ccccc2)CC1,7.698970004336019,1
O=c1[nH]c2ccccc2n(Cc2ccc(-c3noc(C(F)(F)F)n3)cn2)c1=O,7.0655015487564325,1
O=c1c2ccccc2nc2n1Cc1cc3ccccc3nc1-2,5.1938200260161125,1
O=c1cc(-c2ccccc2)oc2cc(O)c(O)c(O)c12,4.330683119433888,2
O=c1ccc2ccc(Br)cc2n1Cc1ccc(-c2noc(C(F)(F)F)n2)cc1,6.6777807052660805,1
O=c1ccc2ccc(C(F)(F)F)cc2n1Cc1ccc(-c2noc(C(F)(F)F)n2)cn1,6.552841968657781,1
O=c1ccc2ccc(F)cc2n1Cc1ccc(-c2noc(C(F)(F)F)n2)cc1,6.585026652029182,1
O=c1ccc2ccccc2n1Cc1ccc(-c2noc(C(F)(F)F)n2)cc1,6.119186407719209,1
O=c1ccc2ccccc2n1Cc1ccc(-c2noc(C(F)(F)F)n2)cn1,7.00436480540245,1
O=c1ccc2ccccc2n1Cc1ncc(-c2noc(C(F)(F)F)n2)cn1,6.657577319177793,1
O=c1ccc2cnccc2n1Cc1ccc(-c2noc(C(F)(F)F)n2)cn1,6.552841968657781,1
O=c1cnc2ccccc2n1Cc1ccc(-c2noc(C(F)(F)F)n2)cn1,6.769551078621726,1
OC1(c2ccccc2)C=C(c2ccccc2)CO1,5.562249437179612,2
OCc1cc(NCc2ccc(-c3noc(C(F)(F)F)n3)cn2)ccc1F,6.2839966563652006,1
OCc1cccc(NCc2ccc(-c3noc(C(F)(F)F)n3)cc2)c1,5.698970004336019,1
OCc1ccnc(NCc2ccc(-c3noc(C(F)(F)F)n3)cc2)n1,5.443697499232712,1
OCc1ccnc(NCc2ccc(-c3noc(C(F)(F)F)n3)cn2)c1,6.086186147616283,1
Oc1c(I)cc(Cl)c2cccnc12,3.8708490121715378,2
Oc1ccc(-c2cc(=S)ss2)cc1,6.346787486224656,2
S=C1Sc2cccc(Br)c2C2=NCCN12,4.42021640338319,2
S=C1Sc2cccc(Cl)c2C2=NCCCN12,4.619788758288394,2
S=C1Sc2cccc(I)c2C2=NCCCN12,4.920818753952375,2
SCCCCCCOc1ccccc1,4.958607314841775,2
[11CH3]n1cc(CCNCc2ccc(/C=C/C(=O)NO)cc2)c2ccccc21,9.698970004336019,1
[C-]#[N+]c1ccc(C(=O)CSC(=S)SCC)cc1,6.299997602857746,1
[C]C([C])=[C][C]N([C][C]=C([C])[C])c1ccc(-c2nc(N3[C][C]O[C][C]3)c3nc([C]N([C])c4ncc(C(=O)[N][O])cn4)n([C])c3n2)cc1,8.0,1
[C]C([C])=[C][C][C]/C([C])=[C]/[C][C]/C([C])=[C]/[C]Sc1ccccc1C(=O)[N][C][C][C][C]C(=O)[N][O],7.236572006437063,1
[C]C([C])=[C]c1sc(-c2nccs2)nc1C(=O)[N][C][C][C][C]C(=O)[N][O],6.769551078621726,1
[C]C([C])=[C]c1sc(-c2nccs2)nc1C(=O)[N][C][C][C][N]C(=O)[C][S],5.912928794093465,1
[C][C]([C])[C][C@H]1[C]C(=O)[N][C@@H]([C][C][C]N=C([N])[N])C(=O)[N][C@@H]([C][C][C][C][C]C([O])=O)C(=O)[N][C@@H]([C]c2cccc3ccccc23)C(=O)[N]1,6.7495799976911055,1
[C]c1ccc(C(=O)[N][C@@H]([C][C][C]N=C([N])[N])C(=O)[N][C][C]C(=O)[N]c2ccccc2[N])cc1,5.036212172654444,1
[N-]=[N+]=NCCC(=O)Nc1ccc(C(=O)Nc2cc(N=[N+]=[N-])ccc2N)cc1,4.1386830387330935,4
[N-]=[N+]=NCCOc1ccc(C(=O)Nc2cc(-c3ccccc3)ccc2N)cc1N=[N+]=[N-],5.10345419991171,4
[N-]=[N+]=NCCOc1ccc(C(=O)Nc2cc(-c3cccs3)ccc2N)cc1N=[N+]=[N-],5.082471949139942,4
[N-]=[N+]=NCc1cc(COC(=O)NCc2ccc(C(=O)Nc3cc(-c4ccccc4)ccc3N)cc2)cc(N=[N+]=[N-])c1,5.803212398365206,4
[N-]=[N+]=NCc1cc(COC(=O)NCc2ccc(C(=O)Nc3cc(-c4cccs4)ccc3N)cc2)cc(N=[N+]=[N-])c1,5.735028299170665,4
[N-]=[N+]=NCc1cc(Cn2cc(NC(=O)CCCCCCC(=O)NO)cn2)cc(N=[N+]=[N-])c1,7.004145575458587,2
[N-]=[N+]=NCc1cc(N=[N+]=[N-])cc(C(=O)Nc2cc(-c3ccccc3)ccc2N)c1,4.781918676479622,4
[N-]=[N+]=NCc1cc(N=[N+]=[N-])cc(C(=O)Nc2cc(-c3cccs3)ccc2N)c1,5.552841968657781,4
[N-]=[N+]=NCc1cc(N=[N+]=[N-])cc(C(=O)Nc2ccc(-c3cc(C(=O)NCCCCCCC(=O)NO)no3)cc2)c1,7.085657165038116,2
[N-]=[N+]=Nc1ccc(C(=O)NC(CCCCNC(=O)CCCCC2SCC3NC(=O)NC32)C(=O)NCCSSCCC(=O)NCCCCCCN(CCc2c[nH]c3ccccc23)Cc2ccc(/C=C/C(=O)NO)cc2)cc1,7.136677139879544,1
[N-]=[N+]=Nc1ccc(C(=O)Nc2cc(-c3ccccc3)ccc2N)cc1,6.265826334793921,4
[N-]=[N+]=Nc1ccc(C(=O)Nc2cc(-c3cccs3)ccc2N)cc1,6.537860356969059,4
[N-]=[N+]=Nc1cccc(COC(=O)NCc2ccc(C(=O)Nc3cc(-c4ccccc4)ccc3N)cc2)c1,5.7640609003463545,4
[N]C([N])=N[C][C][C][C@@H]1[N]C(=O)[C][C@H]([C]c2ccc([O])cc2)[N]C(=O)[C@H]([C]C([O])=O)[N]C(=O)[C@H]([C][C][C][C][C]C(=O)[N][O])[N]C1=O,6.920818753952375,1
[N]C([N])=N[C][C][C][C@@H]1[N]C(=O)[C][N]C(=O)[C@H]([C][C][C][C][C]C(=O)[N]c2ccccc2[N])[N]C(=O)[C][N]C1=O,3.718966632752273,1
[N]C([N])=N[C][C][C][C@H]([N])C(=O)[N][C]C(=O)[N][C@@H]([C][C][C][C][C]C(=O)[N]c1ccccc1[N])C(=O)[N]c1ccccc1[N],5.327902142064282,1
[N]c1cc(F)ccc1[N]C(=O)c1ccc([C]=C2[C]N([C][C]3[C][C]3)[C]2)cc1,5.522878745280337,1
[O][N]C(=O)[C][C][C][C][C]=C(c1ccccn1)c1ccccn1,6.801342913045577,1
[O][N]C(=O)[C][C][C][C][C][C]=C(c1ccccn1)c1ccccn1,6.192464971931146,1
[O][N]C(=O)[C][C][C][C][C][N]C(=O)[C]=C1c2ccccc2-c2ccccc21,8.795880017344075,1
